Id,PATIENTID,PROVIDERID,PRIMARYPATIENTINSURANCEID,SECONDARYPATIENTINSURANCEID,DEPARTMENTID,PATIENTDEPARTMENTID,DIAGNOSIS1,DIAGNOSIS2,DIAGNOSIS3,DIAGNOSIS4,DIAGNOSIS5,DIAGNOSIS6,DIAGNOSIS7,DIAGNOSIS8,REFERRINGPROVIDERID,APPOINTMENTID,CURRENTILLNESSDATE,SERVICEDATE,SUPERVISINGPROVIDERID,STATUS1,STATUS2,STATUSP,OUTSTANDING1,OUTSTANDING2,OUTSTANDINGP,LASTBILLEDDATE1,LASTBILLEDDATE2,LASTBILLEDDATEP,HEALTHCARECLAIMTYPEID1,HEALTHCARECLAIMTYPEID2
922fb35e-148d-9e82-7d63-44d0dadd5109,922fb35e-148d-9e82-7e65-bfa05e3b3515,82bc312c-5140-37fe-a179-5ebad3a13196,26aab0cd-6aba-3e1b-ac5b-05c8867e762c,,1,1,75498004,40055000,,,,,,,,922fb35e-148d-9e82-f3bc-af11977933c7,1995-01-07T04:53:52Z,1995-01-07T04:53:52Z,82bc312c-5140-37fe-a179-5ebad3a13196,CLOSED,CLOSED,CLOSED,0,0,0,1995-01-07T05:08:52Z,1995-01-07T05:08:52Z,1995-01-07T05:08:52Z,2,2
922fb35e-148d-9e82-bf17-bf6bdeab5e2b,922fb35e-148d-9e82-7e65-bfa05e3b3515,1c3d58c6-c950-3c96-b499-55d4f5f14b0b,26aab0cd-6aba-3e1b-ac5b-05c8867e762c,,20,20,224299000,,,,,,,,,922fb35e-148d-9e82-0688-faac6f54dbfb,2004-12-30T18:53:52Z,2004-12-30T18:53:52Z,1c3d58c6-c950-3c96-b499-55d4f5f14b0b,CLOSED,CLOSED,CLOSED,0,0,0,2004-12-30T19:47:24Z,2004-12-30T19:47:24Z,2004-12-30T19:47:24Z,1,1
922fb35e-148d-9e82-9629-4236898a8e71,922fb35e-148d-9e82-7e65-bfa05e3b3515,889de383-8473-33f5-a918-1b822a56bead,26aab0cd-6aba-3e1b-ac5b-05c8867e762c,,4,4,110030002,127294003,,,,,,,,922fb35e-148d-9e82-e5d5-7ce6b3dc7dec,2006-08-27T18:53:52Z,2006-08-27T18:53:52Z,889de383-8473-33f5-a918-1b822a56bead,CLOSED,CLOSED,CLOSED,0,0,0,2006-08-27T19:53:52Z,2006-08-27T19:53:52Z,2006-08-27T19:53:52Z,2,2
922fb35e-148d-9e82-2b7c-03dc8afd6c73,922fb35e-148d-9e82-7e65-bfa05e3b3515,1c3d58c6-c950-3c96-b499-55d4f5f14b0b,26aab0cd-6aba-3e1b-ac5b-05c8867e762c,,20,20,160903007,,,,,,,,,922fb35e-148d-9e82-f652-3096936f3853,2012-01-12T18:53:52Z,2012-01-12T18:53:52Z,1c3d58c6-c950-3c96-b499-55d4f5f14b0b,CLOSED,CLOSED,CLOSED,0,0,0,2012-01-12T19:25:31Z,2012-01-12T19:25:31Z,2012-01-12T19:25:31Z,1,1
922fb35e-148d-9e82-b67a-182cdfc4a0ae,922fb35e-148d-9e82-7e65-bfa05e3b3515,1c3d58c6-c950-3c96-b499-55d4f5f14b0b,26aab0cd-6aba-3e1b-ac5b-05c8867e762c,,20,20,73595000,,,,,,,,,922fb35e-148d-9e82-66a8-30c79ac5bdfd,2015-01-15T18:53:52Z,2015-01-15T18:53:52Z,1c3d58c6-c950-3c96-b499-55d4f5f14b0b,CLOSED,CLOSED,CLOSED,0,0,0,2015-01-15T19:24:26Z,2015-01-15T19:24:26Z,2015-01-15T19:24:26Z,1,1
922fb35e-148d-9e82-d683-b89b71e5864c,922fb35e-148d-9e82-7e65-bfa05e3b3515,82bc312c-5140-37fe-a179-5ebad3a13196,26aab0cd-6aba-3e1b-ac5b-05c8867e762c,,1,1,72892002,72892002,,,,,,,,922fb35e-148d-9e82-2e63-6f3c5299d8d1,,2016-04-14T18:53:52Z,82bc312c-5140-37fe-a179-5ebad3a13196,CLOSED,CLOSED,CLOSED,0,0,0,2016-04-14T19:08:52Z,2016-04-14T19:08:52Z,2016-04-14T19:08:52Z,2,2
922fb35e-148d-9e82-86ab-6425e1abe8f3,922fb35e-148d-9e82-7e65-bfa05e3b3515,82bc312c-5140-37fe-a179-5ebad3a13196,26aab0cd-6aba-3e1b-ac5b-05c8867e762c,,1,1,72892002,,,,,,,,,922fb35e-148d-9e82-3fb8-b129e52c4502,2016-09-01T18:53:52Z,2016-09-01T18:53:52Z,82bc312c-5140-37fe-a179-5ebad3a13196,CLOSED,CLOSED,CLOSED,0,0,0,2016-09-01T19:08:52Z,2016-09-01T19:08:52Z,2016-09-01T19:08:52Z,2,2
922fb35e-148d-9e82-006f-db1319c48605,922fb35e-148d-9e82-7e65-bfa05e3b3515,82bc312c-5140-37fe-a179-5ebad3a13196,26aab0cd-6aba-3e1b-ac5b-05c8867e762c,,1,1,72892002,,,,,,,,,922fb35e-148d-9e82-f84c-5060c2f4a807,2016-09-29T18:53:52Z,2016-09-29T18:53:52Z,82bc312c-5140-37fe-a179-5ebad3a13196,CLOSED,CLOSED,CLOSED,0,0,0,2016-09-29T19:08:52Z,2016-09-29T19:08:52Z,2016-09-29T19:08:52Z,2,2
922fb35e-148d-9e82-19f3-f0dc0933a6c9,922fb35e-148d-9e82-7e65-bfa05e3b3515,82bc312c-5140-37fe-a179-5ebad3a13196,26aab0cd-6aba-3e1b-ac5b-05c8867e762c,,1,1,72892002,,,,,,,,,922fb35e-148d-9e82-dc42-53dd2926295a,10/27/2016T18:53:52Z,2016-10-27T18:53:52Z,82bc312c-5140-37fe-a179-5ebad3a13196,,CLOSED,CLOSED,0,0,0,2016-10-27T19:08:52Z,2016-10-27T19:08:52Z,2016-10-27T19:08:52Z,2,2
922fb35e-148d-9e82-cc4c-7bbfca2d4c13,922fb35e-148d-9e82-7e65-bfa05e3b3515,82bc312c-5140-37fe-a179-5ebad3a13196,26aab0cd-6aba-3e1b-ac5b-05c8867e762c,,1,1,72892002,,,,,,,,,922fb35e-148d-9e82-8b97-d4c98527f2d9,2016-11-10T18:53:52Z,2016-11-10T18:53:52Z,82bc312c-5140-37fe-a179-5ebad3a13196,CLOSED,CLOSED,CLOSED,0,0,0,2016-11-10T19:08:52Z,2016-11-10T19:08:52Z,2016-11-10T19:08:52Z,2,2
922fb35e-148d-9e82-cfee-cb5f73cc2b39,922fb35e-148d-9e82-7e65-bfa05e3b3515,889de383-8473-33f5-a918-1b822a56bead,26aab0cd-6aba-3e1b-ac5b-05c8867e762c,,4,4,72892002,,,,,,,,,922fb35e-148d-9e82-f749-022800a508f8,2016-11-17T18:53:52Z,2016.11.17T18:53:52Z,889de383-8473-33f5-a918-1b822a56bead,CLOSED,CLOSED,CLOSED,0,0,0,2016-11-17T19:53:52Z,2016-11-17T19:53:52Z,2016-11-17T19:53:52Z,2,2
922fb35e-148d-9e82-d89d-68a57dbae31d,922fb35e-148d-9e82-7e65-bfa05e3b3515,82bc312c-5140-37fe-a179-5ebad3a13196,26aab0cd-6aba-3e1b-ac5b-05c8867e762c,,1,1,169762003,,,,,,,,,922fb35e-148d-9e82-d37c-0c2100e0740d,2016-12-29T18:53:52Z,2016-12-29T18:53:52Z,82bc312c-5140-37fe-a179-5ebad3a13196,CLOSED,CLOSED,CLOSED,0,0,0,2016-12-29T19:08:52Z,2016-12-29T19:08:52Z,2016-12-29T19:08:52Z,2,2
922fb35e-148d-9e82-e083-4855dbe6f958,922fb35e-148d-9e82-7e65-bfa05e3b3515,82bc312c-5140-37fe-a179-5ebad3a13196,26aab0cd-6aba-3e1b-ac5b-05c8867e762c,,1,1,444814009,444814009,,,,,,,,922fb35e-148d-9e82-75d5-9ea82c76d302,2017-12-14T01:53:52Z,2017-13-14T01:53:52Z,82bc312c-5140-37fe-a179-5ebad3a13196,CLOSED,CLOSED,CLOSED,0,0,0,2017-12-14T02:08:52Z,2017-12-14T02:08:52Z,2017-12-14T02:08:52Z,2,2
922fb35e-148d-9e82-9680-91b6777d7261,922fb35e-148d-9e82-7e65-bfa05e3b3515,82bc312c-5140-37fe-a179-5ebad3a13196,26aab0cd-6aba-3e1b-ac5b-05c8867e762c,,2,2,389095005,,,,,,,,,922fb35e-148d-9e82-125c-682b97835ae3,,2017-12-31T18:53:52Z,82bc312c-5140-37fe-a179-5ebad3a13196,CLOSED,CLOSED,CLOSED,0,0,0,2017-12-31T19:13:10Z,2017-12-31T19:13:10Z,2017-12-31T19:13:10Z,2,2
922fb35e-148d-9e82-3acb-252fea6afc19,922fb35e-148d-9e82-7e65-bfa05e3b3515,82bc312c-5140-37fe-a179-5ebad3a13196,26aab0cd-6aba-3e1b-ac5b-05c8867e762c,,2,2,389095005,,,,,,,,,922fb35e-148d-9e82-125c-682b97835ae3,2017-12-31T18:53:52Z,2017-12-31T18:53:52Z,82bc312c-5140-37fe-a179-5ebad3a13196,CLOSED,CLOSED,CLOSED,0,0,0,2017-12-31T19:13:10Z,2017-12-31T19:13:10Z,2017-12-31T19:13:10Z,2,2
922fb35e-148d-9e82-3a50-92323cc201df,922fb35e-148d-9e82-7e65-bfa05e3b3515,1c3d58c6-c950-3c96-b499-55d4f5f14b0b,26aab0cd-6aba-3e1b-ac5b-05c8867e762c,,20,20,314529007,741062008,66383009,,,,,,,922fb35e-148d-9e82-b618-fe12266597bd,2018-01-18T18:53:52Z,2018-01-18T18:53:52Z,1c3d58c6-c950-3c96-b499-55d4f5f14b0b,CLOSED,CLOSED,CLOSED,0,0,0,2018-01-18T19:50:59Z,2018-01-18T19:50:59Z,2018-01-18T19:50:59Z,1,1
922fb35e-148d-9e82-d537-1340a16bb9ae,922fb35e-148d-9e82-7e65-bfa05e3b3515,82bc312c-5140-37fe-a179-5ebad3a13196,26aab0cd-6aba-3e1b-ac5b-05c8867e762c,,1,1,66383009,18718003,,,,,,,,922fb35e-148d-9e82-f170-735ad33c5bd5,2018-02-01T18:53:52Z,2018-02-01T18:53:52Z,82bc312c-5140-37fe-a179-5ebad3a13196,CLOSED,CLOSED,CLOSED,0,0,0,2018-02-02T00:33:50Z,2018-02-02T00:33:50Z,2018-02-02T00:33:50Z,2,2
922fb35e-148d-9e82-4f18-ac6cada61c2e,922fb35e-148d-9e82-7e65-bfa05e3b3515,82bc312c-5140-37fe-a179-5ebad3a13196,26aab0cd-6aba-3e1b-ac5b-05c8867e762c,,2,2,389095005,,,,,,,,,922fb35e-148d-9e82-ea4f-02ae5b3e0639,2018-04-12T18:53:52Z,2018-04-12T18:53:52Z,82bc312c-5140-37fe-a179-5ebad3a13196,CLOSED,CLOSED,CLOSED,0,0,0,2018-04-12T19:08:52Z,2018-04-12T19:08:52Z,2018-04-12T19:08:52Z,2,2
922fb35e-148d-9e82-7823-9c386c0f5c06,922fb35e-148d-9e82-7e65-bfa05e3b3515,82bc312c-5140-37fe-a179-5ebad3a13196,26aab0cd-6aba-3e1b-ac5b-05c8867e762c,,2,2,389095005,,,,,,,,,922fb35e-148d-9e82-8423-611fa89bc3d8,2018-07-12T18:53:52Z,2018-07-12T18:53:52Z,82bc312c-5140-37fe-a179-5ebad3a13196,CLOSED,CLOSED,CLOSED,0,0,0,2018-07-12T19:12:22Z,2018-07-12T19:12:22Z,2018-07-12T19:12:22Z,2,2
922fb35e-148d-9e82-8107-6b82813d24cb,922fb35e-148d-9e82-7e65-bfa05e3b3515,82bc312c-5140-37fe-a179-5ebad3a13196,26aab0cd-6aba-3e1b-ac5b-05c8867e762c,,2,2,389095005,,,,,,,,,922fb35e-148d-9e82-7626-04aeff74c02b,2018-10-11T18:53:52Z,2018-10-11T18:53:52Z,82bc312c-5140-37fe-a179-5ebad3a13196,CLOSED,CLOSED,CLOSED,0,0,0,2018-10-11T19:13:22Z,2018-10-11T19:13:22Z,2018-10-11T19:13:22Z,2,2
922fb35e-148d-9e82-c60d-f21254f9929f,922fb35e-148d-9e82-7e65-bfa05e3b3515,82bc312c-5140-37fe-a179-5ebad3a13196,26aab0cd-6aba-3e1b-ac5b-05c8867e762c,,2,2,389095005,,,,,,,,,922fb35e-148d-9e82-4194-9389e614cb18,2018-12-26T19:13:10Z,2018-12-26T19:13:10Z,82bc312c-5140-37fe-a179-5ebad3a13196,CLOSED,CLOSED,CLOSED,0,0,0,2018-12-26T19:30:49Z,2018-12-26T19:30:49Z,2018-12-26T19:30:49Z,2,2
922fb35e-148d-9e82-acd4-5a1f127d9f1e,922fb35e-148d-9e82-7e65-bfa05e3b3515,82bc312c-5140-37fe-a179-5ebad3a13196,26aab0cd-6aba-3e1b-ac5b-05c8867e762c,,2,2,389095005,,,,,,,,,922fb35e-148d-9e82-4194-9389e614cb18,2018-12-26T19:13:10Z,2018-12-26T19:13:10Z,82bc312c-5140-37fe-a179-5ebad3a13196,CLOSED,CLOSED,CLOSED,0,0,0,2018-12-26T19:30:49Z,2018-12-26T19:30:49Z,2018-12-26T19:30:49Z,2,2
922fb35e-148d-9e82-847c-9c6bb1af668a,922fb35e-148d-9e82-7e65-bfa05e3b3515,82bc312c-5140-37fe-a179-5ebad3a13196,26aab0cd-6aba-3e1b-ac5b-05c8867e762c,,2,2,389095005,,,,,,,,,922fb35e-148d-9e82-f057-d2acf76fdb59,2019-01-10T18:53:52Z,2019-01-10T18:53:52Z,82bc312c-5140-37fe-a179-5ebad3a13196,CLOSED,CLOSED,CLOSED,0,0,0,2019-01-10T19:08:52Z,2019-01-10T19:08:52Z,2019-01-10T19:08:52Z,2,2
922fb35e-148d-9e82-4d03-f6a562addf76,922fb35e-148d-9e82-7e65-bfa05e3b3515,82bc312c-5140-37fe-a179-5ebad3a13196,26aab0cd-6aba-3e1b-ac5b-05c8867e762c,,2,2,389095005,,,,,,,,,922fb35e-148d-9e82-d5ad-160412e399d2,2019-04-11T18:53:52Z,2019-04-11T18:53:52Z,82bc312c-5140-37fe-a179-5ebad3a13196,CLOSED,CLOSED,CLOSED,0,0,0,2019-04-11T19:12:24Z,2019-04-11T19:12:24Z,2019-04-11T19:12:24Z,2,2
922fb35e-148d-9e82-9651-6b80bf8e0bd0,922fb35e-148d-9e82-7e65-bfa05e3b3515,82bc312c-5140-37fe-a179-5ebad3a13196,26aab0cd-6aba-3e1b-ac5b-05c8867e762c,,2,2,389095005,,,,,,,,,922fb35e-148d-9e82-f6d4-fe006e8526ff,2019-07-11T18:53:52Z,2019-07-11T18:53:52Z,82bc312c-5140-37fe-a179-5ebad3a13196,CLOSED,CLOSED,CLOSED,0,0,0,2019-07-11T19:09:15Z,2019-07-11T19:09:15Z,2019-07-11T19:09:15Z,2,2
922fb35e-148d-9e82-4d64-bf840f8bb6d2,922fb35e-148d-9e82-7e65-bfa05e3b3515,82bc312c-5140-37fe-a179-5ebad3a13196,26aab0cd-6aba-3e1b-ac5b-05c8867e762c,,2,2,389095005,,,,,,,,,922fb35e-148d-9e82-b4e9-01f7542cfe87,2019-10-10T18:53:52Z,2019-10-10T18:53:52Z,82bc312c-5140-37fe-a179-5ebad3a13196,CLOSED,CLOSED,CLOSED,0,0,0,2019-10-10T19:12:46Z,2019-10-10T19:12:46Z,2019-10-10T19:12:46Z,2,2
922fb35e-148d-9e82-0e53-441d5707b6d8,922fb35e-148d-9e82-7e65-bfa05e3b3515,82bc312c-5140-37fe-a179-5ebad3a13196,26aab0cd-6aba-3e1b-ac5b-05c8867e762c,,2,2,389095005,,,,,,,,,922fb35e-148d-9e82-6a2e-24947b950c70,2019-12-21T19:30:49Z,2019-12-21T19:30:49Z,82bc312c-5140-37fe-a179-5ebad3a13196,CLOSED,CLOSED,CLOSED,0,0,0,2019-12-21T19:45:49Z,2019-12-21T19:45:49Z,2019-12-21T19:45:49Z,2,2
922fb35e-148d-9e82-180f-ddbc64b9ef77,922fb35e-148d-9e82-7e65-bfa05e3b3515,82bc312c-5140-37fe-a179-5ebad3a13196,26aab0cd-6aba-3e1b-ac5b-05c8867e762c,,2,2,389095005,,,,,,,,,922fb35e-148d-9e82-6a2e-24947b950c70,2019-12-21T19:30:49Z,2019-12-21T19:30:49Z,82bc312c-5140-37fe-a179-5ebad3a13196,CLOSED,CLOSED,CLOSED,0,0,0,2019-12-21T19:45:49Z,2019-12-21T19:45:49Z,2019-12-21T19:45:49Z,2,2
922fb35e-148d-9e82-9546-cacd64cc4b9b,922fb35e-148d-9e82-7e65-bfa05e3b3515,82bc312c-5140-37fe-a179-5ebad3a13196,26aab0cd-6aba-3e1b-ac5b-05c8867e762c,,2,2,389095005,,,,,,,,,922fb35e-148d-9e82-51d3-ba97bb045a72,2020-01-09T18:53:52Z,2020-01-09T18:53:52Z,82bc312c-5140-37fe-a179-5ebad3a13196,CLOSED,CLOSED,CLOSED,0,0,0,2020-01-09T19:12:00Z,2020-01-09T19:12:00Z,2020-01-09T19:12:00Z,2,2
922fb35e-148d-9e82-32cb-509cde939d21,922fb35e-148d-9e82-7e65-bfa05e3b3515,82bc312c-5140-37fe-a179-5ebad3a13196,26aab0cd-6aba-3e1b-ac5b-05c8867e762c,,2,2,389095005,,,,,,,,,922fb35e-148d-9e82-b376-a4a09ed3475b,2020-04-09T18:53:52Z,2020-04-09T18:53:52Z,82bc312c-5140-37fe-a179-5ebad3a13196,CLOSED,CLOSED,CLOSED,0,0,0,2020-04-09T19:08:52Z,2020-04-09T19:08:52Z,2020-04-09T19:08:52Z,2,2
922fb35e-148d-9e82-7dd1-f65373e4aded,922fb35e-148d-9e82-7e65-bfa05e3b3515,82bc312c-5140-37fe-a179-5ebad3a13196,26aab0cd-6aba-3e1b-ac5b-05c8867e762c,,1,1,444814009,444814009,,,,,,,,922fb35e-148d-9e82-2e60-e38fbba24d49,2020-04-28T20:53:52Z,2020-04-28T20:53:52Z,82bc312c-5140-37fe-a179-5ebad3a13196,,CLOSED,CLOSED,0,0,0,2020-04-28T21:08:52Z,2020-04-28T21:08:52Z,2020-04-28T21:08:52Z,2,2
922fb35e-148d-9e82-ac41-e3a7138d5f14,922fb35e-148d-9e82-7e65-bfa05e3b3515,82bc312c-5140-37fe-a179-5ebad3a13196,26aab0cd-6aba-3e1b-ac5b-05c8867e762c,,2,2,389095005,,,,,,,,,922fb35e-148d-9e82-61d4-cc51ac0e63d3,2020-07-09T18:53:52Z,2020-07-09T18:53:52Z,82bc312c-5140-37fe-a179-5ebad3a13196,CLOSED,CLOSED,CLOSED,0,0,0,2020-07-09T19:13:04Z,2020-07-09T19:13:04Z,2020-07-09T19:13:04Z,2,2
922fb35e-148d-9e82-6493-450010729eb7,922fb35e-148d-9e82-7e65-bfa05e3b3515,82bc312c-5140-37fe-a179-5ebad3a13196,26aab0cd-6aba-3e1b-ac5b-05c8867e762c,,2,2,389095005,,,,,,,,,922fb35e-148d-9e82-45a5-07a489410354,2020-10-08T18:53:52Z,2020-10-08T18:53:52Z,82bc312c-5140-37fe-a179-5ebad3a13196,CLOSED,CLOSED,CLOSED,0,0,0,2020-10-08T19:10:12Z,2020-10-08T19:10:12Z,2020-10-08T19:10:12Z,2,2
922fb35e-148d-9e82-ada6-450d4653380b,922fb35e-148d-9e82-7e65-bfa05e3b3515,82bc312c-5140-37fe-a179-5ebad3a13196,26aab0cd-6aba-3e1b-ac5b-05c8867e762c,,2,2,389095005,,,,,,,,,922fb35e-148d-9e82-ad74-413f259789c2,2020-12-15T19:30:49Z,2020-12-15T19:30:49Z,82bc312c-5140-37fe-a179-5ebad3a13196,CLOSED,CLOSED,CLOSED,0,0,0,2020-12-15T19:45:49Z,2020-12-15T19:45:49Z,2020-12-15T19:45:49Z,2,2
922fb35e-148d-9e82-b7b7-590e5b002f8d,922fb35e-148d-9e82-7e65-bfa05e3b3515,82bc312c-5140-37fe-a179-5ebad3a13196,26aab0cd-6aba-3e1b-ac5b-05c8867e762c,,2,2,389095005,,,,,,,,,922fb35e-148d-9e82-ad74-413f259789c2,2020-12-15T19:30:49Z,,82bc312c-5140-37fe-a179-5ebad3a13196,CLOSED,CLOSED,CLOSED,0,0,0,2020-12-15T19:45:49Z,2020-12-15T19:45:49Z,2020-12-15T19:45:49Z,2,2
922fb35e-148d-9e82-a0da-56e614ce31ac,922fb35e-148d-9e82-7e65-bfa05e3b3515,82bc312c-5140-37fe-a179-5ebad3a13196,26aab0cd-6aba-3e1b-ac5b-05c8867e762c,,2,2,389095005,,,,,,,,,922fb35e-148d-9e82-efdd-e35fa783164e,01/07/2021T18:53:52Z,2021-01-07T18:53:52Z,82bc312c-5140-37fe-a179-5ebad3a13196,CLOSED,CLOSED,CLOSED,0,0,0,2021-01-07T19:13:16Z,2021-01-07T19:13:16Z,2021-01-07T19:13:16Z,2,2
922fb35e-148d-9e82-3c42-215e9337d3e6,922fb35e-148d-9e82-7e65-bfa05e3b3515,1c3d58c6-c950-3c96-b499-55d4f5f14b0b,26aab0cd-6aba-3e1b-ac5b-05c8867e762c,,20,20,160904001,,,,,,,,,922fb35e-148d-9e82-1563-fc2eda5ba518,2021-01-21T18:53:52Z,2021-01-21T18:53:52Z,1c3d58c6-c950-3c96-b499-55d4f5f14b0b,CLOSED,CLOSED,CLOSED,0,0,0,2021-01-21T19:52:20Z,2021-01-21T19:52:20Z,2021-01-21T19:52:20Z,1,1
922fb35e-148d-9e82-d431-97c910c14b81,922fb35e-148d-9e82-7e65-bfa05e3b3515,82bc312c-5140-37fe-a179-5ebad3a13196,26aab0cd-6aba-3e1b-ac5b-05c8867e762c,,2,2,33879002,,,,,,,,,922fb35e-148d-9e82-523d-824bb03f667f,2021-02-11T18:53:52Z,2021-02-11T18:53:52Z,82bc312c-5140-37fe-a179-5ebad3a13196,CLOSED,CLOSED,CLOSED,0,0,0,2021-02-11T19:08:52Z,2021-02-11T19:08:52Z,2021-02-11T19:08:52Z,2,2
922fb35e-148d-9e82-9f5d-62cb5d6254d8,922fb35e-148d-9e82-7e65-bfa05e3b3515,82bc312c-5140-37fe-a179-5ebad3a13196,26aab0cd-6aba-3e1b-ac5b-05c8867e762c,,2,2,389095005,,,,,,,,,922fb35e-148d-9e82-f28d-517071ccfc03,08/04/2021T18:53:52Z,2021-04-08T18:53:52Z,82bc312c-5140-37fe-a179-5ebad3a13196,CLOSED,CLOSED,CLOSED,0,0,0,2021-04-08T19:10:41Z,2021-04-08T19:10:41Z,2021-04-08T19:10:41Z,2,2
922fb35e-148d-9e82-f620-fe1154eaa34e,922fb35e-148d-9e82-7e65-bfa05e3b3515,82bc312c-5140-37fe-a179-5ebad3a13196,26aab0cd-6aba-3e1b-ac5b-05c8867e762c,,2,2,389095005,,,,,,,,,922fb35e-148d-9e82-8fb9-b27ebeb688a5,2021-07-08T18:53:52Z,2021-07-08T18:53:52Z,82bc312c-5140-37fe-a179-5ebad3a13196,CLOSED,CLOSED,CLOSED,0,0,0,2021-07-08T19:13:46Z,2021-07-08T19:13:46Z,2021-07-08T19:13:46Z,2,2
922fb35e-148d-9e82-6815-6b303162f61a,922fb35e-148d-9e82-7e65-bfa05e3b3515,82bc312c-5140-37fe-a179-5ebad3a13196,26aab0cd-6aba-3e1b-ac5b-05c8867e762c,,2,2,389095005,,,,,,,,,922fb35e-148d-9e82-3858-56bfc0a558a6,2021-10-07T18:53:52Z,2021-10-07T18:53:52Z,82bc312c-5140-37fe-a179-5ebad3a13196,CLOSED,CLOSED,CLOSED,0,0,0,2021-10-07T19:10:16Z,2021-10-07T19:10:16Z,2021-10-07T19:10:16Z,2,2
922fb35e-148d-9e82-b21b-7c3f9220550f,922fb35e-148d-9e82-7e65-bfa05e3b3515,82bc312c-5140-37fe-a179-5ebad3a13196,26aab0cd-6aba-3e1b-ac5b-05c8867e762c,,2,2,389095005,,,,,,,,,922fb35e-148d-9e82-6ec8-577f548c4999,2021-12-10T19:44:11Z,2021-12-10T19:44:11Z,82bc312c-5140-37fe-a179-5ebad3a13196,CLOSED,CLOSED,CLOSED,0,0,0,2021-12-10T19:59:11Z,2021-12-10T19:59:11Z,2021-12-10T19:59:11Z,2,2
922fb35e-148d-9e82-44de-a6a50904dccb,922fb35e-148d-9e82-7e65-bfa05e3b3515,82bc312c-5140-37fe-a179-5ebad3a13196,26aab0cd-6aba-3e1b-ac5b-05c8867e762c,,2,2,389095005,,,,,,,,,922fb35e-148d-9e82-6ec8-577f548c4999,2021-12-10T19:44:11Z,2021-12-10T19:44:11Z,82bc312c-5140-37fe-a179-5ebad3a13196,CLOSED,CLOSED,CLOSED,0,0,0,2021-12-10T19:59:11Z,2021-12-10T19:59:11Z,2021-12-10T19:59:11Z,2,2
922fb35e-148d-9e82-45d0-13b164b4dbc3,922fb35e-148d-9e82-7e65-bfa05e3b3515,82bc312c-5140-37fe-a179-5ebad3a13196,26aab0cd-6aba-3e1b-ac5b-05c8867e762c,,2,2,389095005,,,,,,,,,922fb35e-148d-9e82-6a47-a22791a6f3fc,2022-01-06T18:53:52Z,22-01-06T18:53:52Z,82bc312c-5140-37fe-a179-5ebad3a13196,CLOSED,CLOSED,CLOSED,0,0,0,2022-01-06T19:08:52Z,2022-01-06T19:08:52Z,2022-01-06T19:08:52Z,2,2
922fb35e-148d-9e82-af34-fd3edd39dfb0,922fb35e-148d-9e82-7e65-bfa05e3b3515,82bc312c-5140-37fe-a179-5ebad3a13196,26aab0cd-6aba-3e1b-ac5b-05c8867e762c,,2,2,389095005,,,,,,,,,922fb35e-148d-9e82-0bb2-08774e9beb45,2022-04-07T18:53:52Z,2022-04-07T18:53:52Z,82bc312c-5140-37fe-a179-5ebad3a13196,CLOSED,CLOSED,CLOSED,0,0,0,2022-04-07T19:10:29Z,2022-04-07T19:10:29Z,2022-04-07T19:10:29Z,2,2
922fb35e-148d-9e82-dd88-3757bb05be75,922fb35e-148d-9e82-7e65-bfa05e3b3515,82bc312c-5140-37fe-a179-5ebad3a13196,26aab0cd-6aba-3e1b-ac5b-05c8867e762c,,2,2,389095005,,,,,,,,,922fb35e-148d-9e82-55e9-59e148d7c765,2022-07-07T18:53:52Z,2022-07-07T18:53:52Z,82bc312c-5140-37fe-a179-5ebad3a13196,CLOSED,CLOSED,CLOSED,0,0,0,2022-07-07T19:13:28Z,2022-07-07T19:13:28Z,2022-07-07T19:13:28Z,2,2
922fb35e-148d-9e82-9555-1c2a7bb03bb9,922fb35e-148d-9e82-7e65-bfa05e3b3515,82bc312c-5140-37fe-a179-5ebad3a13196,26aab0cd-6aba-3e1b-ac5b-05c8867e762c,,2,2,389095005,,,,,,,,,922fb35e-148d-9e82-8984-4b6955dd0138,2022-10-06T18:53:52Z,2022-10-06T18:53:52Z,82bc312c-5140-37fe-a179-5ebad3a13196,CLOSED,CLOSED,CLOSED,0,0,0,2022-10-06T19:13:25Z,2022-10-06T19:13:25Z,2022-10-06T19:13:25Z,2,2
922fb35e-148d-9e82-d1bf-40fdb12236df,922fb35e-148d-9e82-7e65-bfa05e3b3515,82bc312c-5140-37fe-a179-5ebad3a13196,26aab0cd-6aba-3e1b-ac5b-05c8867e762c,,2,2,389095005,,,,,,,,,922fb35e-148d-9e82-461c-8b92f1d7c67f,2022-12-05T19:44:11Z,2022-12-05T19:44:11Z,82bc312c-5140-37fe-a179-5ebad3a13196,CLOSED,CLOSED,CLOSED,0,0,0,2022-12-05T19:59:11Z,2022-12-05T19:59:11Z,2022-12-05T19:59:11Z,2,2
922fb35e-148d-9e82-20c5-36af47bac493,922fb35e-148d-9e82-7e65-bfa05e3b3515,82bc312c-5140-37fe-a179-5ebad3a13196,26aab0cd-6aba-3e1b-ac5b-05c8867e762c,,2,2,389095005,,,,,,,,,922fb35e-148d-9e82-461c-8b92f1d7c67f,2022-12-05T19:44:11Z,2022-12-05T19:44:11Z,82bc312c-5140-37fe-a179-5ebad3a13196,CLOSED,CLOSED,CLOSED,0,0,0,2022-12-05T19:59:11Z,2022-12-05T19:59:11Z,2022-12-05T19:59:11Z,2,2
922fb35e-148d-9e82-d7a2-e5148d2b7ac4,922fb35e-148d-9e82-7e65-bfa05e3b3515,82bc312c-5140-37fe-a179-5ebad3a13196,26aab0cd-6aba-3e1b-ac5b-05c8867e762c,,2,2,389095005,,,,,,,,,922fb35e-148d-9e82-6281-8209d345c011,2023-01-05T18:53:52Z,2023-01-05T18:53:52Z,82bc312c-5140-37fe-a179-5ebad3a13196,CLOSED,CLOSED,CLOSED,0,0,0,2023-01-05T19:13:02Z,2023-01-05T19:13:02Z,2023-01-05T19:13:02Z,2,2
922fb35e-148d-9e82-61bb-2db5c9b3cf00,922fb35e-148d-9e82-7e65-bfa05e3b3515,82bc312c-5140-37fe-a179-5ebad3a13196,26aab0cd-6aba-3e1b-ac5b-05c8867e762c,,2,2,389095005,,,,,,,,,922fb35e-148d-9e82-6a73-43bd20353259,2023-04-06T18:53:52Z,2023-04-06T18:53:52Z,82bc312c-5140-37fe-a179-5ebad3a13196,CLOSED,CLOSED,CLOSED,0,0,0,2023-04-06T19:08:52Z,2023-04-06T19:08:52Z,2023-04-06T19:08:52Z,2,2
922fb35e-148d-9e82-6576-3ed293e5d216,922fb35e-148d-9e82-7e65-bfa05e3b3515,82bc312c-5140-37fe-a179-5ebad3a13196,26aab0cd-6aba-3e1b-ac5b-05c8867e762c,,2,2,389095005,,,,,,,,,922fb35e-148d-9e82-30f5-50a947827f74,2023-07-06T18:53:52Z,2023-07-06T18:53:52Z,82bc312c-5140-37fe-a179-5ebad3a13196,CLOSED,CLOSED,CLOSED,0,0,0,2023-07-06T19:08:52Z,2023-07-06T19:08:52Z,2023-07-06T19:08:52Z,2,2
922fb35e-148d-9e82-edb2-b93ba6fcbe3e,922fb35e-148d-9e82-7e65-bfa05e3b3515,82bc312c-5140-37fe-a179-5ebad3a13196,26aab0cd-6aba-3e1b-ac5b-05c8867e762c,,2,2,389095005,,,,,,,,,922fb35e-148d-9e82-efee-c562cf1325a7,2023-10-05T18:53:52Z,2023-10-05T18:53:52Z,82bc312c-5140-37fe-a179-5ebad3a13196,CLOSED,CLOSED,CLOSED,0,0,0,2023-10-05T19:09:07Z,2023-10-05T19:09:07Z,2023-10-05T19:09:07Z,2,2
922fb35e-148d-9e82-636d-538dff365a6c,922fb35e-148d-9e82-7e65-bfa05e3b3515,82bc312c-5140-37fe-a179-5ebad3a13196,26aab0cd-6aba-3e1b-ac5b-05c8867e762c,,2,2,389095005,,,,,,,,,922fb35e-148d-9e82-c0b0-a0a149fab018,2023-11-30T19:54:21Z,2023-11-30T19:54:21Z,82bc312c-5140-37fe-a179-5ebad3a13196,CLOSED,CLOSED,CLOSED,0,0,0,2023-11-30T20:09:21Z,2023-11-30T20:09:21Z,2023-11-30T20:09:21Z,2,2
922fb35e-148d-9e82-5a4d-2d03cfd8df0e,922fb35e-148d-9e82-7e65-bfa05e3b3515,82bc312c-5140-37fe-a179-5ebad3a13196,26aab0cd-6aba-3e1b-ac5b-05c8867e762c,,2,2,389095005,,,,,,,,,922fb35e-148d-9e82-c0b0-a0a149fab018,2023-11-30T19:54:21Z,2023-11-30T19:54:21Z,82bc312c-5140-37fe-a179-5ebad3a13196,CLOSED,CLOSED,CLOSED,0,0,0,2023-11-30T20:09:21Z,2023-11-30T20:09:21Z,2023-11-30T20:09:21Z,2,2
922fb35e-148d-9e82-ae67-f62a68d2227d,922fb35e-148d-9e82-7e65-bfa05e3b3515,82bc312c-5140-37fe-a179-5ebad3a13196,26aab0cd-6aba-3e1b-ac5b-05c8867e762c,,2,2,389095005,,,,,,,,,922fb35e-148d-9e82-324c-46dd669c177d,2024-01-04T18:53:52Z,2024-01-04T18:53:52Z,82bc312c-5140-37fe-a179-5ebad3a13196,CLOSED,CLOSED,CLOSED,0,0,0,2024-01-04T19:12:12Z,2024-01-04T19:12:12Z,2024-01-04T19:12:12Z,2,2
922fb35e-148d-9e82-676d-db1df8de48da,922fb35e-148d-9e82-7e65-bfa05e3b3515,1c3d58c6-c950-3c96-b499-55d4f5f14b0b,26aab0cd-6aba-3e1b-ac5b-05c8867e762c,,20,20,73595000,,,,,,,,,922fb35e-148d-9e82-99f1-8aa36d18014e,2024-01-25T18:53:52Z,2024-01-25T18:53:52Z,1c3d58c6-c950-3c96-b499-55d4f5f14b0b,CLOSED,CLOSED,CLOSED,0,0,0,2024-01-25T19:52:54Z,2024-01-25T19:52:54Z,2024-01-25T19:52:54Z,1,1
922fb35e-148d-9e82-82f5-35f52075c7c4,922fb35e-148d-9e82-7e65-bfa05e3b3515,82bc312c-5140-37fe-a179-5ebad3a13196,26aab0cd-6aba-3e1b-ac5b-05c8867e762c,,1,1,103697008,,,,,,,,,922fb35e-148d-9e82-605c-28ee57b356a1,2024-01-25T21:00:06Z,2024-02-08T18:53:52Z,82bc312c-5140-37fe-a179-5ebad3a13196,CLOSED,CLOSED,CLOSED,0,0,0,2024-02-08T21:25:01Z,2024-02-08T21:25:01Z,2024-02-08T21:25:01Z,2,2
922fb35e-148d-9e82-10ba-e8f796efec5c,922fb35e-148d-9e82-7e65-bfa05e3b3515,82bc312c-5140-37fe-a179-5ebad3a13196,26aab0cd-6aba-3e1b-ac5b-05c8867e762c,,2,2,389095005,,,,,,,,,922fb35e-148d-9e82-1a32-03b60d4100a2,04/04/2024T18:53:52Z,04/04/2024T18:53:52Z,82bc312c-5140-37fe-a179-5ebad3a13196,CLOSED,CLOSED,CLOSED,0,0,0,2024-04-04T19:10:12Z,2024-04-04T19:10:12Z,2024-04-04T19:10:12Z,2,2
922fb35e-148d-9e82-e816-ca13d0dd3dff,922fb35e-148d-9e82-7e65-bfa05e3b3515,82bc312c-5140-37fe-a179-5ebad3a13196,26aab0cd-6aba-3e1b-ac5b-05c8867e762c,,2,2,389095005,,,,,,,,,922fb35e-148d-9e82-6407-4a0be5dffd19,2024-07-04T18:53:52Z,2024-07-04T18:53:52Z,82bc312c-5140-37fe-a179-5ebad3a13196,CLOSED,CLOSED,CLOSED,0,0,0,2024-07-04T19:10:59Z,2024-07-04T19:10:59Z,2024-07-04T19:10:59Z,2,2
922fb35e-148d-9e82-bec3-33a384d84943,922fb35e-148d-9e82-7e65-bfa05e3b3515,82bc312c-5140-37fe-a179-5ebad3a13196,26aab0cd-6aba-3e1b-ac5b-05c8867e762c,,2,2,389095005,,,,,,,,,922fb35e-148d-9e82-7b44-5e903e1a2c48,,2024-10-03T18:53:52Z,82bc312c-5140-37fe-a179-5ebad3a13196,CLOSED,CLOSED,CLOSED,0,0,0,2024-10-03T19:08:52Z,2024-10-03T19:08:52Z,2024-10-03T19:08:52Z,2,2
922fb35e-148d-9e82-c194-8aec771dc6d1,922fb35e-148d-9e82-7e65-bfa05e3b3515,82bc312c-5140-37fe-a179-5ebad3a13196,26aab0cd-6aba-3e1b-ac5b-05c8867e762c,,2,2,389095005,,,,,,,,,922fb35e-148d-9e82-6630-813b7d4f72b1,2025-01-02T18:53:52Z,2025.01.02T18:53:52Z,82bc312c-5140-37fe-a179-5ebad3a13196,CLOSED,CLOSED,CLOSED,0,0,0,2025-01-02T19:11:36Z,2025-01-02T19:11:36Z,2025-01-02T19:11:36Z,2,2
922fb35e-148d-9e82-b3d6-3003eae368a0,922fb35e-148d-9e82-7e65-bfa05e3b3515,82bc312c-5140-37fe-a179-5ebad3a13196,26aab0cd-6aba-3e1b-ac5b-05c8867e762c,,2,2,389095005,,,,,,,,,922fb35e-148d-9e82-3a0e-0d81fea91e98,2025-04-03T18:53:52Z,2025-04-03T18:53:52Z,82bc312c-5140-37fe-a179-5ebad3a13196,CLOSED,CLOSED,CLOSED,0,0,0,2025-04-03T19:10:35Z,2025-04-03T19:10:35Z,2025-04-03T19:10:35Z,2,2
922fb35e-148d-9e82-e19d-19f6794d78a1,922fb35e-148d-9e82-7e65-bfa05e3b3515,82bc312c-5140-37fe-a179-5ebad3a13196,26aab0cd-6aba-3e1b-ac5b-05c8867e762c,,1,1,444814009,444814009,,,,,,,,922fb35e-148d-9e82-811d-e19b2a8daec2,2025-06-18T21:53:52Z,2025-06-18T21:53:52Z,82bc312c-5140-37fe-a179-5ebad3a13196,CLOSED,CLOSED,CLOSED,0,0,0,2025-06-18T22:08:52Z,2025-06-18T22:08:52Z,2025-06-18T22:08:52Z,2,2
922fb35e-148d-9e82-6f90-af0af65f1d05,922fb35e-148d-9e82-7e65-bfa05e3b3515,82bc312c-5140-37fe-a179-5ebad3a13196,26aab0cd-6aba-3e1b-ac5b-05c8867e762c,,1,1,72892002,72892002,,,,,,,,922fb35e-148d-9e82-6a72-4001ef191d37,2025-08-14T18:53:52Z,2025-08-14T18:53:52Z,82bc312c-5140-37fe-a179-5ebad3a13196,CLOSED,CLOSED,CLOSED,0,0,0,2025-08-14T19:08:52Z,2025-08-14T19:08:52Z,2025-08-14T19:08:52Z,2,2
922fb35e-148d-9e82-8af0-17bfc4a2de20,922fb35e-148d-9e82-7e65-bfa05e3b3515,82bc312c-5140-37fe-a179-5ebad3a13196,26aab0cd-6aba-3e1b-ac5b-05c8867e762c,,1,1,72892002,,,,,,,,,922fb35e-148d-9e82-a9c9-16ea4d153946,2025-09-11T18:53:52Z,2025-09-11T18:53:52Z,82bc312c-5140-37fe-a179-5ebad3a13196,CLOSED,CLOSED,CLOSED,0,0,0,2025-09-11T19:08:52Z,2025-09-11T19:08:52Z,2025-09-11T19:08:52Z,2,2
922fb35e-148d-9e82-64a6-47f5be5099e5,922fb35e-148d-9e82-7e65-bfa05e3b3515,82bc312c-5140-37fe-a179-5ebad3a13196,26aab0cd-6aba-3e1b-ac5b-05c8867e762c,,1,1,72892002,,,,,,,,,922fb35e-148d-9e82-d540-03b3b5966ca7,2025-10-09T18:53:52Z,2025-10-09T18:53:52Z,82bc312c-5140-37fe-a179-5ebad3a13196,CLOSED,CLOSED,CLOSED,0,0,0,2025-10-09T19:08:52Z,2025-10-09T19:08:52Z,2025-10-09T19:08:52Z,2,2
922fb35e-148d-9e82-15ca-0c5fe6ce71a9,922fb35e-148d-9e82-7e65-bfa05e3b3515,82bc312c-5140-37fe-a179-5ebad3a13196,26aab0cd-6aba-3e1b-ac5b-05c8867e762c,,1,1,72892002,,,,,,,,,922fb35e-148d-9e82-d705-529d59e54213,2025-11-06T18:53:52Z,2025-11-06T18:53:52Z,82bc312c-5140-37fe-a179-5ebad3a13196,CLOSED,CLOSED,CLOSED,0,0,0,2025-11-06T19:08:52Z,2025-11-06T19:08:52Z,2025-11-06T19:08:52Z,2,2
922fb35e-148d-9e82-5e5f-8c8cb29bdc18,922fb35e-148d-9e82-7e65-bfa05e3b3515,82bc312c-5140-37fe-a179-5ebad3a13196,26aab0cd-6aba-3e1b-ac5b-05c8867e762c,,1,1,72892002,,,,,,,,,922fb35e-148d-9e82-8aeb-1cd53fc6fdcd,2025-12-04T18:53:52Z,2025-12-04T18:53:52Z,82bc312c-5140-37fe-a179-5ebad3a13196,CLOSED,CLOSED,CLOSED,0,0,0,2025-12-04T19:08:52Z,2025-12-04T19:08:52Z,2025-12-04T19:08:52Z,2,2
922fb35e-148d-9e82-01f5-73ef4974611c,922fb35e-148d-9e82-7e65-bfa05e3b3515,82bc312c-5140-37fe-a179-5ebad3a13196,26aab0cd-6aba-3e1b-ac5b-05c8867e762c,,1,1,72892002,,,,,,,,,922fb35e-148d-9e82-5829-72b172451ed6,,2026-01-01T18:53:52Z,82bc312c-5140-37fe-a179-5ebad3a13196,CLOSED,CLOSED,CLOSED,0,0,0,2026-01-01T19:08:52Z,2026-01-01T19:08:52Z,2026-01-01T19:08:52Z,2,2
922fb35e-148d-9e82-2eb4-1e80366202dd,922fb35e-148d-9e82-7e65-bfa05e3b3515,82bc312c-5140-37fe-a179-5ebad3a13196,26aab0cd-6aba-3e1b-ac5b-05c8867e762c,,1,1,72892002,398254007,,,,,,,,922fb35e-148d-9e82-b8cf-ba4446b318eb,2026-01-29T18:53:52Z,2026-01-29T18:53:52Z,82bc312c-5140-37fe-a179-5ebad3a13196,CLOSED,CLOSED,CLOSED,0,0,0,2026-01-29T19:08:52Z,2026-01-29T19:08:52Z,2026-01-29T19:08:52Z,2,2
922fb35e-148d-9e82-7077-0fbb4ad42cda,922fb35e-148d-9e82-7e65-bfa05e3b3515,82bc312c-5140-37fe-a179-5ebad3a13196,26aab0cd-6aba-3e1b-ac5b-05c8867e762c,,1,1,72892002,,,,,,,,,922fb35e-148d-9e82-3598-d2297bfd9ad3,2026-02-26T18:53:52Z,2026-02-26T18:53:52Z,82bc312c-5140-37fe-a179-5ebad3a13196,CLOSED,CLOSED,CLOSED,0,0,0,2026-02-26T19:08:52Z,2026-02-26T19:08:52Z,2026-02-26T19:08:52Z,2,2
922fb35e-148d-9e82-69bd-4d73467fa91c,922fb35e-148d-9e82-7e65-bfa05e3b3515,82bc312c-5140-37fe-a179-5ebad3a13196,26aab0cd-6aba-3e1b-ac5b-05c8867e762c,,1,1,72892002,,,,,,,,,922fb35e-148d-9e82-b791-55e85e142e61,2026-03-12T18:53:52Z,2026-03-12T18:53:52Z,82bc312c-5140-37fe-a179-5ebad3a13196,CLOSED,CLOSED,CLOSED,0,0,0,2026-03-12T19:08:52Z,2026-03-12T19:08:52Z,2026-03-12T19:08:52Z,2,2
922fb35e-148d-9e82-72e8-b2eadf61d496,922fb35e-148d-9e82-7e65-bfa05e3b3515,889de383-8473-33f5-a918-1b822a56bead,26aab0cd-6aba-3e1b-ac5b-05c8867e762c,,4,4,72892002,,,,,,,,,922fb35e-148d-9e82-6e39-02a9b04e435f,2026-03-19T18:53:52Z,2026-03-19T18:53:52Z,889de383-8473-33f5-a918-1b822a56bead,CLOSED,CLOSED,CLOSED,0,0,0,2026-03-19T19:53:52Z,2026-03-19T19:53:52Z,2026-03-19T19:53:52Z,2,2
922fb35e-148d-9e82-ba03-b0ca43bea31f,922fb35e-148d-9e82-7e65-bfa05e3b3515,82bc312c-5140-37fe-a179-5ebad3a13196,26aab0cd-6aba-3e1b-ac5b-05c8867e762c,,1,1,169762003,,,,,,,,,922fb35e-148d-9e82-ddb4-dbbda85d5406,2026-04-30T18:53:52Z,2026-04-30T18:53:52Z,82bc312c-5140-37fe-a179-5ebad3a13196,CLOSED,CLOSED,CLOSED,0,0,0,2026-04-30T19:08:52Z,2026-04-30T19:08:52Z,2026-04-30T19:08:52Z,2,2
922fb35e-148d-9e82-5844-d2be402d182c,922fb35e-148d-9e82-7e65-bfa05e3b3515,82bc312c-5140-37fe-a179-5ebad3a13196,26aab0cd-6aba-3e1b-ac5b-05c8867e762c,,2,2,389095005,,,,,,,,,922fb35e-148d-9e82-5393-4584c15b19dd,2026-05-07T18:53:52Z,2026-05-07T18:53:52Z,82bc312c-5140-37fe-a179-5ebad3a13196,CLOSED,CLOSED,CLOSED,0,0,0,2026-05-07T19:12:53Z,2026-05-07T19:12:53Z,2026-05-07T19:12:53Z,2,2
922fb35e-148d-9e82-7c7d-147e34ec0c8c,922fb35e-148d-9e82-7e65-bfa05e3b3515,82bc312c-5140-37fe-a179-5ebad3a13196,26aab0cd-6aba-3e1b-ac5b-05c8867e762c,,2,2,389095005,,,,,,,,,922fb35e-148d-9e82-5393-4584c15b19dd,2026-05-07T18:53:52Z,2026-05-07T18:53:52Z,82bc312c-5140-37fe-a179-5ebad3a13196,CLOSED,CLOSED,CLOSED,0,0,0,2026-05-07T19:12:53Z,2026-05-07T19:12:53Z,2026-05-07T19:12:53Z,2,2
922fb35e-148d-9e82-8be4-597d285ee248,922fb35e-148d-9e82-7e65-bfa05e3b3515,82bc312c-5140-37fe-a179-5ebad3a13196,26aab0cd-6aba-3e1b-ac5b-05c8867e762c,,2,2,389095005,,,,,,,,,922fb35e-148d-9e82-ce6e-97ea2cf9d3fa,2026-08-13T18:53:52Z,2026-08-13T18:53:52Z,82bc312c-5140-37fe-a179-5ebad3a13196,CLOSED,CLOSED,CLOSED,0,0,0,2026-08-13T19:08:52Z,2026-08-13T19:08:52Z,2026-08-13T19:08:52Z,2,2
6aed9210-c500-4375-93d4-5e2e7c3ccca3,6aed9210-c500-4375-b0fc-3374c40b8591,5aabe8ce-ac28-3172-a0af-663137c7f5f5,b046940f-1664-3047-bca7-dfa76be352a4,,1,1,412071004,,,,,,,,,6aed9210-c500-4375-5752-ffa68a5e9ac6,1986-10-11T19:42:53Z,1986-10-11T19:42:53Z,5aabe8ce-ac28-3172-a0af-663137c7f5f5,CLOSED,CLOSED,CLOSED,0,0,0,1986-10-11T19:57:53Z,1986-10-11T19:57:53Z,1986-10-11T19:57:53Z,2,2
6aed9210-c500-4375-b09d-23b165409cdd,6aed9210-c500-4375-b0fc-3374c40b8591,5aabe8ce-ac28-3172-a0af-663137c7f5f5,b046940f-1664-3047-bca7-dfa76be352a4,,1,1,609328004,,,,,,,,,6aed9210-c500-4375-319c-0afc9416b3fd,1986-11-04T21:42:53Z,1986-11-04T21:42:53Z,5aabe8ce-ac28-3172-a0af-663137c7f5f5,CLOSED,CLOSED,CLOSED,0,0,0,1986-11-04T22:16:41Z,1986-11-04T22:16:41Z,1986-11-04T22:16:41Z,2,2
6aed9210-c500-4375-bfe8-ccab852a06de,6aed9210-c500-4375-b0fc-3374c40b8591,5aabe8ce-ac28-3172-a0af-663137c7f5f5,b046940f-1664-3047-bca7-dfa76be352a4,,1,1,609328004,,,,,,,,,6aed9210-c500-4375-319c-0afc9416b3fd,1986-11-04T21:42:53Z,1986-11-04T21:42:53Z,5aabe8ce-ac28-3172-a0af-663137c7f5f5,CLOSED,CLOSED,CLOSED,0,0,0,1986-11-04T22:16:41Z,1986-11-04T22:16:41Z,1986-11-04T22:16:41Z,2,2
6aed9210-c500-4375-0cd7-d0ee0783339e,6aed9210-c500-4375-b0fc-3374c40b8591,39b1cdc4-1ebb-35a1-bba7-2c9614175d2c,b046940f-1664-3047-bca7-dfa76be352a4,,10,10,160968000,,,,,,,,,6aed9210-c500-4375-0b52-604cc6c71918,2000-06-27T21:42:53Z,2000-06-27T21:42:53Z,39b1cdc4-1ebb-35a1-bba7-2c9614175d2c,CLOSED,CLOSED,CLOSED,0,0,0,2000-06-27T21:57:53Z,2000-06-27T21:57:53Z,2000-06-27T21:57:53Z,1,1
6aed9210-c500-4375-2fd8-b40567e0d9e9,6aed9210-c500-4375-b0fc-3374c40b8591,9f45f4ef-645a-37f8-a7c9-759b9ad559b5,b046940f-1664-3047-bca7-dfa76be352a4,,4,4,82423001,82423001,,,,,,,,6aed9210-c500-4375-dc77-f75de95bb9b6,2001-04-14T21:42:53Z,2001-04-14T21:42:53Z,9f45f4ef-645a-37f8-a7c9-759b9ad559b5,CLOSED,CLOSED,CLOSED,0,0,0,2001-04-14T22:42:53Z,2001-04-14T22:42:53Z,2001-04-14T22:42:53Z,1,1
6aed9210-c500-4375-d467-40cade699582,6aed9210-c500-4375-b0fc-3374c40b8591,39b1cdc4-1ebb-35a1-bba7-2c9614175d2c,b046940f-1664-3047-bca7-dfa76be352a4,,20,20,224299000,,,,,,,,,6aed9210-c500-4375-95c8-10ba83e6d6b8,2003-07-15T21:42:53Z,2003-07-15T21:42:53Z,39b1cdc4-1ebb-35a1-bba7-2c9614175d2c,,CLOSED,CLOSED,0,0,0,2003-07-15T22:32:58Z,2003-07-15T22:32:58Z,2003-07-15T22:32:58Z,1,1
6aed9210-c500-4375-7cb2-6003262e8143,6aed9210-c500-4375-b0fc-3374c40b8591,39b1cdc4-1ebb-35a1-bba7-2c9614175d2c,b046940f-1664-3047-bca7-dfa76be352a4,,20,20,706893006,,,,,,,,,6aed9210-c500-4375-9b43-542753f09cff,2013-07-30T21:42:53Z,2013-07-30T21:42:53Z,39b1cdc4-1ebb-35a1-bba7-2c9614175d2c,CLOSED,CLOSED,CLOSED,0,0,0,2013-07-30T22:39:38Z,2013-07-30T22:39:38Z,2013-07-30T22:39:38Z,1,1
6aed9210-c500-4375-89d0-c05a4d0611f1,6aed9210-c500-4375-b0fc-3374c40b8591,5aabe8ce-ac28-3172-a0af-663137c7f5f5,b046940f-1664-3047-bca7-dfa76be352a4,,2,2,82423001,278860009,,,,,,,,6aed9210-c500-4375-04df-a35299f3ab1e,14/04/2001T21:42:53Z,2014-02-06T21:42:53Z,5aabe8ce-ac28-3172-a0af-663137c7f5f5,CLOSED,CLOSED,CLOSED,0,0,0,2014-02-06T21:57:53Z,2014-02-06T21:57:53Z,2014-02-06T21:57:53Z,2,2
6aed9210-c500-4375-597c-c8d3dd2b6986,6aed9210-c500-4375-b0fc-3374c40b8591,5aabe8ce-ac28-3172-a0af-663137c7f5f5,b046940f-1664-3047-bca7-dfa76be352a4,,1,1,82423001,,,,,,,,,6aed9210-c500-4375-7fb8-580a30520f0e,2001-04-14T21:42:53Z,2014-04-13T15:42:53Z,5aabe8ce-ac28-3172-a0af-663137c7f5f5,CLOSED,CLOSED,CLOSED,0,0,0,2014-04-13T15:57:53Z,2014-04-13T15:57:53Z,2014-04-13T15:57:53Z,2,2
6aed9210-c500-4375-cbb8-af2767c5c999,6aed9210-c500-4375-b0fc-3374c40b8591,9d25b9ed-2f7c-3d50-ba26-5cdc7212151c,b046940f-1664-3047-bca7-dfa76be352a4,,5,5,10939881000119105,,,,,,,,,6aed9210-c500-4375-62c9-f7a0dd542764,2014-10-21T21:42:53Z,2014-10-21T21:42:53Z,9d25b9ed-2f7c-3d50-ba26-5cdc7212151c,CLOSED,CLOSED,CLOSED,0,0,0,2014-10-21T22:39:42Z,2014-10-21T22:39:42Z,2014-10-21T22:39:42Z,1,1
6aed9210-c500-4375-2da0-9f07eb20ae37,6aed9210-c500-4375-b0fc-3374c40b8591,39b1cdc4-1ebb-35a1-bba7-2c9614175d2c,b046940f-1664-3047-bca7-dfa76be352a4,,20,20,160903007,,,,,,,,,6aed9210-c500-4375-4681-3583dd0a0fae,2016-08-16T21:42:53Z,2016-08-16T21:42:53Z,39b1cdc4-1ebb-35a1-bba7-2c9614175d2c,CLOSED,CLOSED,CLOSED,0,0,0,2016-08-16T22:26:37Z,2016-08-16T22:26:37Z,2016-08-16T22:26:37Z,1,1
6aed9210-c500-4375-24c4-2e50e4c680f7,6aed9210-c500-4375-b0fc-3374c40b8591,39b1cdc4-1ebb-35a1-bba7-2c9614175d2c,b046940f-1664-3047-bca7-dfa76be352a4,,20,20,160903007,,,,,,,,,6aed9210-c500-4375-4681-3583dd0a0fae,2016-08-16T21:42:53Z,2016-08-16T21:42:53Z,39b1cdc4-1ebb-35a1-bba7-2c9614175d2c,CLOSED,CLOSED,CLOSED,0,0,0,2016-08-16T22:26:37Z,2016-08-16T22:26:37Z,2016-08-16T22:26:37Z,1,1
6aed9210-c500-4375-8e7c-cd30543b8973,6aed9210-c500-4375-b0fc-3374c40b8591,39b1cdc4-1ebb-35a1-bba7-2c9614175d2c,b046940f-1664-3047-bca7-dfa76be352a4,,20,20,314529007,160904001,73595000,,,,,,,6aed9210-c500-4375-3842-8b8fcbeac34d,22/08/2017T21:42:53Z,2017-08-22T21:42:53Z,39b1cdc4-1ebb-35a1-bba7-2c9614175d2c,CLOSED,CLOSED,CLOSED,0,0,0,2017-08-22T22:14:22Z,2017-08-22T22:14:22Z,2017-08-22T22:14:22Z,1,1
6aed9210-c500-4375-70a7-32e882bb228f,6aed9210-c500-4375-b0fc-3374c40b8591,39b1cdc4-1ebb-35a1-bba7-2c9614175d2c,b046940f-1664-3047-bca7-dfa76be352a4,,20,20,314529007,160904001,73595000,,,,,,,6aed9210-c500-4375-3842-8b8fcbeac34d,2017-08-22T21:42:53Z,2017-08-22T21:42:53Z,39b1cdc4-1ebb-35a1-bba7-2c9614175d2c,CLOSED,CLOSED,CLOSED,0,0,0,2017-08-22T22:14:22Z,2017-08-22T22:14:22Z,2017-08-22T22:14:22Z,1,1
6aed9210-c500-4375-7621-e670c2e9c3ac,6aed9210-c500-4375-b0fc-3374c40b8591,5aabe8ce-ac28-3172-a0af-663137c7f5f5,b046940f-1664-3047-bca7-dfa76be352a4,,1,1,103697008,,,,,,,,,6aed9210-c500-4375-7f49-aca9bafd8545,2017-09-05T21:42:53Z,2017-09-05T21:42:53Z,5aabe8ce-ac28-3172-a0af-663137c7f5f5,CLOSED,CLOSED,CLOSED,0,0,0,2017-09-06T01:02:28Z,2017-09-06T01:02:28Z,2017-09-06T01:02:28Z,2,2
6aed9210-c500-4375-8710-79d8cd6dbbe3,6aed9210-c500-4375-b0fc-3374c40b8591,5aabe8ce-ac28-3172-a0af-663137c7f5f5,b046940f-1664-3047-bca7-dfa76be352a4,,1,1,444814009,444814009,,,,,,,,6aed9210-c500-4375-a405-b2db585cbd1b,2018-01-17T19:42:53Z,2018-01-17T19:42:53Z,5aabe8ce-ac28-3172-a0af-663137c7f5f5,CLOSED,CLOSED,CLOSED,0,0,0,2018-01-17T19:57:53Z,2018-01-17T19:57:53Z,2018-01-17T19:57:53Z,2,2
6aed9210-c500-4375-ff22-19c2a4b95941,6aed9210-c500-4375-b0fc-3374c40b8591,5aabe8ce-ac28-3172-a0af-663137c7f5f5,b046940f-1664-3047-bca7-dfa76be352a4,,1,1,444814009,444814009,,,,,,,,6aed9210-c500-4375-a405-b2db585cbd1b,2018-01-17T19:42:53Z,2018-01-17T19:42:53Z,5aabe8ce-ac28-3172-a0af-663137c7f5f5,CLOSED,CLOSED,CLOSED,0,0,0,2018-01-17T19:57:53Z,2018-01-17T19:57:53Z,2018-01-17T19:57:53Z,2,2
6aed9210-c500-4375-3afa-d05b75fb1c87,6aed9210-c500-4375-b0fc-3374c40b8591,39b1cdc4-1ebb-35a1-bba7-2c9614175d2c,b046940f-1664-3047-bca7-dfa76be352a4,,20,20,314529007,160903007,423315002,,,,,,,6aed9210-c500-4375-aa67-7f659b12e262,2018-08-28T21:42:53Z,2018-08-28T21:42:53Z,39b1cdc4-1ebb-35a1-bba7-2c9614175d2c,CLOSED,CLOSED,CLOSED,0,0,0,2018-08-28T22:37:45Z,2018-08-28T22:37:45Z,2018-08-28T22:37:45Z,1,1
6aed9210-c500-4375-cacc-adf957d0b175,6aed9210-c500-4375-b0fc-3374c40b8591,39b1cdc4-1ebb-35a1-bba7-2c9614175d2c,b046940f-1664-3047-bca7-dfa76be352a4,,20,20,160904001,66383009,,,,,,,,6aed9210-c500-4375-a8cd-28febfe1b892,2019-09-03T21:42:53Z,2019-09-03T21:42:53Z,39b1cdc4-1ebb-35a1-bba7-2c9614175d2c,CLOSED,CLOSED,CLOSED,0,0,0,2019-09-03T22:38:19Z,2019-09-03T22:38:19Z,2019-09-03T22:38:19Z,1,1
6aed9210-c500-4375-c0a0-fca85f48eb28,6aed9210-c500-4375-b0fc-3374c40b8591,39b1cdc4-1ebb-35a1-bba7-2c9614175d2c,b046940f-1664-3047-bca7-dfa76be352a4,,20,20,160904001,66383009,,,,,,,,6aed9210-c500-4375-a8cd-28febfe1b892,2019-09-03T21:42:53Z,2019-09-03T21:42:53Z,39b1cdc4-1ebb-35a1-bba7-2c9614175d2c,CLOSED,CLOSED,CLOSED,0,0,0,2019-09-03T22:38:19Z,2019-09-03T22:38:19Z,2019-09-03T22:38:19Z,1,1
6aed9210-c500-4375-0a1e-551141bc83d6,6aed9210-c500-4375-b0fc-3374c40b8591,5aabe8ce-ac28-3172-a0af-663137c7f5f5,b046940f-1664-3047-bca7-dfa76be352a4,,1,1,66383009,278598003,,,,,,,,6aed9210-c500-4375-cd1a-abd5b300b910,2019-09-17T21:42:53Z,2019-09-17T21:42:53Z,5aabe8ce-ac28-3172-a0af-663137c7f5f5,CLOSED,CLOSED,CLOSED,0,0,0,2019-09-18T01:27:35Z,2019-09-18T01:27:35Z,2019-09-18T01:27:35Z,2,2
6aed9210-c500-4375-b49f-9c4523a83820,6aed9210-c500-4375-b0fc-3374c40b8591,5aabe8ce-ac28-3172-a0af-663137c7f5f5,b046940f-1664-3047-bca7-dfa76be352a4,,1,1,66383009,278598003,,,,,,,,6aed9210-c500-4375-cd1a-abd5b300b910,2019-09-17T21:42:53Z,2019-09-17T21:42:53Z,5aabe8ce-ac28-3172-a0af-663137c7f5f5,CLOSED,CLOSED,CLOSED,0,0,0,2019-09-18T01:27:35Z,2019-09-18T01:27:35Z,2019-09-18T01:27:35Z,2,2
6aed9210-c500-4375-8b70-a583591377ab,6aed9210-c500-4375-b0fc-3374c40b8591,39b1cdc4-1ebb-35a1-bba7-2c9614175d2c,b046940f-1664-3047-bca7-dfa76be352a4,,20,20,714628002,271737000,741062008,,,,,,,6aed9210-c500-4375-1ea7-678e450a81e9,2020-09-08T21:42:53Z,2020-09-08T21:42:53Z,39b1cdc4-1ebb-35a1-bba7-2c9614175d2c,CLOSED,CLOSED,CLOSED,0,0,0,2020-09-08T22:38:20Z,2020-09-08T22:38:20Z,2020-09-08T22:38:20Z,1,1
6aed9210-c500-4375-459e-22a3168778dd,6aed9210-c500-4375-b0fc-3374c40b8591,39b1cdc4-1ebb-35a1-bba7-2c9614175d2c,b046940f-1664-3047-bca7-dfa76be352a4,,20,20,714628002,271737000,741062008,,,,,,,6aed9210-c500-4375-1ea7-678e450a81e9,2020-09-08T21:42:53Z,20-09-08T21:42:53Z,39b1cdc4-1ebb-35a1-bba7-2c9614175d2c,CLOSED,CLOSED,CLOSED,0,0,0,2020-09-08T22:38:20Z,2020-09-08T22:38:20Z,2020-09-08T22:38:20Z,1,1
6aed9210-c500-4375-ac35-5a8c20839865,6aed9210-c500-4375-b0fc-3374c40b8591,5aabe8ce-ac28-3172-a0af-663137c7f5f5,b046940f-1664-3047-bca7-dfa76be352a4,,1,1,271737000,,,,,,,,,6aed9210-c500-4375-be24-1cb99fc1ab80,2020-09-08T21:42:53Z,2020-09-15T21:42:53Z,5aabe8ce-ac28-3172-a0af-663137c7f5f5,CLOSED,CLOSED,CLOSED,0,0,0,2020-09-15T22:47:25Z,2020-09-15T22:47:25Z,2020-09-15T22:47:25Z,2,2
6aed9210-c500-4375-2bb6-f5c878a73720,6aed9210-c500-4375-b0fc-3374c40b8591,5aabe8ce-ac28-3172-a0af-663137c7f5f5,b046940f-1664-3047-bca7-dfa76be352a4,,1,1,271737000,,,,,,,,,6aed9210-c500-4375-be24-1cb99fc1ab80,2020-09-08T21:42:53Z,2020-09-15T21:42:53Z,5aabe8ce-ac28-3172-a0af-663137c7f5f5,CLOSED,CLOSED,CLOSED,0,0,0,2020-09-15T22:47:25Z,2020-09-15T22:47:25Z,2020-09-15T22:47:25Z,2,2
6aed9210-c500-4375-c234-e2df4eabbece,6aed9210-c500-4375-b0fc-3374c40b8591,5aabe8ce-ac28-3172-a0af-663137c7f5f5,b046940f-1664-3047-bca7-dfa76be352a4,,2,2,33879002,,,,,,,,,6aed9210-c500-4375-c0cf-2e1d9a80f6c8,2021-04-13T21:42:53Z,2021-04-13T21:42:53Z,5aabe8ce-ac28-3172-a0af-663137c7f5f5,CLOSED,CLOSED,CLOSED,0,0,0,2021-04-13T21:57:53Z,2021-04-13T21:57:53Z,2021-04-13T21:57:53Z,2,2
6aed9210-c500-4375-3472-dcb67882b51a,6aed9210-c500-4375-b0fc-3374c40b8591,39b1cdc4-1ebb-35a1-bba7-2c9614175d2c,b046940f-1664-3047-bca7-dfa76be352a4,,20,20,160903007,422650009,73595000,,,,,,,6aed9210-c500-4375-fc78-e6f3cf7f7813,2021-09-14T21:42:53Z,2021-09-14T21:42:53Z,39b1cdc4-1ebb-35a1-bba7-2c9614175d2c,CLOSED,CLOSED,CLOSED,0,0,0,2021-09-14T22:40:19Z,2021-09-14T22:40:19Z,2021-09-14T22:40:19Z,1,1
6aed9210-c500-4375-caa4-348bff0ec0fd,6aed9210-c500-4375-b0fc-3374c40b8591,39b1cdc4-1ebb-35a1-bba7-2c9614175d2c,b046940f-1664-3047-bca7-dfa76be352a4,,20,20,160903007,422650009,73595000,,,,,,,6aed9210-c500-4375-fc78-e6f3cf7f7813,2021-09-14T21:42:53Z,2021-09-14T21:42:53Z,39b1cdc4-1ebb-35a1-bba7-2c9614175d2c,CLOSED,CLOSED,CLOSED,0,0,0,2021-09-14T22:40:19Z,2021-09-14T22:40:19Z,2021-09-14T22:40:19Z,1,1
6aed9210-c500-4375-74d3-9d875e2e1dc1,6aed9210-c500-4375-b0fc-3374c40b8591,39b1cdc4-1ebb-35a1-bba7-2c9614175d2c,b046940f-1664-3047-bca7-dfa76be352a4,,20,20,423315002,,,,,,,,,6aed9210-c500-4375-dd83-2880898a7646,2022-09-20T21:42:53Z,2022-09-20T21:42:53Z,39b1cdc4-1ebb-35a1-bba7-2c9614175d2c,CLOSED,CLOSED,CLOSED,0,0,0,2022-09-20T22:37:07Z,2022-09-20T22:37:07Z,2022-09-20T22:37:07Z,1,1
6aed9210-c500-4375-10b1-2d8a6821f44f,6aed9210-c500-4375-b0fc-3374c40b8591,39b1cdc4-1ebb-35a1-bba7-2c9614175d2c,b046940f-1664-3047-bca7-dfa76be352a4,,20,20,423315002,,,,,,,,,6aed9210-c500-4375-dd83-2880898a7646,2022-09-20T21:42:53Z,2022-09-20T21:42:53Z,39b1cdc4-1ebb-35a1-bba7-2c9614175d2c,CLOSED,CLOSED,CLOSED,0,0,0,2022-09-20T22:37:07Z,2022-09-20T22:37:07Z,2022-09-20T22:37:07Z,1,1
6aed9210-c500-4375-0cbc-96fb6c50b0b4,6aed9210-c500-4375-b0fc-3374c40b8591,5aabe8ce-ac28-3172-a0af-663137c7f5f5,b046940f-1664-3047-bca7-dfa76be352a4,,1,1,103697008,109570002,,,,,,,,6aed9210-c500-4375-67eb-bb575b10f2f9,2022-10-04T21:42:53Z,2022-10-04T21:42:53Z,5aabe8ce-ac28-3172-a0af-663137c7f5f5,CLOSED,CLOSED,CLOSED,0,0,0,2022-10-05T02:14:41Z,2022-10-05T02:14:41Z,2022-10-05T02:14:41Z,2,2
6aed9210-c500-4375-52bf-8d0af98ea598,6aed9210-c500-4375-b0fc-3374c40b8591,5aabe8ce-ac28-3172-a0af-663137c7f5f5,b046940f-1664-3047-bca7-dfa76be352a4,,1,1,103697008,109570002,,,,,,,,6aed9210-c500-4375-67eb-bb575b10f2f9,2022-10-04T21:42:53Z,,5aabe8ce-ac28-3172-a0af-663137c7f5f5,CLOSED,CLOSED,CLOSED,0,0,0,2022-10-05T02:14:41Z,2022-10-05T02:14:41Z,2022-10-05T02:14:41Z,2,2
6aed9210-c500-4375-44ea-5f975cd86e90,6aed9210-c500-4375-b0fc-3374c40b8591,5aabe8ce-ac28-3172-a0af-663137c7f5f5,b046940f-1664-3047-bca7-dfa76be352a4,,2,2,183996000,183996000,,,,,,,,6aed9210-c500-4375-92ff-2ab960a4c6ac,2023-07-26T21:42:53Z,2023-07-26T21:42:53Z,5aabe8ce-ac28-3172-a0af-663137c7f5f5,CLOSED,CLOSED,CLOSED,0,0,0,2023-07-26T21:57:53Z,2023-07-26T21:57:53Z,2023-07-26T21:57:53Z,2,2
6aed9210-c500-4375-04a7-080a6a122ec3,6aed9210-c500-4375-b0fc-3374c40b8591,5aabe8ce-ac28-3172-a0af-663137c7f5f5,b046940f-1664-3047-bca7-dfa76be352a4,,2,2,183996000,,,,,,,,,6aed9210-c500-4375-8c25-54a978bed329,2023-08-14T21:42:53Z,2023-08-14T21:42:53Z,5aabe8ce-ac28-3172-a0af-663137c7f5f5,CLOSED,CLOSED,CLOSED,0,0,0,2023-08-14T23:08:53Z,2023-08-14T23:08:53Z,2023-08-14T23:08:53Z,2,2
6aed9210-c500-4375-f59e-6f91eee72f81,6aed9210-c500-4375-b0fc-3374c40b8591,39b1cdc4-1ebb-35a1-bba7-2c9614175d2c,b046940f-1664-3047-bca7-dfa76be352a4,,20,20,73595000,,,,,,,,,6aed9210-c500-4375-94fb-8fea6a7d9f20,2023-09-26T21:42:53Z,2023-09-26T21:42:53Z,39b1cdc4-1ebb-35a1-bba7-2c9614175d2c,CLOSED,CLOSED,CLOSED,0,0,0,2023-09-26T22:23:18Z,2023-09-26T22:23:18Z,2023-09-26T22:23:18Z,1,1
6aed9210-c500-4375-0869-2f609a987f4d,6aed9210-c500-4375-b0fc-3374c40b8591,39b1cdc4-1ebb-35a1-bba7-2c9614175d2c,b046940f-1664-3047-bca7-dfa76be352a4,,20,20,73595000,,,,,,,,,6aed9210-c500-4375-94fb-8fea6a7d9f20,2023-09-26T21:42:53Z,2023-09-26T21:42:53Z,39b1cdc4-1ebb-35a1-bba7-2c9614175d2c,CLOSED,CLOSED,CLOSED,0,0,0,2023-09-26T22:23:18Z,2023-09-26T22:23:18Z,2023-09-26T22:23:18Z,1,1
6aed9210-c500-4375-eba8-07ffa9823e49,6aed9210-c500-4375-b0fc-3374c40b8591,39b1cdc4-1ebb-35a1-bba7-2c9614175d2c,b046940f-1664-3047-bca7-dfa76be352a4,,20,20,162673000,,,,,,,,,6aed9210-c500-4375-b509-44883307fd2b,2024-10-01T21:42:53Z,2024-10-01T21:42:53Z,39b1cdc4-1ebb-35a1-bba7-2c9614175d2c,CLOSED,CLOSED,CLOSED,0,0,0,2024-10-01T22:31:05Z,2024-10-01T22:31:05Z,2024-10-01T22:31:05Z,1,1
6aed9210-c500-4375-1251-0e11be257466,6aed9210-c500-4375-b0fc-3374c40b8591,39b1cdc4-1ebb-35a1-bba7-2c9614175d2c,b046940f-1664-3047-bca7-dfa76be352a4,,20,20,162673000,,,,,,,,,6aed9210-c500-4375-b509-44883307fd2b,2024-10-01T21:42:53Z,2024-10-01T21:42:53Z,39b1cdc4-1ebb-35a1-bba7-2c9614175d2c,CLOSED,CLOSED,CLOSED,0,0,0,2024-10-01T22:31:05Z,2024-10-01T22:31:05Z,2024-10-01T22:31:05Z,1,1
6aed9210-c500-4375-9e42-7b2061a26299,6aed9210-c500-4375-b0fc-3374c40b8591,5aabe8ce-ac28-3172-a0af-663137c7f5f5,b046940f-1664-3047-bca7-dfa76be352a4,,1,1,103697008,109570002,,,,,,,,6aed9210-c500-4375-f98a-b8fbe6944598,2024-10-15T21:42:53Z,2024-10-15T21:42:53Z,5aabe8ce-ac28-3172-a0af-663137c7f5f5,CLOSED,CLOSED,CLOSED,0,0,0,2024-10-16T00:48:28Z,2024-10-16T00:48:28Z,2024-10-16T00:48:28Z,2,2
6aed9210-c500-4375-c87e-b2aacb16e4a6,6aed9210-c500-4375-b0fc-3374c40b8591,5aabe8ce-ac28-3172-a0af-663137c7f5f5,b046940f-1664-3047-bca7-dfa76be352a4,,2,2,314529007,423315002,,,,,,,,6aed9210-c500-4375-eaef-be7b31b6fe76,2024-11-12T21:42:53Z,2024-11-12T21:42:53Z,5aabe8ce-ac28-3172-a0af-663137c7f5f5,,CLOSED,CLOSED,0,0,0,2024-11-12T22:20:34Z,2024-11-12T22:20:34Z,2024-11-12T22:20:34Z,2,2
6aed9210-c500-4375-be36-2a29063049f7,6aed9210-c500-4375-b0fc-3374c40b8591,5aabe8ce-ac28-3172-a0af-663137c7f5f5,b046940f-1664-3047-bca7-dfa76be352a4,,2,2,314529007,423315002,,,,,,,,6aed9210-c500-4375-eaef-be7b31b6fe76,2024-11-12T21:42:53Z,2024-11-12T21:42:53Z,5aabe8ce-ac28-3172-a0af-663137c7f5f5,CLOSED,CLOSED,CLOSED,0,0,0,2024-11-12T22:20:34Z,2024-11-12T22:20:34Z,2024-11-12T22:20:34Z,2,2
6aed9210-c500-4375-ff11-127350e60649,6aed9210-c500-4375-b0fc-3374c40b8591,5aabe8ce-ac28-3172-a0af-663137c7f5f5,b046940f-1664-3047-bca7-dfa76be352a4,,1,1,444814009,444814009,,,,,,,,6aed9210-c500-4375-8097-c10275909537,2024-11-14T02:42:53Z,2024-11-14T02:42:53Z,5aabe8ce-ac28-3172-a0af-663137c7f5f5,CLOSED,CLOSED,CLOSED,0,0,0,2024-11-14T02:57:53Z,2024-11-14T02:57:53Z,2024-11-14T02:57:53Z,2,2
6aed9210-c500-4375-e2ca-33b1eda152de,6aed9210-c500-4375-b0fc-3374c40b8591,5aabe8ce-ac28-3172-a0af-663137c7f5f5,b046940f-1664-3047-bca7-dfa76be352a4,,1,1,103697008,,,,,,,,,6aed9210-c500-4375-72fe-72216f2e8ee4,2024-11-26T21:42:53Z,2024-11-26T21:42:53Z,5aabe8ce-ac28-3172-a0af-663137c7f5f5,,CLOSED,CLOSED,0,0,0,2024-11-27T01:18:59Z,2024-11-27T01:18:59Z,2024-11-27T01:18:59Z,2,2
6aed9210-c500-4375-6299-df0aebdf236c,6aed9210-c500-4375-b0fc-3374c40b8591,5aabe8ce-ac28-3172-a0af-663137c7f5f5,b046940f-1664-3047-bca7-dfa76be352a4,,1,1,10509002,10509002,,,,,,,,6aed9210-c500-4375-6496-e1fd8fc58c59,2025-08-01T09:42:53Z,2025-08-01T09:42:53Z,5aabe8ce-ac28-3172-a0af-663137c7f5f5,CLOSED,CLOSED,CLOSED,0,0,0,2025-08-01T09:57:53Z,2025-08-01T09:57:53Z,2025-08-01T09:57:53Z,2,2
6aed9210-c500-4375-0a4a-7f954c745f00,6aed9210-c500-4375-b0fc-3374c40b8591,5aabe8ce-ac28-3172-a0af-663137c7f5f5,b046940f-1664-3047-bca7-dfa76be352a4,,1,1,10509002,10509002,,,,,,,,6aed9210-c500-4375-6496-e1fd8fc58c59,2025-08-01T09:42:53Z,2025-08-01T09:42:53Z,5aabe8ce-ac28-3172-a0af-663137c7f5f5,CLOSED,CLOSED,CLOSED,0,0,0,2025-08-01T09:57:53Z,2025-08-01T09:57:53Z,2025-08-01T09:57:53Z,2,2
6aed9210-c500-4375-110f-748d45a2c6e9,6aed9210-c500-4375-b0fc-3374c40b8591,5aabe8ce-ac28-3172-a0af-663137c7f5f5,b046940f-1664-3047-bca7-dfa76be352a4,,2,2,73595000,66383009,,,,,,,,6aed9210-c500-4375-eb94-48b87c1d415c,2025-08-12T21:42:53Z,2025-08-12T21:42:53Z,5aabe8ce-ac28-3172-a0af-663137c7f5f5,CLOSED,CLOSED,CLOSED,0,0,0,2025-08-12T22:34:29Z,2025-08-12T22:34:29Z,2025-08-12T22:34:29Z,2,2
6aed9210-c500-4375-0576-b79e5a76dbcd,6aed9210-c500-4375-b0fc-3374c40b8591,5aabe8ce-ac28-3172-a0af-663137c7f5f5,b046940f-1664-3047-bca7-dfa76be352a4,,2,2,73595000,66383009,,,,,,,,6aed9210-c500-4375-eb94-48b87c1d415c,2025.08.12T21:42:53Z,2025-08-12T21:42:53Z,5aabe8ce-ac28-3172-a0af-663137c7f5f5,CLOSED,CLOSED,CLOSED,0,0,0,2025-08-12T22:34:29Z,2025-08-12T22:34:29Z,2025-08-12T22:34:29Z,2,2
6aed9210-c500-4375-3605-e1aba7754988,6aed9210-c500-4375-b0fc-3374c40b8591,5aabe8ce-ac28-3172-a0af-663137c7f5f5,b046940f-1664-3047-bca7-dfa76be352a4,,1,1,66383009,,,,,,,,,6aed9210-c500-4375-722a-d4e9e6219624,2025-08-26T21:42:53Z,2025-08-26T21:42:53Z,5aabe8ce-ac28-3172-a0af-663137c7f5f5,CLOSED,CLOSED,CLOSED,0,0,0,2025-08-27T00:26:10Z,2025-08-27T00:26:10Z,2025-08-27T00:26:10Z,2,2
6aed9210-c500-4375-b34a-9710a3a26af6,6aed9210-c500-4375-b0fc-3374c40b8591,5aabe8ce-ac28-3172-a0af-663137c7f5f5,b046940f-1664-3047-bca7-dfa76be352a4,,1,1,66383009,,,,,,,,,6aed9210-c500-4375-722a-d4e9e6219624,2025-08-26T21:42:53Z,2025-08-26T21:42:53Z,5aabe8ce-ac28-3172-a0af-663137c7f5f5,CLOSED,CLOSED,CLOSED,0,0,0,2025-08-27T00:26:10Z,2025-08-27T00:26:10Z,2025-08-27T00:26:10Z,2,2
6aed9210-c500-4375-871c-c7bc09e450cc,6aed9210-c500-4375-b0fc-3374c40b8591,39b1cdc4-1ebb-35a1-bba7-2c9614175d2c,b046940f-1664-3047-bca7-dfa76be352a4,,20,20,160904001,66383009,,,,,,,,6aed9210-c500-4375-616e-61d7bab35d1a,2025-10-07T21:42:53Z,2025-10-07T21:42:53Z,39b1cdc4-1ebb-35a1-bba7-2c9614175d2c,CLOSED,CLOSED,CLOSED,0,0,0,2025-10-07T22:19:14Z,2025-10-07T22:19:14Z,2025-10-07T22:19:14Z,1,1
6aed9210-c500-4375-073f-dc22d8dd6ac5,6aed9210-c500-4375-b0fc-3374c40b8591,39b1cdc4-1ebb-35a1-bba7-2c9614175d2c,b046940f-1664-3047-bca7-dfa76be352a4,,20,20,160904001,66383009,,,,,,,,6aed9210-c500-4375-616e-61d7bab35d1a,2025-10-07T21:42:53Z,2025-10-07T21:42:53Z,39b1cdc4-1ebb-35a1-bba7-2c9614175d2c,CLOSED,CLOSED,CLOSED,0,0,0,2025-10-07T22:19:14Z,2025-10-07T22:19:14Z,2025-10-07T22:19:14Z,1,1
6aed9210-c500-4375-7558-c08230954b02,6aed9210-c500-4375-b0fc-3374c40b8591,5aabe8ce-ac28-3172-a0af-663137c7f5f5,b046940f-1664-3047-bca7-dfa76be352a4,,1,1,66383009,18718003,,,,,,,,6aed9210-c500-4375-93f0-cd18f397a9bd,2025-10-21T21:42:53Z,2025-10-21T21:42:53Z,5aabe8ce-ac28-3172-a0af-663137c7f5f5,CLOSED,CLOSED,CLOSED,0,0,0,2025-10-22T03:55:52Z,2025-10-22T03:55:52Z,2025-10-22T03:55:52Z,2,2
6aed9210-c500-4375-b41f-a6fbc3877e95,6aed9210-c500-4375-b0fc-3374c40b8591,5aabe8ce-ac28-3172-a0af-663137c7f5f5,b046940f-1664-3047-bca7-dfa76be352a4,,1,1,66383009,18718003,,,,,,,,6aed9210-c500-4375-93f0-cd18f397a9bd,2025-10-21T21:42:53Z,2025-10-21T21:42:53Z,5aabe8ce-ac28-3172-a0af-663137c7f5f5,CLOSED,CLOSED,CLOSED,0,0,0,2025-10-22T03:55:52Z,2025-10-22T03:55:52Z,2025-10-22T03:55:52Z,2,2
6f45f2e9-a617-570a-8225-86540a6f46bf,6f45f2e9-a617-570a-8867-dec1260088bb,2e190550-b660-3228-a23c-dc3466037126,d31fccc3-1767-390d-966a-22a5156f4219,,1,1,446096008,446096008,,,,,,,,6f45f2e9-a617-570a-2c2f-dfce37130deb,2016-10-02T06:34:20Z,2016-10-02T06:34:20Z,2e190550-b660-3228-a23c-dc3466037126,CLOSED,CLOSED,CLOSED,0,0,0,2016-10-02T06:49:20Z,2016-10-02T06:49:20Z,2016-10-02T06:49:20Z,2,2
6f45f2e9-a617-570a-f536-db818b42fb61,6f45f2e9-a617-570a-8867-dec1260088bb,2e190550-b660-3228-a23c-dc3466037126,d31fccc3-1767-390d-966a-22a5156f4219,,1,1,446096008,446096008,,,,,,,,6f45f2e9-a617-570a-2c2f-dfce37130deb,2016-10-02T06:34:20Z,2016-10-02T06:34:20Z,2e190550-b660-3228-a23c-dc3466037126,CLOSED,CLOSED,CLOSED,0,0,0,2016-10-02T06:49:20Z,2016-10-02T06:49:20Z,2016-10-02T06:49:20Z,2,2
6f45f2e9-a617-570a-c779-4d1c8f3011d6,6f45f2e9-a617-570a-8867-dec1260088bb,2e190550-b660-3228-a23c-dc3466037126,d31fccc3-1767-390d-966a-22a5156f4219,,1,1,609328004,,,,,,,,,6f45f2e9-a617-570a-2107-f6bd879cbc45,2016-10-09T06:34:20Z,2016-10-09T06:34:20Z,2e190550-b660-3228-a23c-dc3466037126,CLOSED,CLOSED,CLOSED,0,0,0,2016-10-09T07:08:12Z,2016-10-09T07:08:12Z,2016-10-09T07:08:12Z,2,2
6f45f2e9-a617-570a-a1d2-0654ea5c3763,6f45f2e9-a617-570a-8867-dec1260088bb,2e190550-b660-3228-a23c-dc3466037126,d31fccc3-1767-390d-966a-22a5156f4219,,1,1,609328004,,,,,,,,,6f45f2e9-a617-570a-2107-f6bd879cbc45,2016-10-09T06:34:20Z,2016-10-09T06:34:20Z,2e190550-b660-3228-a23c-dc3466037126,CLOSED,CLOSED,CLOSED,0,0,0,2016-10-09T07:08:12Z,2016-10-09T07:08:12Z,2016-10-09T07:08:12Z,2,2
6f45f2e9-a617-570a-6f8a-1bc36f1e43d2,6f45f2e9-a617-570a-8867-dec1260088bb,817b5927-2988-302e-af60-4d0b7e0de251,d31fccc3-1767-390d-966a-22a5156f4219,,10,10,314529007,,,,,,,,,6f45f2e9-a617-570a-ac72-e32886abc3bc,2016-10-20T06:34:20Z,2016-10-20T06:34:20Z,817b5927-2988-302e-af60-4d0b7e0de251,CLOSED,CLOSED,CLOSED,0,0,0,2016-10-20T06:49:20Z,2016-10-20T06:49:20Z,2016-10-20T06:49:20Z,1,1
6f45f2e9-a617-570a-226d-f03e5e09ef18,6f45f2e9-a617-570a-8867-dec1260088bb,2e190550-b660-3228-a23c-dc3466037126,d31fccc3-1767-390d-966a-22a5156f4219,,1,1,103697008,,,,,,,,,6f45f2e9-a617-570a-1cd2-96a75b27fad7,2016-10-27T06:34:20Z,16-10-27T06:34:20Z,2e190550-b660-3228-a23c-dc3466037126,CLOSED,CLOSED,CLOSED,0,0,0,2016-10-27T08:46:45Z,2016-10-27T08:46:45Z,2016-10-27T08:46:45Z,2,2
6f45f2e9-a617-570a-ee01-61c09f98ec17,6f45f2e9-a617-570a-8867-dec1260088bb,782c5171-b196-33f0-81e0-39b5effa5c32,d31fccc3-1767-390d-966a-22a5156f4219,,4,4,48333001,48333001,403190006,,,,,,,6f45f2e9-a617-570a-6b86-bb209d13eaf1,2016-12-27T06:34:20Z,2016-12-27T06:34:20Z,782c5171-b196-33f0-81e0-39b5effa5c32,CLOSED,CLOSED,CLOSED,0,0,0,2016-12-27T07:34:20Z,2016-12-27T07:34:20Z,2016-12-27T07:34:20Z,1,1
6f45f2e9-a617-570a-8c03-3e9e8bd454e5,6f45f2e9-a617-570a-8867-dec1260088bb,782c5171-b196-33f0-81e0-39b5effa5c32,d31fccc3-1767-390d-966a-22a5156f4219,,4,4,48333001,48333001,403190006,,,,,,,6f45f2e9-a617-570a-6b86-bb209d13eaf1,2016-12-27T06:34:20Z,2016-12-27T06:34:20Z,782c5171-b196-33f0-81e0-39b5effa5c32,CLOSED,CLOSED,CLOSED,0,0,0,2016-12-27T07:34:20Z,2016-12-27T07:34:20Z,2016-12-27T07:34:20Z,1,1
6f45f2e9-a617-570a-dc23-8297ad101452,6f45f2e9-a617-570a-8867-dec1260088bb,f16eb5e7-f3cb-3b61-b8dc-be8172542a44,d31fccc3-1767-390d-966a-22a5156f4219,,8,8,25675004,,,,,,,,,6f45f2e9-a617-570a-c4c5-0e1385599b49,2016-12-27T06:34:20Z,2016-12-27T06:34:20Z,f16eb5e7-f3cb-3b61-b8dc-be8172542a44,CLOSED,CLOSED,CLOSED,0,0,0,2017-01-13T06:49:20Z,2017-01-13T06:49:20Z,2017-01-13T06:49:20Z,2,2
6f45f2e9-a617-570a-7475-a42b517f9a57,6f45f2e9-a617-570a-8867-dec1260088bb,2e190550-b660-3228-a23c-dc3466037126,d31fccc3-1767-390d-966a-22a5156f4219,,1,1,444814009,444814009,,,,,,,,6f45f2e9-a617-570a-e411-55906c91cca4,2017-01-24T10:34:20Z,2017-01-24T10:34:20Z,2e190550-b660-3228-a23c-dc3466037126,CLOSED,CLOSED,CLOSED,0,0,0,2017-01-24T10:49:20Z,2017-01-24T10:49:20Z,2017-01-24T10:49:20Z,2,2
6f45f2e9-a617-570a-9872-4a5cecd2e0c7,6f45f2e9-a617-570a-8867-dec1260088bb,2e190550-b660-3228-a23c-dc3466037126,d31fccc3-1767-390d-966a-22a5156f4219,,1,1,403190006,,,,,,,,,6f45f2e9-a617-570a-0cbd-b73d048fb5bf,2017-01-27T06:34:20Z,2017-01-27T06:34:20Z,2e190550-b660-3228-a23c-dc3466037126,CLOSED,CLOSED,CLOSED,0,0,0,2017-01-27T06:49:20Z,2017-01-27T06:49:20Z,2017-01-27T06:49:20Z,2,2
6f45f2e9-a617-570a-3c3f-3b4b734faaf1,6f45f2e9-a617-570a-8867-dec1260088bb,817b5927-2988-302e-af60-4d0b7e0de251,d31fccc3-1767-390d-966a-22a5156f4219,,10,10,410620009,,,,,,,,,6f45f2e9-a617-570a-65af-c533e3c03201,2017-04-20T06:34:20Z,2017-04-20T06:34:20Z,817b5927-2988-302e-af60-4d0b7e0de251,CLOSED,CLOSED,CLOSED,0,0,0,2017-04-20T06:49:20Z,2017-04-20T06:49:20Z,2017-04-20T06:49:20Z,1,1
6f45f2e9-a617-570a-6eca-cdd1072c7405,6f45f2e9-a617-570a-8867-dec1260088bb,2e190550-b660-3228-a23c-dc3466037126,d31fccc3-1767-390d-966a-22a5156f4219,,1,1,103697008,,,,,,,,,6f45f2e9-a617-570a-1585-d870e5b8e140,2017-04-27T06:34:20Z,2017-04-27T06:34:20Z,2e190550-b660-3228-a23c-dc3466037126,CLOSED,CLOSED,CLOSED,0,0,0,2017-04-27T10:06:16Z,2017-04-27T10:06:16Z,2017-04-27T10:06:16Z,2,2
6f45f2e9-a617-570a-761f-b0c51220bccf,6f45f2e9-a617-570a-8867-dec1260088bb,2e190550-b660-3228-a23c-dc3466037126,d31fccc3-1767-390d-966a-22a5156f4219,,1,1,103697008,,,,,,,,,6f45f2e9-a617-570a-1585-d870e5b8e140,2017-04-27T06:34:20Z,2017-04-27T06:34:20Z,2e190550-b660-3228-a23c-dc3466037126,CLOSED,CLOSED,CLOSED,0,0,0,2017-04-27T10:06:16Z,2017-04-27T10:06:16Z,2017-04-27T10:06:16Z,2,2
6f45f2e9-a617-570a-c348-8adf1a50f909,6f45f2e9-a617-570a-8867-dec1260088bb,2e190550-b660-3228-a23c-dc3466037126,d31fccc3-1767-390d-966a-22a5156f4219,,1,1,444814009,444814009,,,,,,,,6f45f2e9-a617-570a-df75-134d9a8a3c1a,2018-01-12T08:34:20Z,2018-01-12T08:34:20Z,2e190550-b660-3228-a23c-dc3466037126,CLOSED,CLOSED,CLOSED,0,0,0,2018-01-12T08:49:20Z,2018-01-12T08:49:20Z,2018-01-12T08:49:20Z,2,2
6f45f2e9-a617-570a-b57c-f8ab837de2b3,6f45f2e9-a617-570a-8867-dec1260088bb,817b5927-2988-302e-af60-4d0b7e0de251,d31fccc3-1767-390d-966a-22a5156f4219,,10,10,410620009,,,,,,,,,6f45f2e9-a617-570a-1231-3a659f710f50,2018-04-26T06:34:20Z,2018-04-26T06:34:20Z,817b5927-2988-302e-af60-4d0b7e0de251,CLOSED,CLOSED,CLOSED,0,0,0,2018-04-26T06:49:20Z,2018-04-26T06:49:20Z,2018-04-26T06:49:20Z,1,1
6f45f2e9-a617-570a-943b-56ef186c5ddb,6f45f2e9-a617-570a-8867-dec1260088bb,817b5927-2988-302e-af60-4d0b7e0de251,d31fccc3-1767-390d-966a-22a5156f4219,,10,10,410620009,,,,,,,,,6f45f2e9-a617-570a-0732-9d98439e290c,2019-05-02T06:34:20Z,2019-05-02T06:34:20Z,817b5927-2988-302e-af60-4d0b7e0de251,CLOSED,CLOSED,CLOSED,0,0,0,2019-05-02T06:49:20Z,2019-05-02T06:49:20Z,2019-05-02T06:49:20Z,1,1
6f45f2e9-a617-570a-3330-9e2169119ec7,6f45f2e9-a617-570a-8867-dec1260088bb,782c5171-b196-33f0-81e0-39b5effa5c32,d31fccc3-1767-390d-966a-22a5156f4219,,4,4,125601008,125601008,239720000,,,,,,,6f45f2e9-a617-570a-2227-7d5c52f82128,2020-01-20T06:34:20Z,20/01/2020T06:34:20Z,782c5171-b196-33f0-81e0-39b5effa5c32,,CLOSED,CLOSED,0,0,0,2020-01-20T07:34:20Z,2020-01-20T07:34:20Z,2020-01-20T07:34:20Z,1,1
6f45f2e9-a617-570a-f33c-ae41eae2be73,6f45f2e9-a617-570a-8867-dec1260088bb,782c5171-b196-33f0-81e0-39b5effa5c32,d31fccc3-1767-390d-966a-22a5156f4219,,4,4,125601008,125601008,239720000,,,,,,,6f45f2e9-a617-570a-2227-7d5c52f82128,20/01/2020T06:34:20Z,2020-01-20T06:34:20Z,782c5171-b196-33f0-81e0-39b5effa5c32,CLOSED,CLOSED,CLOSED,0,0,0,2020-01-20T07:34:20Z,2020-01-20T07:34:20Z,2020-01-20T07:34:20Z,1,1
6f45f2e9-a617-570a-c1d8-eeeb0e2349ab,6f45f2e9-a617-570a-8867-dec1260088bb,817b5927-2988-302e-af60-4d0b7e0de251,d31fccc3-1767-390d-966a-22a5156f4219,,10,10,314529007,,,,,,,,,6f45f2e9-a617-570a-1adf-6d02acf0c51d,07/05/2020T06:34:20Z,2020-05-07T06:34:20Z,817b5927-2988-302e-af60-4d0b7e0de251,CLOSED,CLOSED,CLOSED,0,0,0,2020-05-07T06:49:20Z,2020-05-07T06:49:20Z,2020-05-07T06:49:20Z,1,1
6f45f2e9-a617-570a-8082-495ef02b086e,6f45f2e9-a617-570a-8867-dec1260088bb,817b5927-2988-302e-af60-4d0b7e0de251,d31fccc3-1767-390d-966a-22a5156f4219,,10,10,314529007,,,,,,,,,6f45f2e9-a617-570a-2cc0-8b5d2b0fa66e,2021-05-13T06:34:20Z,2021-05-13T06:34:20Z,817b5927-2988-302e-af60-4d0b7e0de251,CLOSED,CLOSED,CLOSED,0,0,0,2021-05-13T06:49:20Z,2021-05-13T06:49:20Z,2021-05-13T06:49:20Z,1,1
6f45f2e9-a617-570a-479d-dd3a148215b8,6f45f2e9-a617-570a-8867-dec1260088bb,3426301a-3113-39d3-944e-d1766e6f8bd4,d31fccc3-1767-390d-966a-22a5156f4219,,5,5,702927004,,,,,,,,,6f45f2e9-a617-570a-f7ee-b4beea8c12a3,2021-06-10T06:34:20Z,2021-06-10T06:34:20Z,3426301a-3113-39d3-944e-d1766e6f8bd4,CLOSED,CLOSED,CLOSED,0,0,0,2021-06-10T06:49:20Z,2021-06-10T06:49:20Z,2021-06-10T06:49:20Z,1,1
6f45f2e9-a617-570a-a650-a9a8b74fd924,6f45f2e9-a617-570a-8867-dec1260088bb,2e190550-b660-3228-a23c-dc3466037126,d31fccc3-1767-390d-966a-22a5156f4219,,2,2,185349003,,,,,,,,,6f45f2e9-a617-570a-9eca-8372ed09647d,2021-06-17T06:34:20Z,2021-06-17T06:34:20Z,2e190550-b660-3228-a23c-dc3466037126,CLOSED,CLOSED,CLOSED,0,0,0,2021-06-17T06:49:20Z,2021-06-17T06:49:20Z,2021-06-17T06:49:20Z,2,2
6f45f2e9-a617-570a-678e-0db21b145d0c,6f45f2e9-a617-570a-8867-dec1260088bb,2e190550-b660-3228-a23c-dc3466037126,d31fccc3-1767-390d-966a-22a5156f4219,,1,1,10509002,10509002,,,,,,,,6f45f2e9-a617-570a-144f-5e953d5f3931,2021-06-24T06:34:20Z,2021.06.24T06:34:20Z,2e190550-b660-3228-a23c-dc3466037126,CLOSED,CLOSED,CLOSED,0,0,0,2021-06-24T06:49:20Z,2021-06-24T06:49:20Z,2021-06-24T06:49:20Z,2,2
6f45f2e9-a617-570a-d390-22d922abad3d,6f45f2e9-a617-570a-8867-dec1260088bb,2e190550-b660-3228-a23c-dc3466037126,d31fccc3-1767-390d-966a-22a5156f4219,,1,1,10509002,10509002,,,,,,,,6f45f2e9-a617-570a-144f-5e953d5f3931,2021-06-24T06:34:20Z,2021-06-24T06:34:20Z,2e190550-b660-3228-a23c-dc3466037126,CLOSED,CLOSED,CLOSED,0,0,0,2021-06-24T06:49:20Z,2021-06-24T06:49:20Z,2021-06-24T06:49:20Z,2,2
6f45f2e9-a617-570a-139f-eb433a3a673e,6f45f2e9-a617-570a-8867-dec1260088bb,817b5927-2988-302e-af60-4d0b7e0de251,d31fccc3-1767-390d-966a-22a5156f4219,,10,10,314529007,,,,,,,,,6f45f2e9-a617-570a-a799-0a378ebf567c,2022-05-19T06:34:20Z,2022-05-19T06:34:20Z,817b5927-2988-302e-af60-4d0b7e0de251,CLOSED,CLOSED,CLOSED,0,0,0,2022-05-19T06:49:20Z,2022-05-19T06:49:20Z,2022-05-19T06:49:20Z,1,1
6f45f2e9-a617-570a-5879-35a94c9efda0,6f45f2e9-a617-570a-8867-dec1260088bb,2e190550-b660-3228-a23c-dc3466037126,d31fccc3-1767-390d-966a-22a5156f4219,,1,1,36971009,36971009,,,,,,,,6f45f2e9-a617-570a-a728-bce169a5b20a,2023-03-15T13:34:20Z,2023-03-15T13:34:20Z,2e190550-b660-3228-a23c-dc3466037126,CLOSED,CLOSED,CLOSED,0,0,0,2023-03-15T13:49:20Z,2023-03-15T13:49:20Z,2023-03-15T13:49:20Z,2,2
6f45f2e9-a617-570a-5a19-c28af1103497,6f45f2e9-a617-570a-8867-dec1260088bb,817b5927-2988-302e-af60-4d0b7e0de251,d31fccc3-1767-390d-966a-22a5156f4219,,10,10,410620009,,,,,,,,,6f45f2e9-a617-570a-542d-aa11389be885,2023-05-25T06:34:20Z,2023-05-25T06:34:20Z,817b5927-2988-302e-af60-4d0b7e0de251,CLOSED,CLOSED,CLOSED,0,0,0,2023-05-25T06:49:20Z,2023-05-25T06:49:20Z,2023-05-25T06:49:20Z,1,1
6f45f2e9-a617-570a-51d5-ca2beaa118ce,6f45f2e9-a617-570a-8867-dec1260088bb,817b5927-2988-302e-af60-4d0b7e0de251,d31fccc3-1767-390d-966a-22a5156f4219,,10,10,66383009,,,,,,,,,6f45f2e9-a617-570a-027c-293417fabeaf,2024-05-30T06:34:20Z,2024-05-30T06:34:20Z,817b5927-2988-302e-af60-4d0b7e0de251,CLOSED,CLOSED,CLOSED,0,0,0,2024-05-30T06:49:20Z,2024-05-30T06:49:20Z,2024-05-30T06:49:20Z,1,1
6f45f2e9-a617-570a-00b6-2e284445b7f4,6f45f2e9-a617-570a-8867-dec1260088bb,2e190550-b660-3228-a23c-dc3466037126,d31fccc3-1767-390d-966a-22a5156f4219,,1,1,66383009,,,,,,,,,6f45f2e9-a617-570a-05eb-74cf9a0530d6,,2024-06-06T06:34:20Z,2e190550-b660-3228-a23c-dc3466037126,CLOSED,CLOSED,CLOSED,0,0,0,2024-06-06T09:50:24Z,2024-06-06T09:50:24Z,2024-06-06T09:50:24Z,2,2
6f45f2e9-a617-570a-139e-585227b3dd71,6f45f2e9-a617-570a-8867-dec1260088bb,2e190550-b660-3228-a23c-dc3466037126,d31fccc3-1767-390d-966a-22a5156f4219,,1,1,66383009,,,,,,,,,6f45f2e9-a617-570a-05eb-74cf9a0530d6,2024-06-06T06:34:20Z,2024-06-06T06:34:20Z,2e190550-b660-3228-a23c-dc3466037126,CLOSED,CLOSED,CLOSED,0,0,0,2024-06-06T09:50:24Z,2024-06-06T09:50:24Z,2024-06-06T09:50:24Z,2,2
6f45f2e9-a617-570a-c111-45cc098527cb,6f45f2e9-a617-570a-8867-dec1260088bb,782c5171-b196-33f0-81e0-39b5effa5c32,d31fccc3-1767-390d-966a-22a5156f4219,,4,4,125605004,125605004,16114001,,,,,,,6f45f2e9-a617-570a-1743-6d0272447c5e,2025-01-13T06:34:20Z,2025-01-13T06:34:20Z,782c5171-b196-33f0-81e0-39b5effa5c32,CLOSED,CLOSED,CLOSED,0,0,0,2025-01-13T07:34:20Z,2025-01-13T07:34:20Z,2025-01-13T07:34:20Z,1,1
6f45f2e9-a617-570a-605d-d154ae0d16ce,6f45f2e9-a617-570a-8867-dec1260088bb,782c5171-b196-33f0-81e0-39b5effa5c32,d31fccc3-1767-390d-966a-22a5156f4219,,4,4,125605004,125605004,16114001,,,,,,,6f45f2e9-a617-570a-1743-6d0272447c5e,2025-01-13T06:34:20Z,2025-01-13T06:34:20Z,782c5171-b196-33f0-81e0-39b5effa5c32,CLOSED,CLOSED,CLOSED,0,0,0,2025-01-13T07:34:20Z,2025-01-13T07:34:20Z,2025-01-13T07:34:20Z,1,1
6f45f2e9-a617-570a-48cb-f1692226526f,6f45f2e9-a617-570a-8867-dec1260088bb,2e190550-b660-3228-a23c-dc3466037126,d31fccc3-1767-390d-966a-22a5156f4219,,1,1,16114001,,,,,,,,,6f45f2e9-a617-570a-2b37-a8f5b4233854,2025-02-18T07:11:28Z,2025-02-18T07:11:28Z,2e190550-b660-3228-a23c-dc3466037126,CLOSED,CLOSED,CLOSED,0,0,0,2025-02-18T07:26:28Z,2025-02-18T07:26:28Z,2025-02-18T07:26:28Z,2,2
6f45f2e9-a617-570a-5ae5-936a044ffe08,6f45f2e9-a617-570a-8867-dec1260088bb,817b5927-2988-302e-af60-4d0b7e0de251,d31fccc3-1767-390d-966a-22a5156f4219,,10,10,314529007,,,,,,,,,6f45f2e9-a617-570a-b451-f25b0a269d31,2025-06-05T06:34:20Z,2025-06-05T06:34:20Z,817b5927-2988-302e-af60-4d0b7e0de251,CLOSED,CLOSED,CLOSED,0,0,0,2025-06-05T06:49:20Z,2025-06-05T06:49:20Z,2025-06-05T06:49:20Z,1,1
6f45f2e9-a617-570a-1b70-68a86e564035,6f45f2e9-a617-570a-8867-dec1260088bb,2e190550-b660-3228-a23c-dc3466037126,d31fccc3-1767-390d-966a-22a5156f4219,,1,1,444814009,444814009,,,,,,,,6f45f2e9-a617-570a-76e9-d5ca472eebfc,2025-10-05T10:34:20Z,2025-10-05T10:34:20Z,2e190550-b660-3228-a23c-dc3466037126,CLOSED,CLOSED,CLOSED,0,0,0,2025-10-05T10:49:20Z,2025-10-05T10:49:20Z,2025-10-05T10:49:20Z,2,2
6f45f2e9-a617-570a-374d-5b99db48775c,6f45f2e9-a617-570a-8867-dec1260088bb,2e190550-b660-3228-a23c-dc3466037126,d31fccc3-1767-390d-966a-22a5156f4219,,1,1,444814009,444814009,,,,,,,,6f45f2e9-a617-570a-76e9-d5ca472eebfc,2025-10-05T10:34:20Z,2025-10-05T10:34:20Z,2e190550-b660-3228-a23c-dc3466037126,CLOSED,CLOSED,CLOSED,0,0,0,2025-10-05T10:49:20Z,2025-10-05T10:49:20Z,2025-10-05T10:49:20Z,2,2
6f45f2e9-a617-570a-0a80-aa500e697382,6f45f2e9-a617-570a-8867-dec1260088bb,2e190550-b660-3228-a23c-dc3466037126,d31fccc3-1767-390d-966a-22a5156f4219,,1,1,192127007,192127007,,,,,,,,6f45f2e9-a617-570a-9e8f-f9a6a60df82e,2025-11-09T06:34:20Z,2025-11-09T06:34:20Z,2e190550-b660-3228-a23c-dc3466037126,CLOSED,CLOSED,CLOSED,0,0,0,2025-11-09T06:49:20Z,2025-11-09T06:49:20Z,2025-11-09T06:49:20Z,2,2
6f45f2e9-a617-570a-d024-4fe7613517dd,6f45f2e9-a617-570a-8867-dec1260088bb,2e190550-b660-3228-a23c-dc3466037126,d31fccc3-1767-390d-966a-22a5156f4219,,1,1,192127007,192127007,,,,,,,,6f45f2e9-a617-570a-9e8f-f9a6a60df82e,2025-11-09T06:34:20Z,2025-11-09T06:34:20Z,2e190550-b660-3228-a23c-dc3466037126,CLOSED,CLOSED,CLOSED,0,0,0,2025-11-09T06:49:20Z,2025-11-09T06:49:20Z,2025-11-09T06:49:20Z,2,2
6f45f2e9-a617-570a-2b93-0b0fd73d9391,6f45f2e9-a617-570a-8867-dec1260088bb,2e190550-b660-3228-a23c-dc3466037126,d31fccc3-1767-390d-966a-22a5156f4219,,1,1,192127007,,,,,,,,,6f45f2e9-a617-570a-277a-4627356efd50,2025-12-18T06:34:20Z,2025-12-18T06:34:20Z,2e190550-b660-3228-a23c-dc3466037126,CLOSED,CLOSED,CLOSED,0,0,0,2025-12-18T07:34:20Z,2025-12-18T07:34:20Z,2025-12-18T07:34:20Z,2,2
6f45f2e9-a617-570a-d978-21fafc4e1ff9,6f45f2e9-a617-570a-8867-dec1260088bb,2e190550-b660-3228-a23c-dc3466037126,d31fccc3-1767-390d-966a-22a5156f4219,,1,1,192127007,,,,,,,,,6f45f2e9-a617-570a-0381-0696d3cd6fd0,2026-01-20T07:34:20Z,2026-01-20T07:34:20Z,2e190550-b660-3228-a23c-dc3466037126,CLOSED,CLOSED,CLOSED,0,0,0,2026-01-20T08:34:20Z,2026-01-20T08:34:20Z,2026-01-20T08:34:20Z,2,2
6f45f2e9-a617-570a-ae72-f1025ca821c1,6f45f2e9-a617-570a-8867-dec1260088bb,2e190550-b660-3228-a23c-dc3466037126,d31fccc3-1767-390d-966a-22a5156f4219,,1,1,192127007,,,,,,,,,6f45f2e9-a617-570a-92f6-3be8a15a455f,2026-02-19T08:34:20Z,2026-02-19T08:34:20Z,2e190550-b660-3228-a23c-dc3466037126,,CLOSED,CLOSED,0,0,0,2026-02-19T09:34:20Z,2026-02-19T09:34:20Z,2026-02-19T09:34:20Z,2,2
6f45f2e9-a617-570a-7fc0-c4a22e835a3d,6f45f2e9-a617-570a-8867-dec1260088bb,2e190550-b660-3228-a23c-dc3466037126,d31fccc3-1767-390d-966a-22a5156f4219,,1,1,192127007,,,,,,,,,6f45f2e9-a617-570a-0065-9e410ca2ba54,27/03/2026T09:34:20Z,2026-03-27T09:34:20Z,2e190550-b660-3228-a23c-dc3466037126,CLOSED,CLOSED,CLOSED,0,0,0,2026-03-27T10:34:20Z,2026-03-27T10:34:20Z,2026-03-27T10:34:20Z,2,2
6f45f2e9-a617-570a-efef-033f992cfb2b,6f45f2e9-a617-570a-8867-dec1260088bb,2e190550-b660-3228-a23c-dc3466037126,d31fccc3-1767-390d-966a-22a5156f4219,,1,1,192127007,,,,,,,,,6f45f2e9-a617-570a-bd16-93c00e084a60,2026-04-25T10:34:20Z,2026-04-25T10:34:20Z,2e190550-b660-3228-a23c-dc3466037126,CLOSED,CLOSED,CLOSED,0,0,0,2026-04-25T11:34:20Z,2026-04-25T11:34:20Z,2026-04-25T11:34:20Z,2,2
6f45f2e9-a617-570a-f42c-6b9e16110810,6f45f2e9-a617-570a-8867-dec1260088bb,2e190550-b660-3228-a23c-dc3466037126,d31fccc3-1767-390d-966a-22a5156f4219,,1,1,609328004,,,,,,,,,6f45f2e9-a617-570a-7b38-0db6a91f76fc,2016-10-09T06:34:20Z,2026-05-21T06:34:20Z,2e190550-b660-3228-a23c-dc3466037126,CLOSED,CLOSED,CLOSED,0,0,0,2026-05-21T06:59:12Z,2026-05-21T06:59:12Z,2026-05-21T06:59:12Z,2,2
6f45f2e9-a617-570a-7a0a-9602a2b50c51,6f45f2e9-a617-570a-8867-dec1260088bb,2e190550-b660-3228-a23c-dc3466037126,d31fccc3-1767-390d-966a-22a5156f4219,,1,1,192127007,,,,,,,,,6f45f2e9-a617-570a-877c-14b158c61422,2026-05-30T11:34:20Z,2026-05-30T11:34:20Z,2e190550-b660-3228-a23c-dc3466037126,CLOSED,CLOSED,CLOSED,0,0,0,2026-05-30T12:34:20Z,2026-05-30T12:34:20Z,2026-05-30T12:34:20Z,2,2
6f45f2e9-a617-570a-e293-e3a755028e0e,6f45f2e9-a617-570a-8867-dec1260088bb,817b5927-2988-302e-af60-4d0b7e0de251,d31fccc3-1767-390d-966a-22a5156f4219,,10,10,66383009,,,,,,,,,6f45f2e9-a617-570a-e706-4091b8895168,2026-06-11T06:34:20Z,2026-06-11T06:34:20Z,817b5927-2988-302e-af60-4d0b7e0de251,CLOSED,CLOSED,CLOSED,0,0,0,2026-06-11T06:52:21Z,2026-06-11T06:52:21Z,2026-06-11T06:52:21Z,1,1
6f45f2e9-a617-570a-a5ca-936f07b64da6,6f45f2e9-a617-570a-8867-dec1260088bb,2e190550-b660-3228-a23c-dc3466037126,d31fccc3-1767-390d-966a-22a5156f4219,,1,1,609328004,,,,,,,,,6f45f2e9-a617-570a-5709-2248d58b58d8,2016-10-09T06:34:20Z,2026-06-12T06:59:12Z,2e190550-b660-3228-a23c-dc3466037126,CLOSED,CLOSED,CLOSED,0,0,0,2026-06-12T07:41:15Z,2026-06-12T07:41:15Z,2026-06-12T07:41:15Z,2,2
6f45f2e9-a617-570a-464e-692c135117a7,6f45f2e9-a617-570a-8867-dec1260088bb,2e190550-b660-3228-a23c-dc3466037126,d31fccc3-1767-390d-966a-22a5156f4219,,1,1,66383009,,,,,,,,,6f45f2e9-a617-570a-437b-0fbed01b02ef,2026-06-18T06:34:20Z,2026-06-18T06:34:20Z,2e190550-b660-3228-a23c-dc3466037126,CLOSED,CLOSED,CLOSED,0,0,0,2026-06-18T10:07:03Z,2026-06-18T10:07:03Z,2026-06-18T10:07:03Z,2,2
6f45f2e9-a617-570a-9d7c-4c31d42eed59,6f45f2e9-a617-570a-8867-dec1260088bb,2e190550-b660-3228-a23c-dc3466037126,d31fccc3-1767-390d-966a-22a5156f4219,,1,1,66383009,,,,,,,,,6f45f2e9-a617-570a-437b-0fbed01b02ef,2026-06-18T06:34:20Z,2026-06-18T06:34:20Z,2e190550-b660-3228-a23c-dc3466037126,CLOSED,CLOSED,CLOSED,0,0,0,2026-06-18T10:07:03Z,2026-06-18T10:07:03Z,2026-06-18T10:07:03Z,2,2
6f45f2e9-a617-570a-e4c1-d785ba29b8fd,6f45f2e9-a617-570a-8867-dec1260088bb,2e190550-b660-3228-a23c-dc3466037126,d31fccc3-1767-390d-966a-22a5156f4219,,1,1,609328004,,,,,,,,,6f45f2e9-a617-570a-1e95-2d6134d18bed,2016-10-09T06:34:20Z,2026-07-05T07:41:15Z,2e190550-b660-3228-a23c-dc3466037126,CLOSED,CLOSED,CLOSED,0,0,0,2026-07-05T08:18:46Z,2026-07-05T08:18:46Z,2026-07-05T08:18:46Z,2,2
6f45f2e9-a617-570a-6f53-d21155341851,6f45f2e9-a617-570a-8867-dec1260088bb,395ae0ac-b06d-3e32-ad84-cdc46f6f6b4f,d31fccc3-1767-390d-966a-22a5156f4219,,9,9,192127007,,,,,,,,,6f45f2e9-a617-570a-ec6c-1c1a678f7e53,2026-07-03T12:34:20Z,2026-07-03T12:34:20Z,395ae0ac-b06d-3e32-ad84-cdc46f6f6b4f,CLOSED,CLOSED,CLOSED,0,0,0,2026-07-03T13:34:20Z,2026-07-03T13:34:20Z,2026-07-03T13:34:20Z,2,2
6f45f2e9-a617-570a-ac0e-a4460a0d79a4,6f45f2e9-a617-570a-8867-dec1260088bb,2e190550-b660-3228-a23c-dc3466037126,d31fccc3-1767-390d-966a-22a5156f4219,,1,1,609328004,,,,,,,,,6f45f2e9-a617-570a-ddd9-382a1ca98d30,2016-10-09T06:34:20Z,2026-07-31T08:18:46Z,2e190550-b660-3228-a23c-dc3466037126,CLOSED,CLOSED,CLOSED,0,0,0,2026-07-31T08:51:11Z,2026-07-31T08:51:11Z,2026-07-31T08:51:11Z,2,2
6f45f2e9-a617-570a-f2cc-848a51da46f7,6f45f2e9-a617-570a-8867-dec1260088bb,2e190550-b660-3228-a23c-dc3466037126,d31fccc3-1767-390d-966a-22a5156f4219,,1,1,192127007,,,,,,,,,6f45f2e9-a617-570a-798f-f15d40437ff9,2026-08-12T13:34:20Z,2026-08-12T13:34:20Z,2e190550-b660-3228-a23c-dc3466037126,CLOSED,CLOSED,CLOSED,0,0,0,2026-08-12T14:34:20Z,2026-08-12T14:34:20Z,2026-08-12T14:34:20Z,2,2
d57841fa-c9e2-a3d1-ce59-5df51a9b19eb,d57841fa-c9e2-a3d1-0e78-09bdbe4eed66,23fd3e75-e418-3c9f-a147-b93ecb29c335,26aab0cd-6aba-3e1b-ac5b-05c8867e762c,,20,20,224299000,,,,,,,,,d57841fa-c9e2-a3d1-c0a2-49164496797d,1983-07-31T20:49:24Z,1983-07-31T20:49:24Z,23fd3e75-e418-3c9f-a147-b93ecb29c335,CLOSED,CLOSED,CLOSED,0,0,0,1983-07-31T21:40:23Z,1983-07-31T21:40:23Z,1983-07-31T21:40:23Z,1,1
d57841fa-c9e2-a3d1-caa2-3844caafb3ca,d57841fa-c9e2-a3d1-0e78-09bdbe4eed66,35c07dc2-7792-39ae-8623-734c6fbc3781,26aab0cd-6aba-3e1b-ac5b-05c8867e762c,,1,1,36971009,40055000,,,,,,,,d57841fa-c9e2-a3d1-f7a0-66d51d3f7e39,28/08/1990T13:49:24Z,1990-08-28T13:49:24Z,35c07dc2-7792-39ae-8623-734c6fbc3781,CLOSED,CLOSED,CLOSED,0,0,0,1990-08-28T14:04:24Z,1990-08-28T14:04:24Z,1990-08-28T14:04:24Z,2,2
d57841fa-c9e2-a3d1-376f-cab53ca9833a,d57841fa-c9e2-a3d1-0e78-09bdbe4eed66,23fd3e75-e418-3c9f-a147-b93ecb29c335,26aab0cd-6aba-3e1b-ac5b-05c8867e762c,,20,20,266948004,,,,,,,,,d57841fa-c9e2-a3d1-2898-1de94b58e38b,1993-08-15T20:49:24Z,1993-08-15T20:49:24Z,23fd3e75-e418-3c9f-a147-b93ecb29c335,CLOSED,CLOSED,CLOSED,0,0,0,1993-08-15T21:22:34Z,1993-08-15T21:22:34Z,1993-08-15T21:22:34Z,1,1
d57841fa-c9e2-a3d1-60b3-60edb60f4454,d57841fa-c9e2-a3d1-0e78-09bdbe4eed66,35c07dc2-7792-39ae-8623-734c6fbc3781,26aab0cd-6aba-3e1b-ac5b-05c8867e762c,,1,1,79586000,161744009,,,,,,,,d57841fa-c9e2-a3d1-08e0-baa9ff0d65ab,1995-04-22T11:49:24Z,1995-04-22T11:49:24Z,35c07dc2-7792-39ae-8623-734c6fbc3781,CLOSED,CLOSED,CLOSED,0,0,0,1995-04-22T12:04:24Z,1995-04-22T12:04:24Z,1995-04-22T12:04:24Z,2,2
d57841fa-c9e2-a3d1-6822-47f53f5e5453,d57841fa-c9e2-a3d1-0e78-09bdbe4eed66,35c07dc2-7792-39ae-8623-734c6fbc3781,26aab0cd-6aba-3e1b-ac5b-05c8867e762c,,1,1,40275004,,,,,,,,,d57841fa-c9e2-a3d1-4bfb-9751342a4d93,01/27/1998T10:49:24Z,1998-01-27T10:49:24Z,35c07dc2-7792-39ae-8623-734c6fbc3781,CLOSED,CLOSED,CLOSED,0,0,0,1998-01-27T11:04:24Z,1998-01-27T11:04:24Z,1998-01-27T11:04:24Z,2,2
d57841fa-c9e2-a3d1-bac7-65873a4a1de4,d57841fa-c9e2-a3d1-0e78-09bdbe4eed66,35c07dc2-7792-39ae-8623-734c6fbc3781,26aab0cd-6aba-3e1b-ac5b-05c8867e762c,,1,1,40275004,,,,,,,,,d57841fa-c9e2-a3d1-4bfb-9751342a4d93,1998-01-27T10:49:24Z,1998-01-27T10:49:24Z,35c07dc2-7792-39ae-8623-734c6fbc3781,CLOSED,CLOSED,CLOSED,0,0,0,1998-01-27T11:04:24Z,1998-01-27T11:04:24Z,1998-01-27T11:04:24Z,2,2
d57841fa-c9e2-a3d1-fb7e-850d2b6033ea,d57841fa-c9e2-a3d1-0e78-09bdbe4eed66,35c07dc2-7792-39ae-8623-734c6fbc3781,26aab0cd-6aba-3e1b-ac5b-05c8867e762c,,1,1,609328004,,,,,,,,,d57841fa-c9e2-a3d1-bdf9-30493cd7b4b2,1998-02-14T21:49:24Z,1998.02.14T21:49:24Z,35c07dc2-7792-39ae-8623-734c6fbc3781,CLOSED,CLOSED,CLOSED,0,0,0,1998-02-14T22:26:15Z,1998-02-14T22:26:15Z,1998-02-14T22:26:15Z,2,2
d57841fa-c9e2-a3d1-59f1-5b6ee59fb745,d57841fa-c9e2-a3d1-0e78-09bdbe4eed66,35c07dc2-7792-39ae-8623-734c6fbc3781,26aab0cd-6aba-3e1b-ac5b-05c8867e762c,,1,1,609328004,,,,,,,,,d57841fa-c9e2-a3d1-bdf9-30493cd7b4b2,1998-02-14T21:49:24Z,1998-02-14T21:49:24Z,35c07dc2-7792-39ae-8623-734c6fbc3781,CLOSED,CLOSED,CLOSED,0,0,0,1998-02-14T22:26:15Z,1998-02-14T22:26:15Z,1998-02-14T22:26:15Z,2,2
d57841fa-c9e2-a3d1-bd95-a09250fb28e0,d57841fa-c9e2-a3d1-0e78-09bdbe4eed66,35c07dc2-7792-39ae-8623-734c6fbc3781,26aab0cd-6aba-3e1b-ac5b-05c8867e762c,,1,1,609328004,,,,,,,,,d57841fa-c9e2-a3d1-bdf9-30493cd7b4b2,1998-02-14T21:49:24Z,1998-02-14T21:49:24Z,35c07dc2-7792-39ae-8623-734c6fbc3781,CLOSED,CLOSED,CLOSED,0,0,0,1998-02-14T22:26:15Z,1998-02-14T22:26:15Z,1998-02-14T22:26:15Z,2,2
d57841fa-c9e2-a3d1-95fe-0575cf95dd86,d57841fa-c9e2-a3d1-0e78-09bdbe4eed66,23fd3e75-e418-3c9f-a147-b93ecb29c335,26aab0cd-6aba-3e1b-ac5b-05c8867e762c,,20,20,160904001,422650009,,,,,,,,d57841fa-c9e2-a3d1-b554-47c63bb803ca,2016-06-12T20:49:24Z,2016-06-12T20:49:24Z,23fd3e75-e418-3c9f-a147-b93ecb29c335,CLOSED,CLOSED,CLOSED,0,0,0,2016-06-12T21:38:18Z,2016-06-12T21:38:18Z,2016-06-12T21:38:18Z,1,1
d57841fa-c9e2-a3d1-683d-28823069893d,d57841fa-c9e2-a3d1-0e78-09bdbe4eed66,23fd3e75-e418-3c9f-a147-b93ecb29c335,26aab0cd-6aba-3e1b-ac5b-05c8867e762c,,20,20,314529007,741062008,,,,,,,,d57841fa-c9e2-a3d1-cb45-134849ede762,2017-06-18T20:49:24Z,2017-06-18T20:49:24Z,23fd3e75-e418-3c9f-a147-b93ecb29c335,CLOSED,CLOSED,CLOSED,0,0,0,2017-06-18T21:32:44Z,2017-06-18T21:32:44Z,2017-06-18T21:32:44Z,1,1
d57841fa-c9e2-a3d1-5792-822e9f0a9f85,d57841fa-c9e2-a3d1-0e78-09bdbe4eed66,23fd3e75-e418-3c9f-a147-b93ecb29c335,26aab0cd-6aba-3e1b-ac5b-05c8867e762c,,20,20,714628002,160904001,66383009,,,,,,,d57841fa-c9e2-a3d1-0932-bd4d6c7c0257,2018-06-24T20:49:24Z,2018-06-24T20:49:24Z,23fd3e75-e418-3c9f-a147-b93ecb29c335,CLOSED,CLOSED,CLOSED,0,0,0,2018-06-24T21:30:11Z,2018-06-24T21:30:11Z,2018-06-24T21:30:11Z,1,1
d57841fa-c9e2-a3d1-56ca-4920e43e3971,d57841fa-c9e2-a3d1-0e78-09bdbe4eed66,35c07dc2-7792-39ae-8623-734c6fbc3781,26aab0cd-6aba-3e1b-ac5b-05c8867e762c,,1,1,66383009,,,,,,,,,d57841fa-c9e2-a3d1-0c73-49739873e4c2,2018-07-08T20:49:24Z,2018-07-08T20:49:24Z,35c07dc2-7792-39ae-8623-734c6fbc3781,CLOSED,CLOSED,CLOSED,0,0,0,2018-07-08T23:21:33Z,2018-07-08T23:21:33Z,2018-07-08T23:21:33Z,2,2
d57841fa-c9e2-a3d1-e7c2-8baf2070649c,d57841fa-c9e2-a3d1-0e78-09bdbe4eed66,23fd3e75-e418-3c9f-a147-b93ecb29c335,26aab0cd-6aba-3e1b-ac5b-05c8867e762c,,20,20,271737000,160903007,73595000,66383009,,,,,,d57841fa-c9e2-a3d1-7aa4-8b79643052cb,2019-06-30T20:49:24Z,2019-06-30T20:49:24Z,23fd3e75-e418-3c9f-a147-b93ecb29c335,CLOSED,CLOSED,CLOSED,0,0,0,2019-06-30T21:44:39Z,2019-06-30T21:44:39Z,2019-06-30T21:44:39Z,1,1
d57841fa-c9e2-a3d1-5c51-acb97865deb0,d57841fa-c9e2-a3d1-0e78-09bdbe4eed66,35c07dc2-7792-39ae-8623-734c6fbc3781,26aab0cd-6aba-3e1b-ac5b-05c8867e762c,,1,1,271737000,,,,,,,,,d57841fa-c9e2-a3d1-c7eb-cf81387a23c3,2019-06-30T20:49:24Z,,35c07dc2-7792-39ae-8623-734c6fbc3781,CLOSED,CLOSED,CLOSED,0,0,0,2019-07-07T22:11:23Z,2019-07-07T22:11:23Z,2019-07-07T22:11:23Z,2,2
d57841fa-c9e2-a3d1-94a4-cf9ffce74004,d57841fa-c9e2-a3d1-0e78-09bdbe4eed66,35c07dc2-7792-39ae-8623-734c6fbc3781,26aab0cd-6aba-3e1b-ac5b-05c8867e762c,,1,1,271737000,,,,,,,,,d57841fa-c9e2-a3d1-c7eb-cf81387a23c3,2019-06-30T20:49:24Z,2019-07-07T20:49:24Z,35c07dc2-7792-39ae-8623-734c6fbc3781,CLOSED,CLOSED,CLOSED,0,0,0,2019-07-07T22:11:23Z,2019-07-07T22:11:23Z,2019-07-07T22:11:23Z,2,2
d57841fa-c9e2-a3d1-c9bc-932447831286,d57841fa-c9e2-a3d1-0e78-09bdbe4eed66,35c07dc2-7792-39ae-8623-734c6fbc3781,26aab0cd-6aba-3e1b-ac5b-05c8867e762c,,1,1,66383009,18718003,109570002,,,,,,,d57841fa-c9e2-a3d1-6562-e3878b5e1b95,2019-07-21T20:49:24Z,2019-07-21T20:49:24Z,35c07dc2-7792-39ae-8623-734c6fbc3781,CLOSED,CLOSED,CLOSED,0,0,0,2019-07-22T03:31:16Z,2019-07-22T03:31:16Z,2019-07-22T03:31:16Z,2,2
d57841fa-c9e2-a3d1-6fed-aac69fef427d,d57841fa-c9e2-a3d1-0e78-09bdbe4eed66,35c07dc2-7792-39ae-8623-734c6fbc3781,26aab0cd-6aba-3e1b-ac5b-05c8867e762c,,1,1,66383009,18718003,109570002,,,,,,,d57841fa-c9e2-a3d1-6562-e3878b5e1b95,2019-07-21T20:49:24Z,,35c07dc2-7792-39ae-8623-734c6fbc3781,CLOSED,CLOSED,CLOSED,0,0,0,2019-07-22T03:31:16Z,2019-07-22T03:31:16Z,2019-07-22T03:31:16Z,2,2
d57841fa-c9e2-a3d1-e03c-df3231fe7ce8,d57841fa-c9e2-a3d1-0e78-09bdbe4eed66,35c07dc2-7792-39ae-8623-734c6fbc3781,26aab0cd-6aba-3e1b-ac5b-05c8867e762c,,1,1,275978004,68496003,,,,,,,,d57841fa-c9e2-a3d1-b0e0-2270f29bbaa6,2020-06-13T21:14:32Z,2020-06-13T21:14:32Z,35c07dc2-7792-39ae-8623-734c6fbc3781,CLOSED,CLOSED,CLOSED,0,0,0,2020-06-13T22:12:36Z,2020-06-13T22:12:36Z,2020-06-13T22:12:36Z,2,2
d57841fa-c9e2-a3d1-ba4f-f69b5f8cd6d2,d57841fa-c9e2-a3d1-0e78-09bdbe4eed66,23fd3e75-e418-3c9f-a147-b93ecb29c335,26aab0cd-6aba-3e1b-ac5b-05c8867e762c,,20,20,314529007,66383009,,,,,,,,d57841fa-c9e2-a3d1-6d02-b59528487972,2020-07-05T20:49:24Z,2020-07-05T20:49:24Z,23fd3e75-e418-3c9f-a147-b93ecb29c335,CLOSED,CLOSED,CLOSED,0,0,0,2020-07-05T21:40:25Z,2020-07-05T21:40:25Z,2020-07-05T21:40:25Z,1,1
d57841fa-c9e2-a3d1-efe2-655bbdb2bd94,d57841fa-c9e2-a3d1-0e78-09bdbe4eed66,35c07dc2-7792-39ae-8623-734c6fbc3781,26aab0cd-6aba-3e1b-ac5b-05c8867e762c,,1,1,66383009,,,,,,,,,d57841fa-c9e2-a3d1-38d7-f250ddb61e3c,2020-07-19T20:49:24Z,2020-07-19T20:49:24Z,35c07dc2-7792-39ae-8623-734c6fbc3781,CLOSED,CLOSED,CLOSED,0,0,0,2020-07-19T23:37:18Z,2020-07-19T23:37:18Z,2020-07-19T23:37:18Z,2,2
d57841fa-c9e2-a3d1-d25c-541e2e85afa9,d57841fa-c9e2-a3d1-0e78-09bdbe4eed66,35c07dc2-7792-39ae-8623-734c6fbc3781,26aab0cd-6aba-3e1b-ac5b-05c8867e762c,,2,2,33879002,,,,,,,,,d57841fa-c9e2-a3d1-ec3a-53c3208fca85,2021-04-11T20:49:24Z,2021-04-11T20:49:24Z,35c07dc2-7792-39ae-8623-734c6fbc3781,CLOSED,CLOSED,CLOSED,0,0,0,2021-04-11T21:04:24Z,2021-04-11T21:04:24Z,2021-04-11T21:04:24Z,2,2
d57841fa-c9e2-a3d1-e479-10562ba2f051,d57841fa-c9e2-a3d1-0e78-09bdbe4eed66,35c07dc2-7792-39ae-8623-734c6fbc3781,26aab0cd-6aba-3e1b-ac5b-05c8867e762c,,2,2,33879002,,,,,,,,,d57841fa-c9e2-a3d1-299f-20f7bb879000,2021-05-02T20:49:24Z,2021-05-02T20:49:24Z,35c07dc2-7792-39ae-8623-734c6fbc3781,CLOSED,CLOSED,CLOSED,0,0,0,2021-05-02T21:04:24Z,2021-05-02T21:04:24Z,2021-05-02T21:04:24Z,2,2
d57841fa-c9e2-a3d1-b181-92342c934d4c,d57841fa-c9e2-a3d1-0e78-09bdbe4eed66,23fd3e75-e418-3c9f-a147-b93ecb29c335,26aab0cd-6aba-3e1b-ac5b-05c8867e762c,,20,20,162673000,,,,,,,,,d57841fa-c9e2-a3d1-00a6-772279306868,2021.07.11T20:49:24Z,2021-07-11T20:49:24Z,23fd3e75-e418-3c9f-a147-b93ecb29c335,CLOSED,CLOSED,CLOSED,0,0,0,2021-07-11T21:36:17Z,2021-07-11T21:36:17Z,2021-07-11T21:36:17Z,1,1
d57841fa-c9e2-a3d1-807e-382247129d40,d57841fa-c9e2-a3d1-0e78-09bdbe4eed66,35c07dc2-7792-39ae-8623-734c6fbc3781,26aab0cd-6aba-3e1b-ac5b-05c8867e762c,,4,4,384709000,384709000,44465007,,,,,,,d57841fa-c9e2-a3d1-43a0-8c857b6d0258,2021-08-17T21:57:28Z,2021-08-17T21:57:28Z,35c07dc2-7792-39ae-8623-734c6fbc3781,CLOSED,CLOSED,CLOSED,0,0,0,2021-08-17T22:57:28Z,2021-08-17T22:57:28Z,2021-08-17T22:57:28Z,2,2
d57841fa-c9e2-a3d1-f71f-cee0436b5fd3,d57841fa-c9e2-a3d1-0e78-09bdbe4eed66,35c07dc2-7792-39ae-8623-734c6fbc3781,26aab0cd-6aba-3e1b-ac5b-05c8867e762c,,4,4,384709000,384709000,44465007,,,,,,,d57841fa-c9e2-a3d1-43a0-8c857b6d0258,2021-08-17T21:57:28Z,2021-08-17T21:57:28Z,35c07dc2-7792-39ae-8623-734c6fbc3781,CLOSED,CLOSED,CLOSED,0,0,0,2021-08-17T22:57:28Z,2021-08-17T22:57:28Z,2021-08-17T22:57:28Z,2,2
d57841fa-c9e2-a3d1-3024-d73ce8e3c7f2,d57841fa-c9e2-a3d1-0e78-09bdbe4eed66,35c07dc2-7792-39ae-8623-734c6fbc3781,26aab0cd-6aba-3e1b-ac5b-05c8867e762c,,1,1,68496003,,,,,,,,,d57841fa-c9e2-a3d1-0f54-6aa5e17a8a42,2021-11-04T21:57:36Z,2021-11-04T21:57:36Z,35c07dc2-7792-39ae-8623-734c6fbc3781,CLOSED,CLOSED,CLOSED,0,0,0,2021-11-04T22:32:57Z,2021-11-04T22:32:57Z,2021-11-04T22:32:57Z,2,2
d57841fa-c9e2-a3d1-ef91-13534df746ae,d57841fa-c9e2-a3d1-0e78-09bdbe4eed66,23fd3e75-e418-3c9f-a147-b93ecb29c335,26aab0cd-6aba-3e1b-ac5b-05c8867e762c,,20,20,73438004,73595000,,,,,,,,d57841fa-c9e2-a3d1-f5c9-1762ece38cec,2022-07-17T20:49:24Z,2022-07-17T20:49:24Z,23fd3e75-e418-3c9f-a147-b93ecb29c335,CLOSED,CLOSED,CLOSED,0,0,0,2022-07-17T21:46:57Z,2022-07-17T21:46:57Z,2022-07-17T21:46:57Z,1,1
d57841fa-c9e2-a3d1-1a1b-8bc55ebe68c4,d57841fa-c9e2-a3d1-0e78-09bdbe4eed66,35c07dc2-7792-39ae-8623-734c6fbc3781,26aab0cd-6aba-3e1b-ac5b-05c8867e762c,,1,1,103697008,278598003,,,,,,,,d57841fa-c9e2-a3d1-4ab1-ef6d5bec7739,2022-07-31T20:49:24Z,2022-07-31T20:49:24Z,35c07dc2-7792-39ae-8623-734c6fbc3781,CLOSED,CLOSED,CLOSED,0,0,0,2022-08-01T01:34:26Z,2022-08-01T01:34:26Z,2022-08-01T01:34:26Z,2,2
d57841fa-c9e2-a3d1-35d0-3830a1e5624c,d57841fa-c9e2-a3d1-0e78-09bdbe4eed66,35c07dc2-7792-39ae-8623-734c6fbc3781,26aab0cd-6aba-3e1b-ac5b-05c8867e762c,,1,1,103697008,278598003,,,,,,,,d57841fa-c9e2-a3d1-4ab1-ef6d5bec7739,,2022-07-31T20:49:24Z,35c07dc2-7792-39ae-8623-734c6fbc3781,CLOSED,CLOSED,CLOSED,0,0,0,2022-08-01T01:34:26Z,2022-08-01T01:34:26Z,2022-08-01T01:34:26Z,2,2
d57841fa-c9e2-a3d1-85f5-246bc2d17ea6,d57841fa-c9e2-a3d1-0e78-09bdbe4eed66,35c07dc2-7792-39ae-8623-734c6fbc3781,26aab0cd-6aba-3e1b-ac5b-05c8867e762c,,4,4,48333001,48333001,403190006,,,,,,,d57841fa-c9e2-a3d1-6ced-3d065a499fbf,2022-10-03T21:57:28Z,2022-10-03T21:57:28Z,35c07dc2-7792-39ae-8623-734c6fbc3781,CLOSED,CLOSED,CLOSED,0,0,0,2022-10-03T22:57:28Z,2022-10-03T22:57:28Z,2022-10-03T22:57:28Z,2,2
d57841fa-c9e2-a3d1-5f92-1971db6fec0b,d57841fa-c9e2-a3d1-0e78-09bdbe4eed66,35c07dc2-7792-39ae-8623-734c6fbc3781,26aab0cd-6aba-3e1b-ac5b-05c8867e762c,,4,4,48333001,48333001,403190006,,,,,,,d57841fa-c9e2-a3d1-6ced-3d065a499fbf,2022-10-03T21:57:28Z,2022-10-03T21:57:28Z,35c07dc2-7792-39ae-8623-734c6fbc3781,CLOSED,CLOSED,CLOSED,0,0,0,2022-10-03T22:57:28Z,2022-10-03T22:57:28Z,2022-10-03T22:57:28Z,2,2
d57841fa-c9e2-a3d1-2b65-56248e3135cf,d57841fa-c9e2-a3d1-0e78-09bdbe4eed66,23fd3e75-e418-3c9f-a147-b93ecb29c335,26aab0cd-6aba-3e1b-ac5b-05c8867e762c,,8,8,25675004,,,,,,,,,d57841fa-c9e2-a3d1-ad13-d4a3d4af1365,2022-10-03T21:57:28Z,2022-10-03T21:57:28Z,23fd3e75-e418-3c9f-a147-b93ecb29c335,CLOSED,CLOSED,CLOSED,0,0,0,2022-10-10T22:12:28Z,2022-10-10T22:12:28Z,2022-10-10T22:12:28Z,1,1
d57841fa-c9e2-a3d1-9bd5-5bd34622dea9,d57841fa-c9e2-a3d1-0e78-09bdbe4eed66,35c07dc2-7792-39ae-8623-734c6fbc3781,26aab0cd-6aba-3e1b-ac5b-05c8867e762c,,1,1,444814009,444814009,,,,,,,,d57841fa-c9e2-a3d1-dfbc-6e77dec6cdb7,2022-10-20T01:49:24Z,2022-10-20T01:49:24Z,35c07dc2-7792-39ae-8623-734c6fbc3781,CLOSED,CLOSED,CLOSED,0,0,0,2022-10-20T02:04:24Z,2022-10-20T02:04:24Z,2022-10-20T02:04:24Z,2,2
d57841fa-c9e2-a3d1-0908-677869c8fe9b,d57841fa-c9e2-a3d1-0e78-09bdbe4eed66,35c07dc2-7792-39ae-8623-734c6fbc3781,26aab0cd-6aba-3e1b-ac5b-05c8867e762c,,1,1,403190006,,,,,,,,,d57841fa-c9e2-a3d1-aa8d-d001ed2d1046,2022-10-27T21:57:28Z,2022-10-27T21:57:28Z,35c07dc2-7792-39ae-8623-734c6fbc3781,CLOSED,CLOSED,CLOSED,0,0,0,2022-10-27T22:12:28Z,2022-10-27T22:12:28Z,2022-10-27T22:12:28Z,2,2
d57841fa-c9e2-a3d1-78c1-a60147c4db26,d57841fa-c9e2-a3d1-0e78-09bdbe4eed66,23fd3e75-e418-3c9f-a147-b93ecb29c335,26aab0cd-6aba-3e1b-ac5b-05c8867e762c,,20,20,741062008,,,,,,,,,d57841fa-c9e2-a3d1-7524-128ad4fac6e3,2023-07-23T20:49:24Z,2023-07-23T20:49:24Z,23fd3e75-e418-3c9f-a147-b93ecb29c335,CLOSED,CLOSED,CLOSED,0,0,0,2023-07-23T21:45:57Z,2023-07-23T21:45:57Z,2023-07-23T21:45:57Z,1,1
d57841fa-c9e2-a3d1-5eab-0819ace0c265,d57841fa-c9e2-a3d1-0e78-09bdbe4eed66,23fd3e75-e418-3c9f-a147-b93ecb29c335,26aab0cd-6aba-3e1b-ac5b-05c8867e762c,,20,20,314529007,160904001,,,,,,,,d57841fa-c9e2-a3d1-fc95-55e48f257d75,2024-07-28T20:49:24Z,2024-07-28T20:49:24Z,23fd3e75-e418-3c9f-a147-b93ecb29c335,CLOSED,CLOSED,CLOSED,0,0,0,2024-07-28T21:48:11Z,2024-07-28T21:48:11Z,2024-07-28T21:48:11Z,1,1
d57841fa-c9e2-a3d1-85b6-5eea9ef5e5b8,d57841fa-c9e2-a3d1-0e78-09bdbe4eed66,23fd3e75-e418-3c9f-a147-b93ecb29c335,26aab0cd-6aba-3e1b-ac5b-05c8867e762c,,20,20,160903007,,,,,,,,,d57841fa-c9e2-a3d1-2cbe-8f76f8cf28ff,2025-08-03T20:49:24Z,2025-08-03T20:49:24Z,23fd3e75-e418-3c9f-a147-b93ecb29c335,CLOSED,CLOSED,CLOSED,0,0,0,2025-08-03T21:41:27Z,2025-08-03T21:41:27Z,2025-08-03T21:41:27Z,1,1
d57841fa-c9e2-a3d1-0107-6347ed29a43e,d57841fa-c9e2-a3d1-0e78-09bdbe4eed66,35c07dc2-7792-39ae-8623-734c6fbc3781,26aab0cd-6aba-3e1b-ac5b-05c8867e762c,,1,1,103697008,18718003,,,,,,,,d57841fa-c9e2-a3d1-f568-7eea0eeb9822,2025-08-03T22:17:55Z,2025-08-17T20:49:24Z,35c07dc2-7792-39ae-8623-734c6fbc3781,CLOSED,CLOSED,CLOSED,0,0,0,2025-08-18T02:11:00Z,2025-08-18T02:11:00Z,2025-08-18T02:11:00Z,2,2
d57841fa-c9e2-a3d1-a376-d5ad0ef82a08,d57841fa-c9e2-a3d1-0e78-09bdbe4eed66,23fd3e75-e418-3c9f-a147-b93ecb29c335,26aab0cd-6aba-3e1b-ac5b-05c8867e762c,,20,20,314529007,73595000,,,,,,,,d57841fa-c9e2-a3d1-6b0b-be25397535ba,2026-08-09T20:49:24Z,2026-08-09T20:49:24Z,23fd3e75-e418-3c9f-a147-b93ecb29c335,CLOSED,CLOSED,CLOSED,0,0,0,2026-08-09T21:32:18Z,2026-08-09T21:32:18Z,2026-08-09T21:32:18Z,1,1
75d6a35c-c2e1-5b9f-1712-f0d83fa18d04,75d6a35c-c2e1-5b9f-e7f8-6a5b05af8fc8,faee4528-e832-37cf-af08-ce4295814a61,734afbd6-4794-363b-9bc0-6a3981533ed5,,10,10,314529007,,,,,,,,,75d6a35c-c2e1-5b9f-f40f-d5e93c12a289,2016-11-25T15:13:25Z,11/25/2016T15:13:25Z,faee4528-e832-37cf-af08-ce4295814a61,CLOSED,CLOSED,CLOSED,0,0,0,2016-11-25T15:29:19Z,2016-11-25T15:29:19Z,2016-11-25T15:29:19Z,1,1
75d6a35c-c2e1-5b9f-6bbd-00250a1ff7f9,75d6a35c-c2e1-5b9f-e7f8-6a5b05af8fc8,faaea3e2-1b5a-3324-a4b3-0fbc3adaa9e4,734afbd6-4794-363b-9bc0-6a3981533ed5,,1,1,103697008,,,,,,,,,75d6a35c-c2e1-5b9f-e051-36e8174db4a5,2016-12-02T15:13:25Z,2016-12-02T15:13:25Z,faaea3e2-1b5a-3324-a4b3-0fbc3adaa9e4,CLOSED,CLOSED,CLOSED,0,0,0,2016-12-02T17:49:36Z,2016-12-02T17:49:36Z,2016-12-02T17:49:36Z,2,2
75d6a35c-c2e1-5b9f-cccf-20f4a5f03e05,75d6a35c-c2e1-5b9f-e7f8-6a5b05af8fc8,faaea3e2-1b5a-3324-a4b3-0fbc3adaa9e4,734afbd6-4794-363b-9bc0-6a3981533ed5,,1,1,103697008,,,,,,,,,75d6a35c-c2e1-5b9f-e051-36e8174db4a5,2016-12-02T15:13:25Z,2016-12-02T15:13:25Z,faaea3e2-1b5a-3324-a4b3-0fbc3adaa9e4,CLOSED,CLOSED,CLOSED,0,0,0,2016-12-02T17:49:36Z,2016-12-02T17:49:36Z,2016-12-02T17:49:36Z,2,2
75d6a35c-c2e1-5b9f-b4dc-02242478ea61,75d6a35c-c2e1-5b9f-e7f8-6a5b05af8fc8,faee4528-e832-37cf-af08-ce4295814a61,734afbd6-4794-363b-9bc0-6a3981533ed5,,10,10,314529007,,,,,,,,,75d6a35c-c2e1-5b9f-830c-8360c503d4a6,12/01/2017T15:13:25Z,2017-12-01T15:13:25Z,faee4528-e832-37cf-af08-ce4295814a61,CLOSED,CLOSED,CLOSED,0,0,0,2017-12-01T15:28:25Z,2017-12-01T15:28:25Z,2017-12-01T15:28:25Z,1,1
75d6a35c-c2e1-5b9f-53b7-2887aa1f4486,75d6a35c-c2e1-5b9f-e7f8-6a5b05af8fc8,faee4528-e832-37cf-af08-ce4295814a61,734afbd6-4794-363b-9bc0-6a3981533ed5,,10,10,410620009,,,,,,,,,75d6a35c-c2e1-5b9f-edee-b48b79e25366,2018-12-07T15:13:25Z,2018-12-07T15:13:25Z,faee4528-e832-37cf-af08-ce4295814a61,CLOSED,CLOSED,CLOSED,0,0,0,2018-12-07T15:28:25Z,2018-12-07T15:28:25Z,2018-12-07T15:28:25Z,1,1
75d6a35c-c2e1-5b9f-5e0f-9299789d67ad,75d6a35c-c2e1-5b9f-e7f8-6a5b05af8fc8,faaea3e2-1b5a-3324-a4b3-0fbc3adaa9e4,734afbd6-4794-363b-9bc0-6a3981533ed5,,1,1,103697008,109570002,,,,,,,,75d6a35c-c2e1-5b9f-5148-b6d2d41b2519,12/14/2018T15:13:25Z,2018-12-14T15:13:25Z,faaea3e2-1b5a-3324-a4b3-0fbc3adaa9e4,CLOSED,CLOSED,CLOSED,0,0,0,2018-12-14T18:11:03Z,2018-12-14T18:11:03Z,2018-12-14T18:11:03Z,2,2
75d6a35c-c2e1-5b9f-55b3-95fe0759717a,75d6a35c-c2e1-5b9f-e7f8-6a5b05af8fc8,faaea3e2-1b5a-3324-a4b3-0fbc3adaa9e4,734afbd6-4794-363b-9bc0-6a3981533ed5,,1,1,195662009,195662009,,,,,,,,75d6a35c-c2e1-5b9f-9b6e-7cbc0cdf9119,2019-11-17T04:13:25Z,2019-11-17T04:13:25Z,faaea3e2-1b5a-3324-a4b3-0fbc3adaa9e4,CLOSED,CLOSED,CLOSED,0,0,0,2019-11-17T04:28:25Z,2019-11-17T04:28:25Z,2019-11-17T04:28:25Z,2,2
75d6a35c-c2e1-5b9f-3c4f-e10e7a069d69,75d6a35c-c2e1-5b9f-e7f8-6a5b05af8fc8,faee4528-e832-37cf-af08-ce4295814a61,734afbd6-4794-363b-9bc0-6a3981533ed5,,10,10,314529007,,,,,,,,,75d6a35c-c2e1-5b9f-f2a2-2e9e02fae76c,2019-12-13T15:13:25Z,2019-12-13T15:13:25Z,faee4528-e832-37cf-af08-ce4295814a61,,CLOSED,CLOSED,0,0,0,2019-12-13T15:28:25Z,2019-12-13T15:28:25Z,2019-12-13T15:28:25Z,1,1
75d6a35c-c2e1-5b9f-5dac-b7fe461812fa,75d6a35c-c2e1-5b9f-e7f8-6a5b05af8fc8,faaea3e2-1b5a-3324-a4b3-0fbc3adaa9e4,734afbd6-4794-363b-9bc0-6a3981533ed5,,1,1,195662009,195662009,,,,,,,,75d6a35c-c2e1-5b9f-0e56-0f3ce81d6e07,2020-11-23T08:13:25Z,11/23/2020T08:13:25Z,faaea3e2-1b5a-3324-a4b3-0fbc3adaa9e4,CLOSED,CLOSED,CLOSED,0,0,0,2020-11-23T08:28:25Z,2020-11-23T08:28:25Z,2020-11-23T08:28:25Z,2,2
75d6a35c-c2e1-5b9f-2fbf-45c6626ab274,75d6a35c-c2e1-5b9f-e7f8-6a5b05af8fc8,faee4528-e832-37cf-af08-ce4295814a61,734afbd6-4794-363b-9bc0-6a3981533ed5,,10,10,410620009,,,,,,,,,75d6a35c-c2e1-5b9f-9c79-d137bc82c649,2020-12-18T15:13:25Z,2020-12-18T15:13:25Z,faee4528-e832-37cf-af08-ce4295814a61,CLOSED,CLOSED,CLOSED,0,0,0,2020-12-18T15:28:25Z,2020-12-18T15:28:25Z,2020-12-18T15:28:25Z,1,1
75d6a35c-c2e1-5b9f-69d3-fd7eb1c70ab2,75d6a35c-c2e1-5b9f-e7f8-6a5b05af8fc8,faee4528-e832-37cf-af08-ce4295814a61,734afbd6-4794-363b-9bc0-6a3981533ed5,,10,10,314529007,,,,,,,,,75d6a35c-c2e1-5b9f-f150-70f1f7e6ea7a,2021-12-24T15:13:25Z,2021-12-24T15:13:25Z,faee4528-e832-37cf-af08-ce4295814a61,CLOSED,CLOSED,CLOSED,0,0,0,2021-12-24T15:28:25Z,2021-12-24T15:28:25Z,2021-12-24T15:28:25Z,1,1
75d6a35c-c2e1-5b9f-9885-b701a3669097,75d6a35c-c2e1-5b9f-e7f8-6a5b05af8fc8,faaea3e2-1b5a-3324-a4b3-0fbc3adaa9e4,734afbd6-4794-363b-9bc0-6a3981533ed5,,1,1,103697008,,,,,,,,,75d6a35c-c2e1-5b9f-79b4-82950c80a3ca,2021-12-31T15:13:25Z,2021-12-31T15:13:25Z,faaea3e2-1b5a-3324-a4b3-0fbc3adaa9e4,CLOSED,CLOSED,CLOSED,0,0,0,2021-12-31T18:45:06Z,2021-12-31T18:45:06Z,2021-12-31T18:45:06Z,2,2
75d6a35c-c2e1-5b9f-1d6e-ccef7389782e,75d6a35c-c2e1-5b9f-e7f8-6a5b05af8fc8,faaea3e2-1b5a-3324-a4b3-0fbc3adaa9e4,734afbd6-4794-363b-9bc0-6a3981533ed5,,1,1,103697008,,,,,,,,,75d6a35c-c2e1-5b9f-79b4-82950c80a3ca,2021-12-31T15:13:25Z,21-12-31T15:13:25Z,faaea3e2-1b5a-3324-a4b3-0fbc3adaa9e4,CLOSED,CLOSED,CLOSED,0,0,0,2021-12-31T18:45:06Z,2021-12-31T18:45:06Z,2021-12-31T18:45:06Z,2,2
75d6a35c-c2e1-5b9f-8c2a-5049bf937e63,75d6a35c-c2e1-5b9f-e7f8-6a5b05af8fc8,faee4528-e832-37cf-af08-ce4295814a61,734afbd6-4794-363b-9bc0-6a3981533ed5,,10,10,314529007,66383009,,,,,,,,75d6a35c-c2e1-5b9f-a7e5-ef14537eb827,2022-12-30T15:13:25Z,2022-12-30T15:13:25Z,faee4528-e832-37cf-af08-ce4295814a61,CLOSED,CLOSED,CLOSED,0,0,0,2022-12-30T15:28:25Z,2022-12-30T15:28:25Z,2022-12-30T15:28:25Z,1,1
75d6a35c-c2e1-5b9f-7709-8d66149c30ca,75d6a35c-c2e1-5b9f-e7f8-6a5b05af8fc8,faaea3e2-1b5a-3324-a4b3-0fbc3adaa9e4,734afbd6-4794-363b-9bc0-6a3981533ed5,,1,1,66383009,,,,,,,,,75d6a35c-c2e1-5b9f-0b1f-1f8c96f033d4,2023-01-06T15:13:25Z,2023-01-06T15:13:25Z,faaea3e2-1b5a-3324-a4b3-0fbc3adaa9e4,CLOSED,CLOSED,CLOSED,0,0,0,2023-01-06T18:04:52Z,2023-01-06T18:04:52Z,2023-01-06T18:04:52Z,2,2
75d6a35c-c2e1-5b9f-a825-2a831a8228f0,75d6a35c-c2e1-5b9f-e7f8-6a5b05af8fc8,faee4528-e832-37cf-af08-ce4295814a61,734afbd6-4794-363b-9bc0-6a3981533ed5,,10,10,410620009,,,,,,,,,75d6a35c-c2e1-5b9f-166b-588b8ed66f05,2024-01-05T15:13:25Z,2024-01-05T15:13:25Z,faee4528-e832-37cf-af08-ce4295814a61,CLOSED,CLOSED,CLOSED,0,0,0,2024-01-05T15:28:25Z,2024-01-05T15:28:25Z,2024-01-05T15:28:25Z,1,1
75d6a35c-c2e1-5b9f-31a7-3bf2f68614cd,75d6a35c-c2e1-5b9f-e7f8-6a5b05af8fc8,9fd8655f-1200-3316-84e9-d68907f40f68,734afbd6-4794-363b-9bc0-6a3981533ed5,,2,2,33879002,,,,,,,,,75d6a35c-c2e1-5b9f-cb48-ae1884f1205f,2025-01-03T15:13:25Z,2025-01-03T15:13:25Z,9fd8655f-1200-3316-84e9-d68907f40f68,CLOSED,CLOSED,CLOSED,0,0,0,2025-01-03T15:28:25Z,2025-01-03T15:28:25Z,2025-01-03T15:28:25Z,2,2
75d6a35c-c2e1-5b9f-569d-15f5f58cf053,75d6a35c-c2e1-5b9f-e7f8-6a5b05af8fc8,faee4528-e832-37cf-af08-ce4295814a61,734afbd6-4794-363b-9bc0-6a3981533ed5,,10,10,314529007,,,,,,,,,75d6a35c-c2e1-5b9f-2473-d1d6a0908420,2025-01-10T15:13:25Z,01/10/2025T15:13:25Z,faee4528-e832-37cf-af08-ce4295814a61,CLOSED,CLOSED,CLOSED,0,0,0,2025-01-10T15:43:21Z,2025-01-10T15:43:21Z,2025-01-10T15:43:21Z,1,1
75d6a35c-c2e1-5b9f-9f37-78313de58ab0,75d6a35c-c2e1-5b9f-e7f8-6a5b05af8fc8,9fd8655f-1200-3316-84e9-d68907f40f68,734afbd6-4794-363b-9bc0-6a3981533ed5,,2,2,33879002,,,,,,,,,75d6a35c-c2e1-5b9f-37a7-23c9af692449,2025-01-24T15:13:25Z,2025-01-24T15:13:25Z,9fd8655f-1200-3316-84e9-d68907f40f68,CLOSED,CLOSED,CLOSED,0,0,0,2025-01-24T15:28:25Z,2025-01-24T15:28:25Z,2025-01-24T15:28:25Z,2,2
75d6a35c-c2e1-5b9f-d8e4-6a636c658407,75d6a35c-c2e1-5b9f-e7f8-6a5b05af8fc8,faaea3e2-1b5a-3324-a4b3-0fbc3adaa9e4,734afbd6-4794-363b-9bc0-6a3981533ed5,,1,1,103697008,,,,,,,,,75d6a35c-c2e1-5b9f-9af4-3febccd0f05c,01/24/2025T15:13:25Z,2025-01-24T15:13:25Z,faaea3e2-1b5a-3324-a4b3-0fbc3adaa9e4,CLOSED,CLOSED,CLOSED,0,0,0,2025-01-24T18:15:48Z,2025-01-24T18:15:48Z,2025-01-24T18:15:48Z,2,2
75d6a35c-c2e1-5b9f-540b-7db30b3d8ae2,75d6a35c-c2e1-5b9f-e7f8-6a5b05af8fc8,faaea3e2-1b5a-3324-a4b3-0fbc3adaa9e4,734afbd6-4794-363b-9bc0-6a3981533ed5,,1,1,103697008,,,,,,,,,75d6a35c-c2e1-5b9f-9af4-3febccd0f05c,2025-01-24T15:13:25Z,,faaea3e2-1b5a-3324-a4b3-0fbc3adaa9e4,CLOSED,CLOSED,CLOSED,0,0,0,2025-01-24T18:15:48Z,2025-01-24T18:15:48Z,2025-01-24T18:15:48Z,2,2
75d6a35c-c2e1-5b9f-6603-e4916ad24288,75d6a35c-c2e1-5b9f-e7f8-6a5b05af8fc8,faaea3e2-1b5a-3324-a4b3-0fbc3adaa9e4,734afbd6-4794-363b-9bc0-6a3981533ed5,,1,1,10509002,10509002,,,,,,,,75d6a35c-c2e1-5b9f-c767-a959a17ba984,2025-09-09T08:13:25Z,2025-09-09T08:13:25Z,faaea3e2-1b5a-3324-a4b3-0fbc3adaa9e4,CLOSED,CLOSED,CLOSED,0,0,0,2025-09-09T08:28:25Z,2025-09-09T08:28:25Z,2025-09-09T08:28:25Z,2,2
75d6a35c-c2e1-5b9f-3ab2-a8b31f594f1b,75d6a35c-c2e1-5b9f-e7f8-6a5b05af8fc8,faaea3e2-1b5a-3324-a4b3-0fbc3adaa9e4,734afbd6-4794-363b-9bc0-6a3981533ed5,,1,1,10509002,10509002,,,,,,,,75d6a35c-c2e1-5b9f-c767-a959a17ba984,2025-09-09T08:13:25Z,,faaea3e2-1b5a-3324-a4b3-0fbc3adaa9e4,CLOSED,CLOSED,CLOSED,0,0,0,2025-09-09T08:28:25Z,2025-09-09T08:28:25Z,2025-09-09T08:28:25Z,2,2
75d6a35c-c2e1-5b9f-1d5f-086123b255e9,75d6a35c-c2e1-5b9f-e7f8-6a5b05af8fc8,9fd8655f-1200-3316-84e9-d68907f40f68,734afbd6-4794-363b-9bc0-6a3981533ed5,,2,2,185349003,,,,,,,,,75d6a35c-c2e1-5b9f-cbe2-05f04a356ea2,2025-09-19T15:13:25Z,2025-09-19T15:13:25Z,9fd8655f-1200-3316-84e9-d68907f40f68,CLOSED,CLOSED,CLOSED,0,0,0,2025-09-19T15:28:25Z,2025-09-19T15:28:25Z,2025-09-19T15:28:25Z,2,2
75d6a35c-c2e1-5b9f-2613-b69a04487403,75d6a35c-c2e1-5b9f-e7f8-6a5b05af8fc8,faee4528-e832-37cf-af08-ce4295814a61,734afbd6-4794-363b-9bc0-6a3981533ed5,,10,10,66383009,,,,,,,,,75d6a35c-c2e1-5b9f-8058-bffad2c63e7a,2026-01-16T15:13:25Z,2026-01-16T15:13:25Z,faee4528-e832-37cf-af08-ce4295814a61,CLOSED,CLOSED,CLOSED,0,0,0,2026-01-16T15:28:25Z,2026-01-16T15:28:25Z,2026-01-16T15:28:25Z,1,1
75d6a35c-c2e1-5b9f-27ca-9de968045f8a,75d6a35c-c2e1-5b9f-e7f8-6a5b05af8fc8,faaea3e2-1b5a-3324-a4b3-0fbc3adaa9e4,734afbd6-4794-363b-9bc0-6a3981533ed5,,1,1,66383009,18718003,,,,,,,,75d6a35c-c2e1-5b9f-7911-8620f563eae3,2026-01-30T15:13:25Z,2026-01-30T15:13:25Z,faaea3e2-1b5a-3324-a4b3-0fbc3adaa9e4,CLOSED,CLOSED,CLOSED,0,0,0,2026-01-30T21:25:06Z,2026-01-30T21:25:06Z,2026-01-30T21:25:06Z,2,2
3236b1f8-2bc1-3e38-cdab-a0792e8e8dd9,3236b1f8-2bc1-3e38-c539-a29407c6a206,13b774a4-f1f1-35fc-9c15-337161433bbe,,,1,1,24079001,24079001,,,,,,,,3236b1f8-2bc1-3e38-a5ff-a942c7cc9c7f,2005-03-11T04:52:26Z,2005-03-11T04:52:26Z,13b774a4-f1f1-35fc-9c15-337161433bbe,CLOSED,CLOSED,CLOSED,0,0,0,2005-03-11T05:07:26Z,2005-03-11T05:07:26Z,2005-03-11T05:07:26Z,2,2
3236b1f8-2bc1-3e38-28ee-339bccd9bd10,3236b1f8-2bc1-3e38-c539-a29407c6a206,13b774a4-f1f1-35fc-9c15-337161433bbe,,,1,1,735971005,,,,,,,,,3236b1f8-2bc1-3e38-4346-bd2b998691df,2005-08-12T00:52:26Z,2005-08-12T00:52:26Z,13b774a4-f1f1-35fc-9c15-337161433bbe,CLOSED,CLOSED,CLOSED,0,0,0,2005-08-12T01:07:26Z,2005-08-12T01:07:26Z,2005-08-12T01:07:26Z,2,2
3236b1f8-2bc1-3e38-ec49-a818d9141cb5,3236b1f8-2bc1-3e38-c539-a29407c6a206,13b774a4-f1f1-35fc-9c15-337161433bbe,,,1,1,609328004,,,,,,,,,3236b1f8-2bc1-3e38-7774-b2b5b510b926,2005-08-25T18:52:26Z,2005-08-25T18:52:26Z,13b774a4-f1f1-35fc-9c15-337161433bbe,CLOSED,CLOSED,CLOSED,0,0,0,2005-08-25T19:16:23Z,2005-08-25T19:16:23Z,2005-08-25T19:16:23Z,2,2
3236b1f8-2bc1-3e38-734a-1421942c899a,3236b1f8-2bc1-3e38-c539-a29407c6a206,13b774a4-f1f1-35fc-9c15-337161433bbe,,,1,1,609328004,,,,,,,,,3236b1f8-2bc1-3e38-7774-b2b5b510b926,2005-08-25T18:52:26Z,2005-08-25T18:52:26Z,13b774a4-f1f1-35fc-9c15-337161433bbe,CLOSED,CLOSED,CLOSED,0,0,0,2005-08-25T19:16:23Z,2005-08-25T19:16:23Z,2005-08-25T19:16:23Z,2,2
3236b1f8-2bc1-3e38-2050-afcfd4591eee,3236b1f8-2bc1-3e38-c539-a29407c6a206,13b774a4-f1f1-35fc-9c15-337161433bbe,,,1,1,609328004,,,,,,,,,3236b1f8-2bc1-3e38-7774-b2b5b510b926,2005-08-25T18:52:26Z,2005-08-25T18:52:26Z,13b774a4-f1f1-35fc-9c15-337161433bbe,CLOSED,CLOSED,CLOSED,0,0,0,2005-08-25T19:16:23Z,2005-08-25T19:16:23Z,2005-08-25T19:16:23Z,2,2
3236b1f8-2bc1-3e38-5080-45f0068757f7,3236b1f8-2bc1-3e38-c539-a29407c6a206,13b774a4-f1f1-35fc-9c15-337161433bbe,a735bf55-83e9-331a-899d-a82a60b9f60c,b046940f-1664-3047-bca7-dfa76be352a4,1,1,232353008,232353008,,,,,,,,3236b1f8-2bc1-3e38-34f6-3276ed013813,2010-04-03T04:52:26Z,2010-04-03T04:52:26Z,13b774a4-f1f1-35fc-9c15-337161433bbe,CLOSED,,CLOSED,0,,0,2010-04-03T05:07:26Z,,2010-04-03T05:07:26Z,2,0
3236b1f8-2bc1-3e38-6a88-214ab9442f3d,3236b1f8-2bc1-3e38-c539-a29407c6a206,b73d5fef-7a76-334c-af1c-4d3803aa6288,a735bf55-83e9-331a-899d-a82a60b9f60c,b046940f-1664-3047-bca7-dfa76be352a4,10,10,314529007,,,,,,,,,3236b1f8-2bc1-3e38-e4e3-6e0d41b032f5,2014-09-05T04:52:26Z,2014-09-05T04:52:26Z,b73d5fef-7a76-334c-af1c-4d3803aa6288,CLOSED,,CLOSED,0,,0,2014-09-05T05:07:26Z,,2014-09-05T05:07:26Z,1,0
3236b1f8-2bc1-3e38-73d7-a0684ec4befc,3236b1f8-2bc1-3e38-c539-a29407c6a206,b73d5fef-7a76-334c-af1c-4d3803aa6288,a735bf55-83e9-331a-899d-a82a60b9f60c,b046940f-1664-3047-bca7-dfa76be352a4,10,10,410620009,,,,,,,,,3236b1f8-2bc1-3e38-0d9f-b5674c00c141,2016-09-16T04:52:26Z,2016-09-16T04:52:26Z,b73d5fef-7a76-334c-af1c-4d3803aa6288,CLOSED,,CLOSED,0,,0,2016-09-16T05:07:26Z,,2016-09-16T05:07:26Z,1,0
3236b1f8-2bc1-3e38-8128-5af252aec4d5,3236b1f8-2bc1-3e38-c539-a29407c6a206,13b774a4-f1f1-35fc-9c15-337161433bbe,a735bf55-83e9-331a-899d-a82a60b9f60c,b046940f-1664-3047-bca7-dfa76be352a4,1,1,609328004,,,,,,,,,3236b1f8-2bc1-3e38-efae-268f1168e342,2005-08-25T18:52:26Z,,13b774a4-f1f1-35fc-9c15-337161433bbe,CLOSED,,CLOSED,0,,0,2017-09-01T05:21:48Z,,2017-09-01T05:21:48Z,2,0
3236b1f8-2bc1-3e38-c696-781b0b02c310,3236b1f8-2bc1-3e38-c539-a29407c6a206,b73d5fef-7a76-334c-af1c-4d3803aa6288,a735bf55-83e9-331a-899d-a82a60b9f60c,b046940f-1664-3047-bca7-dfa76be352a4,10,10,410620009,,,,,,,,,3236b1f8-2bc1-3e38-a44a-b0af462cef03,2017-09-22T04:52:26Z,2017-09-22T04:52:26Z,b73d5fef-7a76-334c-af1c-4d3803aa6288,CLOSED,,CLOSED,0,,0,2017-09-22T05:11:22Z,,2017-09-22T05:11:22Z,1,0
3236b1f8-2bc1-3e38-1613-fcd13c088f7b,3236b1f8-2bc1-3e38-c539-a29407c6a206,13b774a4-f1f1-35fc-9c15-337161433bbe,a735bf55-83e9-331a-899d-a82a60b9f60c,b046940f-1664-3047-bca7-dfa76be352a4,1,1,609328004,,,,,,,,,3236b1f8-2bc1-3e38-09c5-bbf3f76e66fd,08/25/2005T18:52:26Z,2017-09-27T05:21:48Z,13b774a4-f1f1-35fc-9c15-337161433bbe,CLOSED,,CLOSED,0,,0,2017-09-27T06:06:39Z,,2017-09-27T06:06:39Z,2,0
3236b1f8-2bc1-3e38-2828-aea3b4445060,3236b1f8-2bc1-3e38-c539-a29407c6a206,13b774a4-f1f1-35fc-9c15-337161433bbe,a735bf55-83e9-331a-899d-a82a60b9f60c,b046940f-1664-3047-bca7-dfa76be352a4,1,1,103697008,,,,,,,,,3236b1f8-2bc1-3e38-2cb0-529751754ced,2017-10-06T04:52:26Z,,13b774a4-f1f1-35fc-9c15-337161433bbe,CLOSED,,CLOSED,0,,0,2017-10-06T07:42:42Z,,2017-10-06T07:42:42Z,2,0
3236b1f8-2bc1-3e38-b0f4-6b27a9fa7979,3236b1f8-2bc1-3e38-c539-a29407c6a206,13b774a4-f1f1-35fc-9c15-337161433bbe,a735bf55-83e9-331a-899d-a82a60b9f60c,b046940f-1664-3047-bca7-dfa76be352a4,1,1,609328004,,,,,,,,,3236b1f8-2bc1-3e38-749f-31d065ad9572,2005-08-25T18:52:26Z,2017-10-20T06:06:39Z,13b774a4-f1f1-35fc-9c15-337161433bbe,CLOSED,,CLOSED,0,,0,2017-10-20T06:52:54Z,,2017-10-20T06:52:54Z,2,0
3236b1f8-2bc1-3e38-41f2-19ded1464e62,3236b1f8-2bc1-3e38-c539-a29407c6a206,13b774a4-f1f1-35fc-9c15-337161433bbe,a735bf55-83e9-331a-899d-a82a60b9f60c,b046940f-1664-3047-bca7-dfa76be352a4,1,1,609328004,,,,,,,,,3236b1f8-2bc1-3e38-8b74-a8094baa0b25,2005-08-25T18:52:26Z,2017-11-11T06:52:54Z,13b774a4-f1f1-35fc-9c15-337161433bbe,CLOSED,,CLOSED,0,,0,2017-11-11T07:34:38Z,,2017-11-11T07:34:38Z,2,0
3236b1f8-2bc1-3e38-b6e0-3964ee2f3aaf,3236b1f8-2bc1-3e38-c539-a29407c6a206,13b774a4-f1f1-35fc-9c15-337161433bbe,a735bf55-83e9-331a-899d-a82a60b9f60c,b046940f-1664-3047-bca7-dfa76be352a4,1,1,609328004,,,,,,,,,3236b1f8-2bc1-3e38-b9ea-a3d1e909fbf0,2005-08-25T18:52:26Z,2017-12-05T07:34:38Z,13b774a4-f1f1-35fc-9c15-337161433bbe,CLOSED,,CLOSED,0,,0,2017-12-05T08:15:32Z,,2017-12-05T08:15:32Z,2,0
3236b1f8-2bc1-3e38-24c7-b291ab11b5d4,3236b1f8-2bc1-3e38-c539-a29407c6a206,5ece97a8-0332-39a6-a070-70c0a727b695,a735bf55-83e9-331a-899d-a82a60b9f60c,b046940f-1664-3047-bca7-dfa76be352a4,4,4,312608009,312608009,370247008,,,,,,,3236b1f8-2bc1-3e38-a09c-1433b96011c8,2017-12-12T04:52:26Z,2017-12-12T04:52:26Z,5ece97a8-0332-39a6-a070-70c0a727b695,CLOSED,,CLOSED,0,,0,2017-12-12T05:52:26Z,,2017-12-12T05:52:26Z,2,0
3236b1f8-2bc1-3e38-fcfa-1af2fcfe02b5,3236b1f8-2bc1-3e38-c539-a29407c6a206,5ece97a8-0332-39a6-a070-70c0a727b695,a735bf55-83e9-331a-899d-a82a60b9f60c,b046940f-1664-3047-bca7-dfa76be352a4,4,4,312608009,312608009,370247008,,,,,,,3236b1f8-2bc1-3e38-a09c-1433b96011c8,,2017-12-12T04:52:26Z,5ece97a8-0332-39a6-a070-70c0a727b695,CLOSED,,CLOSED,0,,0,2017-12-12T05:52:26Z,,2017-12-12T05:52:26Z,2,0
3236b1f8-2bc1-3e38-aa96-d6541f8961cb,3236b1f8-2bc1-3e38-c539-a29407c6a206,13b774a4-f1f1-35fc-9c15-337161433bbe,a735bf55-83e9-331a-899d-a82a60b9f60c,b046940f-1664-3047-bca7-dfa76be352a4,1,1,609328004,,,,,,,,,3236b1f8-2bc1-3e38-de68-1f02db0a85ec,2005-08-25T18:52:26Z,2017-12-31T08:15:32Z,13b774a4-f1f1-35fc-9c15-337161433bbe,CLOSED,,CLOSED,0,,0,2017-12-31T08:43:04Z,,2017-12-31T08:43:04Z,2,0
3236b1f8-2bc1-3e38-55b0-1f5974c75795,3236b1f8-2bc1-3e38-c539-a29407c6a206,13b774a4-f1f1-35fc-9c15-337161433bbe,a735bf55-83e9-331a-899d-a82a60b9f60c,b046940f-1664-3047-bca7-dfa76be352a4,1,1,609328004,,,,,,,,,3236b1f8-2bc1-3e38-e3aa-9d6f906d8be3,2005-08-25T18:52:26Z,2018-01-21T08:43:04Z,13b774a4-f1f1-35fc-9c15-337161433bbe,CLOSED,,CLOSED,0,,0,2018-01-21T09:20:00Z,,2018-01-21T09:20:00Z,2,0
3236b1f8-2bc1-3e38-94e5-f4ea6c763492,3236b1f8-2bc1-3e38-c539-a29407c6a206,13b774a4-f1f1-35fc-9c15-337161433bbe,a735bf55-83e9-331a-899d-a82a60b9f60c,b046940f-1664-3047-bca7-dfa76be352a4,1,1,609328004,,,,,,,,,3236b1f8-2bc1-3e38-9065-d833ad1d12ef,2005-08-25T18:52:26Z,2018-02-12T09:20:00Z,13b774a4-f1f1-35fc-9c15-337161433bbe,CLOSED,,CLOSED,0,,0,2018-02-12T09:43:22Z,,2018-02-12T09:43:22Z,2,0
3236b1f8-2bc1-3e38-c6c9-835d3945989d,3236b1f8-2bc1-3e38-c539-a29407c6a206,13b774a4-f1f1-35fc-9c15-337161433bbe,a735bf55-83e9-331a-899d-a82a60b9f60c,b046940f-1664-3047-bca7-dfa76be352a4,1,1,609328004,,,,,,,,,3236b1f8-2bc1-3e38-6182-2f9bb6b31ef2,2005-08-25T18:52:26Z,2018-03-05T09:43:22Z,13b774a4-f1f1-35fc-9c15-337161433bbe,CLOSED,,CLOSED,0,,0,2018-03-05T10:15:51Z,,2018-03-05T10:15:51Z,2,0
3236b1f8-2bc1-3e38-a058-0935bc3e2914,3236b1f8-2bc1-3e38-c539-a29407c6a206,13b774a4-f1f1-35fc-9c15-337161433bbe,a735bf55-83e9-331a-899d-a82a60b9f60c,b046940f-1664-3047-bca7-dfa76be352a4,1,1,609328004,,,,,,,,,3236b1f8-2bc1-3e38-0ae6-e252dce768b0,2005-08-25T18:52:26Z,2018-03-31T10:15:51Z,13b774a4-f1f1-35fc-9c15-337161433bbe,CLOSED,,CLOSED,0,,0,2018-03-31T10:34:23Z,,2018-03-31T10:34:23Z,2,0
3236b1f8-2bc1-3e38-8844-0ff864f5fd7a,3236b1f8-2bc1-3e38-c539-a29407c6a206,13b774a4-f1f1-35fc-9c15-337161433bbe,a735bf55-83e9-331a-899d-a82a60b9f60c,b046940f-1664-3047-bca7-dfa76be352a4,1,1,609328004,,,,,,,,,3236b1f8-2bc1-3e38-0797-4b8392ff892e,2005-08-25T18:52:26Z,2018-04-21T10:34:23Z,13b774a4-f1f1-35fc-9c15-337161433bbe,CLOSED,,CLOSED,0,,0,2018-04-21T10:58:01Z,,2018-04-21T10:58:01Z,2,0
3236b1f8-2bc1-3e38-3798-e0c49ffcc3c7,3236b1f8-2bc1-3e38-c539-a29407c6a206,13b774a4-f1f1-35fc-9c15-337161433bbe,a735bf55-83e9-331a-899d-a82a60b9f60c,b046940f-1664-3047-bca7-dfa76be352a4,1,1,609328004,,,,,,,,,3236b1f8-2bc1-3e38-21a6-378f0d63fbca,08/25/2005T18:52:26Z,2018-05-13T10:58:01Z,13b774a4-f1f1-35fc-9c15-337161433bbe,CLOSED,,CLOSED,0,,0,2018-05-13T11:57:07Z,,2018-05-13T11:57:07Z,2,0
3236b1f8-2bc1-3e38-ca1e-893d1d13032e,3236b1f8-2bc1-3e38-c539-a29407c6a206,13b774a4-f1f1-35fc-9c15-337161433bbe,a735bf55-83e9-331a-899d-a82a60b9f60c,b046940f-1664-3047-bca7-dfa76be352a4,1,1,609328004,,,,,,,,,3236b1f8-2bc1-3e38-02e5-7bafa70ee4ec,2005-08-25T18:52:26Z,2018-06-07T11:57:07Z,13b774a4-f1f1-35fc-9c15-337161433bbe,,,CLOSED,0,,0,2018-06-07T12:20:10Z,,2018-06-07T12:20:10Z,2,0
3236b1f8-2bc1-3e38-a691-c58039de04a6,3236b1f8-2bc1-3e38-c539-a29407c6a206,13b774a4-f1f1-35fc-9c15-337161433bbe,a735bf55-83e9-331a-899d-a82a60b9f60c,b046940f-1664-3047-bca7-dfa76be352a4,1,1,609328004,,,,,,,,,3236b1f8-2bc1-3e38-0714-1929e79f1e59,2005-08-25T18:52:26Z,2018-06-30T12:20:10Z,13b774a4-f1f1-35fc-9c15-337161433bbe,CLOSED,,CLOSED,0,,0,2018-06-30T12:57:56Z,,2018-06-30T12:57:56Z,2,0
3236b1f8-2bc1-3e38-0958-e10906fcf483,3236b1f8-2bc1-3e38-c539-a29407c6a206,13b774a4-f1f1-35fc-9c15-337161433bbe,a735bf55-83e9-331a-899d-a82a60b9f60c,b046940f-1664-3047-bca7-dfa76be352a4,2,2,160968000,,,,,,,,,3236b1f8-2bc1-3e38-86e9-237a984ef5e0,,2018-07-27T04:52:26Z,13b774a4-f1f1-35fc-9c15-337161433bbe,CLOSED,,CLOSED,0,,0,2018-07-27T05:15:11Z,,2018-07-27T05:15:11Z,2,0
3236b1f8-2bc1-3e38-95a4-2c1257624e36,3236b1f8-2bc1-3e38-c539-a29407c6a206,13b774a4-f1f1-35fc-9c15-337161433bbe,a735bf55-83e9-331a-899d-a82a60b9f60c,b046940f-1664-3047-bca7-dfa76be352a4,1,1,609328004,,,,,,,,,3236b1f8-2bc1-3e38-ea15-c13f3cc3b1c0,2005-08-25T18:52:26Z,2018-08-03T04:52:26Z,13b774a4-f1f1-35fc-9c15-337161433bbe,CLOSED,,CLOSED,0,,0,2018-08-03T05:50:47Z,,2018-08-03T05:50:47Z,2,0
3236b1f8-2bc1-3e38-218e-0c1dc4575229,3236b1f8-2bc1-3e38-c539-a29407c6a206,13b774a4-f1f1-35fc-9c15-337161433bbe,a735bf55-83e9-331a-899d-a82a60b9f60c,b046940f-1664-3047-bca7-dfa76be352a4,1,1,444814009,444814009,,,,,,,,3236b1f8-2bc1-3e38-fc54-6e428e5d56b3,2018-08-10T04:52:26Z,2018-08-10T04:52:26Z,13b774a4-f1f1-35fc-9c15-337161433bbe,CLOSED,,CLOSED,0,,0,2018-08-10T05:07:26Z,,2018-08-10T05:07:26Z,2,0
3236b1f8-2bc1-3e38-cae4-831f06ca68dc,3236b1f8-2bc1-3e38-c539-a29407c6a206,13b774a4-f1f1-35fc-9c15-337161433bbe,a735bf55-83e9-331a-899d-a82a60b9f60c,b046940f-1664-3047-bca7-dfa76be352a4,1,1,444814009,444814009,,,,,,,,3236b1f8-2bc1-3e38-fc54-6e428e5d56b3,2018-08-10T04:52:26Z,2018-08-10T04:52:26Z,13b774a4-f1f1-35fc-9c15-337161433bbe,CLOSED,,CLOSED,0,,0,2018-08-10T05:07:26Z,,2018-08-10T05:07:26Z,2,0
3236b1f8-2bc1-3e38-462c-9a42fc8d4eaf,3236b1f8-2bc1-3e38-c539-a29407c6a206,13b774a4-f1f1-35fc-9c15-337161433bbe,a735bf55-83e9-331a-899d-a82a60b9f60c,b046940f-1664-3047-bca7-dfa76be352a4,1,1,609328004,,,,,,,,,3236b1f8-2bc1-3e38-7e68-7b254ba61f2e,2005-08-25T18:52:26Z,2018-08-27T05:50:47Z,13b774a4-f1f1-35fc-9c15-337161433bbe,CLOSED,,CLOSED,0,,0,2018-08-27T06:35:34Z,,2018-08-27T06:35:34Z,2,0
3236b1f8-2bc1-3e38-bed5-6e0754553bd2,3236b1f8-2bc1-3e38-c539-a29407c6a206,13b774a4-f1f1-35fc-9c15-337161433bbe,a735bf55-83e9-331a-899d-a82a60b9f60c,b046940f-1664-3047-bca7-dfa76be352a4,2,2,389095005,,,,,,,,,3236b1f8-2bc1-3e38-8d98-3a7543a8a65e,2018-08-27T04:52:26Z,2018-08-27T04:52:26Z,13b774a4-f1f1-35fc-9c15-337161433bbe,CLOSED,,CLOSED,0,,0,2018-08-27T05:07:26Z,,2018-08-27T05:07:26Z,2,0
3236b1f8-2bc1-3e38-8729-c71c20067945,3236b1f8-2bc1-3e38-c539-a29407c6a206,13b774a4-f1f1-35fc-9c15-337161433bbe,a735bf55-83e9-331a-899d-a82a60b9f60c,b046940f-1664-3047-bca7-dfa76be352a4,2,2,389095005,,,,,,,,,3236b1f8-2bc1-3e38-8d98-3a7543a8a65e,2018-08-27T04:52:26Z,2018-08-27T04:52:26Z,13b774a4-f1f1-35fc-9c15-337161433bbe,CLOSED,,CLOSED,0,,0,2018-08-27T05:07:26Z,,2018-08-27T05:07:26Z,2,0
3236b1f8-2bc1-3e38-8427-d605cac0345c,3236b1f8-2bc1-3e38-c539-a29407c6a206,13b774a4-f1f1-35fc-9c15-337161433bbe,a735bf55-83e9-331a-899d-a82a60b9f60c,b046940f-1664-3047-bca7-dfa76be352a4,1,1,609328004,,,,,,,,,3236b1f8-2bc1-3e38-e55e-a5cacf0a76a7,2005-08-25T18:52:26Z,2018-09-18T06:35:34Z,13b774a4-f1f1-35fc-9c15-337161433bbe,CLOSED,,CLOSED,0,,0,2018-09-18T07:08:53Z,,2018-09-18T07:08:53Z,2,0
3236b1f8-2bc1-3e38-7448-bbb6c17718fa,3236b1f8-2bc1-3e38-c539-a29407c6a206,b73d5fef-7a76-334c-af1c-4d3803aa6288,a735bf55-83e9-331a-899d-a82a60b9f60c,b046940f-1664-3047-bca7-dfa76be352a4,10,10,410620009,,,,,,,,,3236b1f8-2bc1-3e38-8b11-d3fd10e5d637,2018-09-28T04:52:26Z,2018-09-28T04:52:26Z,b73d5fef-7a76-334c-af1c-4d3803aa6288,CLOSED,,CLOSED,0,,0,2018-09-28T05:19:46Z,,2018-09-28T05:19:46Z,1,0
3236b1f8-2bc1-3e38-4e26-bc68b6ca149e,3236b1f8-2bc1-3e38-c539-a29407c6a206,13b774a4-f1f1-35fc-9c15-337161433bbe,a735bf55-83e9-331a-899d-a82a60b9f60c,b046940f-1664-3047-bca7-dfa76be352a4,1,1,103697008,,,,,,,,,3236b1f8-2bc1-3e38-ba6e-10feb79bb5e9,2018-10-12T04:52:26Z,2018-10-12T04:52:26Z,13b774a4-f1f1-35fc-9c15-337161433bbe,CLOSED,,CLOSED,0,,0,2018-10-12T07:35:52Z,,2018-10-12T07:35:52Z,2,0
3236b1f8-2bc1-3e38-e226-009854fb5bf9,3236b1f8-2bc1-3e38-c539-a29407c6a206,13b774a4-f1f1-35fc-9c15-337161433bbe,a735bf55-83e9-331a-899d-a82a60b9f60c,b046940f-1664-3047-bca7-dfa76be352a4,1,1,103697008,,,,,,,,,3236b1f8-2bc1-3e38-ba6e-10feb79bb5e9,2018-10-12T04:52:26Z,2018-10-12T04:52:26Z,13b774a4-f1f1-35fc-9c15-337161433bbe,CLOSED,,CLOSED,0,,0,2018-10-12T07:35:52Z,,2018-10-12T07:35:52Z,2,0
3236b1f8-2bc1-3e38-3c2b-6c0dad81ae8a,3236b1f8-2bc1-3e38-c539-a29407c6a206,13b774a4-f1f1-35fc-9c15-337161433bbe,a735bf55-83e9-331a-899d-a82a60b9f60c,b046940f-1664-3047-bca7-dfa76be352a4,1,1,609328004,,,,,,,,,3236b1f8-2bc1-3e38-286b-7559997f666d,2005-08-25T18:52:26Z,2018-10-26T04:52:26Z,13b774a4-f1f1-35fc-9c15-337161433bbe,CLOSED,,CLOSED,0,,0,2018-10-26T05:51:48Z,,2018-10-26T05:51:48Z,2,0
3236b1f8-2bc1-3e38-92c0-5b496523f468,3236b1f8-2bc1-3e38-c539-a29407c6a206,13b774a4-f1f1-35fc-9c15-337161433bbe,a735bf55-83e9-331a-899d-a82a60b9f60c,b046940f-1664-3047-bca7-dfa76be352a4,1,1,609328004,,,,,,,,,3236b1f8-2bc1-3e38-67b0-1da917700587,,2018-11-21T05:51:48Z,13b774a4-f1f1-35fc-9c15-337161433bbe,CLOSED,,CLOSED,0,,0,2018-11-21T06:13:28Z,,2018-11-21T06:13:28Z,2,0
3236b1f8-2bc1-3e38-4db8-595530bff04f,3236b1f8-2bc1-3e38-c539-a29407c6a206,13b774a4-f1f1-35fc-9c15-337161433bbe,a735bf55-83e9-331a-899d-a82a60b9f60c,b046940f-1664-3047-bca7-dfa76be352a4,1,1,609328004,,,,,,,,,3236b1f8-2bc1-3e38-33b5-4275242e8154,2005-08-25T18:52:26Z,2018-12-16T06:13:28Z,13b774a4-f1f1-35fc-9c15-337161433bbe,CLOSED,,CLOSED,0,,0,2018-12-16T06:51:49Z,,2018-12-16T06:51:49Z,2,0
3236b1f8-2bc1-3e38-e169-5ebcb65f8c66,3236b1f8-2bc1-3e38-c539-a29407c6a206,13b774a4-f1f1-35fc-9c15-337161433bbe,a735bf55-83e9-331a-899d-a82a60b9f60c,b046940f-1664-3047-bca7-dfa76be352a4,1,1,609328004,,,,,,,,,3236b1f8-2bc1-3e38-9031-02cbc8c268e0,2005-08-25T18:52:26Z,2019-01-08T06:51:49Z,13b774a4-f1f1-35fc-9c15-337161433bbe,CLOSED,,CLOSED,0,,0,2019-01-08T07:38:00Z,,2019-01-08T07:38:00Z,2,0
3236b1f8-2bc1-3e38-f4ac-c4f6b91f4930,3236b1f8-2bc1-3e38-c539-a29407c6a206,13b774a4-f1f1-35fc-9c15-337161433bbe,a735bf55-83e9-331a-899d-a82a60b9f60c,b046940f-1664-3047-bca7-dfa76be352a4,1,1,609328004,,,,,,,,,3236b1f8-2bc1-3e38-b805-4fea7664332e,2005-08-25T18:52:26Z,2019-01-29T07:38:00Z,13b774a4-f1f1-35fc-9c15-337161433bbe,CLOSED,,CLOSED,0,,0,2019-01-29T08:09:25Z,,2019-01-29T08:09:25Z,2,0
3236b1f8-2bc1-3e38-be78-fddfc749b3db,3236b1f8-2bc1-3e38-c539-a29407c6a206,13b774a4-f1f1-35fc-9c15-337161433bbe,a735bf55-83e9-331a-899d-a82a60b9f60c,b046940f-1664-3047-bca7-dfa76be352a4,1,1,609328004,,,,,,,,,3236b1f8-2bc1-3e38-dafa-cbb2972b010a,2005-08-25T18:52:26Z,2019-02-19T08:09:25Z,13b774a4-f1f1-35fc-9c15-337161433bbe,CLOSED,,CLOSED,0,,0,2019-02-19T08:57:30Z,,2019-02-19T08:57:30Z,2,0
3236b1f8-2bc1-3e38-a8b9-d8965c9fadc7,3236b1f8-2bc1-3e38-c539-a29407c6a206,13b774a4-f1f1-35fc-9c15-337161433bbe,a735bf55-83e9-331a-899d-a82a60b9f60c,b046940f-1664-3047-bca7-dfa76be352a4,2,2,185349003,,,,,,,,,3236b1f8-2bc1-3e38-6d47-52dc715504fb,2019-03-08T04:52:26Z,,13b774a4-f1f1-35fc-9c15-337161433bbe,CLOSED,,CLOSED,0,,0,2019-03-08T05:07:26Z,,2019-03-08T05:07:26Z,2,0
3236b1f8-2bc1-3e38-4eca-386fa12a2aec,3236b1f8-2bc1-3e38-c539-a29407c6a206,13b774a4-f1f1-35fc-9c15-337161433bbe,a735bf55-83e9-331a-899d-a82a60b9f60c,b046940f-1664-3047-bca7-dfa76be352a4,1,1,75498004,75498004,,,,,,,,3236b1f8-2bc1-3e38-0ba2-ecf9a70a2a61,2019-03-15T04:52:26Z,2019-03-15T04:52:26Z,13b774a4-f1f1-35fc-9c15-337161433bbe,CLOSED,,CLOSED,0,,0,2019-03-15T05:07:26Z,,2019-03-15T05:07:26Z,2,0
3236b1f8-2bc1-3e38-41a7-f4b8b93050b2,3236b1f8-2bc1-3e38-c539-a29407c6a206,13b774a4-f1f1-35fc-9c15-337161433bbe,a735bf55-83e9-331a-899d-a82a60b9f60c,b046940f-1664-3047-bca7-dfa76be352a4,1,1,609328004,,,,,,,,,3236b1f8-2bc1-3e38-75c0-98b22eb26ebb,2005-08-25T18:52:26Z,2019-03-18T08:57:30Z,13b774a4-f1f1-35fc-9c15-337161433bbe,CLOSED,,CLOSED,0,,0,2019-03-18T09:49:44Z,,2019-03-18T09:49:44Z,2,0
3236b1f8-2bc1-3e38-20d7-7c9bbc34e018,3236b1f8-2bc1-3e38-c539-a29407c6a206,13b774a4-f1f1-35fc-9c15-337161433bbe,a735bf55-83e9-331a-899d-a82a60b9f60c,b046940f-1664-3047-bca7-dfa76be352a4,1,1,103697008,,,,,,,,,3236b1f8-2bc1-3e38-2622-d23d74276c3e,2019-03-22T04:52:26Z,2019-03-22T04:52:26Z,13b774a4-f1f1-35fc-9c15-337161433bbe,CLOSED,,CLOSED,0,,0,2019-03-22T07:13:10Z,,2019-03-22T07:13:10Z,2,0
3236b1f8-2bc1-3e38-ad8c-3fa0fabe780f,3236b1f8-2bc1-3e38-c539-a29407c6a206,13b774a4-f1f1-35fc-9c15-337161433bbe,a735bf55-83e9-331a-899d-a82a60b9f60c,b046940f-1664-3047-bca7-dfa76be352a4,1,1,103697008,,,,,,,,,3236b1f8-2bc1-3e38-2622-d23d74276c3e,2019-03-22T04:52:26Z,2019-03-22T04:52:26Z,13b774a4-f1f1-35fc-9c15-337161433bbe,CLOSED,,CLOSED,0,,0,2019-03-22T07:13:10Z,,2019-03-22T07:13:10Z,2,0
3236b1f8-2bc1-3e38-3bf4-f3713ef5932b,3236b1f8-2bc1-3e38-c539-a29407c6a206,13b774a4-f1f1-35fc-9c15-337161433bbe,a735bf55-83e9-331a-899d-a82a60b9f60c,b046940f-1664-3047-bca7-dfa76be352a4,1,1,609328004,,,,,,,,,3236b1f8-2bc1-3e38-4eab-de414868df6b,2005-08-25T18:52:26Z,2019-04-13T09:49:44Z,13b774a4-f1f1-35fc-9c15-337161433bbe,CLOSED,,CLOSED,0,,0,2019-04-13T10:16:01Z,,2019-04-13T10:16:01Z,2,0
3236b1f8-2bc1-3e38-3b15-36d2e87fdf91,3236b1f8-2bc1-3e38-c539-a29407c6a206,13b774a4-f1f1-35fc-9c15-337161433bbe,a735bf55-83e9-331a-899d-a82a60b9f60c,b046940f-1664-3047-bca7-dfa76be352a4,1,1,609328004,,,,,,,,,3236b1f8-2bc1-3e38-7e80-b9e0697ae1ce,2005-08-25T18:52:26Z,2019.05.09T10:16:01Z,13b774a4-f1f1-35fc-9c15-337161433bbe,CLOSED,,CLOSED,0,,0,2019-05-09T10:59:54Z,,2019-05-09T10:59:54Z,2,0
3236b1f8-2bc1-3e38-bd57-1bb86128044f,3236b1f8-2bc1-3e38-c539-a29407c6a206,13b774a4-f1f1-35fc-9c15-337161433bbe,a735bf55-83e9-331a-899d-a82a60b9f60c,b046940f-1664-3047-bca7-dfa76be352a4,1,1,609328004,,,,,,,,,3236b1f8-2bc1-3e38-34b1-00bcaca02a61,2005-08-25T18:52:26Z,2019-06-04T10:59:54Z,13b774a4-f1f1-35fc-9c15-337161433bbe,CLOSED,,CLOSED,0,,0,2019-06-04T11:33:19Z,,2019-06-04T11:33:19Z,2,0
3236b1f8-2bc1-3e38-3753-2a76e361a85b,3236b1f8-2bc1-3e38-c539-a29407c6a206,13b774a4-f1f1-35fc-9c15-337161433bbe,a735bf55-83e9-331a-899d-a82a60b9f60c,b046940f-1664-3047-bca7-dfa76be352a4,1,1,609328004,,,,,,,,,3236b1f8-2bc1-3e38-e998-27f417331dfa,2005-08-25T18:52:26Z,2019-06-25T11:33:19Z,13b774a4-f1f1-35fc-9c15-337161433bbe,CLOSED,,CLOSED,0,,0,2019-06-25T12:13:56Z,,2019-06-25T12:13:56Z,2,0
3236b1f8-2bc1-3e38-6115-4240b51f2352,3236b1f8-2bc1-3e38-c539-a29407c6a206,13b774a4-f1f1-35fc-9c15-337161433bbe,a735bf55-83e9-331a-899d-a82a60b9f60c,b046940f-1664-3047-bca7-dfa76be352a4,1,1,609328004,,,,,,,,,3236b1f8-2bc1-3e38-8881-a34c2ee49160,2005-08-25T18:52:26Z,,13b774a4-f1f1-35fc-9c15-337161433bbe,CLOSED,,CLOSED,0,,0,2019-07-20T13:10:57Z,,2019-07-20T13:10:57Z,2,0
3236b1f8-2bc1-3e38-b4a8-7b3b6a344928,3236b1f8-2bc1-3e38-c539-a29407c6a206,13b774a4-f1f1-35fc-9c15-337161433bbe,a735bf55-83e9-331a-899d-a82a60b9f60c,b046940f-1664-3047-bca7-dfa76be352a4,1,1,609328004,307426000,,,,,,,,3236b1f8-2bc1-3e38-c44b-a1bb65dcf658,2005-08-25T18:52:26Z,2019-08-15T13:10:57Z,13b774a4-f1f1-35fc-9c15-337161433bbe,CLOSED,,CLOSED,0,,0,2019-08-15T13:34:21Z,,2019-08-15T13:34:21Z,2,0
3236b1f8-2bc1-3e38-a56e-35a592294a59,3236b1f8-2bc1-3e38-c539-a29407c6a206,5ece97a8-0332-39a6-a070-70c0a727b695,a735bf55-83e9-331a-899d-a82a60b9f60c,b046940f-1664-3047-bca7-dfa76be352a4,4,4,307426000,,,,,,,,,3236b1f8-2bc1-3e38-96e3-4b55e1ed77db,2019-08-30T04:52:26Z,2019-08-30T04:52:26Z,5ece97a8-0332-39a6-a070-70c0a727b695,CLOSED,,CLOSED,0,,0,2019-08-30T07:16:05Z,,2019-08-30T07:16:05Z,2,0
3236b1f8-2bc1-3e38-0d68-a863b80243e5,3236b1f8-2bc1-3e38-c539-a29407c6a206,5ece97a8-0332-39a6-a070-70c0a727b695,a735bf55-83e9-331a-899d-a82a60b9f60c,b046940f-1664-3047-bca7-dfa76be352a4,4,4,307426000,,,,,,,,,3236b1f8-2bc1-3e38-96e3-4b55e1ed77db,2019-08-30T04:52:26Z,2019-08-30T04:52:26Z,5ece97a8-0332-39a6-a070-70c0a727b695,CLOSED,,CLOSED,0,,0,2019-08-30T07:16:05Z,,2019-08-30T07:16:05Z,2,0
3236b1f8-2bc1-3e38-dab3-aac2fe6904e8,3236b1f8-2bc1-3e38-c539-a29407c6a206,5ece97a8-0332-39a6-a070-70c0a727b695,a735bf55-83e9-331a-899d-a82a60b9f60c,b046940f-1664-3047-bca7-dfa76be352a4,4,4,307426000,,,,,,,,,3236b1f8-2bc1-3e38-8e0b-c87e63eb56f2,2019-08-31T23:16:05Z,2019-08-31T23:16:05Z,5ece97a8-0332-39a6-a070-70c0a727b695,CLOSED,,CLOSED,0,,0,2019-09-01T01:45:09Z,,2019-09-01T01:45:09Z,2,0
3236b1f8-2bc1-3e38-c439-e0b23d10a9b3,3236b1f8-2bc1-3e38-c539-a29407c6a206,5ece97a8-0332-39a6-a070-70c0a727b695,a735bf55-83e9-331a-899d-a82a60b9f60c,b046940f-1664-3047-bca7-dfa76be352a4,4,4,307426000,,,,,,,,,3236b1f8-2bc1-3e38-8e0b-c87e63eb56f2,2019-08-31T23:16:05Z,2019-08-31T23:16:05Z,5ece97a8-0332-39a6-a070-70c0a727b695,CLOSED,,CLOSED,0,,0,2019-09-01T01:45:09Z,,2019-09-01T01:45:09Z,2,0
3236b1f8-2bc1-3e38-6f59-3559b6d91baa,3236b1f8-2bc1-3e38-c539-a29407c6a206,13b774a4-f1f1-35fc-9c15-337161433bbe,a735bf55-83e9-331a-899d-a82a60b9f60c,b046940f-1664-3047-bca7-dfa76be352a4,1,1,609328004,,,,,,,,,3236b1f8-2bc1-3e38-7023-169a16403d03,2005-08-25T18:52:26Z,2019-09-11T13:34:21Z,13b774a4-f1f1-35fc-9c15-337161433bbe,CLOSED,,CLOSED,0,,0,2019-09-11T14:31:55Z,,2019-09-11T14:31:55Z,2,0
3236b1f8-2bc1-3e38-9898-0437d44507b5,3236b1f8-2bc1-3e38-c539-a29407c6a206,b73d5fef-7a76-334c-af1c-4d3803aa6288,a735bf55-83e9-331a-899d-a82a60b9f60c,b046940f-1664-3047-bca7-dfa76be352a4,10,10,314529007,160968000,66383009,,,,,,,3236b1f8-2bc1-3e38-af23-2cfe66c2a010,2019-10-04T04:52:26Z,2019-10-04T04:52:26Z,b73d5fef-7a76-334c-af1c-4d3803aa6288,CLOSED,,CLOSED,0,,0,2019-10-04T05:07:26Z,,2019-10-04T05:07:26Z,1,0
3236b1f8-2bc1-3e38-801b-5c66b9be43c9,3236b1f8-2bc1-3e38-c539-a29407c6a206,13b774a4-f1f1-35fc-9c15-337161433bbe,a735bf55-83e9-331a-899d-a82a60b9f60c,b046940f-1664-3047-bca7-dfa76be352a4,1,1,609328004,,,,,,,,,3236b1f8-2bc1-3e38-3d91-d11189716f10,2005-08-25T18:52:26Z,10/07/2019T14:31:55Z,13b774a4-f1f1-35fc-9c15-337161433bbe,CLOSED,,CLOSED,0,,0,2019-10-07T14:48:26Z,,2019-10-07T14:48:26Z,2,0
3236b1f8-2bc1-3e38-9863-61bc9522f248,3236b1f8-2bc1-3e38-c539-a29407c6a206,13b774a4-f1f1-35fc-9c15-337161433bbe,a735bf55-83e9-331a-899d-a82a60b9f60c,b046940f-1664-3047-bca7-dfa76be352a4,1,1,66383009,,,,,,,,,3236b1f8-2bc1-3e38-6269-ec7669456155,2019-10-18T04:52:26Z,18/10/2019T04:52:26Z,13b774a4-f1f1-35fc-9c15-337161433bbe,CLOSED,,CLOSED,0,,0,2019-10-18T08:32:15Z,,2019-10-18T08:32:15Z,2,0
3236b1f8-2bc1-3e38-daeb-5b330c65142f,3236b1f8-2bc1-3e38-c539-a29407c6a206,13b774a4-f1f1-35fc-9c15-337161433bbe,a735bf55-83e9-331a-899d-a82a60b9f60c,b046940f-1664-3047-bca7-dfa76be352a4,1,1,66383009,,,,,,,,,3236b1f8-2bc1-3e38-6269-ec7669456155,2019-10-18T04:52:26Z,2019-10-18T04:52:26Z,13b774a4-f1f1-35fc-9c15-337161433bbe,CLOSED,,CLOSED,0,,0,2019-10-18T08:32:15Z,,2019-10-18T08:32:15Z,2,0
3236b1f8-2bc1-3e38-5ab9-f68a1e931fcb,3236b1f8-2bc1-3e38-c539-a29407c6a206,13b774a4-f1f1-35fc-9c15-337161433bbe,a735bf55-83e9-331a-899d-a82a60b9f60c,b046940f-1664-3047-bca7-dfa76be352a4,1,1,609328004,,,,,,,,,3236b1f8-2bc1-3e38-028c-16b76416d713,2005-08-25T18:52:26Z,2019-10-29T14:48:26Z,13b774a4-f1f1-35fc-9c15-337161433bbe,CLOSED,,CLOSED,0,,0,2019-10-29T15:29:25Z,,2019-10-29T15:29:25Z,2,0
3236b1f8-2bc1-3e38-41ed-d7113c97be2f,3236b1f8-2bc1-3e38-c539-a29407c6a206,13b774a4-f1f1-35fc-9c15-337161433bbe,a735bf55-83e9-331a-899d-a82a60b9f60c,b046940f-1664-3047-bca7-dfa76be352a4,1,1,609328004,,,,,,,,,3236b1f8-2bc1-3e38-bcf5-1a14322dc851,2005-08-25T18:52:26Z,2019-11-21T15:29:25Z,13b774a4-f1f1-35fc-9c15-337161433bbe,CLOSED,,CLOSED,0,,0,2019-11-21T16:13:38Z,,2019-11-21T16:13:38Z,2,0
3236b1f8-2bc1-3e38-de79-d03f6bd562f6,3236b1f8-2bc1-3e38-c539-a29407c6a206,13b774a4-f1f1-35fc-9c15-337161433bbe,a735bf55-83e9-331a-899d-a82a60b9f60c,b046940f-1664-3047-bca7-dfa76be352a4,1,1,609328004,,,,,,,,,3236b1f8-2bc1-3e38-0f7e-0644792aeef4,2005-08-25T18:52:26Z,2019-12-15T16:13:38Z,13b774a4-f1f1-35fc-9c15-337161433bbe,CLOSED,,CLOSED,0,,0,2019-12-15T16:59:31Z,,2019-12-15T16:59:31Z,2,0
3236b1f8-2bc1-3e38-8b88-2e746f6d398d,3236b1f8-2bc1-3e38-c539-a29407c6a206,13b774a4-f1f1-35fc-9c15-337161433bbe,a735bf55-83e9-331a-899d-a82a60b9f60c,b046940f-1664-3047-bca7-dfa76be352a4,1,1,609328004,,,,,,,,,3236b1f8-2bc1-3e38-9626-c1c9f54c0d56,2005-08-25T18:52:26Z,2020-01-11T16:59:31Z,13b774a4-f1f1-35fc-9c15-337161433bbe,CLOSED,,CLOSED,0,,0,2020-01-11T17:26:55Z,,2020-01-11T17:26:55Z,2,0
3236b1f8-2bc1-3e38-a5f2-e84addf54b2a,3236b1f8-2bc1-3e38-c539-a29407c6a206,13b774a4-f1f1-35fc-9c15-337161433bbe,a735bf55-83e9-331a-899d-a82a60b9f60c,b046940f-1664-3047-bca7-dfa76be352a4,1,1,609328004,,,,,,,,,3236b1f8-2bc1-3e38-422b-a9a7d3a1ef44,2005-08-25T18:52:26Z,2020-02-03T17:26:55Z,13b774a4-f1f1-35fc-9c15-337161433bbe,CLOSED,,CLOSED,0,,0,2020-02-03T17:59:57Z,,2020-02-03T17:59:57Z,2,0
3236b1f8-2bc1-3e38-e201-e46a1bffc61b,3236b1f8-2bc1-3e38-c539-a29407c6a206,13b774a4-f1f1-35fc-9c15-337161433bbe,a735bf55-83e9-331a-899d-a82a60b9f60c,b046940f-1664-3047-bca7-dfa76be352a4,1,1,609328004,,,,,,,,,3236b1f8-2bc1-3e38-f17d-e62cbce90dc4,2005-08-25T18:52:26Z,2020-02-28T17:59:57Z,13b774a4-f1f1-35fc-9c15-337161433bbe,CLOSED,,CLOSED,0,,0,2020-02-28T18:21:49Z,,2020-02-28T18:21:49Z,2,0
3236b1f8-2bc1-3e38-5b45-810baaf559d4,3236b1f8-2bc1-3e38-c539-a29407c6a206,13b774a4-f1f1-35fc-9c15-337161433bbe,a735bf55-83e9-331a-899d-a82a60b9f60c,b046940f-1664-3047-bca7-dfa76be352a4,1,1,609328004,,,,,,,,,3236b1f8-2bc1-3e38-a579-959ecf594fff,2005-08-25T18:52:26Z,2020-03-26T18:21:49Z,13b774a4-f1f1-35fc-9c15-337161433bbe,CLOSED,,CLOSED,0,,0,2020-03-26T19:18:28Z,,2020-03-26T19:18:28Z,2,0
3236b1f8-2bc1-3e38-c6ba-dd5f47593d06,3236b1f8-2bc1-3e38-c539-a29407c6a206,5ece97a8-0332-39a6-a070-70c0a727b695,a735bf55-83e9-331a-899d-a82a60b9f60c,b046940f-1664-3047-bca7-dfa76be352a4,4,4,241929008,241929008,,,,,,,,3236b1f8-2bc1-3e38-14ae-bc063cd29ce2,2020-04-15T00:52:26Z,2020-04-15T00:52:26Z,5ece97a8-0332-39a6-a070-70c0a727b695,CLOSED,,CLOSED,0,,0,2020-04-15T06:12:26Z,,2020-04-15T06:12:26Z,2,0
3236b1f8-2bc1-3e38-e92a-9b1864237163,3236b1f8-2bc1-3e38-c539-a29407c6a206,5ece97a8-0332-39a6-a070-70c0a727b695,a735bf55-83e9-331a-899d-a82a60b9f60c,b046940f-1664-3047-bca7-dfa76be352a4,4,4,241929008,241929008,,,,,,,,3236b1f8-2bc1-3e38-14ae-bc063cd29ce2,2020-04-15T00:52:26Z,2020-04-15T00:52:26Z,5ece97a8-0332-39a6-a070-70c0a727b695,CLOSED,,CLOSED,0,,0,2020-04-15T06:12:26Z,,2020-04-15T06:12:26Z,2,0
3236b1f8-2bc1-3e38-4e53-1bf33d40ee10,3236b1f8-2bc1-3e38-c539-a29407c6a206,13b774a4-f1f1-35fc-9c15-337161433bbe,a735bf55-83e9-331a-899d-a82a60b9f60c,b046940f-1664-3047-bca7-dfa76be352a4,1,1,735971005,,,,,,,,,3236b1f8-2bc1-3e38-d60b-97ff6bb49ee9,2005-08-25T18:52:26Z,2020-04-15T17:12:26Z,13b774a4-f1f1-35fc-9c15-337161433bbe,CLOSED,,CLOSED,0,,0,2020-04-15T17:27:26Z,,2020-04-15T17:27:26Z,2,0
3236b1f8-2bc1-3e38-4300-22870a2da5fa,3236b1f8-2bc1-3e38-c539-a29407c6a206,13b774a4-f1f1-35fc-9c15-337161433bbe,a735bf55-83e9-331a-899d-a82a60b9f60c,b046940f-1664-3047-bca7-dfa76be352a4,1,1,609328004,,,,,,,,,3236b1f8-2bc1-3e38-4f97-fe6e2458aa42,2005-08-25T18:52:26Z,2020-04-22T19:18:28Z,13b774a4-f1f1-35fc-9c15-337161433bbe,CLOSED,,CLOSED,0,,0,2020-04-22T20:08:46Z,,2020-04-22T20:08:46Z,2,0
3236b1f8-2bc1-3e38-6f5e-8e9396898bde,3236b1f8-2bc1-3e38-c539-a29407c6a206,13b774a4-f1f1-35fc-9c15-337161433bbe,a735bf55-83e9-331a-899d-a82a60b9f60c,b046940f-1664-3047-bca7-dfa76be352a4,1,1,609328004,,,,,,,,,3236b1f8-2bc1-3e38-7c27-8ea24901808d,2005-08-25T18:52:26Z,2020-05-16T20:08:46Z,13b774a4-f1f1-35fc-9c15-337161433bbe,CLOSED,,CLOSED,0,,0,2020-05-16T21:08:19Z,,2020-05-16T21:08:19Z,2,0
3236b1f8-2bc1-3e38-0f91-2996e1c4413c,3236b1f8-2bc1-3e38-c539-a29407c6a206,13b774a4-f1f1-35fc-9c15-337161433bbe,a735bf55-83e9-331a-899d-a82a60b9f60c,b046940f-1664-3047-bca7-dfa76be352a4,1,1,609328004,,,,,,,,,3236b1f8-2bc1-3e38-429b-672bec154348,2005-08-25T18:52:26Z,2020-06-07T21:08:19Z,13b774a4-f1f1-35fc-9c15-337161433bbe,CLOSED,,CLOSED,0,,0,2020-06-07T21:47:03Z,,2020-06-07T21:47:03Z,2,0
3236b1f8-2bc1-3e38-4c0a-193df3f528b4,3236b1f8-2bc1-3e38-c539-a29407c6a206,13b774a4-f1f1-35fc-9c15-337161433bbe,a735bf55-83e9-331a-899d-a82a60b9f60c,b046940f-1664-3047-bca7-dfa76be352a4,1,1,609328004,,,,,,,,,3236b1f8-2bc1-3e38-d6c3-f7bec5d5d1c1,2005-08-25T18:52:26Z,2020-06-28T21:47:03Z,13b774a4-f1f1-35fc-9c15-337161433bbe,CLOSED,,CLOSED,0,,0,2020-06-28T22:29:20Z,,2020-06-28T22:29:20Z,2,0
3236b1f8-2bc1-3e38-af5d-3d57287ac665,3236b1f8-2bc1-3e38-c539-a29407c6a206,13b774a4-f1f1-35fc-9c15-337161433bbe,a735bf55-83e9-331a-899d-a82a60b9f60c,b046940f-1664-3047-bca7-dfa76be352a4,1,1,609328004,,,,,,,,,3236b1f8-2bc1-3e38-9b70-6e04c0b339a2,2005-08-25T18:52:26Z,2020-07-25T22:29:20Z,13b774a4-f1f1-35fc-9c15-337161433bbe,CLOSED,,CLOSED,0,,0,2020-07-25T22:57:37Z,,2020-07-25T22:57:37Z,2,0
3236b1f8-2bc1-3e38-dc1b-ecf33f59f750,3236b1f8-2bc1-3e38-c539-a29407c6a206,13b774a4-f1f1-35fc-9c15-337161433bbe,a735bf55-83e9-331a-899d-a82a60b9f60c,b046940f-1664-3047-bca7-dfa76be352a4,1,1,609328004,,,,,,,,,3236b1f8-2bc1-3e38-92c1-aeff291ef3a9,2005-08-25T18:52:26Z,2020-08-20T22:57:37Z,13b774a4-f1f1-35fc-9c15-337161433bbe,CLOSED,,CLOSED,0,,0,2020-08-20T23:54:39Z,,2020-08-20T23:54:39Z,2,0
3236b1f8-2bc1-3e38-959f-d93e380d5bee,3236b1f8-2bc1-3e38-c539-a29407c6a206,13b774a4-f1f1-35fc-9c15-337161433bbe,a735bf55-83e9-331a-899d-a82a60b9f60c,b046940f-1664-3047-bca7-dfa76be352a4,2,2,389095005,,,,,,,,,3236b1f8-2bc1-3e38-921a-8a5fe438912b,2020-08-16T04:52:26Z,2020-08-16T04:52:26Z,13b774a4-f1f1-35fc-9c15-337161433bbe,CLOSED,,CLOSED,0,,0,2020-08-16T05:07:26Z,,2020-08-16T05:07:26Z,2,0
3236b1f8-2bc1-3e38-4b6d-2807413a663c,3236b1f8-2bc1-3e38-c539-a29407c6a206,13b774a4-f1f1-35fc-9c15-337161433bbe,a735bf55-83e9-331a-899d-a82a60b9f60c,b046940f-1664-3047-bca7-dfa76be352a4,2,2,389095005,,,,,,,,,3236b1f8-2bc1-3e38-921a-8a5fe438912b,2020-08-16T04:52:26Z,2020-08-16T04:52:26Z,13b774a4-f1f1-35fc-9c15-337161433bbe,CLOSED,,CLOSED,0,,0,2020-08-16T05:07:26Z,,2020-08-16T05:07:26Z,2,0
3236b1f8-2bc1-3e38-9e43-4465b43630f5,3236b1f8-2bc1-3e38-c539-a29407c6a206,13b774a4-f1f1-35fc-9c15-337161433bbe,a735bf55-83e9-331a-899d-a82a60b9f60c,b046940f-1664-3047-bca7-dfa76be352a4,1,1,609328004,,,,,,,,,3236b1f8-2bc1-3e38-f62e-79ebc53cb282,2005-08-25T18:52:26Z,20-09-14T23:54:39Z,13b774a4-f1f1-35fc-9c15-337161433bbe,CLOSED,,CLOSED,0,,0,2020-09-15T00:40:26Z,,2020-09-15T00:40:26Z,2,0
3236b1f8-2bc1-3e38-eb34-b1b51596868e,3236b1f8-2bc1-3e38-c539-a29407c6a206,b73d5fef-7a76-334c-af1c-4d3803aa6288,a735bf55-83e9-331a-899d-a82a60b9f60c,b046940f-1664-3047-bca7-dfa76be352a4,10,10,314529007,,,,,,,,,3236b1f8-2bc1-3e38-4f5f-c9be38cc11e7,2020-10-09T04:52:26Z,2020-10-09T04:52:26Z,b73d5fef-7a76-334c-af1c-4d3803aa6288,CLOSED,,CLOSED,0,,0,2020-10-09T05:16:53Z,,2020-10-09T05:16:53Z,1,0
3236b1f8-2bc1-3e38-0fe9-36521242f074,3236b1f8-2bc1-3e38-c539-a29407c6a206,13b774a4-f1f1-35fc-9c15-337161433bbe,a735bf55-83e9-331a-899d-a82a60b9f60c,b046940f-1664-3047-bca7-dfa76be352a4,1,1,609328004,,,,,,,,,3236b1f8-2bc1-3e38-d6a2-6c790691d682,2005-08-25T18:52:26Z,2020-10-11T00:40:26Z,13b774a4-f1f1-35fc-9c15-337161433bbe,CLOSED,,CLOSED,0,,0,2020-10-11T01:36:19Z,,2020-10-11T01:36:19Z,2,0
3236b1f8-2bc1-3e38-75f5-49b719e230f3,3236b1f8-2bc1-3e38-c539-a29407c6a206,13b774a4-f1f1-35fc-9c15-337161433bbe,a735bf55-83e9-331a-899d-a82a60b9f60c,b046940f-1664-3047-bca7-dfa76be352a4,1,1,609328004,,,,,,,,,3236b1f8-2bc1-3e38-5a5b-9bee99ae2ca8,2005-08-25T18:52:26Z,2020-11-06T01:36:19Z,13b774a4-f1f1-35fc-9c15-337161433bbe,CLOSED,,CLOSED,0,,0,2020-11-06T02:29:50Z,,2020-11-06T02:29:50Z,2,0
3236b1f8-2bc1-3e38-d4e7-d5f2692910b1,3236b1f8-2bc1-3e38-c539-a29407c6a206,13b774a4-f1f1-35fc-9c15-337161433bbe,a735bf55-83e9-331a-899d-a82a60b9f60c,b046940f-1664-3047-bca7-dfa76be352a4,1,1,609328004,,,,,,,,,3236b1f8-2bc1-3e38-e5af-a143e456c216,2005-08-25T18:52:26Z,2020-11-30T02:29:50Z,13b774a4-f1f1-35fc-9c15-337161433bbe,CLOSED,,CLOSED,0,,0,2020-11-30T03:00:52Z,,2020-11-30T03:00:52Z,2,0
3236b1f8-2bc1-3e38-75f0-de017985542c,3236b1f8-2bc1-3e38-c539-a29407c6a206,13b774a4-f1f1-35fc-9c15-337161433bbe,a735bf55-83e9-331a-899d-a82a60b9f60c,b046940f-1664-3047-bca7-dfa76be352a4,1,1,609328004,,,,,,,,,3236b1f8-2bc1-3e38-af3c-6269fa71232f,2005-08-25T18:52:26Z,2020-12-26T03:00:52Z,13b774a4-f1f1-35fc-9c15-337161433bbe,CLOSED,,CLOSED,0,,0,2020-12-26T03:22:40Z,,2020-12-26T03:22:40Z,2,0
3236b1f8-2bc1-3e38-a512-c03134932178,3236b1f8-2bc1-3e38-c539-a29407c6a206,13b774a4-f1f1-35fc-9c15-337161433bbe,a735bf55-83e9-331a-899d-a82a60b9f60c,b046940f-1664-3047-bca7-dfa76be352a4,1,1,609328004,,,,,,,,,3236b1f8-2bc1-3e38-2e60-c6c444f95d8c,2005-08-25T18:52:26Z,2021-01-21T03:22:40Z,13b774a4-f1f1-35fc-9c15-337161433bbe,CLOSED,,CLOSED,0,,0,2021-01-21T04:08:06Z,,2021-01-21T04:08:06Z,2,0
3236b1f8-2bc1-3e38-da68-f830617e8468,3236b1f8-2bc1-3e38-c539-a29407c6a206,13b774a4-f1f1-35fc-9c15-337161433bbe,a735bf55-83e9-331a-899d-a82a60b9f60c,b046940f-1664-3047-bca7-dfa76be352a4,1,1,609328004,,,,,,,,,3236b1f8-2bc1-3e38-ae56-76208a6046cf,08/25/2005T18:52:26Z,2021-02-17T04:08:06Z,13b774a4-f1f1-35fc-9c15-337161433bbe,CLOSED,,CLOSED,0,,0,2021-02-17T04:40:45Z,,2021-02-17T04:40:45Z,2,0
3236b1f8-2bc1-3e38-8b07-0b2e2771899e,3236b1f8-2bc1-3e38-c539-a29407c6a206,13b774a4-f1f1-35fc-9c15-337161433bbe,a735bf55-83e9-331a-899d-a82a60b9f60c,b046940f-1664-3047-bca7-dfa76be352a4,1,1,609328004,,,,,,,,,3236b1f8-2bc1-3e38-41c8-b14fde7c0909,2005-08-25T18:52:26Z,2021-03-16T04:40:45Z,13b774a4-f1f1-35fc-9c15-337161433bbe,CLOSED,,CLOSED,0,,0,2021-03-16T05:16:28Z,,2021-03-16T05:16:28Z,2,0
3236b1f8-2bc1-3e38-cb08-530038a67d3f,3236b1f8-2bc1-3e38-c539-a29407c6a206,13b774a4-f1f1-35fc-9c15-337161433bbe,a735bf55-83e9-331a-899d-a82a60b9f60c,b046940f-1664-3047-bca7-dfa76be352a4,1,1,609328004,,,,,,,,,3236b1f8-2bc1-3e38-72c9-cb13cc25c31c,2005-08-25T18:52:26Z,2021-04-11T05:16:28Z,13b774a4-f1f1-35fc-9c15-337161433bbe,CLOSED,,CLOSED,0,,0,2021-04-11T06:10:33Z,,2021-04-11T06:10:33Z,2,0
3236b1f8-2bc1-3e38-6d54-6ed1d09e7aaf,3236b1f8-2bc1-3e38-c539-a29407c6a206,13b774a4-f1f1-35fc-9c15-337161433bbe,a735bf55-83e9-331a-899d-a82a60b9f60c,b046940f-1664-3047-bca7-dfa76be352a4,1,1,609328004,,,,,,,,,3236b1f8-2bc1-3e38-622e-b7ba6571c2d8,2005-08-25T18:52:26Z,2021-05-07T06:10:33Z,13b774a4-f1f1-35fc-9c15-337161433bbe,CLOSED,,CLOSED,0,,0,2021-05-07T06:26:57Z,,2021-05-07T06:26:57Z,2,0
3236b1f8-2bc1-3e38-02f0-b2df715e2eb4,3236b1f8-2bc1-3e38-c539-a29407c6a206,13b774a4-f1f1-35fc-9c15-337161433bbe,a735bf55-83e9-331a-899d-a82a60b9f60c,b046940f-1664-3047-bca7-dfa76be352a4,2,2,33879002,,,,,,,,,3236b1f8-2bc1-3e38-ed89-b1a16f3fbdc3,2021-05-28T04:52:26Z,2021-05-28T04:52:26Z,13b774a4-f1f1-35fc-9c15-337161433bbe,CLOSED,,CLOSED,0,,0,2021-05-28T05:07:26Z,,2021-05-28T05:07:26Z,2,0
3236b1f8-2bc1-3e38-3f4e-21e13cb9d15b,3236b1f8-2bc1-3e38-c539-a29407c6a206,13b774a4-f1f1-35fc-9c15-337161433bbe,a735bf55-83e9-331a-899d-a82a60b9f60c,b046940f-1664-3047-bca7-dfa76be352a4,1,1,609328004,,,,,,,,,3236b1f8-2bc1-3e38-5322-1a4f43e5ab10,2005.08.25T18:52:26Z,2021-05-28T06:26:57Z,13b774a4-f1f1-35fc-9c15-337161433bbe,CLOSED,,CLOSED,0,,0,2021-05-28T06:47:45Z,,2021-05-28T06:47:45Z,2,0
3236b1f8-2bc1-3e38-8ebf-d8ec7fd293cb,3236b1f8-2bc1-3e38-c539-a29407c6a206,13b774a4-f1f1-35fc-9c15-337161433bbe,a735bf55-83e9-331a-899d-a82a60b9f60c,b046940f-1664-3047-bca7-dfa76be352a4,2,2,33879002,,,,,,,,,3236b1f8-2bc1-3e38-e189-c81d83498a16,2021-06-18T04:52:26Z,2021-06-18T04:52:26Z,13b774a4-f1f1-35fc-9c15-337161433bbe,CLOSED,,CLOSED,0,,0,2021-06-18T05:07:26Z,,2021-06-18T05:07:26Z,2,0
3236b1f8-2bc1-3e38-f5bf-20fd34711174,3236b1f8-2bc1-3e38-c539-a29407c6a206,13b774a4-f1f1-35fc-9c15-337161433bbe,a735bf55-83e9-331a-899d-a82a60b9f60c,b046940f-1664-3047-bca7-dfa76be352a4,1,1,609328004,,,,,,,,,3236b1f8-2bc1-3e38-fb88-10439cc7846a,2005-08-25T18:52:26Z,2021.06.21T06:47:45Z,13b774a4-f1f1-35fc-9c15-337161433bbe,CLOSED,,CLOSED,0,,0,2021-06-21T07:41:43Z,,2021-06-21T07:41:43Z,2,0
3236b1f8-2bc1-3e38-4065-5734d20f31ad,3236b1f8-2bc1-3e38-c539-a29407c6a206,13b774a4-f1f1-35fc-9c15-337161433bbe,a735bf55-83e9-331a-899d-a82a60b9f60c,b046940f-1664-3047-bca7-dfa76be352a4,1,1,609328004,,,,,,,,,3236b1f8-2bc1-3e38-d960-13932ab56c15,2005-08-25T18:52:26Z,2021-07-14T07:41:43Z,13b774a4-f1f1-35fc-9c15-337161433bbe,CLOSED,,CLOSED,0,,0,2021-07-14T08:36:52Z,,2021-07-14T08:36:52Z,2,0
3236b1f8-2bc1-3e38-d5a0-2b6061badc4f,3236b1f8-2bc1-3e38-c539-a29407c6a206,13b774a4-f1f1-35fc-9c15-337161433bbe,a735bf55-83e9-331a-899d-a82a60b9f60c,b046940f-1664-3047-bca7-dfa76be352a4,1,1,609328004,,,,,,,,,3236b1f8-2bc1-3e38-43c5-2e38845e60b4,2005-08-25T18:52:26Z,2021-08-07T08:36:52Z,13b774a4-f1f1-35fc-9c15-337161433bbe,CLOSED,,CLOSED,0,,0,2021-08-07T09:31:44Z,,2021-08-07T09:31:44Z,2,0
3236b1f8-2bc1-3e38-f279-7b81b852ad2a,3236b1f8-2bc1-3e38-c539-a29407c6a206,13b774a4-f1f1-35fc-9c15-337161433bbe,a735bf55-83e9-331a-899d-a82a60b9f60c,b046940f-1664-3047-bca7-dfa76be352a4,1,1,609328004,,,,,,,,,3236b1f8-2bc1-3e38-3557-067c2f27500c,2005-08-25T18:52:26Z,2021-08-30T09:31:44Z,13b774a4-f1f1-35fc-9c15-337161433bbe,CLOSED,,CLOSED,0,,0,2021-08-30T09:51:44Z,,2021-08-30T09:51:44Z,2,0
3236b1f8-2bc1-3e38-51a9-a3f4cf8d63cf,3236b1f8-2bc1-3e38-c539-a29407c6a206,13b774a4-f1f1-35fc-9c15-337161433bbe,a735bf55-83e9-331a-899d-a82a60b9f60c,b046940f-1664-3047-bca7-dfa76be352a4,1,1,609328004,,,,,,,,,3236b1f8-2bc1-3e38-9a5c-62be8771fad8,2005-08-25T18:52:26Z,2021-09-23T09:51:44Z,13b774a4-f1f1-35fc-9c15-337161433bbe,CLOSED,,CLOSED,0,,0,2021-09-23T10:48:13Z,,2021-09-23T10:48:13Z,2,0
3236b1f8-2bc1-3e38-25b2-ff63d23ebade,3236b1f8-2bc1-3e38-c539-a29407c6a206,13b774a4-f1f1-35fc-9c15-337161433bbe,a735bf55-83e9-331a-899d-a82a60b9f60c,b046940f-1664-3047-bca7-dfa76be352a4,1,1,609328004,,,,,,,,,3236b1f8-2bc1-3e38-4061-ad02b2075f31,2005-08-25T18:52:26Z,2021-10-16T10:48:13Z,13b774a4-f1f1-35fc-9c15-337161433bbe,CLOSED,,CLOSED,0,,0,2021-10-16T11:23:24Z,,2021-10-16T11:23:24Z,2,0
3236b1f8-2bc1-3e38-5eeb-360420d6a60e,3236b1f8-2bc1-3e38-c539-a29407c6a206,13b774a4-f1f1-35fc-9c15-337161433bbe,a735bf55-83e9-331a-899d-a82a60b9f60c,b046940f-1664-3047-bca7-dfa76be352a4,1,1,72892002,72892002,,,,,,,,3236b1f8-2bc1-3e38-61df-c886db52651d,2022-06-03T04:52:26Z,2022-06-03T04:52:26Z,13b774a4-f1f1-35fc-9c15-337161433bbe,CLOSED,,CLOSED,0,,0,2022-06-03T05:07:26Z,,2022-06-03T05:07:26Z,2,0
3236b1f8-2bc1-3e38-4191-1515d4ee2cb5,3236b1f8-2bc1-3e38-c539-a29407c6a206,13b774a4-f1f1-35fc-9c15-337161433bbe,a735bf55-83e9-331a-899d-a82a60b9f60c,b046940f-1664-3047-bca7-dfa76be352a4,1,1,72892002,,,,,,,,,3236b1f8-2bc1-3e38-9289-03b17dae4dff,2022-07-01T04:52:26Z,2022-07-01T04:52:26Z,13b774a4-f1f1-35fc-9c15-337161433bbe,CLOSED,,CLOSED,0,,0,2022-07-01T05:07:26Z,,2022-07-01T05:07:26Z,2,0
3236b1f8-2bc1-3e38-6548-7b33410a0d49,3236b1f8-2bc1-3e38-c539-a29407c6a206,13b774a4-f1f1-35fc-9c15-337161433bbe,a735bf55-83e9-331a-899d-a82a60b9f60c,b046940f-1664-3047-bca7-dfa76be352a4,1,1,72892002,,,,,,,,,3236b1f8-2bc1-3e38-14ae-beaedb596124,2022-07-29T04:52:26Z,2022-07-29T04:52:26Z,13b774a4-f1f1-35fc-9c15-337161433bbe,CLOSED,,CLOSED,0,,0,2022-07-29T05:07:26Z,,2022-07-29T05:07:26Z,2,0
3236b1f8-2bc1-3e38-c970-fcbb3a0ff23d,3236b1f8-2bc1-3e38-c539-a29407c6a206,13b774a4-f1f1-35fc-9c15-337161433bbe,a735bf55-83e9-331a-899d-a82a60b9f60c,b046940f-1664-3047-bca7-dfa76be352a4,1,1,72892002,,,,,,,,,3236b1f8-2bc1-3e38-810f-4ec6c376038c,2022-08-26T04:52:26Z,2022-08-26T04:52:26Z,13b774a4-f1f1-35fc-9c15-337161433bbe,CLOSED,,CLOSED,0,,0,2022-08-26T05:07:26Z,,2022-08-26T05:07:26Z,2,0
3236b1f8-2bc1-3e38-5395-e64ddc762046,3236b1f8-2bc1-3e38-c539-a29407c6a206,13b774a4-f1f1-35fc-9c15-337161433bbe,26aab0cd-6aba-3e1b-ac5b-05c8867e762c,,1,1,72892002,,,,,,,,,3236b1f8-2bc1-3e38-17d8-75a175a81bab,2022-09-23T04:52:26Z,2022.09.23T04:52:26Z,13b774a4-f1f1-35fc-9c15-337161433bbe,CLOSED,CLOSED,CLOSED,0,0,0,2022-09-23T05:07:26Z,2022-09-23T05:07:26Z,2022-09-23T05:07:26Z,2,2
3236b1f8-2bc1-3e38-107a-dc73fe1844de,3236b1f8-2bc1-3e38-c539-a29407c6a206,b73d5fef-7a76-334c-af1c-4d3803aa6288,26aab0cd-6aba-3e1b-ac5b-05c8867e762c,,20,20,314529007,224299000,160904001,422650009,66383009,,,,,3236b1f8-2bc1-3e38-e4cd-fc6f74dff31c,2022-10-21T04:52:26Z,2022-10-21T04:52:26Z,b73d5fef-7a76-334c-af1c-4d3803aa6288,CLOSED,CLOSED,CLOSED,0,0,0,2022-10-21T05:47:59Z,2022-10-21T05:47:59Z,2022-10-21T05:47:59Z,1,1
3236b1f8-2bc1-3e38-5173-19d705a7aa00,3236b1f8-2bc1-3e38-c539-a29407c6a206,13b774a4-f1f1-35fc-9c15-337161433bbe,26aab0cd-6aba-3e1b-ac5b-05c8867e762c,,1,1,72892002,,,,,,,,,3236b1f8-2bc1-3e38-cd94-36ecfc383aed,2022-10-28T04:52:26Z,2022-10-28T04:52:26Z,13b774a4-f1f1-35fc-9c15-337161433bbe,CLOSED,CLOSED,CLOSED,0,0,0,2022-10-28T05:07:26Z,2022-10-28T05:07:26Z,2022-10-28T05:07:26Z,2,2
3236b1f8-2bc1-3e38-1145-77fb42fa8b24,3236b1f8-2bc1-3e38-c539-a29407c6a206,13b774a4-f1f1-35fc-9c15-337161433bbe,26aab0cd-6aba-3e1b-ac5b-05c8867e762c,,1,1,66383009,,,,,,,,,3236b1f8-2bc1-3e38-b9ef-910d571bb623,2022-11-04T04:52:26Z,2022-11-04T04:52:26Z,13b774a4-f1f1-35fc-9c15-337161433bbe,CLOSED,CLOSED,CLOSED,0,0,0,2022-11-04T08:58:57Z,2022-11-04T08:58:57Z,2022-11-04T08:58:57Z,2,2
3236b1f8-2bc1-3e38-892b-c99074a46cf1,3236b1f8-2bc1-3e38-c539-a29407c6a206,13b774a4-f1f1-35fc-9c15-337161433bbe,26aab0cd-6aba-3e1b-ac5b-05c8867e762c,,1,1,66383009,,,,,,,,,3236b1f8-2bc1-3e38-b9ef-910d571bb623,2022-11-04T04:52:26Z,,13b774a4-f1f1-35fc-9c15-337161433bbe,CLOSED,CLOSED,CLOSED,0,0,0,2022-11-04T08:58:57Z,2022-11-04T08:58:57Z,2022-11-04T08:58:57Z,2,2
3236b1f8-2bc1-3e38-04f4-f1b6cfbebcdc,3236b1f8-2bc1-3e38-c539-a29407c6a206,13b774a4-f1f1-35fc-9c15-337161433bbe,26aab0cd-6aba-3e1b-ac5b-05c8867e762c,,1,1,72892002,,,,,,,,,3236b1f8-2bc1-3e38-d357-0acb75a9ccd6,2022-11-25T04:52:26Z,2022-11-25T04:52:26Z,13b774a4-f1f1-35fc-9c15-337161433bbe,CLOSED,CLOSED,CLOSED,0,0,0,2022-11-25T05:07:26Z,2022-11-25T05:07:26Z,2022-11-25T05:07:26Z,2,2
3236b1f8-2bc1-3e38-95e4-015ae905a4c4,3236b1f8-2bc1-3e38-c539-a29407c6a206,13b774a4-f1f1-35fc-9c15-337161433bbe,26aab0cd-6aba-3e1b-ac5b-05c8867e762c,,1,1,72892002,,,,,,,,,3236b1f8-2bc1-3e38-0df9-9b7c42b44234,2022-12-23T04:52:26Z,2022-12-23T04:52:26Z,13b774a4-f1f1-35fc-9c15-337161433bbe,CLOSED,CLOSED,CLOSED,0,0,0,2022-12-23T05:07:26Z,2022-12-23T05:07:26Z,2022-12-23T05:07:26Z,2,2
3236b1f8-2bc1-3e38-9105-4efe16fa3437,3236b1f8-2bc1-3e38-c539-a29407c6a206,5ece97a8-0332-39a6-a070-70c0a727b695,26aab0cd-6aba-3e1b-ac5b-05c8867e762c,,4,4,72892002,,,,,,,,,3236b1f8-2bc1-3e38-30d3-ce65dfff3bee,2023-01-06T04:52:26Z,2023-01-06T04:52:26Z,5ece97a8-0332-39a6-a070-70c0a727b695,CLOSED,CLOSED,CLOSED,0,0,0,2023-01-06T05:52:26Z,2023-01-06T05:52:26Z,2023-01-06T05:52:26Z,2,2
3236b1f8-2bc1-3e38-70b3-c2b9dd79a5b5,3236b1f8-2bc1-3e38-c539-a29407c6a206,13b774a4-f1f1-35fc-9c15-337161433bbe,26aab0cd-6aba-3e1b-ac5b-05c8867e762c,,1,1,169762003,,,,,,,,,3236b1f8-2bc1-3e38-965d-adaa199ad1e1,2023-02-17T04:52:26Z,2023-02-17T04:52:26Z,13b774a4-f1f1-35fc-9c15-337161433bbe,CLOSED,CLOSED,CLOSED,0,0,0,2023-02-17T05:07:26Z,2023-02-17T05:07:26Z,2023-02-17T05:07:26Z,2,2
3236b1f8-2bc1-3e38-e7d7-2bf573b261d2,3236b1f8-2bc1-3e38-c539-a29407c6a206,13b774a4-f1f1-35fc-9c15-337161433bbe,26aab0cd-6aba-3e1b-ac5b-05c8867e762c,,2,2,389095005,,,,,,,,,3236b1f8-2bc1-3e38-8ce3-59cf699d85b8,2023-02-24T04:52:26Z,2023-02-24T04:52:26Z,13b774a4-f1f1-35fc-9c15-337161433bbe,CLOSED,CLOSED,CLOSED,0,0,0,2023-02-24T05:07:26Z,2023-02-24T05:07:26Z,2023-02-24T05:07:26Z,2,2
3236b1f8-2bc1-3e38-963d-b54d9741de2c,3236b1f8-2bc1-3e38-c539-a29407c6a206,13b774a4-f1f1-35fc-9c15-337161433bbe,26aab0cd-6aba-3e1b-ac5b-05c8867e762c,,2,2,389095005,,,,,,,,,3236b1f8-2bc1-3e38-8ce3-59cf699d85b8,2023-02-24T04:52:26Z,2023-02-24T04:52:26Z,13b774a4-f1f1-35fc-9c15-337161433bbe,CLOSED,CLOSED,CLOSED,0,0,0,2023-02-24T05:07:26Z,2023-02-24T05:07:26Z,2023-02-24T05:07:26Z,2,2
3236b1f8-2bc1-3e38-5c08-04fa29e7e191,3236b1f8-2bc1-3e38-c539-a29407c6a206,13b774a4-f1f1-35fc-9c15-337161433bbe,26aab0cd-6aba-3e1b-ac5b-05c8867e762c,,1,1,444814009,444814009,,,,,,,,3236b1f8-2bc1-3e38-33c5-ec6c60971d78,2023-06-10T18:52:26Z,2023-06-10T18:52:26Z,13b774a4-f1f1-35fc-9c15-337161433bbe,CLOSED,CLOSED,CLOSED,0,0,0,2023-06-10T19:07:26Z,2023-06-10T19:07:26Z,2023-06-10T19:07:26Z,2,2
3236b1f8-2bc1-3e38-744a-8a7692039d67,3236b1f8-2bc1-3e38-c539-a29407c6a206,b73d5fef-7a76-334c-af1c-4d3803aa6288,26aab0cd-6aba-3e1b-ac5b-05c8867e762c,,20,20,160903007,,,,,,,,,3236b1f8-2bc1-3e38-e6c4-c47bb55497c3,2023-10-27T04:52:26Z,2023-10-27T04:52:26Z,b73d5fef-7a76-334c-af1c-4d3803aa6288,CLOSED,CLOSED,CLOSED,0,0,0,2023-10-27T05:43:51Z,2023-10-27T05:43:51Z,2023-10-27T05:43:51Z,1,1
3236b1f8-2bc1-3e38-2c2b-2bb236f576de,3236b1f8-2bc1-3e38-c539-a29407c6a206,70c15b74-edf0-4a95-be93-1f63848634bb,26aab0cd-6aba-3e1b-ac5b-05c8867e762c,,1,1,103697008,109570002,,,,,,,,3236b1f8-2bc1-3e38-98a1-98d6f988ad5b,2023-10-27T07:31:31Z,2023-11-10T04:52:26Z,13b774a4-f1f1-35fc-9c15-337161433bbe,CLOSED,CLOSED,CLOSED,0,0,0,2023-11-10T07:50:47Z,2023-11-10T07:50:47Z,2023-11-10T07:50:47Z,2,2
3236b1f8-2bc1-3e38-d14c-423e2751b9f8,3236b1f8-2bc1-3e38-c539-a29407c6a206,13b774a4-f1f1-35fc-9c15-337161433bbe,26aab0cd-6aba-3e1b-ac5b-05c8867e762c,,1,1,103697008,109570002,,,,,,,,3236b1f8-2bc1-3e38-98a1-98d6f988ad5b,2023-10-27T07:31:31Z,2023-11-10T04:52:26Z,13b774a4-f1f1-35fc-9c15-337161433bbe,CLOSED,CLOSED,CLOSED,0,0,0,2023-11-10T07:50:47Z,2023-11-10T07:50:47Z,2023-11-10T07:50:47Z,2,2
3236b1f8-2bc1-3e38-920d-3536189fe7ce,3236b1f8-2bc1-3e38-c539-a29407c6a206,13b774a4-f1f1-35fc-9c15-337161433bbe,26aab0cd-6aba-3e1b-ac5b-05c8867e762c,,2,2,389095005,,,,,,,,,3236b1f8-2bc1-3e38-d94b-96d8b1296211,2024-02-19T04:52:26Z,2024-02-19T04:52:26Z,13b774a4-f1f1-35fc-9c15-337161433bbe,CLOSED,CLOSED,CLOSED,0,0,0,2024-02-19T05:07:26Z,2024-02-19T05:07:26Z,2024-02-19T05:07:26Z,2,2
3236b1f8-2bc1-3e38-1b3f-e47afcfdd9cb,3236b1f8-2bc1-3e38-c539-a29407c6a206,13b774a4-f1f1-35fc-9c15-337161433bbe,26aab0cd-6aba-3e1b-ac5b-05c8867e762c,,2,2,389095005,,,,,,,,,3236b1f8-2bc1-3e38-d94b-96d8b1296211,2024-02-19T04:52:26Z,2024-02-19T04:52:26Z,13b774a4-f1f1-35fc-9c15-337161433bbe,CLOSED,CLOSED,CLOSED,0,0,0,2024-02-19T05:07:26Z,2024-02-19T05:07:26Z,2024-02-19T05:07:26Z,2,2
3236b1f8-2bc1-3e38-a032-4b2305bb189e,3236b1f8-2bc1-3e38-c539-a29407c6a206,13b774a4-f1f1-35fc-9c15-337161433bbe,26aab0cd-6aba-3e1b-ac5b-05c8867e762c,,2,2,389095005,,,,,,,,,3236b1f8-2bc1-3e38-77a8-b2d768d01922,2025-02-13T04:52:26Z,2025-02-13T04:52:26Z,13b774a4-f1f1-35fc-9c15-337161433bbe,CLOSED,CLOSED,CLOSED,0,0,0,2025-02-13T05:07:26Z,2025-02-13T05:07:26Z,2025-02-13T05:07:26Z,2,2
3236b1f8-2bc1-3e38-d75e-5767d36cb26d,3236b1f8-2bc1-3e38-c539-a29407c6a206,13b774a4-f1f1-35fc-9c15-337161433bbe,26aab0cd-6aba-3e1b-ac5b-05c8867e762c,,2,2,389095005,,,,,,,,,3236b1f8-2bc1-3e38-77a8-b2d768d01922,2025-02-13T04:52:26Z,2025-02-13T04:52:26Z,13b774a4-f1f1-35fc-9c15-337161433bbe,CLOSED,CLOSED,CLOSED,0,0,0,2025-02-13T05:07:26Z,2025-02-13T05:07:26Z,2025-02-13T05:07:26Z,2,2
3236b1f8-2bc1-3e38-298b-d29e59e9399b,3236b1f8-2bc1-3e38-c539-a29407c6a206,13b774a4-f1f1-35fc-9c15-337161433bbe,26aab0cd-6aba-3e1b-ac5b-05c8867e762c,,2,2,389095005,,,,,,,,,3236b1f8-2bc1-3e38-9395-011cfc56f1eb,2025-02-15T19:52:26Z,2025-02-15T19:52:26Z,13b774a4-f1f1-35fc-9c15-337161433bbe,CLOSED,CLOSED,CLOSED,0,0,0,2025-02-15T21:01:14Z,2025-02-15T21:01:14Z,2025-02-15T21:01:14Z,2,2
3236b1f8-2bc1-3e38-3254-6b12388bac80,3236b1f8-2bc1-3e38-c539-a29407c6a206,13b774a4-f1f1-35fc-9c15-337161433bbe,26aab0cd-6aba-3e1b-ac5b-05c8867e762c,,2,2,389095005,,,,,,,,,3236b1f8-2bc1-3e38-03f1-cbbfde4a1014,2026-02-10T21:01:14Z,2026-02-10T21:01:14Z,13b774a4-f1f1-35fc-9c15-337161433bbe,CLOSED,CLOSED,CLOSED,0,0,0,2026-02-10T21:16:14Z,2026-02-10T21:16:14Z,2026-02-10T21:16:14Z,2,2
3236b1f8-2bc1-3e38-44fb-c3ce1cc017e2,3236b1f8-2bc1-3e38-c539-a29407c6a206,13b774a4-f1f1-35fc-9c15-337161433bbe,26aab0cd-6aba-3e1b-ac5b-05c8867e762c,,2,2,389095005,,,,,,,,,3236b1f8-2bc1-3e38-03f1-cbbfde4a1014,2026-02-10T21:01:14Z,02/10/2026T21:01:14Z,13b774a4-f1f1-35fc-9c15-337161433bbe,CLOSED,CLOSED,CLOSED,0,0,0,2026-02-10T21:16:14Z,2026-02-10T21:16:14Z,2026-02-10T21:16:14Z,2,2
a296a2ba-b1ad-a3c5-950d-d79288485e24,a296a2ba-b1ad-a3c5-d172-aa3dfdbcdab9,5ed4b340-c9e6-346f-a056-dd612253c645,df166300-5a78-3502-a46a-832842197811,,1,1,75498004,40055000,,,,,,,,a296a2ba-b1ad-a3c5-3f73-6a9c53497dbf,2001-11-11T05:37:05Z,2001-11-11T05:37:05Z,5ed4b340-c9e6-346f-a056-dd612253c645,CLOSED,CLOSED,CLOSED,0,0,0,2001-11-11T05:52:05Z,2001-11-11T05:52:05Z,2001-11-11T05:52:05Z,2,2
a296a2ba-b1ad-a3c5-36c1-09d3fd3b99a5,a296a2ba-b1ad-a3c5-d172-aa3dfdbcdab9,9bc90922-c2de-322e-a36c-008eb1a7bdf3,df166300-5a78-3502-a46a-832842197811,,20,20,105531004,224299000,706893006,,,,,,,a296a2ba-b1ad-a3c5-e893-1c7acff5edb2,2005-05-01T23:37:05Z,2005-05-01T23:37:05Z,9bc90922-c2de-322e-a36c-008eb1a7bdf3,CLOSED,CLOSED,CLOSED,0,0,0,2005-05-02T00:08:52Z,2005-05-02T00:08:52Z,2005-05-02T00:08:52Z,1,1
a296a2ba-b1ad-a3c5-e195-d1ce69259841,a296a2ba-b1ad-a3c5-d172-aa3dfdbcdab9,5ed4b340-c9e6-346f-a056-dd612253c645,df166300-5a78-3502-a46a-832842197811,,1,1,37320007,37320007,,,,,,,,a296a2ba-b1ad-a3c5-0fc7-e5926e81cc4b,2005-05-22T23:37:05Z,,5ed4b340-c9e6-346f-a056-dd612253c645,CLOSED,CLOSED,CLOSED,0,0,0,2005-05-23T00:59:07Z,2005-05-23T00:59:07Z,2005-05-23T00:59:07Z,2,2
a296a2ba-b1ad-a3c5-a3d2-98eff1edaf84,a296a2ba-b1ad-a3c5-d172-aa3dfdbcdab9,9bc90922-c2de-322e-a36c-008eb1a7bdf3,df166300-5a78-3502-a46a-832842197811,,20,20,73595000,,,,,,,,,a296a2ba-b1ad-a3c5-5b2f-36611c5f9309,2006-05-07T23:37:05Z,2006-05-07T23:37:05Z,9bc90922-c2de-322e-a36c-008eb1a7bdf3,CLOSED,CLOSED,CLOSED,0,0,0,2006-05-08T00:24:10Z,2006-05-08T00:24:10Z,2006-05-08T00:24:10Z,1,1
a296a2ba-b1ad-a3c5-34cb-50e47d93de76,a296a2ba-b1ad-a3c5-d172-aa3dfdbcdab9,9bc90922-c2de-322e-a36c-008eb1a7bdf3,df166300-5a78-3502-a46a-832842197811,,20,20,314529007,714628002,,,,,,,,a296a2ba-b1ad-a3c5-9391-a2b3c5e53150,2009-05-10T23:37:05Z,2009-05-10T23:37:05Z,9bc90922-c2de-322e-a36c-008eb1a7bdf3,CLOSED,CLOSED,CLOSED,0,0,0,2009-05-11T00:35:19Z,2009-05-11T00:35:19Z,2009-05-11T00:35:19Z,1,1
a296a2ba-b1ad-a3c5-4a64-7981f98b9251,a296a2ba-b1ad-a3c5-d172-aa3dfdbcdab9,9bc90922-c2de-322e-a36c-008eb1a7bdf3,df166300-5a78-3502-a46a-832842197811,,20,20,422650009,,,,,,,,,a296a2ba-b1ad-a3c5-bb1d-14f5d224aa54,2012-05-13T23:37:05Z,2012-05-13T23:37:05Z,9bc90922-c2de-322e-a36c-008eb1a7bdf3,CLOSED,CLOSED,CLOSED,0,0,0,2012-05-14T00:20:50Z,2012-05-14T00:20:50Z,2012-05-14T00:20:50Z,1,1
a296a2ba-b1ad-a3c5-223c-eccbb3d4291b,a296a2ba-b1ad-a3c5-d172-aa3dfdbcdab9,5ed4b340-c9e6-346f-a056-dd612253c645,df166300-5a78-3502-a46a-832842197811,,3,3,183996000,267020005,,,,,,,,a296a2ba-b1ad-a3c5-1324-5258c9c4d2f8,2013-01-12T00:43:56Z,2013-01-12T00:43:56Z,5ed4b340-c9e6-346f-a056-dd612253c645,CLOSED,CLOSED,CLOSED,0,0,0,2013-01-13T00:43:56Z,2013-01-13T00:43:56Z,2013-01-13T00:43:56Z,2,2
a296a2ba-b1ad-a3c5-c998-61405b7a0a0e,a296a2ba-b1ad-a3c5-d172-aa3dfdbcdab9,5ed4b340-c9e6-346f-a056-dd612253c645,df166300-5a78-3502-a46a-832842197811,,2,2,82423001,82423001,278860009,,,,,,,a296a2ba-b1ad-a3c5-aad2-e061e227cec6,2014-02-04T23:37:05Z,2014-02-04T23:37:05Z,5ed4b340-c9e6-346f-a056-dd612253c645,CLOSED,CLOSED,CLOSED,0,0,0,2014-02-04T23:52:05Z,2014-02-04T23:52:05Z,2014-02-04T23:52:05Z,2,2
a296a2ba-b1ad-a3c5-0aff-c59f70d65e9a,a296a2ba-b1ad-a3c5-d172-aa3dfdbcdab9,9bc90922-c2de-322e-a36c-008eb1a7bdf3,df166300-5a78-3502-a46a-832842197811,,20,20,160904001,423315002,,,,,,,,a296a2ba-b1ad-a3c5-8c96-07826878c82a,2015-05-17T23:37:05Z,2015-05-17T23:37:05Z,9bc90922-c2de-322e-a36c-008eb1a7bdf3,CLOSED,CLOSED,CLOSED,0,0,0,2015-05-18T00:26:35Z,2015-05-18T00:26:35Z,2015-05-18T00:26:35Z,1,1
a296a2ba-b1ad-a3c5-b7f2-826d1b589ca5,a296a2ba-b1ad-a3c5-d172-aa3dfdbcdab9,5ed4b340-c9e6-346f-a056-dd612253c645,df166300-5a78-3502-a46a-832842197811,,2,2,389095005,,,,,,,,,a296a2ba-b1ad-a3c5-5c83-9eb8556fc8e2,2016-08-28T23:37:05Z,2016-08-28T23:37:05Z,5ed4b340-c9e6-346f-a056-dd612253c645,CLOSED,CLOSED,CLOSED,0,0,0,2016-08-28T23:52:10Z,2016-08-28T23:52:10Z,2016-08-28T23:52:10Z,2,2
a296a2ba-b1ad-a3c5-d33b-4cca9a967510,a296a2ba-b1ad-a3c5-d172-aa3dfdbcdab9,5ed4b340-c9e6-346f-a056-dd612253c645,df166300-5a78-3502-a46a-832842197811,,2,2,389095005,,,,,,,,,a296a2ba-b1ad-a3c5-509f-6ca8868245d3,2016-11-27T23:37:05Z,11/27/2016T23:37:05Z,5ed4b340-c9e6-346f-a056-dd612253c645,CLOSED,CLOSED,CLOSED,0,0,0,2016-11-27T23:55:16Z,2016-11-27T23:55:16Z,2016-11-27T23:55:16Z,2,2
a296a2ba-b1ad-a3c5-4a1d-65e63da4224a,a296a2ba-b1ad-a3c5-d172-aa3dfdbcdab9,5ed4b340-c9e6-346f-a056-dd612253c645,df166300-5a78-3502-a46a-832842197811,,2,2,389095005,,,,,,,,,a296a2ba-b1ad-a3c5-07a5-0c1c799086fc,2017-02-26T23:37:05Z,2017-02-26T23:37:05Z,5ed4b340-c9e6-346f-a056-dd612253c645,CLOSED,CLOSED,CLOSED,0,0,0,2017-02-26T23:52:05Z,2017-02-26T23:52:05Z,2017-02-26T23:52:05Z,2,2
a296a2ba-b1ad-a3c5-8841-3e53ccc9c374,a296a2ba-b1ad-a3c5-d172-aa3dfdbcdab9,5ed4b340-c9e6-346f-a056-dd612253c645,df166300-5a78-3502-a46a-832842197811,,2,2,389095005,,,,,,,,,a296a2ba-b1ad-a3c5-2652-41efca291cca,2017-05-28T23:37:05Z,2017-05-28T23:37:05Z,5ed4b340-c9e6-346f-a056-dd612253c645,CLOSED,CLOSED,CLOSED,0,0,0,2017-05-28T23:56:29Z,2017-05-28T23:56:29Z,2017-05-28T23:56:29Z,2,2
a296a2ba-b1ad-a3c5-e22d-2c06822e2202,a296a2ba-b1ad-a3c5-d172-aa3dfdbcdab9,5ed4b340-c9e6-346f-a056-dd612253c645,df166300-5a78-3502-a46a-832842197811,,2,2,389095005,,,,,,,,,a296a2ba-b1ad-a3c5-5378-c585dfdd108d,2017-08-27T23:37:05Z,2017-08-27T23:37:05Z,5ed4b340-c9e6-346f-a056-dd612253c645,CLOSED,CLOSED,CLOSED,0,0,0,2017-08-27T23:52:05Z,2017-08-27T23:52:05Z,2017-08-27T23:52:05Z,2,2
a296a2ba-b1ad-a3c5-6c48-363654e3d92e,a296a2ba-b1ad-a3c5-d172-aa3dfdbcdab9,5ed4b340-c9e6-346f-a056-dd612253c645,df166300-5a78-3502-a46a-832842197811,,1,1,195662009,195662009,,,,,,,,a296a2ba-b1ad-a3c5-3635-c83a6503e16a,2017-10-18T21:37:05Z,2017-10-18T21:37:05Z,5ed4b340-c9e6-346f-a056-dd612253c645,CLOSED,CLOSED,CLOSED,0,0,0,2017-10-18T21:52:05Z,2017-10-18T21:52:05Z,2017-10-18T21:52:05Z,2,2
a296a2ba-b1ad-a3c5-3ad7-80185b706a7e,a296a2ba-b1ad-a3c5-d172-aa3dfdbcdab9,5ed4b340-c9e6-346f-a056-dd612253c645,df166300-5a78-3502-a46a-832842197811,,1,1,10509002,10509002,,,,,,,,a296a2ba-b1ad-a3c5-aa66-07a0cea92a7a,2017-10-28T13:37:05Z,2017-10-28T13:37:05Z,5ed4b340-c9e6-346f-a056-dd612253c645,CLOSED,CLOSED,CLOSED,0,0,0,2017-10-28T13:52:05Z,2017-10-28T13:52:05Z,2017-10-28T13:52:05Z,2,2
a296a2ba-b1ad-a3c5-e76f-9d0a152bd8f1,a296a2ba-b1ad-a3c5-d172-aa3dfdbcdab9,5ed4b340-c9e6-346f-a056-dd612253c645,df166300-5a78-3502-a46a-832842197811,,1,1,10509002,10509002,,,,,,,,a296a2ba-b1ad-a3c5-aa66-07a0cea92a7a,2017-10-28T13:37:05Z,2017-10-28T13:37:05Z,5ed4b340-c9e6-346f-a056-dd612253c645,CLOSED,CLOSED,CLOSED,0,0,0,2017-10-28T13:52:05Z,2017-10-28T13:52:05Z,2017-10-28T13:52:05Z,2,2
a296a2ba-b1ad-a3c5-9242-ff8cf09f7af8,a296a2ba-b1ad-a3c5-d172-aa3dfdbcdab9,5ed4b340-c9e6-346f-a056-dd612253c645,df166300-5a78-3502-a46a-832842197811,,2,2,389095005,,,,,,,,,a296a2ba-b1ad-a3c5-5e50-ea21a3434125,2017-11-26T23:37:05Z,2017-11-26T23:37:05Z,5ed4b340-c9e6-346f-a056-dd612253c645,CLOSED,CLOSED,CLOSED,0,0,0,2017-11-26T23:52:05Z,2017-11-26T23:52:05Z,2017-11-26T23:52:05Z,2,2
a296a2ba-b1ad-a3c5-2adc-676372c3640d,a296a2ba-b1ad-a3c5-d172-aa3dfdbcdab9,5ed4b340-c9e6-346f-a056-dd612253c645,df166300-5a78-3502-a46a-832842197811,,2,2,389095005,,,,,,,,,a296a2ba-b1ad-a3c5-1486-5ce96d90d6f9,2018-02-25T23:37:05Z,2018-02-25T23:37:05Z,5ed4b340-c9e6-346f-a056-dd612253c645,CLOSED,CLOSED,CLOSED,0,0,0,2018-02-25T23:52:53Z,2018-02-25T23:52:53Z,2018-02-25T23:52:53Z,2,2
a296a2ba-b1ad-a3c5-2e1e-3da38a0c2b8b,a296a2ba-b1ad-a3c5-d172-aa3dfdbcdab9,9bc90922-c2de-322e-a36c-008eb1a7bdf3,df166300-5a78-3502-a46a-832842197811,,20,20,271737000,160903007,266948004,,,,,,,a296a2ba-b1ad-a3c5-7434-5b1f1f984056,2018-05-20T23:37:05Z,2018-05-20T23:37:05Z,9bc90922-c2de-322e-a36c-008eb1a7bdf3,CLOSED,CLOSED,CLOSED,0,0,0,2018-05-21T00:08:16Z,2018-05-21T00:08:16Z,2018-05-21T00:08:16Z,1,1
a296a2ba-b1ad-a3c5-d2f3-05fcb922c8e6,a296a2ba-b1ad-a3c5-d172-aa3dfdbcdab9,5ed4b340-c9e6-346f-a056-dd612253c645,df166300-5a78-3502-a46a-832842197811,,2,2,389095005,,,,,,,,,a296a2ba-b1ad-a3c5-d7dc-348176057e6e,2018-05-27T23:37:05Z,,5ed4b340-c9e6-346f-a056-dd612253c645,CLOSED,CLOSED,CLOSED,0,0,0,2018-05-27T23:52:05Z,2018-05-27T23:52:05Z,2018-05-27T23:52:05Z,2,2
a296a2ba-b1ad-a3c5-2ef4-5768bfddaffa,a296a2ba-b1ad-a3c5-d172-aa3dfdbcdab9,5ed4b340-c9e6-346f-a056-dd612253c645,df166300-5a78-3502-a46a-832842197811,,1,1,271737000,,,,,,,,,a296a2ba-b1ad-a3c5-d420-cef2ec5adf8d,2018-05-20T23:37:05Z,2018-06-03T23:37:05Z,5ed4b340-c9e6-346f-a056-dd612253c645,CLOSED,CLOSED,CLOSED,0,0,0,2018-06-04T00:53:46Z,2018-06-04T00:53:46Z,2018-06-04T00:53:46Z,2,2
a296a2ba-b1ad-a3c5-23f0-8090d782e5bb,a296a2ba-b1ad-a3c5-d172-aa3dfdbcdab9,5ed4b340-c9e6-346f-a056-dd612253c645,df166300-5a78-3502-a46a-832842197811,,1,1,271737000,,,,,,,,,a296a2ba-b1ad-a3c5-d420-cef2ec5adf8d,2018-05-20T23:37:05Z,2018-06-03T23:37:05Z,5ed4b340-c9e6-346f-a056-dd612253c645,CLOSED,CLOSED,CLOSED,0,0,0,2018-06-04T00:53:46Z,2018-06-04T00:53:46Z,2018-06-04T00:53:46Z,2,2
a296a2ba-b1ad-a3c5-f117-d08a9d897185,a296a2ba-b1ad-a3c5-d172-aa3dfdbcdab9,5ed4b340-c9e6-346f-a056-dd612253c645,df166300-5a78-3502-a46a-832842197811,,2,2,389095005,,,,,,,,,a296a2ba-b1ad-a3c5-c086-5eba704291bd,2018-08-26T23:37:05Z,2018-08-26T23:37:05Z,5ed4b340-c9e6-346f-a056-dd612253c645,CLOSED,CLOSED,CLOSED,0,0,0,2018-08-26T23:52:05Z,2018-08-26T23:52:05Z,2018-08-26T23:52:05Z,2,2
a296a2ba-b1ad-a3c5-0932-a007eb9ff7ad,a296a2ba-b1ad-a3c5-d172-aa3dfdbcdab9,5ed4b340-c9e6-346f-a056-dd612253c645,df166300-5a78-3502-a46a-832842197811,,1,1,43878008,43878008,,,,,,,,a296a2ba-b1ad-a3c5-98e6-53af489230cb,2018-09-29T07:37:05Z,,5ed4b340-c9e6-346f-a056-dd612253c645,CLOSED,CLOSED,CLOSED,0,0,0,2018-09-29T07:52:05Z,2018-09-29T07:52:05Z,2018-09-29T07:52:05Z,2,2
a296a2ba-b1ad-a3c5-f521-af7930ce4f99,a296a2ba-b1ad-a3c5-d172-aa3dfdbcdab9,5ed4b340-c9e6-346f-a056-dd612253c645,df166300-5a78-3502-a46a-832842197811,,1,1,43878008,43878008,,,,,,,,a296a2ba-b1ad-a3c5-98e6-53af489230cb,2018-09-29T07:37:05Z,2018-09-29T07:37:05Z,5ed4b340-c9e6-346f-a056-dd612253c645,CLOSED,CLOSED,CLOSED,0,0,0,2018-09-29T07:52:05Z,2018-09-29T07:52:05Z,2018-09-29T07:52:05Z,2,2
a296a2ba-b1ad-a3c5-7f04-53862e933051,a296a2ba-b1ad-a3c5-d172-aa3dfdbcdab9,5ed4b340-c9e6-346f-a056-dd612253c645,df166300-5a78-3502-a46a-832842197811,,1,1,10509002,10509002,,,,,,,,a296a2ba-b1ad-a3c5-2d4c-da1a4d823077,2018-10-19T23:37:05Z,2018-10-19T23:37:05Z,5ed4b340-c9e6-346f-a056-dd612253c645,CLOSED,CLOSED,CLOSED,0,0,0,2018-10-19T23:52:05Z,2018-10-19T23:52:05Z,2018-10-19T23:52:05Z,2,2
a296a2ba-b1ad-a3c5-2e0f-dccca909eedf,a296a2ba-b1ad-a3c5-d172-aa3dfdbcdab9,5ed4b340-c9e6-346f-a056-dd612253c645,df166300-5a78-3502-a46a-832842197811,,1,1,10509002,10509002,,,,,,,,a296a2ba-b1ad-a3c5-2d4c-da1a4d823077,2018-10-19T23:37:05Z,2018-10-19T23:37:05Z,5ed4b340-c9e6-346f-a056-dd612253c645,CLOSED,CLOSED,CLOSED,0,0,0,2018-10-19T23:52:05Z,2018-10-19T23:52:05Z,2018-10-19T23:52:05Z,2,2
a296a2ba-b1ad-a3c5-2730-3436ab47f53a,a296a2ba-b1ad-a3c5-d172-aa3dfdbcdab9,5ed4b340-c9e6-346f-a056-dd612253c645,df166300-5a78-3502-a46a-832842197811,,2,2,314529007,,,,,,,,,a296a2ba-b1ad-a3c5-72e0-47b7b2f13c7e,2018-10-28T23:37:05Z,2018-10-28T23:37:05Z,5ed4b340-c9e6-346f-a056-dd612253c645,CLOSED,CLOSED,CLOSED,0,0,0,2018-10-29T00:29:10Z,2018-10-29T00:29:10Z,2018-10-29T00:29:10Z,2,2
a296a2ba-b1ad-a3c5-2deb-9ebab3c39d26,a296a2ba-b1ad-a3c5-d172-aa3dfdbcdab9,5ed4b340-c9e6-346f-a056-dd612253c645,df166300-5a78-3502-a46a-832842197811,,1,1,103697008,109570002,,,,,,,,a296a2ba-b1ad-a3c5-ad60-a0564eca413b,2018-11-11T23:37:05Z,2018-11-11T23:37:05Z,5ed4b340-c9e6-346f-a056-dd612253c645,CLOSED,CLOSED,CLOSED,0,0,0,2018-11-12T03:53:25Z,2018-11-12T03:53:25Z,2018-11-12T03:53:25Z,2,2
a296a2ba-b1ad-a3c5-f856-3701e42eff39,a296a2ba-b1ad-a3c5-d172-aa3dfdbcdab9,5ed4b340-c9e6-346f-a056-dd612253c645,df166300-5a78-3502-a46a-832842197811,,1,1,103697008,109570002,,,,,,,,a296a2ba-b1ad-a3c5-ad60-a0564eca413b,2018-11-11T23:37:05Z,2018-11-11T23:37:05Z,5ed4b340-c9e6-346f-a056-dd612253c645,CLOSED,CLOSED,CLOSED,0,0,0,2018-11-12T03:53:25Z,2018-11-12T03:53:25Z,2018-11-12T03:53:25Z,2,2
a296a2ba-b1ad-a3c5-fa81-2de851478efc,a296a2ba-b1ad-a3c5-d172-aa3dfdbcdab9,5ed4b340-c9e6-346f-a056-dd612253c645,df166300-5a78-3502-a46a-832842197811,,2,2,389095005,,,,,,,,,a296a2ba-b1ad-a3c5-0196-3f1cdfe84adb,2018-11-25T23:37:05Z,2018-11-25T23:37:05Z,5ed4b340-c9e6-346f-a056-dd612253c645,CLOSED,CLOSED,CLOSED,0,0,0,2018-11-25T23:52:05Z,2018-11-25T23:52:05Z,2018-11-25T23:52:05Z,2,2
a296a2ba-b1ad-a3c5-e4ee-1a3751d2a929,a296a2ba-b1ad-a3c5-d172-aa3dfdbcdab9,5ed4b340-c9e6-346f-a056-dd612253c645,df166300-5a78-3502-a46a-832842197811,,1,1,444814009,444814009,,,,,,,,a296a2ba-b1ad-a3c5-fe24-ebd2d360b1a8,2019-02-07T09:37:05Z,2019-02-07T09:37:05Z,5ed4b340-c9e6-346f-a056-dd612253c645,CLOSED,CLOSED,CLOSED,0,0,0,2019-02-07T09:52:05Z,2019-02-07T09:52:05Z,2019-02-07T09:52:05Z,2,2
a296a2ba-b1ad-a3c5-5fa6-aa7f8c257c62,a296a2ba-b1ad-a3c5-d172-aa3dfdbcdab9,5ed4b340-c9e6-346f-a056-dd612253c645,df166300-5a78-3502-a46a-832842197811,,1,1,444814009,444814009,,,,,,,,a296a2ba-b1ad-a3c5-fe24-ebd2d360b1a8,2019-02-07T09:37:05Z,2019-02-07T09:37:05Z,5ed4b340-c9e6-346f-a056-dd612253c645,CLOSED,CLOSED,CLOSED,0,0,0,2019-02-07T09:52:05Z,2019-02-07T09:52:05Z,2019-02-07T09:52:05Z,2,2
a296a2ba-b1ad-a3c5-6b8b-5b59ae028309,a296a2ba-b1ad-a3c5-d172-aa3dfdbcdab9,5ed4b340-c9e6-346f-a056-dd612253c645,df166300-5a78-3502-a46a-832842197811,,2,2,389095005,,,,,,,,,a296a2ba-b1ad-a3c5-680d-68c36841ffb0,2019-02-24T23:37:05Z,2019-02-24T23:37:05Z,5ed4b340-c9e6-346f-a056-dd612253c645,CLOSED,CLOSED,CLOSED,0,0,0,2019-02-24T23:52:05Z,2019-02-24T23:52:05Z,2019-02-24T23:52:05Z,2,2
a296a2ba-b1ad-a3c5-63a8-81ee2d4da753,a296a2ba-b1ad-a3c5-d172-aa3dfdbcdab9,5ed4b340-c9e6-346f-a056-dd612253c645,df166300-5a78-3502-a46a-832842197811,,2,2,389095005,,,,,,,,,a296a2ba-b1ad-a3c5-a5c3-de7adc0bb8bd,2019-05-26T23:37:05Z,2019-05-26T23:37:05Z,5ed4b340-c9e6-346f-a056-dd612253c645,CLOSED,CLOSED,CLOSED,0,0,0,2019-05-26T23:55:45Z,2019-05-26T23:55:45Z,2019-05-26T23:55:45Z,2,2
a296a2ba-b1ad-a3c5-e23b-d32d3418f133,a296a2ba-b1ad-a3c5-d172-aa3dfdbcdab9,5ed4b340-c9e6-346f-a056-dd612253c645,df166300-5a78-3502-a46a-832842197811,,2,2,389095005,,,,,,,,,a296a2ba-b1ad-a3c5-1bf1-b9b9d9a06fb1,2019-08-25T23:37:05Z,2019-08-25T23:37:05Z,5ed4b340-c9e6-346f-a056-dd612253c645,CLOSED,CLOSED,CLOSED,0,0,0,2019-08-25T23:56:34Z,2019-08-25T23:56:34Z,2019-08-25T23:56:34Z,2,2
a296a2ba-b1ad-a3c5-5744-c99135af0419,a296a2ba-b1ad-a3c5-d172-aa3dfdbcdab9,5ed4b340-c9e6-346f-a056-dd612253c645,df166300-5a78-3502-a46a-832842197811,,2,2,389095005,,,,,,,,,a296a2ba-b1ad-a3c5-03d5-99c1d37a0734,2019-11-24T23:37:05Z,2019-11-24T23:37:05Z,5ed4b340-c9e6-346f-a056-dd612253c645,CLOSED,CLOSED,CLOSED,0,0,0,2019-11-24T23:52:05Z,2019-11-24T23:52:05Z,2019-11-24T23:52:05Z,2,2
a296a2ba-b1ad-a3c5-2762-170ca0d80543,a296a2ba-b1ad-a3c5-d172-aa3dfdbcdab9,5ed4b340-c9e6-346f-a056-dd612253c645,df166300-5a78-3502-a46a-832842197811,,2,2,389095005,,,,,,,,,a296a2ba-b1ad-a3c5-d875-fdebae1eecc3,2020-02-23T23:37:05Z,2020-02-23T23:37:05Z,5ed4b340-c9e6-346f-a056-dd612253c645,CLOSED,CLOSED,CLOSED,0,0,0,2020-02-23T23:52:05Z,2020-02-23T23:52:05Z,2020-02-23T23:52:05Z,2,2
a296a2ba-b1ad-a3c5-4009-4bcbf0322feb,a296a2ba-b1ad-a3c5-d172-aa3dfdbcdab9,5ed4b340-c9e6-346f-a056-dd612253c645,df166300-5a78-3502-a46a-832842197811,,2,2,389095005,,,,,,,,,a296a2ba-b1ad-a3c5-5f23-50aee4bf696e,2020-05-24T23:37:05Z,2020-05-24T23:37:05Z,5ed4b340-c9e6-346f-a056-dd612253c645,CLOSED,CLOSED,CLOSED,0,0,0,2020-05-24T23:56:11Z,2020-05-24T23:56:11Z,2020-05-24T23:56:11Z,2,2
a296a2ba-b1ad-a3c5-064d-0d718227ae16,a296a2ba-b1ad-a3c5-d172-aa3dfdbcdab9,5ed4b340-c9e6-346f-a056-dd612253c645,df166300-5a78-3502-a46a-832842197811,,2,2,389095005,,,,,,,,,a296a2ba-b1ad-a3c5-5627-8817feb293fe,2020-08-23T23:37:05Z,2020-08-23T23:37:05Z,5ed4b340-c9e6-346f-a056-dd612253c645,CLOSED,CLOSED,CLOSED,0,0,0,2020-08-23T23:52:05Z,2020-08-23T23:52:05Z,2020-08-23T23:52:05Z,2,2
a296a2ba-b1ad-a3c5-6395-2e8d84a7800f,a296a2ba-b1ad-a3c5-d172-aa3dfdbcdab9,5ed4b340-c9e6-346f-a056-dd612253c645,df166300-5a78-3502-a46a-832842197811,,2,2,389095005,,,,,,,,,a296a2ba-b1ad-a3c5-30fb-04e7c7a73897,2021-02-21T23:37:05Z,2021-02-21T23:37:05Z,5ed4b340-c9e6-346f-a056-dd612253c645,CLOSED,CLOSED,CLOSED,0,0,0,2021-02-21T23:53:56Z,2021-02-21T23:53:56Z,2021-02-21T23:53:56Z,2,2
a296a2ba-b1ad-a3c5-db38-6197c5e45943,a296a2ba-b1ad-a3c5-d172-aa3dfdbcdab9,9bc90922-c2de-322e-a36c-008eb1a7bdf3,df166300-5a78-3502-a46a-832842197811,,20,20,314529007,162864005,73595000,66383009,,,,,,a296a2ba-b1ad-a3c5-1eca-1bd66f5d405d,2021-05-23T23:37:05Z,2021-05-23T23:37:05Z,9bc90922-c2de-322e-a36c-008eb1a7bdf3,CLOSED,CLOSED,CLOSED,0,0,0,2021-05-24T00:23:40Z,2021-05-24T00:23:40Z,2021-05-24T00:23:40Z,1,1
a296a2ba-b1ad-a3c5-c5ff-8263884507fd,a296a2ba-b1ad-a3c5-d172-aa3dfdbcdab9,5ed4b340-c9e6-346f-a056-dd612253c645,df166300-5a78-3502-a46a-832842197811,,2,2,389095005,,,,,,,,,a296a2ba-b1ad-a3c5-bbba-1758f975f504,2021-05-30T23:37:05Z,2021-05-30T23:37:05Z,5ed4b340-c9e6-346f-a056-dd612253c645,CLOSED,CLOSED,CLOSED,0,0,0,2021-05-30T23:52:34Z,2021-05-30T23:52:34Z,2021-05-30T23:52:34Z,2,2
a296a2ba-b1ad-a3c5-eaa3-e823d9aa7428,a296a2ba-b1ad-a3c5-d172-aa3dfdbcdab9,5ed4b340-c9e6-346f-a056-dd612253c645,df166300-5a78-3502-a46a-832842197811,,1,1,66383009,,,,,,,,,a296a2ba-b1ad-a3c5-fc7b-7cadde66fbcc,2021-06-06T23:37:05Z,2021-06-06T23:37:05Z,5ed4b340-c9e6-346f-a056-dd612253c645,CLOSED,CLOSED,CLOSED,0,0,0,2021-06-07T02:43:32Z,2021-06-07T02:43:32Z,2021-06-07T02:43:32Z,2,2
a296a2ba-b1ad-a3c5-a44b-195c9e0d038b,a296a2ba-b1ad-a3c5-d172-aa3dfdbcdab9,5ed4b340-c9e6-346f-a056-dd612253c645,df166300-5a78-3502-a46a-832842197811,,1,1,37320007,,,,,,,,,a296a2ba-b1ad-a3c5-90f0-c0eecdea6093,2005-05-22T23:37:05Z,2021-07-06T06:20:26Z,5ed4b340-c9e6-346f-a056-dd612253c645,CLOSED,CLOSED,CLOSED,0,0,0,2021-07-06T07:33:44Z,2021-07-06T07:33:44Z,2021-07-06T07:33:44Z,2,2
a296a2ba-b1ad-a3c5-3c10-f12dec69a5f5,a296a2ba-b1ad-a3c5-d172-aa3dfdbcdab9,5ed4b340-c9e6-346f-a056-dd612253c645,df166300-5a78-3502-a46a-832842197811,,1,1,37320007,,,,,,,,,a296a2ba-b1ad-a3c5-1735-a456d7397d0a,2005-05-22T23:37:05Z,2021-07-27T07:33:44Z,5ed4b340-c9e6-346f-a056-dd612253c645,CLOSED,CLOSED,CLOSED,0,0,0,2021-07-27T08:27:50Z,2021-07-27T08:27:50Z,2021-07-27T08:27:50Z,2,2
a296a2ba-b1ad-a3c5-c466-d509e16b7ef4,a296a2ba-b1ad-a3c5-d172-aa3dfdbcdab9,5ed4b340-c9e6-346f-a056-dd612253c645,df166300-5a78-3502-a46a-832842197811,,2,2,33879002,,,,,,,,,a296a2ba-b1ad-a3c5-7d98-a19458fee212,2021-08-15T23:37:05Z,2021-08-15T23:37:05Z,5ed4b340-c9e6-346f-a056-dd612253c645,,CLOSED,CLOSED,0,0,0,2021-08-15T23:52:05Z,2021-08-15T23:52:05Z,2021-08-15T23:52:05Z,2,2
a296a2ba-b1ad-a3c5-e002-65b4ca93d196,a296a2ba-b1ad-a3c5-d172-aa3dfdbcdab9,5ed4b340-c9e6-346f-a056-dd612253c645,df166300-5a78-3502-a46a-832842197811,,2,2,389095005,,,,,,,,,a296a2ba-b1ad-a3c5-e44b-2dc501ca182e,2021-08-29T23:37:05Z,2021-08-29T23:37:05Z,5ed4b340-c9e6-346f-a056-dd612253c645,CLOSED,CLOSED,CLOSED,0,0,0,2021-09-05T23:52:05Z,2021-09-05T23:52:05Z,2021-09-05T23:52:05Z,2,2
a296a2ba-b1ad-a3c5-a709-74358c02a0fa,a296a2ba-b1ad-a3c5-d172-aa3dfdbcdab9,5ed4b340-c9e6-346f-a056-dd612253c645,df166300-5a78-3502-a46a-832842197811,,2,2,389095005,,,,,,,,,a296a2ba-b1ad-a3c5-c039-d5eeac631359,2022-02-27T23:37:05Z,2022-02-27T23:37:05Z,5ed4b340-c9e6-346f-a056-dd612253c645,CLOSED,CLOSED,CLOSED,0,0,0,2022-02-27T23:53:04Z,2022-02-27T23:53:04Z,2022-02-27T23:53:04Z,2,2
a296a2ba-b1ad-a3c5-5629-85941a20f6bf,a296a2ba-b1ad-a3c5-d172-aa3dfdbcdab9,5ed4b340-c9e6-346f-a056-dd612253c645,df166300-5a78-3502-a46a-832842197811,,2,2,389095005,,,,,,,,,a296a2ba-b1ad-a3c5-87da-1babf72ed7b3,2022-08-28T23:37:05Z,2022-08-28T23:37:05Z,5ed4b340-c9e6-346f-a056-dd612253c645,CLOSED,CLOSED,CLOSED,0,0,0,2022-08-28T23:52:05Z,2022-08-28T23:52:05Z,2022-08-28T23:52:05Z,2,2
a296a2ba-b1ad-a3c5-9687-034d5718fcd1,a296a2ba-b1ad-a3c5-d172-aa3dfdbcdab9,5ed4b340-c9e6-346f-a056-dd612253c645,df166300-5a78-3502-a46a-832842197811,,2,2,389095005,,,,,,,,,a296a2ba-b1ad-a3c5-15ec-4df982873405,,2022-11-27T23:37:05Z,5ed4b340-c9e6-346f-a056-dd612253c645,CLOSED,CLOSED,CLOSED,0,0,0,2022-11-27T23:52:05Z,2022-11-27T23:52:05Z,2022-11-27T23:52:05Z,2,2
a296a2ba-b1ad-a3c5-13a8-246034ec96d3,a296a2ba-b1ad-a3c5-d172-aa3dfdbcdab9,5ed4b340-c9e6-346f-a056-dd612253c645,df166300-5a78-3502-a46a-832842197811,,2,2,389095005,,,,,,,,,a296a2ba-b1ad-a3c5-13a3-6cce522682da,2023-02-26T23:37:05Z,2023-02-26T23:37:05Z,5ed4b340-c9e6-346f-a056-dd612253c645,CLOSED,CLOSED,CLOSED,0,0,0,2023-02-26T23:53:06Z,2023-02-26T23:53:06Z,2023-02-26T23:53:06Z,2,2
a296a2ba-b1ad-a3c5-9e9d-2cc21ac544f7,a296a2ba-b1ad-a3c5-d172-aa3dfdbcdab9,5ed4b340-c9e6-346f-a056-dd612253c645,df166300-5a78-3502-a46a-832842197811,,2,2,389095005,,,,,,,,,a296a2ba-b1ad-a3c5-ebde-03111ad0d76f,2023-05-28T23:37:05Z,2023-05-28T23:37:05Z,5ed4b340-c9e6-346f-a056-dd612253c645,CLOSED,CLOSED,CLOSED,0,0,0,2023-05-28T23:52:46Z,2023-05-28T23:52:46Z,2023-05-28T23:52:46Z,2,2
a296a2ba-b1ad-a3c5-8141-a91f55cc7443,a296a2ba-b1ad-a3c5-d172-aa3dfdbcdab9,0808304c-fead-340e-b52e-96ad58af6a9a,df166300-5a78-3502-a46a-832842197811,,4,4,312608009,312608009,284551006,,,,,,,a296a2ba-b1ad-a3c5-fd63-cd0c4845c47f,2023-08-20T23:37:05Z,2023-08-20T23:37:05Z,0808304c-fead-340e-b52e-96ad58af6a9a,CLOSED,CLOSED,CLOSED,0,0,0,2023-08-21T00:37:05Z,2023-08-21T00:37:05Z,2023-08-21T00:37:05Z,2,2
a296a2ba-b1ad-a3c5-f6c2-3b459d334a60,a296a2ba-b1ad-a3c5-d172-aa3dfdbcdab9,0808304c-fead-340e-b52e-96ad58af6a9a,df166300-5a78-3502-a46a-832842197811,,4,4,312608009,312608009,284551006,,,,,,,a296a2ba-b1ad-a3c5-fd63-cd0c4845c47f,2023-08-20T23:37:05Z,2023-08-20T23:37:05Z,0808304c-fead-340e-b52e-96ad58af6a9a,CLOSED,CLOSED,CLOSED,0,0,0,2023-08-21T00:37:05Z,2023-08-21T00:37:05Z,2023-08-21T00:37:05Z,2,2
a296a2ba-b1ad-a3c5-b78d-00763d5ceae9,a296a2ba-b1ad-a3c5-d172-aa3dfdbcdab9,5ed4b340-c9e6-346f-a056-dd612253c645,df166300-5a78-3502-a46a-832842197811,,2,2,389095005,,,,,,,,,a296a2ba-b1ad-a3c5-ee0d-f80ac2954cc8,2023-09-03T23:37:05Z,2023-09-03T23:37:05Z,5ed4b340-c9e6-346f-a056-dd612253c645,CLOSED,CLOSED,CLOSED,0,0,0,2023-09-03T23:52:05Z,2023-09-03T23:52:05Z,2023-09-03T23:52:05Z,2,2
a296a2ba-b1ad-a3c5-2a01-746c63e2701e,a296a2ba-b1ad-a3c5-d172-aa3dfdbcdab9,5ed4b340-c9e6-346f-a056-dd612253c645,df166300-5a78-3502-a46a-832842197811,,2,2,389095005,,,,,,,,,a296a2ba-b1ad-a3c5-50fa-8a1ff0fcb4bd,2023-12-03T23:37:05Z,2023.12.03T23:37:05Z,5ed4b340-c9e6-346f-a056-dd612253c645,CLOSED,CLOSED,CLOSED,0,0,0,2023-12-03T23:56:05Z,2023-12-03T23:56:05Z,2023-12-03T23:56:05Z,2,2
a296a2ba-b1ad-a3c5-1aca-db55819c8030,a296a2ba-b1ad-a3c5-d172-aa3dfdbcdab9,5ed4b340-c9e6-346f-a056-dd612253c645,df166300-5a78-3502-a46a-832842197811,,2,2,389095005,,,,,,,,,a296a2ba-b1ad-a3c5-c622-d52bf6d0fdb1,2024-03-03T23:37:05Z,2024-03-03T23:37:05Z,5ed4b340-c9e6-346f-a056-dd612253c645,CLOSED,CLOSED,CLOSED,0,0,0,2024-03-03T23:53:38Z,2024-03-03T23:53:38Z,2024-03-03T23:53:38Z,2,2
a296a2ba-b1ad-a3c5-00ef-f8eb3dd1fb45,a296a2ba-b1ad-a3c5-d172-aa3dfdbcdab9,9bc90922-c2de-322e-a36c-008eb1a7bdf3,df166300-5a78-3502-a46a-832842197811,,20,20,314529007,741062008,,,,,,,,a296a2ba-b1ad-a3c5-07fd-ed301015f5f6,2024-05-26T23:37:05Z,2024-05-26T23:37:05Z,9bc90922-c2de-322e-a36c-008eb1a7bdf3,CLOSED,CLOSED,CLOSED,0,0,0,2024-05-27T00:24:19Z,2024-05-27T00:24:19Z,2024-05-27T00:24:19Z,1,1
a296a2ba-b1ad-a3c5-263c-fb7bed79ded7,a296a2ba-b1ad-a3c5-d172-aa3dfdbcdab9,5ed4b340-c9e6-346f-a056-dd612253c645,df166300-5a78-3502-a46a-832842197811,,2,2,389095005,,,,,,,,,a296a2ba-b1ad-a3c5-903e-d2fb0b5ab9dc,2024-06-02T23:37:05Z,2024-06-02T23:37:05Z,5ed4b340-c9e6-346f-a056-dd612253c645,CLOSED,CLOSED,CLOSED,0,0,0,2024-06-02T23:57:03Z,2024-06-02T23:57:03Z,2024-06-02T23:57:03Z,2,2
a296a2ba-b1ad-a3c5-5dd6-4b58171c0ac4,a296a2ba-b1ad-a3c5-d172-aa3dfdbcdab9,5ed4b340-c9e6-346f-a056-dd612253c645,df166300-5a78-3502-a46a-832842197811,,1,1,103697008,,,,,,,,,a296a2ba-b1ad-a3c5-0c6b-596840e79f64,2024-05-27T01:24:52Z,2024-06-09T23:37:05Z,5ed4b340-c9e6-346f-a056-dd612253c645,CLOSED,CLOSED,CLOSED,0,0,0,2024-06-10T02:00:07Z,2024-06-10T02:00:07Z,2024-06-10T02:00:07Z,2,2
a296a2ba-b1ad-a3c5-bf54-042c4437bd0c,a296a2ba-b1ad-a3c5-d172-aa3dfdbcdab9,5ed4b340-c9e6-346f-a056-dd612253c645,df166300-5a78-3502-a46a-832842197811,,2,2,389095005,,,,,,,,,a296a2ba-b1ad-a3c5-5c47-cb8d8feef4a1,2024-09-01T23:37:05Z,2024-09-01T23:37:05Z,5ed4b340-c9e6-346f-a056-dd612253c645,CLOSED,CLOSED,CLOSED,0,0,0,2024-09-01T23:52:05Z,2024-09-01T23:52:05Z,2024-09-01T23:52:05Z,2,2
a296a2ba-b1ad-a3c5-f062-4474e7118191,a296a2ba-b1ad-a3c5-d172-aa3dfdbcdab9,5ed4b340-c9e6-346f-a056-dd612253c645,df166300-5a78-3502-a46a-832842197811,,2,2,389095005,,,,,,,,,a296a2ba-b1ad-a3c5-e760-b9eed921dca2,2024-12-01T23:37:05Z,01/12/2024T23:37:05Z,5ed4b340-c9e6-346f-a056-dd612253c645,CLOSED,CLOSED,CLOSED,0,0,0,2024-12-01T23:52:05Z,2024-12-01T23:52:05Z,2024-12-01T23:52:05Z,2,2
a296a2ba-b1ad-a3c5-3187-13946fcbb51a,a296a2ba-b1ad-a3c5-d172-aa3dfdbcdab9,5ed4b340-c9e6-346f-a056-dd612253c645,df166300-5a78-3502-a46a-832842197811,,2,2,389095005,,,,,,,,,a296a2ba-b1ad-a3c5-36fe-7cb9a7c0831f,2025-03-02T23:37:05Z,2025-03-02T23:37:05Z,5ed4b340-c9e6-346f-a056-dd612253c645,CLOSED,CLOSED,CLOSED,0,0,0,2025-03-02T23:54:38Z,2025-03-02T23:54:38Z,2025-03-02T23:54:38Z,2,2
a296a2ba-b1ad-a3c5-fd62-da1b0106b06b,a296a2ba-b1ad-a3c5-d172-aa3dfdbcdab9,5ed4b340-c9e6-346f-a056-dd612253c645,df166300-5a78-3502-a46a-832842197811,,2,2,389095005,,,,,,,,,a296a2ba-b1ad-a3c5-e83a-26fa578729ff,2025-06-01T23:37:05Z,2025-06-01T23:37:05Z,5ed4b340-c9e6-346f-a056-dd612253c645,CLOSED,CLOSED,CLOSED,0,0,0,2025-06-01T23:55:42Z,2025-06-01T23:55:42Z,2025-06-01T23:55:42Z,2,2
a296a2ba-b1ad-a3c5-7ae4-120cc2e0b674,a296a2ba-b1ad-a3c5-d172-aa3dfdbcdab9,5ed4b340-c9e6-346f-a056-dd612253c645,df166300-5a78-3502-a46a-832842197811,,2,2,389095005,,,,,,,,,a296a2ba-b1ad-a3c5-1b6c-8c5a79c79cc7,2025-08-31T23:37:05Z,2025-08-31T23:37:05Z,5ed4b340-c9e6-346f-a056-dd612253c645,CLOSED,CLOSED,CLOSED,0,0,0,2025-08-31T23:53:17Z,2025-08-31T23:53:17Z,2025-08-31T23:53:17Z,2,2
a296a2ba-b1ad-a3c5-a7b7-06eccabd5a6e,a296a2ba-b1ad-a3c5-d172-aa3dfdbcdab9,5ed4b340-c9e6-346f-a056-dd612253c645,df166300-5a78-3502-a46a-832842197811,,2,2,389095005,,,,,,,,,a296a2ba-b1ad-a3c5-5e16-e2a44a356aea,2025-11-30T23:37:05Z,2025-11-30T23:37:05Z,5ed4b340-c9e6-346f-a056-dd612253c645,CLOSED,CLOSED,CLOSED,0,0,0,2025-11-30T23:57:00Z,2025-11-30T23:57:00Z,2025-11-30T23:57:00Z,2,2
a296a2ba-b1ad-a3c5-bf48-65a2d9fc8ced,a296a2ba-b1ad-a3c5-d172-aa3dfdbcdab9,5ed4b340-c9e6-346f-a056-dd612253c645,df166300-5a78-3502-a46a-832842197811,,2,2,389095005,,,,,,,,,a296a2ba-b1ad-a3c5-ae67-3cb5fcb1b32e,2026-03-01T23:37:05Z,2026-03-01T23:37:05Z,5ed4b340-c9e6-346f-a056-dd612253c645,CLOSED,CLOSED,CLOSED,0,0,0,2026-03-01T23:52:05Z,2026-03-01T23:52:05Z,2026-03-01T23:52:05Z,2,2
a296a2ba-b1ad-a3c5-6487-af69dc7d6121,a296a2ba-b1ad-a3c5-d172-aa3dfdbcdab9,5ed4b340-c9e6-346f-a056-dd612253c645,df166300-5a78-3502-a46a-832842197811,,2,2,389095005,,,,,,,,,a296a2ba-b1ad-a3c5-4fcb-574df4fcea83,2026-05-31T23:37:05Z,2026-05-31T23:37:05Z,5ed4b340-c9e6-346f-a056-dd612253c645,CLOSED,CLOSED,CLOSED,0,0,0,2026-05-31T23:53:19Z,2026-05-31T23:53:19Z,2026-05-31T23:53:19Z,2,2
ce8f0d5d-2f0f-0c66-d821-ca460848c014,ce8f0d5d-2f0f-0c66-6a64-518b1e209f13,6de31256-b2ad-3563-b0dc-1eea413e3bed,d31fccc3-1767-390d-966a-22a5156f4219,,20,20,473461003,,,,,,,,,ce8f0d5d-2f0f-0c66-6f31-09d7e0a3e55d,1994-05-01T21:47:21Z,1994-05-01T21:47:21Z,6de31256-b2ad-3563-b0dc-1eea413e3bed,CLOSED,CLOSED,CLOSED,0,0,0,1994-05-01T22:32:51Z,1994-05-01T22:32:51Z,1994-05-01T22:32:51Z,1,1
ce8f0d5d-2f0f-0c66-9e27-b05e6ae3b293,ce8f0d5d-2f0f-0c66-6a64-518b1e209f13,6de31256-b2ad-3563-b0dc-1eea413e3bed,d31fccc3-1767-390d-966a-22a5156f4219,,20,20,314529007,,,,,,,,,ce8f0d5d-2f0f-0c66-02f1-01a89703b945,,05/16/2004T21:47:21Z,6de31256-b2ad-3563-b0dc-1eea413e3bed,CLOSED,CLOSED,CLOSED,0,0,0,2004-05-16T22:44:50Z,2004-05-16T22:44:50Z,2004-05-16T22:44:50Z,1,1
ce8f0d5d-2f0f-0c66-8585-8f726e915305,ce8f0d5d-2f0f-0c66-6a64-518b1e209f13,6de31256-b2ad-3563-b0dc-1eea413e3bed,d31fccc3-1767-390d-966a-22a5156f4219,,20,20,162864005,,,,,,,,,ce8f0d5d-2f0f-0c66-8592-86ab365cbc3e,2007.05.20T21:47:21Z,,6de31256-b2ad-3563-b0dc-1eea413e3bed,CLOSED,CLOSED,CLOSED,0,0,0,2007-05-20T22:33:12Z,2007-05-20T22:33:12Z,2007-05-20T22:33:12Z,1,1
ce8f0d5d-2f0f-0c66-7aa1-004d66ed67b7,ce8f0d5d-2f0f-0c66-6a64-518b1e209f13,6de31256-b2ad-3563-b0dc-1eea413e3bed,d31fccc3-1767-390d-966a-22a5156f4219,,20,20,160903007,,,,,,,,,ce8f0d5d-2f0f-0c66-174d-536daf9a3bb4,2016-03-13T21:47:21Z,16-03-13T21:47:21Z,6de31256-b2ad-3563-b0dc-1eea413e3bed,CLOSED,CLOSED,CLOSED,0,0,0,2016-03-13T22:25:22Z,2016-03-13T22:25:22Z,2016-03-13T22:25:22Z,1,1
ce8f0d5d-2f0f-0c66-15e7-2846c2f5a504,ce8f0d5d-2f0f-0c66-6a64-518b1e209f13,913580c2-6ca9-3fcc-a0e0-57744699ce24,d31fccc3-1767-390d-966a-22a5156f4219,,1,1,271737000,,,,,,,,,ce8f0d5d-2f0f-0c66-0cae-fa9f4ff28201,2018-03-18T21:47:21Z,2018-03-25T21:47:21Z,913580c2-6ca9-3fcc-a0e0-57744699ce24,CLOSED,CLOSED,CLOSED,0,0,0,2018-03-25T22:52:04Z,2018-03-25T22:52:04Z,2018-03-25T22:52:04Z,2,2
ce8f0d5d-2f0f-0c66-bd18-15b424110773,ce8f0d5d-2f0f-0c66-6a64-518b1e209f13,913580c2-6ca9-3fcc-a0e0-57744699ce24,d31fccc3-1767-390d-966a-22a5156f4219,,1,1,66383009,,,,,,,,,ce8f0d5d-2f0f-0c66-f07c-a382bec2ed5d,2018-04-08T21:47:21Z,2018-04-08T21:47:21Z,913580c2-6ca9-3fcc-a0e0-57744699ce24,CLOSED,CLOSED,CLOSED,0,0,0,2018-04-09T00:31:40Z,2018-04-09T00:31:40Z,2018-04-09T00:31:40Z,2,2
ce8f0d5d-2f0f-0c66-9d3d-d8b8b39353a6,ce8f0d5d-2f0f-0c66-6a64-518b1e209f13,6de31256-b2ad-3563-b0dc-1eea413e3bed,d31fccc3-1767-390d-966a-22a5156f4219,,20,20,314529007,,,,,,,,,ce8f0d5d-2f0f-0c66-ea40-05b3e129205d,2020-03-22T21:47:21Z,2020-03-22T21:47:21Z,6de31256-b2ad-3563-b0dc-1eea413e3bed,CLOSED,CLOSED,CLOSED,0,0,0,2020-03-22T22:23:10Z,2020-03-22T22:23:10Z,2020-03-22T22:23:10Z,1,1
ce8f0d5d-2f0f-0c66-bd0a-bcc57296eb1a,ce8f0d5d-2f0f-0c66-6a64-518b1e209f13,913580c2-6ca9-3fcc-a0e0-57744699ce24,d31fccc3-1767-390d-966a-22a5156f4219,,2,2,33879002,,,,,,,,,ce8f0d5d-2f0f-0c66-7ebe-6fa5c9a4eafb,2021-02-28T21:47:21Z,2021-02-28T21:47:21Z,913580c2-6ca9-3fcc-a0e0-57744699ce24,CLOSED,CLOSED,CLOSED,0,0,0,2021-02-28T22:02:21Z,2021-02-28T22:02:21Z,2021-02-28T22:02:21Z,2,2
ce8f0d5d-2f0f-0c66-0178-024a11edf2ca,ce8f0d5d-2f0f-0c66-6a64-518b1e209f13,913580c2-6ca9-3fcc-a0e0-57744699ce24,d31fccc3-1767-390d-966a-22a5156f4219,,2,2,33879002,,,,,,,,,ce8f0d5d-2f0f-0c66-5c65-bec120ea265e,,2021-03-28T21:47:21Z,913580c2-6ca9-3fcc-a0e0-57744699ce24,CLOSED,CLOSED,CLOSED,0,0,0,2021-03-28T22:02:21Z,2021-03-28T22:02:21Z,2021-03-28T22:02:21Z,2,2
ce8f0d5d-2f0f-0c66-e64c-b984b767c4bc,ce8f0d5d-2f0f-0c66-6a64-518b1e209f13,6de31256-b2ad-3563-b0dc-1eea413e3bed,d31fccc3-1767-390d-966a-22a5156f4219,,20,20,73595000,66383009,,,,,,,,ce8f0d5d-2f0f-0c66-d7a5-ce903774f883,2022-03-27T21:47:21Z,2022-03-27T21:47:21Z,6de31256-b2ad-3563-b0dc-1eea413e3bed,CLOSED,CLOSED,CLOSED,0,0,0,2022-03-27T22:37:14Z,2022-03-27T22:37:14Z,2022-03-27T22:37:14Z,1,1
ce8f0d5d-2f0f-0c66-d94e-61bfb781d249,ce8f0d5d-2f0f-0c66-6a64-518b1e209f13,913580c2-6ca9-3fcc-a0e0-57744699ce24,d31fccc3-1767-390d-966a-22a5156f4219,,1,1,66383009,18718003,,,,,,,,ce8f0d5d-2f0f-0c66-aa75-12a045cdaca6,2022-04-10T21:47:21Z,2022-04-10T21:47:21Z,913580c2-6ca9-3fcc-a0e0-57744699ce24,CLOSED,CLOSED,CLOSED,0,0,0,2022-04-11T03:28:22Z,2022-04-11T03:28:22Z,2022-04-11T03:28:22Z,2,2
ce8f0d5d-2f0f-0c66-cc46-ff5f6c8ba185,ce8f0d5d-2f0f-0c66-6a64-518b1e209f13,6de31256-b2ad-3563-b0dc-1eea413e3bed,d31fccc3-1767-390d-966a-22a5156f4219,,20,20,160904001,,,,,,,,,ce8f0d5d-2f0f-0c66-78c0-280276b79799,2024-03-31T21:47:21Z,2024-03-31T21:47:21Z,6de31256-b2ad-3563-b0dc-1eea413e3bed,CLOSED,CLOSED,CLOSED,0,0,0,2024-03-31T22:39:44Z,2024-03-31T22:39:44Z,2024-03-31T22:39:44Z,1,1
ce8f0d5d-2f0f-0c66-b5fc-6469c8ea82f4,ce8f0d5d-2f0f-0c66-6a64-518b1e209f13,913580c2-6ca9-3fcc-a0e0-57744699ce24,d31fccc3-1767-390d-966a-22a5156f4219,,1,1,36971009,36971009,,,,,,,,ce8f0d5d-2f0f-0c66-e15c-4029a5001212,,25-06-17T09:47:21Z,913580c2-6ca9-3fcc-a0e0-57744699ce24,CLOSED,CLOSED,CLOSED,0,0,0,2025-06-17T10:02:21Z,2025-06-17T10:02:21Z,2025-06-17T10:02:21Z,2,2
ce8f0d5d-2f0f-0c66-c2f1-bad0f998fddf,ce8f0d5d-2f0f-0c66-6a64-518b1e209f13,6de31256-b2ad-3563-b0dc-1eea413e3bed,d31fccc3-1767-390d-966a-22a5156f4219,,20,20,314529007,160903007,,,,,,,,ce8f0d5d-2f0f-0c66-b288-d7f35204a814,2026-03-08T21:47:21Z,2026-03-08T21:47:21Z,6de31256-b2ad-3563-b0dc-1eea413e3bed,CLOSED,CLOSED,CLOSED,0,0,0,2026-03-08T22:30:03Z,2026-03-08T22:30:03Z,2026-03-08T22:30:03Z,1,1
ce8f0d5d-2f0f-0c66-f16b-2e7adeb8ee18,ce8f0d5d-2f0f-0c66-6a64-518b1e209f13,913580c2-6ca9-3fcc-a0e0-57744699ce24,d31fccc3-1767-390d-966a-22a5156f4219,,1,1,275978004,,,,,,,,,ce8f0d5d-2f0f-0c66-38eb-3654f617605a,03/15/2026T21:47:21Z,,913580c2-6ca9-3fcc-a0e0-57744699ce24,CLOSED,CLOSED,CLOSED,0,0,0,2026-03-15T22:17:20Z,2026-03-15T22:17:20Z,2026-03-15T22:17:20Z,2,2
23c94034-f050-04d5-5f6b-ffd221bdbb6d,23c94034-f050-04d5-c5a3-2d42bf3ccc7f,154361de-b3c9-3674-8ff3-0f420192988a,26aab0cd-6aba-3e1b-ac5b-05c8867e762c,,10,10,314529007,,,,,,,,,23c94034-f050-04d5-cbfa-81e28ba3da9b,2024-11-03T07:02:46Z,2024-11-03T07:02:46Z,154361de-b3c9-3674-8ff3-0f420192988a,CLOSED,CLOSED,CLOSED,0,0,0,2024-11-03T07:17:46Z,2024-11-03T07:17:46Z,2024-11-03T07:17:46Z,1,1
23c94034-f050-04d5-a0f5-1a11795bc058,23c94034-f050-04d5-c5a3-2d42bf3ccc7f,154361de-b3c9-3674-8ff3-0f420192988a,26aab0cd-6aba-3e1b-ac5b-05c8867e762c,,10,10,410620009,,,,,,,,,23c94034-f050-04d5-78da-33e37861355f,2024-12-08T07:02:46Z,2024-12-08T07:02:46Z,154361de-b3c9-3674-8ff3-0f420192988a,CLOSED,CLOSED,CLOSED,0,0,0,2024-12-08T07:17:46Z,2024-12-08T07:17:46Z,2024-12-08T07:17:46Z,1,1
23c94034-f050-04d5-ed90-eee0a9817525,23c94034-f050-04d5-c5a3-2d42bf3ccc7f,154361de-b3c9-3674-8ff3-0f420192988a,26aab0cd-6aba-3e1b-ac5b-05c8867e762c,,10,10,410620009,,,,,,,,,23c94034-f050-04d5-37ed-b5364f04dfc9,2025-02-09T07:02:46Z,2025-02-09T07:02:46Z,154361de-b3c9-3674-8ff3-0f420192988a,CLOSED,CLOSED,CLOSED,0,0,0,2025-02-09T07:17:46Z,2025-02-09T07:17:46Z,2025-02-09T07:17:46Z,1,1
23c94034-f050-04d5-d187-57b057d6d678,23c94034-f050-04d5-c5a3-2d42bf3ccc7f,4da784b4-106a-3b08-a365-ec48ced9707f,26aab0cd-6aba-3e1b-ac5b-05c8867e762c,,2,2,65363002,65363002,,,,,,,,23c94034-f050-04d5-93df-33c2db1d7fd6,2025-04-02T07:02:46Z,2025-04-02T07:02:46Z,4da784b4-106a-3b08-a365-ec48ced9707f,CLOSED,CLOSED,CLOSED,0,0,0,2025-04-02T07:17:46Z,2025-04-02T07:17:46Z,2025-04-02T07:17:46Z,2,2
23c94034-f050-04d5-dd9b-4cb1a5866567,23c94034-f050-04d5-c5a3-2d42bf3ccc7f,4da784b4-106a-3b08-a365-ec48ced9707f,26aab0cd-6aba-3e1b-ac5b-05c8867e762c,,2,2,65363002,65363002,,,,,,,,23c94034-f050-04d5-93df-33c2db1d7fd6,2025-04-02T07:02:46Z,2025-04-02T07:02:46Z,4da784b4-106a-3b08-a365-ec48ced9707f,CLOSED,CLOSED,CLOSED,0,0,0,2025-04-02T07:17:46Z,2025-04-02T07:17:46Z,2025-04-02T07:17:46Z,2,2
23c94034-f050-04d5-df58-c14d090bc511,23c94034-f050-04d5-c5a3-2d42bf3ccc7f,154361de-b3c9-3674-8ff3-0f420192988a,26aab0cd-6aba-3e1b-ac5b-05c8867e762c,,10,10,314529007,,,,,,,,,23c94034-f050-04d5-555c-6d7fb39a3267,2025-04-13T07:02:46Z,2025-04-13T07:02:46Z,154361de-b3c9-3674-8ff3-0f420192988a,CLOSED,CLOSED,CLOSED,0,0,0,2025-04-13T07:17:46Z,2025-04-13T07:17:46Z,2025-04-13T07:17:46Z,1,1
23c94034-f050-04d5-34d4-ede8fd7527d2,23c94034-f050-04d5-c5a3-2d42bf3ccc7f,4da784b4-106a-3b08-a365-ec48ced9707f,26aab0cd-6aba-3e1b-ac5b-05c8867e762c,,1,1,444814009,444814009,,,,,,,,23c94034-f050-04d5-2ef2-ca4c3ba40d0c,2025-05-09T05:02:46Z,09/05/2025T05:02:46Z,4da784b4-106a-3b08-a365-ec48ced9707f,CLOSED,CLOSED,CLOSED,0,0,0,2025-05-09T05:17:46Z,2025-05-09T05:17:46Z,2025-05-09T05:17:46Z,2,2
23c94034-f050-04d5-9097-f760e6bd96c4,23c94034-f050-04d5-c5a3-2d42bf3ccc7f,154361de-b3c9-3674-8ff3-0f420192988a,26aab0cd-6aba-3e1b-ac5b-05c8867e762c,,10,10,410620009,,,,,,,,,23c94034-f050-04d5-46b9-15281bcff3ed,2025-07-13T07:02:46Z,2025-07-13T07:02:46Z,154361de-b3c9-3674-8ff3-0f420192988a,CLOSED,CLOSED,CLOSED,0,0,0,2025-07-13T07:17:46Z,2025-07-13T07:17:46Z,2025-07-13T07:17:46Z,1,1
23c94034-f050-04d5-ceb6-7c93062643a9,23c94034-f050-04d5-c5a3-2d42bf3ccc7f,154361de-b3c9-3674-8ff3-0f420192988a,26aab0cd-6aba-3e1b-ac5b-05c8867e762c,,10,10,410620009,,,,,,,,,23c94034-f050-04d5-8030-daec49766d5b,2025-10-12T07:02:46Z,2025-10-12T07:02:46Z,154361de-b3c9-3674-8ff3-0f420192988a,CLOSED,CLOSED,CLOSED,0,0,0,2025-10-12T07:17:46Z,2025-10-12T07:17:46Z,2025-10-12T07:17:46Z,1,1
23c94034-f050-04d5-92ba-261c359a5750,23c94034-f050-04d5-c5a3-2d42bf3ccc7f,154361de-b3c9-3674-8ff3-0f420192988a,26aab0cd-6aba-3e1b-ac5b-05c8867e762c,,10,10,314529007,,,,,,,,,23c94034-f050-04d5-2f49-f11be93a9100,2026-01-11T07:02:46Z,2026-01-11T07:02:46Z,154361de-b3c9-3674-8ff3-0f420192988a,CLOSED,CLOSED,CLOSED,0,0,0,2026-01-11T07:17:46Z,2026-01-11T07:17:46Z,2026-01-11T07:17:46Z,1,1
23c94034-f050-04d5-2ba3-4bb91407884c,23c94034-f050-04d5-c5a3-2d42bf3ccc7f,154361de-b3c9-3674-8ff3-0f420192988a,26aab0cd-6aba-3e1b-ac5b-05c8867e762c,,10,10,410620009,,,,,,,,,23c94034-f050-04d5-f506-de266e960edf,2026-04-12T07:02:46Z,2026-04-12T07:02:46Z,154361de-b3c9-3674-8ff3-0f420192988a,CLOSED,CLOSED,CLOSED,0,0,0,2026-04-12T07:17:46Z,2026-04-12T07:17:46Z,2026-04-12T07:17:46Z,1,1
06eb6dda-a918-928f-d5ae-31ad024fc241,06eb6dda-a918-928f-76cf-6bf370cf2014,7d80b4ac-e8fa-3a34-bbc5-1774437fafc1,b046940f-1664-3047-bca7-dfa76be352a4,,10,10,314529007,,,,,,,,,06eb6dda-a918-928f-07b8-81ebe14dc76a,2017-12-17T02:15:34Z,2017-12-17T02:15:34Z,7d80b4ac-e8fa-3a34-bbc5-1774437fafc1,,CLOSED,CLOSED,0,0,0,2017-12-17T02:30:34Z,2017-12-17T02:30:34Z,2017-12-17T02:30:34Z,1,1
06eb6dda-a918-928f-3046-acc18265d3de,06eb6dda-a918-928f-76cf-6bf370cf2014,7d80b4ac-e8fa-3a34-bbc5-1774437fafc1,b046940f-1664-3047-bca7-dfa76be352a4,,10,10,410620009,,,,,,,,,06eb6dda-a918-928f-7604-d990e578f987,2018-01-21T02:15:34Z,2018-01-21T02:15:34Z,7d80b4ac-e8fa-3a34-bbc5-1774437fafc1,CLOSED,CLOSED,CLOSED,0,0,0,2018-01-21T02:30:34Z,2018-01-21T02:30:34Z,2018-01-21T02:30:34Z,1,1
06eb6dda-a918-928f-f06d-3cd6c681d0bb,06eb6dda-a918-928f-76cf-6bf370cf2014,7d80b4ac-e8fa-3a34-bbc5-1774437fafc1,b046940f-1664-3047-bca7-dfa76be352a4,,10,10,314529007,,,,,,,,,06eb6dda-a918-928f-7c3b-015712e3ed23,2018-03-25T02:15:34Z,2018-03-25T02:15:34Z,7d80b4ac-e8fa-3a34-bbc5-1774437fafc1,CLOSED,CLOSED,CLOSED,0,0,0,2018-03-25T02:30:34Z,2018-03-25T02:30:34Z,2018-03-25T02:30:34Z,1,1
06eb6dda-a918-928f-3870-31a5280c80c0,06eb6dda-a918-928f-76cf-6bf370cf2014,7d80b4ac-e8fa-3a34-bbc5-1774437fafc1,b046940f-1664-3047-bca7-dfa76be352a4,,10,10,410620009,,,,,,,,,06eb6dda-a918-928f-864c-af6ccef2a777,2018-05-27T02:15:34Z,2018-05-27T02:15:34Z,7d80b4ac-e8fa-3a34-bbc5-1774437fafc1,CLOSED,CLOSED,CLOSED,0,0,0,2018-05-27T02:30:34Z,2018-05-27T02:30:34Z,2018-05-27T02:30:34Z,1,1
06eb6dda-a918-928f-2580-d415455e85a8,06eb6dda-a918-928f-76cf-6bf370cf2014,7d80b4ac-e8fa-3a34-bbc5-1774437fafc1,b046940f-1664-3047-bca7-dfa76be352a4,,10,10,314529007,,,,,,,,,06eb6dda-a918-928f-784c-c347ae8dc8e3,2018-08-26T02:15:34Z,2018-08-26T02:15:34Z,7d80b4ac-e8fa-3a34-bbc5-1774437fafc1,CLOSED,CLOSED,CLOSED,0,0,0,2018-08-26T02:30:34Z,2018-08-26T02:30:34Z,2018-08-26T02:30:34Z,1,1
06eb6dda-a918-928f-a75c-45967d867e67,06eb6dda-a918-928f-76cf-6bf370cf2014,7d80b4ac-e8fa-3a34-bbc5-1774437fafc1,b046940f-1664-3047-bca7-dfa76be352a4,,10,10,410620009,,,,,,,,,06eb6dda-a918-928f-7dcd-d36a0467d2f1,2018-11-25T02:15:34Z,2018.11.25T02:15:34Z,7d80b4ac-e8fa-3a34-bbc5-1774437fafc1,CLOSED,CLOSED,CLOSED,0,0,0,2018-11-25T02:30:34Z,2018-11-25T02:30:34Z,2018-11-25T02:30:34Z,1,1
06eb6dda-a918-928f-4502-1d9afe1ecb2b,06eb6dda-a918-928f-76cf-6bf370cf2014,3050af6e-c011-3c03-b396-eee932098529,b046940f-1664-3047-bca7-dfa76be352a4,,1,1,735971005,,,,,,,,,06eb6dda-a918-928f-b559-e01b436377aa,2019-01-29T14:15:34Z,2019-01-29T14:15:34Z,3050af6e-c011-3c03-b396-eee932098529,CLOSED,CLOSED,CLOSED,0,0,0,2019-01-29T14:30:34Z,2019-01-29T14:30:34Z,2019-01-29T14:30:34Z,2,2
06eb6dda-a918-928f-6390-cd27b9264e37,06eb6dda-a918-928f-76cf-6bf370cf2014,3050af6e-c011-3c03-b396-eee932098529,b046940f-1664-3047-bca7-dfa76be352a4,,1,1,609328004,,,,,,,,,06eb6dda-a918-928f-cf60-beb0a5a2142b,2019-02-16T18:15:34Z,2019-02-16T18:15:34Z,3050af6e-c011-3c03-b396-eee932098529,CLOSED,CLOSED,CLOSED,0,0,0,2019-02-16T18:44:37Z,2019-02-16T18:44:37Z,2019-02-16T18:44:37Z,2,2
06eb6dda-a918-928f-88a6-018ae968a63f,06eb6dda-a918-928f-76cf-6bf370cf2014,3050af6e-c011-3c03-b396-eee932098529,b046940f-1664-3047-bca7-dfa76be352a4,,1,1,609328004,,,,,,,,,06eb6dda-a918-928f-cf60-beb0a5a2142b,2019-02-16T18:15:34Z,2019-02-16T18:15:34Z,3050af6e-c011-3c03-b396-eee932098529,CLOSED,CLOSED,CLOSED,0,0,0,2019-02-16T18:44:37Z,2019-02-16T18:44:37Z,2019-02-16T18:44:37Z,2,2
06eb6dda-a918-928f-7b8a-ddf41cb6eb25,06eb6dda-a918-928f-76cf-6bf370cf2014,3050af6e-c011-3c03-b396-eee932098529,b046940f-1664-3047-bca7-dfa76be352a4,,1,1,609328004,,,,,,,,,06eb6dda-a918-928f-cf60-beb0a5a2142b,2019-02-16T18:15:34Z,2019-02-16T18:15:34Z,3050af6e-c011-3c03-b396-eee932098529,CLOSED,CLOSED,CLOSED,0,0,0,2019-02-16T18:44:37Z,2019-02-16T18:44:37Z,2019-02-16T18:44:37Z,2,2
06eb6dda-a918-928f-3b1c-56211ff851d4,06eb6dda-a918-928f-76cf-6bf370cf2014,7d80b4ac-e8fa-3a34-bbc5-1774437fafc1,b046940f-1664-3047-bca7-dfa76be352a4,,10,10,410620009,,,,,,,,,06eb6dda-a918-928f-f3c2-d6ecb623a6f7,2019-02-24T02:15:34Z,2019-02-24T02:15:34Z,7d80b4ac-e8fa-3a34-bbc5-1774437fafc1,CLOSED,CLOSED,CLOSED,0,0,0,2019-02-24T02:30:34Z,2019-02-24T02:30:34Z,2019-02-24T02:30:34Z,1,1
06eb6dda-a918-928f-cb2f-359142db9c76,06eb6dda-a918-928f-76cf-6bf370cf2014,7d80b4ac-e8fa-3a34-bbc5-1774437fafc1,b046940f-1664-3047-bca7-dfa76be352a4,,10,10,410620009,,,,,,,,,06eb6dda-a918-928f-20d3-111646a20975,2019-05-26T02:15:34Z,2019-05-26T02:15:34Z,7d80b4ac-e8fa-3a34-bbc5-1774437fafc1,CLOSED,CLOSED,CLOSED,0,0,0,2019-05-26T02:30:34Z,2019-05-26T02:30:34Z,2019-05-26T02:30:34Z,1,1
06eb6dda-a918-928f-5b38-baab6a72387a,06eb6dda-a918-928f-76cf-6bf370cf2014,3e85ad95-a63b-3e3b-bcbd-d9e5c69cea5c,b046940f-1664-3047-bca7-dfa76be352a4,,2,2,65363002,65363002,,,,,,,,06eb6dda-a918-928f-f095-6c608d682166,2019-08-09T02:15:34Z,2019-08-09T02:15:34Z,3e85ad95-a63b-3e3b-bcbd-d9e5c69cea5c,CLOSED,CLOSED,CLOSED,0,0,0,2019-08-09T02:30:34Z,2019-08-09T02:30:34Z,2019-08-09T02:30:34Z,2,2
06eb6dda-a918-928f-1033-9963dc0a3393,06eb6dda-a918-928f-76cf-6bf370cf2014,3e85ad95-a63b-3e3b-bcbd-d9e5c69cea5c,b046940f-1664-3047-bca7-dfa76be352a4,,2,2,65363002,65363002,,,,,,,,06eb6dda-a918-928f-f095-6c608d682166,2019-08-09T02:15:34Z,2019-08-09T02:15:34Z,3e85ad95-a63b-3e3b-bcbd-d9e5c69cea5c,CLOSED,CLOSED,CLOSED,0,0,0,2019-08-09T02:30:34Z,2019-08-09T02:30:34Z,2019-08-09T02:30:34Z,2,2
06eb6dda-a918-928f-c9d2-f743a1f8a4a9,06eb6dda-a918-928f-76cf-6bf370cf2014,3e85ad95-a63b-3e3b-bcbd-d9e5c69cea5c,b046940f-1664-3047-bca7-dfa76be352a4,,2,2,65363002,65363002,,,,,,,,06eb6dda-a918-928f-f095-6c608d682166,2019-08-09T02:15:34Z,2019-08-09T02:15:34Z,3e85ad95-a63b-3e3b-bcbd-d9e5c69cea5c,CLOSED,CLOSED,CLOSED,0,0,0,2019-08-09T02:30:34Z,2019-08-09T02:30:34Z,2019-08-09T02:30:34Z,2,2
06eb6dda-a918-928f-fe7d-d24702e2254b,06eb6dda-a918-928f-76cf-6bf370cf2014,7d80b4ac-e8fa-3a34-bbc5-1774437fafc1,b046940f-1664-3047-bca7-dfa76be352a4,,10,10,314529007,,,,,,,,,06eb6dda-a918-928f-87e8-9c38cbaad88a,2019-11-24T02:15:34Z,2019-11-24T02:15:34Z,7d80b4ac-e8fa-3a34-bbc5-1774437fafc1,CLOSED,CLOSED,CLOSED,0,0,0,2019-11-24T02:30:34Z,2019-11-24T02:30:34Z,2019-11-24T02:30:34Z,1,1
06eb6dda-a918-928f-6e8c-d09c143d13e0,06eb6dda-a918-928f-76cf-6bf370cf2014,3050af6e-c011-3c03-b396-eee932098529,b046940f-1664-3047-bca7-dfa76be352a4,,1,1,24079001,24079001,,,,,,,,06eb6dda-a918-928f-73ff-5a265119312d,2020-04-25T02:15:34Z,2020-04-25T02:15:34Z,3050af6e-c011-3c03-b396-eee932098529,CLOSED,CLOSED,CLOSED,0,0,0,2020-04-25T02:30:34Z,2020-04-25T02:30:34Z,2020-04-25T02:30:34Z,2,2
06eb6dda-a918-928f-8d42-d5e14fd91721,06eb6dda-a918-928f-76cf-6bf370cf2014,3050af6e-c011-3c03-b396-eee932098529,b046940f-1664-3047-bca7-dfa76be352a4,,1,1,24079001,,,,,,,,,06eb6dda-a918-928f-8133-db7d5952159b,2020-04-25T02:15:34Z,,3050af6e-c011-3c03-b396-eee932098529,CLOSED,CLOSED,CLOSED,0,0,0,2020-05-01T05:30:34Z,2020-05-01T05:30:34Z,2020-05-01T05:30:34Z,2,2
06eb6dda-a918-928f-8379-8cb98acbc498,06eb6dda-a918-928f-76cf-6bf370cf2014,7d80b4ac-e8fa-3a34-bbc5-1774437fafc1,b046940f-1664-3047-bca7-dfa76be352a4,,10,10,410620009,,,,,,,,,06eb6dda-a918-928f-2c4c-81fcd206a75b,2020-05-24T02:15:34Z,2020-05-24T02:15:34Z,7d80b4ac-e8fa-3a34-bbc5-1774437fafc1,CLOSED,CLOSED,CLOSED,0,0,0,2020-05-24T02:30:34Z,2020-05-24T02:30:34Z,2020-05-24T02:30:34Z,1,1
06eb6dda-a918-928f-983e-0b603105417c,06eb6dda-a918-928f-76cf-6bf370cf2014,7d80b4ac-e8fa-3a34-bbc5-1774437fafc1,b046940f-1664-3047-bca7-dfa76be352a4,,10,10,410620009,,,,,,,,,06eb6dda-a918-928f-486d-e2c54599c0d1,2020-11-22T02:15:34Z,2020-11-22T02:15:34Z,7d80b4ac-e8fa-3a34-bbc5-1774437fafc1,CLOSED,CLOSED,CLOSED,0,0,0,2020-11-22T02:30:34Z,2020-11-22T02:30:34Z,2020-11-22T02:30:34Z,1,1
06eb6dda-a918-928f-9a6d-ee87cafe7027,06eb6dda-a918-928f-76cf-6bf370cf2014,3050af6e-c011-3c03-b396-eee932098529,b046940f-1664-3047-bca7-dfa76be352a4,,1,1,103697008,,,,,,,,,06eb6dda-a918-928f-af29-0f63cf6bc41d,2020.11.29T02:15:34Z,2020-11-29T02:15:34Z,3050af6e-c011-3c03-b396-eee932098529,CLOSED,CLOSED,CLOSED,0,0,0,2020-11-29T06:03:08Z,2020-11-29T06:03:08Z,2020-11-29T06:03:08Z,2,2
06eb6dda-a918-928f-20b4-ec9d72a65a52,06eb6dda-a918-928f-76cf-6bf370cf2014,3050af6e-c011-3c03-b396-eee932098529,b046940f-1664-3047-bca7-dfa76be352a4,,1,1,103697008,,,,,,,,,06eb6dda-a918-928f-af29-0f63cf6bc41d,11/29/2020T02:15:34Z,2020-11-29T02:15:34Z,3050af6e-c011-3c03-b396-eee932098529,CLOSED,CLOSED,CLOSED,0,0,0,2020-11-29T06:03:08Z,2020-11-29T06:03:08Z,2020-11-29T06:03:08Z,2,2
06eb6dda-a918-928f-b96b-81eb5c1b569e,06eb6dda-a918-928f-76cf-6bf370cf2014,e4c8d629-5110-3b31-ab85-e2b4da6107c0,b046940f-1664-3047-bca7-dfa76be352a4,,4,4,312608009,312608009,283371005,,,,,,,06eb6dda-a918-928f-42d1-b2c950b7fd4b,2020-12-19T02:15:34Z,2020-12-19T02:15:34Z,e4c8d629-5110-3b31-ab85-e2b4da6107c0,CLOSED,CLOSED,CLOSED,0,0,0,2020-12-19T03:15:34Z,2020-12-19T03:15:34Z,2020-12-19T03:15:34Z,2,2
06eb6dda-a918-928f-b281-c6d9f2e3125c,06eb6dda-a918-928f-76cf-6bf370cf2014,e4c8d629-5110-3b31-ab85-e2b4da6107c0,b046940f-1664-3047-bca7-dfa76be352a4,,4,4,312608009,312608009,283371005,,,,,,,06eb6dda-a918-928f-42d1-b2c950b7fd4b,2020-12-19T02:15:34Z,2020-12-19T02:15:34Z,e4c8d629-5110-3b31-ab85-e2b4da6107c0,CLOSED,CLOSED,CLOSED,0,0,0,2020-12-19T03:15:34Z,2020-12-19T03:15:34Z,2020-12-19T03:15:34Z,2,2
06eb6dda-a918-928f-48e9-7e9e9a047be5,06eb6dda-a918-928f-76cf-6bf370cf2014,7d80b4ac-e8fa-3a34-bbc5-1774437fafc1,a735bf55-83e9-331a-899d-a82a60b9f60c,b046940f-1664-3047-bca7-dfa76be352a4,10,10,410620009,,,,,,,,,06eb6dda-a918-928f-a05c-22d15078180f,2021-05-23T02:15:34Z,2021-05-23T02:15:34Z,7d80b4ac-e8fa-3a34-bbc5-1774437fafc1,CLOSED,,CLOSED,0,,0,2021-05-23T02:30:34Z,,2021-05-23T02:30:34Z,1,0
06eb6dda-a918-928f-3670-8e90229c01bf,06eb6dda-a918-928f-76cf-6bf370cf2014,3050af6e-c011-3c03-b396-eee932098529,a735bf55-83e9-331a-899d-a82a60b9f60c,b046940f-1664-3047-bca7-dfa76be352a4,1,1,103697008,,,,,,,,,06eb6dda-a918-928f-167b-24d2cb1d3507,2021-05-30T02:15:34Z,2021.05.30T02:15:34Z,3050af6e-c011-3c03-b396-eee932098529,CLOSED,,CLOSED,0,,0,2021-05-30T05:43:40Z,,2021-05-30T05:43:40Z,2,0
06eb6dda-a918-928f-c805-aa61dc687112,06eb6dda-a918-928f-76cf-6bf370cf2014,3050af6e-c011-3c03-b396-eee932098529,a735bf55-83e9-331a-899d-a82a60b9f60c,b046940f-1664-3047-bca7-dfa76be352a4,1,1,103697008,,,,,,,,,06eb6dda-a918-928f-167b-24d2cb1d3507,2021-05-30T02:15:34Z,2021-05-30T02:15:34Z,3050af6e-c011-3c03-b396-eee932098529,CLOSED,,CLOSED,0,,0,2021-05-30T05:43:40Z,,2021-05-30T05:43:40Z,2,0
06eb6dda-a918-928f-5358-57e5749afe7b,06eb6dda-a918-928f-76cf-6bf370cf2014,3050af6e-c011-3c03-b396-eee932098529,a735bf55-83e9-331a-899d-a82a60b9f60c,b046940f-1664-3047-bca7-dfa76be352a4,1,1,24079001,,,,,,,,,06eb6dda-a918-928f-689a-987f6ea1587d,2020-04-25T02:15:34Z,2021-06-17T17:15:34Z,3050af6e-c011-3c03-b396-eee932098529,CLOSED,,CLOSED,0,,0,2021-06-17T17:30:34Z,,2021-06-17T17:30:34Z,2,0
06eb6dda-a918-928f-c1cf-f71dab451cfb,06eb6dda-a918-928f-76cf-6bf370cf2014,3050af6e-c011-3c03-b396-eee932098529,a735bf55-83e9-331a-899d-a82a60b9f60c,b046940f-1664-3047-bca7-dfa76be352a4,1,1,24079001,,,,,,,,,06eb6dda-a918-928f-689a-987f6ea1587d,2020-04-25T02:15:34Z,2021-06-17T17:15:34Z,3050af6e-c011-3c03-b396-eee932098529,CLOSED,,CLOSED,0,,0,2021-06-17T17:30:34Z,,2021-06-17T17:30:34Z,2,0
06eb6dda-a918-928f-f3b0-51e450ade22a,06eb6dda-a918-928f-76cf-6bf370cf2014,3e85ad95-a63b-3e3b-bcbd-d9e5c69cea5c,a735bf55-83e9-331a-899d-a82a60b9f60c,b046940f-1664-3047-bca7-dfa76be352a4,2,2,65363002,65363002,,,,,,,,06eb6dda-a918-928f-b00c-c8d7ecc5744a,2021-08-15T02:15:34Z,2021-08-15T02:15:34Z,3e85ad95-a63b-3e3b-bcbd-d9e5c69cea5c,CLOSED,,CLOSED,0,,0,2021-08-15T02:30:34Z,,2021-08-15T02:30:34Z,2,0
06eb6dda-a918-928f-4af2-007897c955a3,06eb6dda-a918-928f-76cf-6bf370cf2014,3e85ad95-a63b-3e3b-bcbd-d9e5c69cea5c,a735bf55-83e9-331a-899d-a82a60b9f60c,b046940f-1664-3047-bca7-dfa76be352a4,2,2,65363002,65363002,,,,,,,,06eb6dda-a918-928f-b00c-c8d7ecc5744a,2021-08-15T02:15:34Z,2021-08-15T02:15:34Z,3e85ad95-a63b-3e3b-bcbd-d9e5c69cea5c,CLOSED,,CLOSED,0,,0,2021-08-15T02:30:34Z,,2021-08-15T02:30:34Z,2,0
06eb6dda-a918-928f-9aee-4c2a1499a25b,06eb6dda-a918-928f-76cf-6bf370cf2014,3050af6e-c011-3c03-b396-eee932098529,a735bf55-83e9-331a-899d-a82a60b9f60c,b046940f-1664-3047-bca7-dfa76be352a4,1,1,762952008,,,,,,,,,06eb6dda-a918-928f-640b-b3e2ccb6c1e4,2019-02-16T18:15:34Z,2021-08-28T18:15:34Z,3050af6e-c011-3c03-b396-eee932098529,CLOSED,,CLOSED,0,,0,2021-08-28T18:30:34Z,,2021-08-28T18:30:34Z,2,0
06eb6dda-a918-928f-fc1c-31b39d0a57d0,06eb6dda-a918-928f-76cf-6bf370cf2014,df2d5bcf-f148-423a-8130-e5dd0a57c6c9,a735bf55-83e9-331a-899d-a82a60b9f60c,b046940f-1664-3047-bca7-dfa76be352a4,10,10,410620009,,,,,,,,,06eb6dda-a918-928f-05da-e90a4f6f7869,2021-11-21T02:15:34Z,2021-11-21T02:15:34Z,7d80b4ac-e8fa-3a34-bbc5-1774437fafc1,CLOSED,,CLOSED,0,,0,2021-11-21T02:30:34Z,,2021-11-21T02:30:34Z,1,0
06eb6dda-a918-928f-57b6-8e1017fac4a2,06eb6dda-a918-928f-76cf-6bf370cf2014,3050af6e-c011-3c03-b396-eee932098529,a735bf55-83e9-331a-899d-a82a60b9f60c,b046940f-1664-3047-bca7-dfa76be352a4,1,1,103697008,,,,,,,,,06eb6dda-a918-928f-7d99-d8bb42dfdc02,2021-11-28T02:15:34Z,2021-11-28T02:15:34Z,3050af6e-c011-3c03-b396-eee932098529,CLOSED,,CLOSED,0,,0,2021-11-28T05:28:07Z,,2021-11-28T05:28:07Z,2,0
06eb6dda-a918-928f-2fb8-db82205ea248,06eb6dda-a918-928f-76cf-6bf370cf2014,3050af6e-c011-3c03-b396-eee932098529,a735bf55-83e9-331a-899d-a82a60b9f60c,b046940f-1664-3047-bca7-dfa76be352a4,1,1,103697008,,,,,,,,,06eb6dda-a918-928f-7d99-d8bb42dfdc02,2021-11-28T02:15:34Z,2021.11.28T02:15:34Z,3050af6e-c011-3c03-b396-eee932098529,CLOSED,,CLOSED,0,,0,2021-11-28T05:28:07Z,,2021-11-28T05:28:07Z,2,0
06eb6dda-a918-928f-1633-6ccdd164a3bc,06eb6dda-a918-928f-76cf-6bf370cf2014,3050af6e-c011-3c03-b396-eee932098529,a735bf55-83e9-331a-899d-a82a60b9f60c,b046940f-1664-3047-bca7-dfa76be352a4,1,1,446096008,446096008,,,,,,,,06eb6dda-a918-928f-0a8e-a3e01669d337,2022-03-28T02:15:34Z,2022-03-28T02:15:34Z,3050af6e-c011-3c03-b396-eee932098529,CLOSED,,CLOSED,0,,0,2022-03-28T02:30:34Z,,2022-03-28T02:30:34Z,2,0
06eb6dda-a918-928f-b872-5c734963b4c9,06eb6dda-a918-928f-76cf-6bf370cf2014,3050af6e-c011-3c03-b396-eee932098529,a735bf55-83e9-331a-899d-a82a60b9f60c,b046940f-1664-3047-bca7-dfa76be352a4,1,1,233678006,233678006,,,,,,,,06eb6dda-a918-928f-3a77-d414865fbe0e,2022-04-18T02:15:34Z,2022-04-18T02:15:34Z,3050af6e-c011-3c03-b396-eee932098529,CLOSED,,CLOSED,0,,0,2022-04-18T02:30:34Z,,2022-04-18T02:30:34Z,2,0
06eb6dda-a918-928f-85c0-627d12945cf6,06eb6dda-a918-928f-76cf-6bf370cf2014,3050af6e-c011-3c03-b396-eee932098529,a735bf55-83e9-331a-899d-a82a60b9f60c,b046940f-1664-3047-bca7-dfa76be352a4,1,1,233678006,233678006,,,,,,,,06eb6dda-a918-928f-3a77-d414865fbe0e,2022-04-18T02:15:34Z,2022-04-18T02:15:34Z,3050af6e-c011-3c03-b396-eee932098529,CLOSED,,CLOSED,0,,0,2022-04-18T02:30:34Z,,2022-04-18T02:30:34Z,2,0
06eb6dda-a918-928f-56db-1bbb5289f4ca,06eb6dda-a918-928f-76cf-6bf370cf2014,3050af6e-c011-3c03-b396-eee932098529,a735bf55-83e9-331a-899d-a82a60b9f60c,b046940f-1664-3047-bca7-dfa76be352a4,1,1,233678006,,,,,,,,,06eb6dda-a918-928f-f927-f6526620f7e7,2022-04-18T02:15:34Z,2022-10-15T02:15:34Z,3050af6e-c011-3c03-b396-eee932098529,CLOSED,,CLOSED,0,,0,2022-10-15T02:30:34Z,,2022-10-15T02:30:34Z,2,0
06eb6dda-a918-928f-ab1f-a9665909bc65,06eb6dda-a918-928f-76cf-6bf370cf2014,7d80b4ac-e8fa-3a34-bbc5-1774437fafc1,a735bf55-83e9-331a-899d-a82a60b9f60c,b046940f-1664-3047-bca7-dfa76be352a4,10,10,314529007,,,,,,,,,06eb6dda-a918-928f-2533-1767c134658a,2022-11-27T02:15:34Z,2022-11-27T02:15:34Z,7d80b4ac-e8fa-3a34-bbc5-1774437fafc1,CLOSED,,CLOSED,0,,0,2022-11-27T02:30:34Z,,2022-11-27T02:30:34Z,1,0
06eb6dda-a918-928f-6276-e03746deae11,06eb6dda-a918-928f-76cf-6bf370cf2014,7d80b4ac-e8fa-3a34-bbc5-1774437fafc1,a735bf55-83e9-331a-899d-a82a60b9f60c,b046940f-1664-3047-bca7-dfa76be352a4,10,10,314529007,,,,,,,,,06eb6dda-a918-928f-2533-1767c134658a,2022-11-27T02:15:34Z,2022-11-27T02:15:34Z,7d80b4ac-e8fa-3a34-bbc5-1774437fafc1,CLOSED,,CLOSED,0,,0,2022-11-27T02:30:34Z,,2022-11-27T02:30:34Z,1,0
06eb6dda-a918-928f-3310-8e658729b497,06eb6dda-a918-928f-76cf-6bf370cf2014,7d80b4ac-e8fa-3a34-bbc5-1774437fafc1,a735bf55-83e9-331a-899d-a82a60b9f60c,b046940f-1664-3047-bca7-dfa76be352a4,10,10,314529007,,,,,,,,,06eb6dda-a918-928f-2533-1767c134658a,2022-11-27T02:15:34Z,27/11/2022T02:15:34Z,7d80b4ac-e8fa-3a34-bbc5-1774437fafc1,CLOSED,,CLOSED,0,,0,2022-11-27T02:30:34Z,,2022-11-27T02:30:34Z,1,0
06eb6dda-a918-928f-31dd-c6e16c8acf99,06eb6dda-a918-928f-76cf-6bf370cf2014,7d80b4ac-e8fa-3a34-bbc5-1774437fafc1,a735bf55-83e9-331a-899d-a82a60b9f60c,b046940f-1664-3047-bca7-dfa76be352a4,10,10,410620009,,,,,,,,,06eb6dda-a918-928f-8c6c-b32c1c0c931d,2023-12-03T02:15:34Z,2023-12-03T02:15:34Z,7d80b4ac-e8fa-3a34-bbc5-1774437fafc1,CLOSED,,CLOSED,0,,0,2023-12-03T02:30:34Z,,2023-12-03T02:30:34Z,1,0
06eb6dda-a918-928f-fddd-3fcb37eb01b4,06eb6dda-a918-928f-76cf-6bf370cf2014,7d80b4ac-e8fa-3a34-bbc5-1774437fafc1,a735bf55-83e9-331a-899d-a82a60b9f60c,b046940f-1664-3047-bca7-dfa76be352a4,10,10,410620009,,,,,,,,,06eb6dda-a918-928f-8c6c-b32c1c0c931d,2023-12-03T02:15:34Z,2023-12-03T02:15:34Z,7d80b4ac-e8fa-3a34-bbc5-1774437fafc1,CLOSED,,CLOSED,0,,0,2023-12-03T02:30:34Z,,2023-12-03T02:30:34Z,1,0
06eb6dda-a918-928f-782f-1cfe134d6c8b,06eb6dda-a918-928f-76cf-6bf370cf2014,7d80b4ac-e8fa-3a34-bbc5-1774437fafc1,a735bf55-83e9-331a-899d-a82a60b9f60c,b046940f-1664-3047-bca7-dfa76be352a4,10,10,410620009,,,,,,,,,06eb6dda-a918-928f-8c6c-b32c1c0c931d,2023-12-03T02:15:34Z,2023-12-03T02:15:34Z,7d80b4ac-e8fa-3a34-bbc5-1774437fafc1,CLOSED,,CLOSED,0,,0,2023-12-03T02:30:34Z,,2023-12-03T02:30:34Z,1,0
06eb6dda-a918-928f-8151-bf83006b6f50,06eb6dda-a918-928f-76cf-6bf370cf2014,3050af6e-c011-3c03-b396-eee932098529,a735bf55-83e9-331a-899d-a82a60b9f60c,b046940f-1664-3047-bca7-dfa76be352a4,1,1,233678006,,,,,,,,,06eb6dda-a918-928f-3c96-118ec8d39ec9,2022-04-18T02:15:34Z,,3050af6e-c011-3c03-b396-eee932098529,CLOSED,,CLOSED,0,,0,2024-04-07T02:30:34Z,,2024-04-07T02:30:34Z,2,0
06eb6dda-a918-928f-357a-3b866154b80f,06eb6dda-a918-928f-76cf-6bf370cf2014,01c67114-4dff-3e46-9b2d-38dc05c019fa,a735bf55-83e9-331a-899d-a82a60b9f60c,b046940f-1664-3047-bca7-dfa76be352a4,5,5,702927004,,,,,,,,,06eb6dda-a918-928f-ec14-c98dfef98857,2024-10-20T02:15:34Z,2024-10-20T02:15:34Z,01c67114-4dff-3e46-9b2d-38dc05c019fa,CLOSED,,CLOSED,0,,0,2024-10-20T02:30:34Z,,2024-10-20T02:30:34Z,1,0
06eb6dda-a918-928f-e8c8-62563f6ada65,06eb6dda-a918-928f-76cf-6bf370cf2014,01c67114-4dff-3e46-9b2d-38dc05c019fa,a735bf55-83e9-331a-899d-a82a60b9f60c,b046940f-1664-3047-bca7-dfa76be352a4,5,5,702927004,,,,,,,,,06eb6dda-a918-928f-ec14-c98dfef98857,20/10/2024T02:15:34Z,2024-10-20T02:15:34Z,01c67114-4dff-3e46-9b2d-38dc05c019fa,CLOSED,,CLOSED,0,,0,2024-10-20T02:30:34Z,,2024-10-20T02:30:34Z,1,0
06eb6dda-a918-928f-fafe-593e0c4b5f63,06eb6dda-a918-928f-76cf-6bf370cf2014,01c67114-4dff-3e46-9b2d-38dc05c019fa,a735bf55-83e9-331a-899d-a82a60b9f60c,b046940f-1664-3047-bca7-dfa76be352a4,5,5,702927004,,,,,,,,,06eb6dda-a918-928f-ec14-c98dfef98857,2024-10-20T02:15:34Z,2024-10-20T02:15:34Z,01c67114-4dff-3e46-9b2d-38dc05c019fa,CLOSED,,CLOSED,0,,0,2024-10-20T02:30:34Z,,2024-10-20T02:30:34Z,1,0
06eb6dda-a918-928f-c5a5-f9d845969703,06eb6dda-a918-928f-76cf-6bf370cf2014,01c67114-4dff-3e46-9b2d-38dc05c019fa,a735bf55-83e9-331a-899d-a82a60b9f60c,b046940f-1664-3047-bca7-dfa76be352a4,5,5,314529007,,,,,,,,,06eb6dda-a918-928f-3812-a30616d650d1,2024-10-27T02:15:34Z,2024-10-27T02:15:34Z,01c67114-4dff-3e46-9b2d-38dc05c019fa,CLOSED,,CLOSED,0,,0,2024-10-27T02:30:34Z,,2024-10-27T02:30:34Z,1,0
06eb6dda-a918-928f-9e4e-9f5d669418d6,06eb6dda-a918-928f-76cf-6bf370cf2014,01c67114-4dff-3e46-9b2d-38dc05c019fa,a735bf55-83e9-331a-899d-a82a60b9f60c,b046940f-1664-3047-bca7-dfa76be352a4,5,5,314529007,,,,,,,,,06eb6dda-a918-928f-3812-a30616d650d1,2024-10-27T02:15:34Z,2024-10-27T02:15:34Z,01c67114-4dff-3e46-9b2d-38dc05c019fa,CLOSED,,CLOSED,0,,0,2024-10-27T02:30:34Z,,2024-10-27T02:30:34Z,1,0
06eb6dda-a918-928f-10af-fa90c1c89482,06eb6dda-a918-928f-76cf-6bf370cf2014,01c67114-4dff-3e46-9b2d-38dc05c019fa,a735bf55-83e9-331a-899d-a82a60b9f60c,b046940f-1664-3047-bca7-dfa76be352a4,5,5,314529007,,,,,,,,,06eb6dda-a918-928f-3812-a30616d650d1,2024-10-27T02:15:34Z,2024-10-27T02:15:34Z,01c67114-4dff-3e46-9b2d-38dc05c019fa,CLOSED,,CLOSED,0,,0,2024-10-27T02:30:34Z,,2024-10-27T02:30:34Z,1,0
06eb6dda-a918-928f-52e1-11bfd65d1dbb,06eb6dda-a918-928f-76cf-6bf370cf2014,3e85ad95-a63b-3e3b-bcbd-d9e5c69cea5c,a735bf55-83e9-331a-899d-a82a60b9f60c,b046940f-1664-3047-bca7-dfa76be352a4,2,2,185349003,,,,,,,,,06eb6dda-a918-928f-4daa-7ec6bd712fc4,2024-11-03T02:15:34Z,2024-11-03T02:15:34Z,3e85ad95-a63b-3e3b-bcbd-d9e5c69cea5c,CLOSED,,CLOSED,0,,0,2024-11-03T02:30:34Z,,2024-11-03T02:30:34Z,2,0
06eb6dda-a918-928f-1653-5c8334a42da4,06eb6dda-a918-928f-76cf-6bf370cf2014,3e85ad95-a63b-3e3b-bcbd-d9e5c69cea5c,a735bf55-83e9-331a-899d-a82a60b9f60c,b046940f-1664-3047-bca7-dfa76be352a4,2,2,185349003,,,,,,,,,06eb6dda-a918-928f-4daa-7ec6bd712fc4,2024-11-03T02:15:34Z,2024-11-03T02:15:34Z,3e85ad95-a63b-3e3b-bcbd-d9e5c69cea5c,CLOSED,,CLOSED,0,,0,2024-11-03T02:30:34Z,,2024-11-03T02:30:34Z,2,0
06eb6dda-a918-928f-b8de-3447ffc8e779,06eb6dda-a918-928f-76cf-6bf370cf2014,3e85ad95-a63b-3e3b-bcbd-d9e5c69cea5c,a735bf55-83e9-331a-899d-a82a60b9f60c,b046940f-1664-3047-bca7-dfa76be352a4,2,2,185349003,,,,,,,,,06eb6dda-a918-928f-4daa-7ec6bd712fc4,,2024-11-03T02:15:34Z,3e85ad95-a63b-3e3b-bcbd-d9e5c69cea5c,,,CLOSED,0,,0,2024-11-03T02:30:34Z,,2024-11-03T02:30:34Z,2,0
06eb6dda-a918-928f-68e3-253aa3485707,06eb6dda-a918-928f-76cf-6bf370cf2014,3050af6e-c011-3c03-b396-eee932098529,a735bf55-83e9-331a-899d-a82a60b9f60c,b046940f-1664-3047-bca7-dfa76be352a4,1,1,444814009,444814009,,,,,,,,06eb6dda-a918-928f-1728-d49d5a8d959e,2024-11-10T02:15:34Z,2024-11-10T02:15:34Z,3050af6e-c011-3c03-b396-eee932098529,CLOSED,,CLOSED,0,,0,2024-11-10T02:30:34Z,,2024-11-10T02:30:34Z,2,0
06eb6dda-a918-928f-49a1-ef0a93e57b20,06eb6dda-a918-928f-76cf-6bf370cf2014,7d80b4ac-e8fa-3a34-bbc5-1774437fafc1,a735bf55-83e9-331a-899d-a82a60b9f60c,b046940f-1664-3047-bca7-dfa76be352a4,10,10,314529007,,,,,,,,,06eb6dda-a918-928f-b1b4-daa01e8406e5,2024-12-08T02:15:34Z,2024-12-08T02:15:34Z,7d80b4ac-e8fa-3a34-bbc5-1774437fafc1,,,CLOSED,0,,0,2024-12-08T02:32:56Z,,2024-12-08T02:32:56Z,1,0
06eb6dda-a918-928f-494b-c6b95502750b,06eb6dda-a918-928f-76cf-6bf370cf2014,7d80b4ac-e8fa-3a34-bbc5-1774437fafc1,a735bf55-83e9-331a-899d-a82a60b9f60c,b046940f-1664-3047-bca7-dfa76be352a4,10,10,314529007,,,,,,,,,06eb6dda-a918-928f-b1b4-daa01e8406e5,2024-12-08T02:15:34Z,2024-12-08T02:15:34Z,7d80b4ac-e8fa-3a34-bbc5-1774437fafc1,CLOSED,,CLOSED,0,,0,2024-12-08T02:32:56Z,,2024-12-08T02:32:56Z,1,0
06eb6dda-a918-928f-2fe4-a7db2582f73c,06eb6dda-a918-928f-76cf-6bf370cf2014,7d80b4ac-e8fa-3a34-bbc5-1774437fafc1,a735bf55-83e9-331a-899d-a82a60b9f60c,b046940f-1664-3047-bca7-dfa76be352a4,10,10,314529007,,,,,,,,,06eb6dda-a918-928f-b1b4-daa01e8406e5,2024-12-08T02:15:34Z,2024-12-08T02:15:34Z,7d80b4ac-e8fa-3a34-bbc5-1774437fafc1,CLOSED,,CLOSED,0,,0,2024-12-08T02:32:56Z,,2024-12-08T02:32:56Z,1,0
06eb6dda-a918-928f-5b03-e70fbdeb54e1,06eb6dda-a918-928f-76cf-6bf370cf2014,3050af6e-c011-3c03-b396-eee932098529,a735bf55-83e9-331a-899d-a82a60b9f60c,b046940f-1664-3047-bca7-dfa76be352a4,1,1,103697008,18718003,109570002,,,,,,,06eb6dda-a918-928f-251d-81f853a6bd45,2024-12-15T02:15:34Z,2024-12-15T02:15:34Z,3050af6e-c011-3c03-b396-eee932098529,CLOSED,,CLOSED,0,,0,2024-12-15T10:40:05Z,,2024-12-15T10:40:05Z,2,0
06eb6dda-a918-928f-ff1c-8ccf7fe6f4c4,06eb6dda-a918-928f-76cf-6bf370cf2014,7d80b4ac-e8fa-3a34-bbc5-1774437fafc1,a735bf55-83e9-331a-899d-a82a60b9f60c,b046940f-1664-3047-bca7-dfa76be352a4,10,10,410620009,,,,,,,,,06eb6dda-a918-928f-7fd2-c246393978ca,2025-12-14T02:15:34Z,2025-12-14T02:15:34Z,7d80b4ac-e8fa-3a34-bbc5-1774437fafc1,CLOSED,,CLOSED,0,,0,2025-12-14T02:30:34Z,,2025-12-14T02:30:34Z,1,0
06eb6dda-a918-928f-a5cf-db2a9fc28159,06eb6dda-a918-928f-76cf-6bf370cf2014,7d80b4ac-e8fa-3a34-bbc5-1774437fafc1,a735bf55-83e9-331a-899d-a82a60b9f60c,b046940f-1664-3047-bca7-dfa76be352a4,10,10,410620009,,,,,,,,,06eb6dda-a918-928f-7fd2-c246393978ca,2025.12.14T02:15:34Z,2025-12-14T02:15:34Z,7d80b4ac-e8fa-3a34-bbc5-1774437fafc1,CLOSED,,CLOSED,0,,0,2025-12-14T02:30:34Z,,2025-12-14T02:30:34Z,1,0
06eb6dda-a918-928f-2fcb-399d59438731,06eb6dda-a918-928f-76cf-6bf370cf2014,3050af6e-c011-3c03-b396-eee932098529,a735bf55-83e9-331a-899d-a82a60b9f60c,b046940f-1664-3047-bca7-dfa76be352a4,1,1,103697008,,,,,,,,,06eb6dda-a918-928f-b9ac-c8ae1cd4f27d,2025-12-14T02:15:34Z,2025-12-21T02:15:34Z,3050af6e-c011-3c03-b396-eee932098529,,,CLOSED,0,,0,2025-12-21T04:35:52Z,,2025-12-21T04:35:52Z,2,0
3236b1f8-2bc1-3e38-298b-d29e59e9399b,3236b1f8-2bc1-3e38-c539-a29407c6a206,13b774a4-f1f1-35fc-9c15-337161433bbe,26aab0cd-6aba-3e1b-ac5b-05c8867e762c,,2,2,389095005,,,,,,,,,3236b1f8-2bc1-3e38-9395-011cfc56f1eb,2025-02-15T19:52:26Z,2025-02-15T19:52:26Z,13b774a4-f1f1-35fc-9c15-337161433bbe,CLOSED,CLOSED,CLOSED,0,0,0,2025-02-15T21:01:14Z,2025-02-15T21:01:14Z,2025-02-15T21:01:14Z,2,2
a296a2ba-b1ad-a3c5-2deb-9ebab3c39d26,a296a2ba-b1ad-a3c5-d172-aa3dfdbcdab9,5ed4b340-c9e6-346f-a056-dd612253c645,df166300-5a78-3502-a46a-832842197811,,1,1,103697008,109570002,,,,,,,,a296a2ba-b1ad-a3c5-ad60-a0564eca413b,11/11/2018T23:37:05Z,2018-11-11T23:37:05Z,5ed4b340-c9e6-346f-a056-dd612253c645,CLOSED,CLOSED,CLOSED,0,0,0,2018-11-12T03:53:25Z,2018-11-12T03:53:25Z,2018-11-12T03:53:25Z,2,2
