ID,CLAIMID,CHARGEID,PATIENTID,TYPE,AMOUNT,METHOD,FROMDATE,TODATE,PLACEOFSERVICE,PROCEDURECODE,MODIFIER1,MODIFIER2,DIAGNOSISREF1,DIAGNOSISREF2,DIAGNOSISREF3,DIAGNOSISREF4,UNITS,DEPARTMENTID,NOTES,UNITAMOUNT,TRANSFEROUTID,TRANSFERTYPE,PAYMENTS,ADJUSTMENTS,TRANSFERS,OUTSTANDING,APPOINTMENTID,LINENOTE,PATIENTINSURANCEID,FEESCHEDULEID,PROVIDERID,SUPERVISINGPROVIDERID
d9cbc1d0-cfc1-ea97-1c75-dd44e318593e,922fb35e-148d-9e82-7d63-44d0dadd5109,27375,922fb35e-148d-9e82-7e65-bfa05e3b3515,CHARGE,83.05,,1995-01-07T04:53:52Z,1995-01-07T05:08:52Z,c96d6792-27a3-3ef4-83f2-bb68e71023df,185345009,,,1,2,,,1,1,Encounter for symptom (procedure),83.05,,1,0.00,0.00,,0.00,922fb35e-148d-9e82-f3bc-af11977933c7,,922fb35e-148d-9e82-971e-7d542c06f4bd,1,82bc312c-5140-37fe-a179-5ebad3a13196,82bc312c-5140-37fe-a179-5ebad3a13196
b39843a1-9f83-d52f-38ec-7a89c630b27c,922fb35e-148d-9e82-7d63-44d0dadd5109,27376,922fb35e-148d-9e82-7e65-bfa05e3b3515,TRANSFEROUT,,,1995-01-07T04:53:52Z,1995-01-07T05:08:52Z,c96d6792-27a3-3ef4-83f2-bb68e71023df,185345009,,,1,2,,,1,1,Encounter for symptom (procedure),0.00,,,0.00,0.00,83.05,83.05,922fb35e-148d-9e82-f3bc-af11977933c7,,922fb35e-148d-9e82-971e-7d542c06f4bd,1,82bc312c-5140-37fe-a179-5ebad3a13196,82bc312c-5140-37fe-a179-5ebad3a13196
67319f43-3f07-aa5f-71d9-0d138c6164f8,922fb35e-148d-9e82-7d63-44d0dadd5109,27377,922fb35e-148d-9e82-7e65-bfa05e3b3515,TRANSFERIN,83.05,,1995-01-07T04:53:52Z,1995-01-07T05:08:52Z,c96d6792-27a3-3ef4-83f2-bb68e71023df,185345009,,,1,2,,,1,1,Encounter for symptom (procedure),0.00,27376,p,0.00,0.00,83.05,83.05,922fb35e-148d-9e82-f3bc-af11977933c7,,922fb35e-148d-9e82-971e-7d542c06f4bd,1,82bc312c-5140-37fe-a179-5ebad3a13196,82bc312c-5140-37fe-a179-5ebad3a13196
ce643e86-7e0f-54be-e3b5-1a2718c2c9f0,922fb35e-148d-9e82-7d63-44d0dadd5109,27378,922fb35e-148d-9e82-7e65-bfa05e3b3515,PAYMENT,,CASH,1995-01-07T04:53:52Z,1995-01-07T05:08:52Z,c96d6792-27a3-3ef4-83f2-bb68e71023df,185345009,,,1,2,,,1,1,Encounter for symptom (procedure),0.00,,,83.05,0.00,,0.00,922fb35e-148d-9e82-f3bc-af11977933c7,,922fb35e-148d-9e82-971e-7d542c06f4bd,1,82bc312c-5140-37fe-a179-5ebad3a13196,82bc312c-5140-37fe-a179-5ebad3a13196
9916c850-9308-ec27-9df0-f95cf3236304,922fb35e-148d-9e82-bf17-bf6bdeab5e2b,27380,922fb35e-148d-9e82-7e65-bfa05e3b3515,CHARGE,171.78,,2004-12-30T18:53:52Z,2004-12-30T19:47:24Z,c3fdf07c-4ba2-301b-8291-7e279679c67c,162673000,,,1,,,,1,20,General examination of patient (procedure),171.78,,1,0.00,0.00,,0.00,922fb35e-148d-9e82-0688-faac6f54dbfb,,922fb35e-148d-9e82-971e-7d542c06f4bd,1,1c3d58c6-c950-3c96-b499-55d4f5f14b0b,1c3d58c6-c950-3c96-b499-55d4f5f14b0b
322d90a1-2611-e84f-3be1-f2b9e646f609,922fb35e-148d-9e82-bf17-bf6bdeab5e2b,27381,922fb35e-148d-9e82-7e65-bfa05e3b3515,TRANSFEROUT,,,2004-12-30T18:53:52Z,2004-12-30T19:47:24Z,c3fdf07c-4ba2-301b-8291-7e279679c67c,162673000,,,1,,,,1,20,General examination of patient (procedure),0.00,,,0.00,0.00,171.78,171.78,922fb35e-148d-9e82-0688-faac6f54dbfb,,922fb35e-148d-9e82-971e-7d542c06f4bd,1,1c3d58c6-c950-3c96-b499-55d4f5f14b0b,1c3d58c6-c950-3c96-b499-55d4f5f14b0b
645b2142-4c24-009e-77c3-e573cc8e1c12,922fb35e-148d-9e82-bf17-bf6bdeab5e2b,27382,922fb35e-148d-9e82-7e65-bfa05e3b3515,TRANSFERIN,171.78,,2004-12-30T18:53:52Z,2004-12-30T19:47:24Z,c3fdf07c-4ba2-301b-8291-7e279679c67c,162673000,,,1,,,,1,20,General examination of patient (procedure),0.00,27381,p,0.00,0.00,171.78,171.78,922fb35e-148d-9e82-0688-faac6f54dbfb,,922fb35e-148d-9e82-971e-7d542c06f4bd,1,1c3d58c6-c950-3c96-b499-55d4f5f14b0b,1c3d58c6-c950-3c96-b499-55d4f5f14b0b
c8b64284-9848-c13c-ef87-cae7991cf824,922fb35e-148d-9e82-bf17-bf6bdeab5e2b,27383,922fb35e-148d-9e82-7e65-bfa05e3b3515,PAYMENT,,CC,2004-12-30T18:53:52Z,2004-12-30T19:47:24Z,c3fdf07c-4ba2-301b-8291-7e279679c67c,162673000,,,1,,,,1,20,General examination of patient (procedure),0.00,,,171.78,0.00,,0.00,922fb35e-148d-9e82-0688-faac6f54dbfb,,922fb35e-148d-9e82-971e-7d542c06f4bd,1,1c3d58c6-c950-3c96-b499-55d4f5f14b0b,1c3d58c6-c950-3c96-b499-55d4f5f14b0b
f7cef94d-6c3e-376c-cf6d-300440751f93,922fb35e-148d-9e82-9629-4236898a8e71,27385,922fb35e-148d-9e82-7e65-bfa05e3b3515,CHARGE,165.00,,2006-08-27T18:53:52Z,2006-08-27T19:53:52Z,91ce0760-d028-3e0f-ab22-17cc23334533,50849002,,,1,2,,,1,4,Emergency room admission (procedure),165.00,,1,0.00,0.00,,0.00,922fb35e-148d-9e82-e5d5-7ce6b3dc7dec,,922fb35e-148d-9e82-5a30-14746e308a3e,1,889de383-8473-33f5-a918-1b822a56bead,889de383-8473-33f5-a918-1b822a56bead
ef9df29a-d9ac-6ed9-9eda-6008811a3f27,922fb35e-148d-9e82-9629-4236898a8e71,27386,922fb35e-148d-9e82-7e65-bfa05e3b3515,PAYMENT,,ECHECK,2006-08-27T18:53:52Z,2006-08-27T19:53:52Z,91ce0760-d028-3e0f-ab22-17cc23334533,50849002,,,1,2,,,1,4,Emergency room admission (procedure),0.00,,,99.00,0.00,,66.00,922fb35e-148d-9e82-e5d5-7ce6b3dc7dec,,922fb35e-148d-9e82-5a30-14746e308a3e,1,889de383-8473-33f5-a918-1b822a56bead,889de383-8473-33f5-a918-1b822a56bead
df3be535-b458-ddb3-3db4-c01105347e4f,922fb35e-148d-9e82-9629-4236898a8e71,27387,922fb35e-148d-9e82-7e65-bfa05e3b3515,TRANSFEROUT,,,2006-08-27T18:53:52Z,2006-08-27T19:53:52Z,91ce0760-d028-3e0f-ab22-17cc23334533,50849002,,,1,2,,,1,4,Emergency room admission (procedure),0.00,,,0.00,0.00,66.00,66.00,922fb35e-148d-9e82-e5d5-7ce6b3dc7dec,,922fb35e-148d-9e82-5a30-14746e308a3e,1,889de383-8473-33f5-a918-1b822a56bead,889de383-8473-33f5-a918-1b822a56bead
be77ca6b-6fb1-bb67-7b69-80220d68fc9e,40bb1501-079d-4234-b6a1-b618515a3722,27388,922fb35e-148d-9e82-7e65-bfa05e3b3515,TRANSFERIN,66.00,,2006-08-27T18:53:52Z,2006-08-27T19:53:52Z,91ce0760-d028-3e0f-ab22-17cc23334533,50849002,,,1,2,,,1,4,Emergency room admission (procedure),0.00,27387,p,0.00,0.00,66.00,66.00,922fb35e-148d-9e82-e5d5-7ce6b3dc7dec,,922fb35e-148d-9e82-5a30-14746e308a3e,1,889de383-8473-33f5-a918-1b822a56bead,889de383-8473-33f5-a918-1b822a56bead
7cef94d6-e363-76cf-f6d3-004426d1f93c,922fb35e-148d-9e82-9629-4236898a8e71,27389,922fb35e-148d-9e82-7e65-bfa05e3b3515,PAYMENT,,CC,2006-08-27T18:53:52Z,2006-08-27T19:53:52Z,91ce0760-d028-3e0f-ab22-17cc23334533,50849002,,,1,2,,,1,4,Emergency room admission (procedure),0.00,,,66.00,0.00,,0.00,922fb35e-148d-9e82-e5d5-7ce6b3dc7dec,,922fb35e-148d-9e82-5a30-14746e308a3e,1,889de383-8473-33f5-a918-1b822a56bead,889de383-8473-33f5-a918-1b822a56bead
efc22c00-27a7-01e3-8d79-6d3782a1deda,922fb35e-148d-9e82-2b7c-03dc8afd6c73,27391,922fb35e-148d-9e82-7e65-bfa05e3b3515,CHARGE,171.78,,2012-01-12T18:53:52Z,2012-01-12T19:25:31Z,c3fdf07c-4ba2-301b-8291-7e279679c67c,162673000,,,1,,,,1,20,General examination of patient (procedure),171.78,,1,0.00,0.00,,0.00,922fb35e-148d-9e82-f652-3096936f3853,,922fb35e-148d-9e82-c624-5e8677e865db,1,1c3d58c6-c950-3c96-b499-55d4f5f14b0b,1c3d58c6-c950-3c96-b499-55d4f5f14b0b
e3845800-4f4e-03c7-26f2-da6f0543bdb5,565266f9-a1ce-44bc-b107-711c3714c6d1,27392,922fb35e-148d-9e82-7e65-bfa05e3b3515,TRANSFEROUT,,,2012-01-12T18:53:52Z,2012-01-12T19:25:31Z,c3fdf07c-4ba2-301b-8291-7e279679c67c,162673000,,,1,,,,1,20,General examination of patient (procedure),0.00,,,0,0.00,171.78,171.78,922fb35e-148d-9e82-f652-3096936f3853,,922fb35e-148d-9e82-c624-5e8677e865db,1,1c3d58c6-c950-3c96-b499-55d4f5f14b0b,1c3d58c6-c950-3c96-b499-55d4f5f14b0b
dd08b000-9e9c-078f-53e5-b4de0a877b6a,922fb35e-148d-9e82-2b7c-03dc8afd6c73,27393,922fb35e-148d-9e82-7e65-bfa05e3b3515,TRANSFERIN,171.78,,2012-01-12T18:53:52Z,2012-01-12T19:25:31Z,c3fdf07c-4ba2-301b-8291-7e279679c67c,162673000,,,1,,,,1,20,General examination of patient (procedure),0.00,27392,p,0.0000,0.00,171.78,171.78,922fb35e-148d-9e82-f652-3096936f3853,,922fb35e-148d-9e82-c624-5e8677e865db,1,1c3d58c6-c950-3c96-b499-55d4f5f14b0b,1c3d58c6-c950-3c96-b499-55d4f5f14b0b
ca116001-3d38-0f1f-d7cb-69bc150ef6d4,922fb35e-148d-9e82-2b7c-03dc8afd6c73,27394,922fb35e-148d-9e82-7e65-bfa05e3b3515,PAYMENT,,CHECK,2012-01-12T18:53:52Z,2012-01-12T19:25:31Z,c3fdf07c-4ba2-301b-8291-7e279679c67c,162673000,,,1,,,,1,20,General examination of patient (procedure),0.00,,,171.78,0.00,,0.00,922fb35e-148d-9e82-f652-3096936f3853,,922fb35e-148d-9e82-c624-5e8677e865db,1,1c3d58c6-c950-3c96-b499-55d4f5f14b0b,1c3d58c6-c950-3c96-b499-55d4f5f14b0b
56a4d90b-0efb-1646-f740-b2bfd75e6721,922fb35e-148d-9e82-b67a-182cdfc4a0ae,27396,922fb35e-148d-9e82-7e65-bfa05e3b3515,CHARGE,171.78,,2015-01-15T18:53:52Z,2015-01-15T19:24:26Z,c3fdf07c-4ba2-301b-8291-7e279679c67c,162673000,,,1,,,,1,20,General examination of patient (procedure),171.78,,1,0.00,0.00,,0.00,922fb35e-148d-9e82-66a8-30c79ac5bdfd,,922fb35e-148d-9e82-1287-77da4bcfb421,1,1c3d58c6-c950-3c96-b499-55d4f5f14b0b,1c3d58c6-c950-3c96-b499-55d4f5f14b0b
ad49b216-1df6-338c-ee81-657faebcd143,922fb35e-148d-9e82-b67a-182cdfc4a0ae,27397,922fb35e-148d-9e82-7e65-bfa05e3b3515,TRANSFEROUT,,,2015-01-15T18:53:52Z,2015-01-15T19:24:26Z,c3fdf07c-4ba2-301b-8291-7e279679c67c,162673000,,,1,,,,1,20,General examination of patient (procedure),0.00,,,0.00,0.00,171.78,171.78,922fb35e-148d-9e82-66a8-30c79ac5bdfd,,922fb35e-148d-9e82-1287-77da4bcfb421,1,1c3d58c6-c950-3c96-b499-55d4f5f14b0b,1c3d58c6-c950-3c96-b499-55d4f5f14b0b
5a93642c-3bec-6b19-dd02-caff5d79ae87,922fb35e-148d-9e82-b67a-182cdfc4a0ae,27398,922fb35e-148d-9e82-7e65-bfa05e3b3515,TRANSFERIN,171.78,,2015-01-15T18:53:52Z,2015-01-15T19:24:26Z,c3fdf07c-4ba2-301b-8291-7e279679c67c,162673000,,,1,,,,1,20,General examination of patient (procedure),0.00,27397,p,0.00,0.00,171.78,171.78,922fb35e-148d-9e82-66a8-30c79ac5bdfd,,922fb35e-148d-9e82-1287-77da4bcfb421,1,1c3d58c6-c950-3c96-b499-55d4f5f14b0b,1c3d58c6-c950-3c96-b499-55d4f5f14b0b
b526c858-77d8-ec32-ba05-95febaf3630f,922fb35e-148d-9e82-b67a-182cdfc4a0ae,27399,922fb35e-148d-9e82-7e65-bfa05e3b3515,PAYMENT,,CASH,2015-01-15T18:53:52Z,2015-01-15T19:24:26Z,c3fdf07c-4ba2-301b-8291-7e279679c67c,162673000,,,1,,,,1,20,General examination of patient (procedure),0.00,,,171.78,0.00,,0.00,922fb35e-148d-9e82-66a8-30c79ac5bdfd,,922fb35e-148d-9e82-1287-77da4bcfb421,1,1c3d58c6-c950-3c96-b499-55d4f5f14b0b,1c3d58c6-c950-3c96-b499-55d4f5f14b0b
311a8f34-0cbd-e15e-2c1b-580ee0f4c985,922fb35e-148d-9e82-d683-b89b71e5864c,27401,922fb35e-148d-9e82-7e65-bfa05e3b3515,CHARGE,138.42,,2016-04-14T18:53:52Z,2016-04-14T19:08:52Z,c96d6792-27a3-3ef4-83f2-bb68e71023df,424441002,,,1,2,,,1,1,Prenatal initial visit (regime/therapy),138.42,,1,0.00,0.00,,0.00,922fb35e-148d-9e82-2e63-6f3c5299d8d1,,922fb35e-148d-9e82-fe27-88a595cd39a2,1,82bc312c-5140-37fe-a179-5ebad3a13196,82bc312c-5140-37fe-a179-5ebad3a13196
62351e68-1aab-c2bc-5836-b01dc219930a,922fb35e-148d-9e82-d683-b89b71e5864c,27402,922fb35e-148d-9e82-7e65-bfa05e3b3515,TRANSFEROUT,,,2016-04-14T18:53:52Z,2016-04-14T19:08:52Z,c96d6792-27a3-3ef4-83f2-bb68e71023df,424441002,,,1,2,,,1,1,Prenatal initial visit (regime/therapy),0.00,,,0,0.00,138.42,138.42,922fb35e-148d-9e82-2e63-6f3c5299d8d1,,922fb35e-148d-9e82-fe27-88a595cd39a2,1,82bc312c-5140-37fe-a179-5ebad3a13196,82bc312c-5140-37fe-a179-5ebad3a13196
c46a3cd0-3657-8578-b06d-603b87332614,922fb35e-148d-9e82-d683-b89b71e5864c,27403,922fb35e-148d-9e82-7e65-bfa05e3b3515,TRANSFERIN,138.42,,2016-04-14T18:53:52Z,2016-04-14T19:08:52Z,c96d6792-27a3-3ef4-83f2-bb68e71023df,424441002,,,1,2,,,1,1,Prenatal initial visit (regime/therapy),0.00,27402,p,0.00,0.00,138.42,138.42,922fb35e-148d-9e82-2e63-6f3c5299d8d1,,922fb35e-148d-9e82-fe27-88a595cd39a2,1,82bc312c-5140-37fe-a179-5ebad3a13196,82bc312c-5140-37fe-a179-5ebad3a13196
88d479a0-73af-0af1-60da-c07711664c29,922fb35e-148d-9e82-d683-b89b71e5864c,27404,922fb35e-148d-9e82-7e65-bfa05e3b3515,PAYMENT,,CC,2016-04-14T18:53:52Z,2016-04-14T19:08:52Z,c96d6792-27a3-3ef4-83f2-bb68e71023df,424441002,,,1,2,,,1,1,Prenatal initial visit (regime/therapy),0.00,,,138.42,0.00,,0.00,922fb35e-148d-9e82-2e63-6f3c5299d8d1,,922fb35e-148d-9e82-fe27-88a595cd39a2,1,82bc312c-5140-37fe-a179-5ebad3a13196,82bc312c-5140-37fe-a179-5ebad3a13196
4d46c5f8-6434-8c13-0487-fddbae64a2b1,922fb35e-148d-9e82-86ab-6425e1abe8f3,27406,922fb35e-148d-9e82-7e65-bfa05e3b3515,CHARGE,138.42,,2016-09-01T18:53:52Z,2016-09-01T19:08:52Z,c96d6792-27a3-3ef4-83f2-bb68e71023df,424619006,,,1,,,,1,1,Prenatal visit (regime/therapy),138.42,,1,0.00,0.00,,0.00,922fb35e-148d-9e82-3fb8-b129e52c4502,,922fb35e-148d-9e82-fe27-88a595cd39a2,1,82bc312c-5140-37fe-a179-5ebad3a13196,82bc312c-5140-37fe-a179-5ebad3a13196
9a8d8bf0-c869-182a-090f-fbb75cc9456e,922fb35e-148d-9e82-86ab-6425e1abe8f3,27407,922fb35e-148d-9e82-7e65-bfa05e3b3515,PAYMENT,,ECHECK,2016-09-01T18:53:52Z,2016-09-01T19:08:52Z,c96d6792-27a3-3ef4-83f2-bb68e71023df,424619006,,,1,,,,1,1,Prenatal visit (regime/therapy),0.00,,,138.42,0.00,,0.00,922fb35e-148d-9e82-3fb8-b129e52c4502,,922fb35e-148d-9e82-fe27-88a595cd39a2,1,82bc312c-5140-37fe-a179-5ebad3a13196,82bc312c-5140-37fe-a179-5ebad3a13196
6a362fc3-21a4-60e6-243f-eedd732515f4,922fb35e-148d-9e82-86ab-6425e1abe8f3,27409,922fb35e-148d-9e82-7e65-bfa05e3b3515,CHARGE,1240.89,,2016-09-01T18:53:52Z,2016-09-01T19:08:52Z,c96d6792-27a3-3ef4-83f2-bb68e71023df,104091002,,,1,,,,1,1,Hemogram  automated  with red blood cells  white blood cells  hemoglobin  hematocrit  indices  platelet count  and manual white blood cell differential (procedure),1240.89,,1,0.00,0.00,,0.00,922fb35e-148d-9e82-3fb8-b129e52c4502,,922fb35e-148d-9e82-fe27-88a595cd39a2,1,82bc312c-5140-37fe-a179-5ebad3a13196,82bc312c-5140-37fe-a179-5ebad3a13196
f0c86918-eb5a-8d8b-b75c-c9462ec90ffb,922fb35e-148d-9e82-86ab-6425e1abe8f3,27410,922fb35e-148d-9e82-7e65-bfa05e3b3515,PAYMENT,,ECHECK,2016-09-01T18:53:52Z,2016-09-01T19:08:52Z,c96d6792-27a3-3ef4-83f2-bb68e71023df,104091002,,,1,,,,1,1,Hemogram  automated  with red blood cells  white blood cells  hemoglobin  hematocrit  indices  platelet count  and manual white blood cell differential (procedure),0.00,,,1240.89,0.00,,0.00,922fb35e-148d-9e82-3fb8-b129e52c4502,,922fb35e-148d-9e82-fe27-88a595cd39a2,1,82bc312c-5140-37fe-a179-5ebad3a13196,82bc312c-5140-37fe-a179-5ebad3a13196
c321a463-e96a-362f-dd73-2518f7243fee,922fb35e-148d-9e82-86ab-6425e1abe8f3,27412,922fb35e-148d-9e82-7e65-bfa05e3b3515,CHARGE,2951.22,,2016-09-01T18:53:52Z,2016-09-01T19:08:52Z,c96d6792-27a3-3ef4-83f2-bb68e71023df,399014008,,,1,,,,1,1,Administration of vaccine product containing only Bordetella pertussis and Clostridium tetani and Corynebacterium diphtheriae antigens (procedure),2951.22,,1,0.00,0.00,,0.00,922fb35e-148d-9e82-3fb8-b129e52c4502,,922fb35e-148d-9e82-fe27-88a595cd39a2,1,82bc312c-5140-37fe-a179-5ebad3a13196,82bc312c-5140-37fe-a179-5ebad3a13196
864348c8-02d4-6c5f-bae6-4a321e487fdd,922fb35e-148d-9e82-86ab-6425e1abe8f3,27413,922fb35e-148d-9e82-7e65-bfa05e3b3515,PAYMENT,,ECHECK,2016-09-01T18:53:52Z,2016-09-01T19:08:52Z,c96d6792-27a3-3ef4-83f2-bb68e71023df,399014008,,,1,,,,1,1,Administration of vaccine product containing only Bordetella pertussis and Clostridium tetani and Corynebacterium diphtheriae antigens (procedure),0.00,,,2951.22,0.00,,0.00,922fb35e-148d-9e82-3fb8-b129e52c4502,,922fb35e-148d-9e82-fe27-88a595cd39a2,1,82bc312c-5140-37fe-a179-5ebad3a13196,82bc312c-5140-37fe-a179-5ebad3a13196
190d2322-9751-b17e-eb99-28ca0521ff76,922fb35e-148d-9e82-86ab-6425e1abe8f3,27415,922fb35e-148d-9e82-7e65-bfa05e3b3515,CHARGE,1240.89,,2016-09-01T18:53:52Z,2016-09-01T19:08:52Z,c96d6792-27a3-3ef4-83f2-bb68e71023df,268556000,,,1,,,,1,1,Urine screening for glucose (procedure),1240.89,,1,0.00,0.00,,0.00,922fb35e-148d-9e82-3fb8-b129e52c4502,,922fb35e-148d-9e82-fe27-88a595cd39a2,1,82bc312c-5140-37fe-a179-5ebad3a13196,82bc312c-5140-37fe-a179-5ebad3a13196
321a4646-2ea3-62fc-d732-51970a43feed,922fb35e-148d-9e82-86ab-6425e1abe8f3,27416,922fb35e-148d-9e82-7e65-bfa05e3b3515,PAYMENT,,ECHECK,2016-09-01T18:53:52Z,2016-09-01T19:08:52Z,c96d6792-27a3-3ef4-83f2-bb68e71023df,268556000,,,1,,,,1,1,Urine screening for glucose (procedure),0.00,,,1240.89,0.00,,0.00,922fb35e-148d-9e82-3fb8-b129e52c4502,,922fb35e-148d-9e82-fe27-88a595cd39a2,1,82bc312c-5140-37fe-a179-5ebad3a13196,82bc312c-5140-37fe-a179-5ebad3a13196
c869192a-ba8d-8bf0-5cc9-466e290ffbb7,922fb35e-148d-9e82-86ab-6425e1abe8f3,27418,922fb35e-148d-9e82-7e65-bfa05e3b3515,CHARGE,3252.82,,2016-09-01T18:53:52Z,2016-09-01T19:08:52Z,c96d6792-27a3-3ef4-83f2-bb68e71023df,274804006,,,1,,,,1,1,Evaluation of uterine fundal height (procedure),3252.82,,1,0.00,0.00,,0.00,922fb35e-148d-9e82-3fb8-b129e52c4502,,922fb35e-148d-9e82-fe27-88a595cd39a2,1,82bc312c-5140-37fe-a179-5ebad3a13196,82bc312c-5140-37fe-a179-5ebad3a13196
90d2326b-751b-17e1-b992-8ce2521ff76e,922fb35e-148d-9e82-86ab-6425e1abe8f3,27419,922fb35e-148d-9e82-7e65-bfa05e3b3515,PAYMENT,,ECHECK,2016-09-01T18:53:52Z,2016-09-01T19:08:52Z,c96d6792-27a3-3ef4-83f2-bb68e71023df,274804006,,,1,,,,1,1,Evaluation of uterine fundal height (procedure),0.00,,,3252.82,0.00,,0.00,922fb35e-148d-9e82-3fb8-b129e52c4502,,922fb35e-148d-9e82-fe27-88a595cd39a2,1,82bc312c-5140-37fe-a179-5ebad3a13196,82bc312c-5140-37fe-a179-5ebad3a13196
eb7a8d8b-f0c8-6919-2ee9-0ffbb75cc947,922fb35e-148d-9e82-86ab-6425e1abe8f3,27421,922fb35e-148d-9e82-7e65-bfa05e3b3515,CHARGE,3252.82,,2016-09-01T18:53:52Z,2016-09-01T19:08:52Z,c96d6792-27a3-3ef4-83f2-bb68e71023df,225158009,,,1,,,,1,1,Auscultation of the fetal heart (procedure),3252.82,,1,0.00,0.00,,0.00,922fb35e-148d-9e82-3fb8-b129e52c4502,,922fb35e-148d-9e82-fe27-88a595cd39a2,1,82bc312c-5140-37fe-a179-5ebad3a13196,82bc312c-5140-37fe-a179-5ebad3a13196
ecf51b17-e190-d233-63d2-1ff76eb9928e,922fb35e-148d-9e82-86ab-6425e1abe8f3,27422,922fb35e-148d-9e82-7e65-bfa05e3b3515,PAYMENT,,ECHECK,2016-09-01T18:53:52Z,2016-09-01T19:08:52Z,c96d6792-27a3-3ef4-83f2-bb68e71023df,225158009,,,1,,,,1,1,Auscultation of the fetal heart (procedure),0.00,,,3252.82,0.00,,0.00,922fb35e-148d-9e82-3fb8-b129e52c4502,,922fb35e-148d-9e82-fe27-88a595cd39a2,1,82bc312c-5140-37fe-a179-5ebad3a13196,82bc312c-5140-37fe-a179-5ebad3a13196
e38efc2b-3d26-cca3-26fd-7e9b083cbd51,922fb35e-148d-9e82-006f-db1319c48605,27424,922fb35e-148d-9e82-7e65-bfa05e3b3515,CHARGE,138.42,,2016-09-29T18:53:52Z,2016-09-29T19:08:52Z,c96d6792-27a3-3ef4-83f2-bb68e71023df,424619006,,,1,,,,1,1,Prenatal visit (regime/therapy),138.42,,1,0.00,0.00,,0.00,922fb35e-148d-9e82-f84c-5060c2f4a807,,922fb35e-148d-9e82-fe27-88a595cd39a2,1,82bc312c-5140-37fe-a179-5ebad3a13196,82bc312c-5140-37fe-a179-5ebad3a13196
dd1df856-7a4d-9947-53fa-fd3610797aa2,922fb35e-148d-9e82-006f-db1319c48605,27425,922fb35e-148d-9e82-7e65-bfa05e3b3515,PAYMENT,,ECHECK,2016-09-29T18:53:52Z,2016-09-29T19:08:52Z,c96d6792-27a3-3ef4-83f2-bb68e71023df,424619006,,,1,,,,1,1,Prenatal visit (regime/therapy),0.00,,,138.42,0.00,,0.00,922fb35e-148d-9e82-f84c-5060c2f4a807,,922fb35e-148d-9e82-fe27-88a595cd39a2,1,82bc312c-5140-37fe-a179-5ebad3a13196,82bc312c-5140-37fe-a179-5ebad3a13196
c477e159-e936-651f-dfeb-f4d841e5ea89,922fb35e-148d-9e82-006f-db1319c48605,27427,922fb35e-148d-9e82-7e65-bfa05e3b3515,CHARGE,13011.27,,2016-09-29T18:53:52Z,2016-09-29T19:08:52Z,c96d6792-27a3-3ef4-83f2-bb68e71023df,274804006,,,1,,,,1,1,Evaluation of uterine fundal height (procedure),13011.27,,1,0.00,0.00,,0.00,922fb35e-148d-9e82-f84c-5060c2f4a807,,922fb35e-148d-9e82-fe27-88a595cd39a2,1,82bc312c-5140-37fe-a179-5ebad3a13196,82bc312c-5140-37fe-a179-5ebad3a13196
48efc2b3-d26c-ca40-7fd7-e9b083cbd514,922fb35e-148d-9e82-006f-db1319c48605,27428,922fb35e-148d-9e82-7e65-bfa05e3b3515,PAYMENT,,ECHECK,2016-09-29T18:53:52Z,2016-09-29T19:08:52Z,c96d6792-27a3-3ef4-83f2-bb68e71023df,274804006,,,1,,,,1,1,Evaluation of uterine fundal height (procedure),0.00,,,13011.27,0.00,,0.00,922fb35e-148d-9e82-f84c-5060c2f4a807,,922fb35e-148d-9e82-fe27-88a595cd39a2,1,82bc312c-5140-37fe-a179-5ebad3a13196,82bc312c-5140-37fe-a179-5ebad3a13196
59e93665-25fe-a7e1-d841-e5ea8fda1bf4,922fb35e-148d-9e82-006f-db1319c48605,27430,922fb35e-148d-9e82-7e65-bfa05e3b3515,CHARGE,6017.80,,2016-09-29T18:53:52Z,2016-09-29T19:08:52Z,c96d6792-27a3-3ef4-83f2-bb68e71023df,225158009,,,1,,,,1,1,Auscultation of the fetal heart (procedure),6017.80,,1,0.00,0.00,,0.00,922fb35e-148d-9e82-f84c-5060c2f4a807,,922fb35e-148d-9e82-fe27-88a595cd39a2,1,82bc312c-5140-37fe-a179-5ebad3a13196,82bc312c-5140-37fe-a179-5ebad3a13196
b3d26cca-4c3d-4fc2-b083-cbd5207437e9,922fb35e-148d-9e82-006f-db1319c48605,27431,922fb35e-148d-9e82-7e65-bfa05e3b3515,PAYMENT,,ECHECK,2016-09-29T18:53:52Z,2016-09-29T19:08:52Z,c96d6792-27a3-3ef4-83f2-bb68e71023df,225158009,,,1,,,,1,1,Auscultation of the fetal heart (procedure),0.00,,,6017.80,0.00,,0.00,922fb35e-148d-9e82-f84c-5060c2f4a807,,922fb35e-148d-9e82-fe27-88a595cd39a2,1,82bc312c-5140-37fe-a179-5ebad3a13196,82bc312c-5140-37fe-a179-5ebad3a13196
56c5efe2-b2e7-63c8-1604-4de767f51dd2,922fb35e-148d-9e82-19f3-f0dc0933a6c9,27433,922fb35e-148d-9e82-7e65-bfa05e3b3515,CHARGE,138.42,,2016-10-27T18:53:52Z,2016-10-27T19:08:52Z,c96d6792-27a3-3ef4-83f2-bb68e71023df,424619006,,,1,,,,1,1,Prenatal visit (regime/therapy),138.42,,1,0.00,0.00,,0.00,922fb35e-148d-9e82-dc42-53dd2926295a,,922fb35e-148d-9e82-fe27-88a595cd39a2,1,82bc312c-5140-37fe-a179-5ebad3a13196,82bc312c-5140-37fe-a179-5ebad3a13196
ad8bdfc5-663e-c790-2c08-9bced01a3ba4,922fb35e-148d-9e82-19f3-f0dc0933a6c9,27434,922fb35e-148d-9e82-7e65-bfa05e3b3515,PAYMENT,,ECHECK,2016-10-27T18:53:52Z,2016-10-27T19:08:52Z,c96d6792-27a3-3ef4-83f2-bb68e71023df,424619006,,,1,,,,1,1,Prenatal visit (regime/therapy),0.00,,,138.42,0.00,,0.00,922fb35e-148d-9e82-dc42-53dd2926295a,,922fb35e-148d-9e82-fe27-88a595cd39a2,1,82bc312c-5140-37fe-a179-5ebad3a13196,82bc312c-5140-37fe-a179-5ebad3a13196
b62f7f15-9aab-1e42-b022-6f3b4218ee90,922fb35e-148d-9e82-19f3-f0dc0933a6c9,27436,922fb35e-148d-9e82-7e65-bfa05e3b3515,CHARGE,1240.89,,2016-10-27T18:53:52Z,2016-10-27T19:08:52Z,c96d6792-27a3-3ef4-83f2-bb68e71023df,118001005,,,1,,,,1,1,Streptococcus pneumoniae group B antigen assay (procedure),1240.89,,1,0.00,0.00,,0.00,922fb35e-148d-9e82-dc42-53dd2926295a,,922fb35e-148d-9e82-fe27-88a595cd39a2,1,82bc312c-5140-37fe-a179-5ebad3a13196,82bc312c-5140-37fe-a179-5ebad3a13196
6c5efe2b-3656-3c85-6044-de768731dd21,922fb35e-148d-9e82-19f3-f0dc0933a6c9,27437,922fb35e-148d-9e82-7e65-bfa05e3b3515,PAYMENT,,ECHECK,2016-10-27T18:53:52Z,2016-10-27T19:08:52Z,c96d6792-27a3-3ef4-83f2-bb68e71023df,118001005,,,1,,,,1,1,Streptococcus pneumoniae group B antigen assay (procedure),0.00,,,1240.89,0.00,,0.00,922fb35e-148d-9e82-dc42-53dd2926295a,,922fb35e-148d-9e82-fe27-88a595cd39a2,1,82bc312c-5140-37fe-a179-5ebad3a13196,82bc312c-5140-37fe-a179-5ebad3a13196
b17bf8ac-eb58-f215-8113-79da2ec77485,922fb35e-148d-9e82-19f3-f0dc0933a6c9,27439,922fb35e-148d-9e82-7e65-bfa05e3b3515,CHARGE,5777,,2016-10-27T18:53:52Z,2016-10-27T19:08:52Z,c96d6792-27a3-3ef4-83f2-bb68e71023df,274804006,,,1,,,,1,1,Evaluation of uterine fundal height (procedure),5776.90,,1,0.00,0.00,,0.00,922fb35e-148d-9e82-dc42-53dd2926295a,,922fb35e-148d-9e82-fe27-88a595cd39a2,1,82bc312c-5140-37fe-a179-5ebad3a13196,82bc312c-5140-37fe-a179-5ebad3a13196
2b663e3c-856c-5efe-76b7-19dd216044de,922fb35e-148d-9e82-19f3-f0dc0933a6c9,27440,922fb35e-148d-9e82-7e65-bfa05e3b3515,PAYMENT,,ECHECK,2016-10-27T18:53:52Z,2016-10-27T19:08:52Z,c96d6792-27a3-3ef4-83f2-bb68e71023df,274804006,,,1,,,,1,1,Evaluation of uterine fundal height (procedure),0.00,,,5776.90,0.00,,0.00,922fb35e-148d-9e82-dc42-53dd2926295a,,922fb35e-148d-9e82-fe27-88a595cd39a2,1,82bc312c-5140-37fe-a179-5ebad3a13196,82bc312c-5140-37fe-a179-5ebad3a13196
adaaf8f2-15b1-7bf8-daee-677485811379,922fb35e-148d-9e82-19f3-f0dc0933a6c9,27442,922fb35e-148d-9e82-7e65-bfa05e3b3515,CHARGE,13011.27,,2016-10-27T18:53:52Z,2016-10-27T19:08:52Z,c96d6792-27a3-3ef4-83f2-bb68e71023df,225158009,,,1,,,,1,1,Auscultation of the fetal heart (procedure),13011.27,,1,0.00,0.00,,0.00,922fb35e-148d-9e82-dc42-53dd2926295a,,922fb35e-148d-9e82-fe27-88a595cd39a2,1,82bc312c-5140-37fe-a179-5ebad3a13196,82bc312c-5140-37fe-a179-5ebad3a13196
5b6bf1e4-2b62-f7f1-b5e2-cee90b0226f3,922fb35e-148d-9e82-19f3-f0dc0933a6c9,27443,922fb35e-148d-9e82-7e65-bfa05e3b3515,PAYMENT,,ECHECK,2016-10-27T18:53:52Z,2016-10-27T19:08:52Z,c96d6792-27a3-3ef4-83f2-bb68e71023df,225158009,,,1,,,,1,1,Auscultation of the fetal heart (procedure),0.00,,,13011.27,0.00,,0.00,922fb35e-148d-9e82-dc42-53dd2926295a,,922fb35e-148d-9e82-fe27-88a595cd39a2,1,82bc312c-5140-37fe-a179-5ebad3a13196,82bc312c-5140-37fe-a179-5ebad3a13196
3b584325-671a-fff3-d22c-7a0d8e181d77,922fb35e-148d-9e82-cc4c-7bbfca2d4c13,27445,922fb35e-148d-9e82-7e65-bfa05e3b3515,CHARGE,138.42,,2016-11-10T18:53:52Z,2016-11-10T19:08:52Z,c96d6792-27a3-3ef4-83f2-bb68e71023df,424619006,,,1,,,,1,1,Prenatal visit (regime/therapy),138.42,,1,0.00,0.00,,0.00,922fb35e-148d-9e82-8b97-d4c98527f2d9,,922fb35e-148d-9e82-fd75-e94a685bd94a,1,82bc312c-5140-37fe-a179-5ebad3a13196,82bc312c-5140-37fe-a179-5ebad3a13196
76b19e4a-ce35-ffe6-a459-0c1b1c303aef,922fb35e-148d-9e82-cc4c-7bbfca2d4c13,27446,922fb35e-148d-9e82-7e65-bfa05e3b3515,TRANSFEROUT,,,2016-11-10T18:53:52Z,2016-11-10T19:08:52Z,c96d6792-27a3-3ef4-83f2-bb68e71023df,424619006,,,1,,,,1,1,Prenatal visit (regime/therapy),0.00,,,0.00,0.00,138.42,138.42,922fb35e-148d-9e82-8b97-d4c98527f2d9,,922fb35e-148d-9e82-fd75-e94a685bd94a,1,82bc312c-5140-37fe-a179-5ebad3a13196,82bc312c-5140-37fe-a179-5ebad3a13196
ed643c95-9c6b-ffcc-48b5-1836386075df,922fb35e-148d-9e82-cc4c-7bbfca2d4c13,27447,922fb35e-148d-9e82-7e65-bfa05e3b3515,TRANSFERIN,138,,2016-11-10T18:53:52Z,2016-11-10T19:08:52Z,c96d6792-27a3-3ef4-83f2-bb68e71023df,424619006,,,1,,,,1,1,Prenatal visit (regime/therapy),0.00,27446,p,0.00,0.00,138.42,138.42,922fb35e-148d-9e82-8b97-d4c98527f2d9,,922fb35e-148d-9e82-fd75-e94a685bd94a,1,82bc312c-5140-37fe-a179-5ebad3a13196,82bc312c-5140-37fe-a179-5ebad3a13196
dacf792b-38d7-ff99-916d-306c70c0ebbe,922fb35e-148d-9e82-cc4c-7bbfca2d4c13,27448,922fb35e-148d-9e82-7e65-bfa05e3b3515,PAYMENT,,CHECK,2016-11-10T18:53:52Z,2016-11-10T19:08:52Z,c96d6792-27a3-3ef4-83f2-bb68e71023df,424619006,,,1,,,,1,1,Prenatal visit (regime/therapy),0.00,,,138.42,0.00,,0.00,922fb35e-148d-9e82-8b97-d4c98527f2d9,,922fb35e-148d-9e82-fd75-e94a685bd94a,1,82bc312c-5140-37fe-a179-5ebad3a13196,82bc312c-5140-37fe-a179-5ebad3a13196
959c6bff-cced-9448-3638-6075df48e524,922fb35e-148d-9e82-cc4c-7bbfca2d4c13,27450,922fb35e-148d-9e82-7e65-bfa05e3b3515,CHARGE,9242.83,,2016-11-10T18:53:52Z,2016-11-10T19:08:52Z,c96d6792-27a3-3ef4-83f2-bb68e71023df,274804006,,,1,,,,1,1,Evaluation of uterine fundal height (procedure),9242.83,,1,0.00,0.00,,0.00,922fb35e-148d-9e82-8b97-d4c98527f2d9,,922fb35e-148d-9e82-fd75-e94a685bd94a,1,82bc312c-5140-37fe-a179-5ebad3a13196,82bc312c-5140-37fe-a179-5ebad3a13196
2b38d7ff-99db-2f91-6c70-c0ebbe91cd48,922fb35e-148d-9e82-cc4c-7bbfca2d4c13,27451,922fb35e-148d-9e82-7e65-bfa05e3b3515,PAYMENT,,ECHECK,2016-11-10T18:53:52Z,2016-11-10T19:08:52Z,c96d6792-27a3-3ef4-83f2-bb68e71023df,274804006,,,1,,,,1,1,Evaluation of uterine fundal height (procedure),0.00,,,1972.35,0.00,,7270.48,922fb35e-148d-9e82-8b97-d4c98527f2d9,,922fb35e-148d-9e82-fd75-e94a685bd94a,1,82bc312c-5140-37fe-a179-5ebad3a13196,82bc312c-5140-37fe-a179-5ebad3a13196
5671afff-33b6-6322-d8e1-81d77d23a690,922fb35e-148d-9e82-cc4c-7bbfca2d4c13,27452,922fb35e-148d-9e82-7e65-bfa05e3b3515,TRANSFEROUT,,,2016-11-10T18:53:52Z,2016-11-10T19:08:52Z,c96d6792-27a3-3ef4-83f2-bb68e71023df,274804006,,,1,,,,1,1,Evaluation of uterine fundal height (procedure),0.00,,,0.00,0.00,7270.48,7270.48,922fb35e-148d-9e82-8b97-d4c98527f2d9,,922fb35e-148d-9e82-fd75-e94a685bd94a,1,82bc312c-5140-37fe-a179-5ebad3a13196,82bc312c-5140-37fe-a179-5ebad3a13196
ace35ffe-676c-dc44-b1c3-03aefa475321,922fb35e-148d-9e82-cc4c-7bbfca2d4c13,27453,922fb35e-148d-9e82-7e65-bfa05e3b3515,TRANSFERIN,7270.48,,2016-11-10T18:53:52Z,2016-11-10T19:08:52Z,c96d6792-27a3-3ef4-83f2-bb68e71023df,274804006,,,1,,,,1,1,Evaluation of uterine fundal height (procedure),0.00,27452,p,0.00,0.00,7270.48,7270.48,922fb35e-148d-9e82-8b97-d4c98527f2d9,,922fb35e-148d-9e82-fd75-e94a685bd94a,1,82bc312c-5140-37fe-a179-5ebad3a13196,82bc312c-5140-37fe-a179-5ebad3a13196
59c6bffc-ced9-c889-6386-075df48ed643,922fb35e-148d-9e82-cc4c-7bbfca2d4c13,27454,922fb35e-148d-9e82-7e65-bfa05e3b3515,PAYMENT,,CHECK,2016-11-10T18:53:52Z,2016-11-10T19:08:52Z,c96d6792-27a3-3ef4-83f2-bb68e71023df,274804006,,,1,,,,1,1,Evaluation of uterine fundal height (procedure),0.00,,,7270.48,0.00,,0.00,922fb35e-148d-9e82-8b97-d4c98527f2d9,,922fb35e-148d-9e82-fd75-e94a685bd94a,1,82bc312c-5140-37fe-a179-5ebad3a13196,82bc312c-5140-37fe-a179-5ebad3a13196
671afff3-3b68-4225-8e18-1d77d23c790d,922fb35e-148d-9e82-cc4c-7bbfca2d4c13,27456,922fb35e-148d-9e82-7e65-bfa05e3b3515,CHARGE,4445.02,,2016-11-10T18:53:52Z,2016-11-10T19:08:52Z,c96d6792-27a3-3ef4-83f2-bb68e71023df,225158009,,,1,,,,1,1,Auscultation of the fetal heart (procedure),4445.02,,1,0.00,0.00,,0.00,922fb35e-148d-9e82-8b97-d4c98527f2d9,,922fb35e-148d-9e82-fd75-e94a685bd94a,1,82bc312c-5140-37fe-a179-5ebad3a13196,82bc312c-5140-37fe-a179-5ebad3a13196
ce35ffe6-76d1-9c4a-1c30-3aefa4790a1b,922fb35e-148d-9e82-cc4c-7bbfca2d4c13,27457,922fb35e-148d-9e82-7e65-bfa05e3b3515,PAYMENT,,ECHECK,2016-11-10T18:53:52Z,2016-11-10T19:08:52Z,c96d6792-27a3-3ef4-83f2-bb68e71023df,225158009,,,1,,,,1,1,Auscultation of the fetal heart (procedure),0.00,,,2667.01,0.00,,1778.01,922fb35e-148d-9e82-8b97-d4c98527f2d9,,922fb35e-148d-9e82-fd75-e94a685bd94a,1,82bc312c-5140-37fe-a179-5ebad3a13196,82bc312c-5140-37fe-a179-5ebad3a13196
9c6bffcc-eda4-3895-3860-75df48f51436,922fb35e-148d-9e82-cc4c-7bbfca2d4c13,27458,922fb35e-148d-9e82-7e65-bfa05e3b3515,TRANSFEROUT,,,2016-11-10T18:53:52Z,2016-11-10T19:08:52Z,c96d6792-27a3-3ef4-83f2-bb68e71023df,225158009,,,1,,,,1,1,Auscultation of the fetal heart (procedure),0.00,,,0.00,0.00,1778.01,1778.01,922fb35e-148d-9e82-8b97-d4c98527f2d9,,922fb35e-148d-9e82-fd75-e94a685bd94a,1,82bc312c-5140-37fe-a179-5ebad3a13196,82bc312c-5140-37fe-a179-5ebad3a13196
38d7ff99-db4f-712b-70c0-ebbe91ed286c,922fb35e-148d-9e82-cc4c-7bbfca2d4c13,27459,922fb35e-148d-9e82-7e65-bfa05e3b3515,TRANSFERIN,1778.01,,2016-11-10T18:53:52Z,2016-11-10T19:08:52Z,c96d6792-27a3-3ef4-83f2-bb68e71023df,225158009,,,1,,,,1,1,Auscultation of the fetal heart (procedure),0.00,27458,p,0.00,0.00,1778.01,1778.01,922fb35e-148d-9e82-8b97-d4c98527f2d9,,922fb35e-148d-9e82-fd75-e94a685bd94a,1,82bc312c-5140-37fe-a179-5ebad3a13196,82bc312c-5140-37fe-a179-5ebad3a13196
e676e9a8-4ace-35ff-efa4-91161b1c303a,922fb35e-148d-9e82-cc4c-7bbfca2d4c13,27460,922fb35e-148d-9e82-7e65-bfa05e3b3515,PAYMENT,,CHECK,2016-11-10T18:53:52Z,2016-11-10T19:08:52Z,c96d6792-27a3-3ef4-83f2-bb68e71023df,225158009,,,1,,,,1,1,Auscultation of the fetal heart (procedure),0.00,,,1778.01,0.00,,0.00,922fb35e-148d-9e82-8b97-d4c98527f2d9,,922fb35e-148d-9e82-fd75-e94a685bd94a,1,82bc312c-5140-37fe-a179-5ebad3a13196,82bc312c-5140-37fe-a179-5ebad3a13196
e81863b5-33bc-49a5-b866-5e14496df113,922fb35e-148d-9e82-cfee-cb5f73cc2b39,27462,922fb35e-148d-9e82-7e65-bfa05e3b3515,CHARGE,165.00,,2016-11-17T18:53:52Z,2016-11-17T19:53:52Z,91ce0760-d028-3e0f-ab22-17cc23334533,183460006,,,1,,,,1,4,Obstetric emergency hospital admission (procedure),165.00,,1,0.00,0.00,,0.00,922fb35e-148d-9e82-f749-022800a508f8,,922fb35e-148d-9e82-fd75-e94a685bd94a,1,889de383-8473-33f5-a918-1b822a56bead,889de383-8473-33f5-a918-1b822a56bead
d030c76a-6778-944b-70cc-bc2892dbe527,922fb35e-148d-9e82-cfee-cb5f73cc2b39,27463,922fb35e-148d-9e82-7e65-bfa05e3b3515,PAYMENT,,ECHECK,2016-11-17T18:53:52Z,2016-11-17T19:53:52Z,91ce0760-d028-3e0f-ab22-17cc23334533,183460006,,,1,,,,1,4,Obstetric emergency hospital admission (procedure),0.00,,,165.00,0.00,,0.00,922fb35e-148d-9e82-f749-022800a508f8,,922fb35e-148d-9e82-fd75-e94a685bd94a,1,889de383-8473-33f5-a918-1b822a56bead,889de383-8473-33f5-a918-1b822a56bead
40c31da9-9de2-632f-c332-f0a24b6fa69d,922fb35e-148d-9e82-cfee-cb5f73cc2b39,27465,922fb35e-148d-9e82-7e65-bfa05e3b3515,CHARGE,2264.12,,2016-11-17T18:53:52Z,2016-11-17T19:08:52Z,91ce0760-d028-3e0f-ab22-17cc23334533,31208007,,,1,,,,1,4,Medical induction of labor (procedure),2264.12,,1,0.00,0.00,,0.00,922fb35e-148d-9e82-f749-022800a508f8,,922fb35e-148d-9e82-fd75-e94a685bd94a,1,889de383-8473-33f5-a918-1b822a56bead,889de383-8473-33f5-a918-1b822a56bead
81863b53-3bc4-dc5e-8665-e14496df533b,922fb35e-148d-9e82-cfee-cb5f73cc2b39,27466,922fb35e-148d-9e82-7e65-bfa05e3b3515,PAYMENT,,ECHECK,2016-11-17T18:53:52Z,2016-11-17T19:08:52Z,91ce0760-d028-3e0f-ab22-17cc23334533,31208007,,,1,,,,1,4,Medical induction of labor (procedure),0.00,,,2264.12,0.00,,0.00,922fb35e-148d-9e82-f749-022800a508f8,,922fb35e-148d-9e82-fd75-e94a685bd94a,1,889de383-8473-33f5-a918-1b822a56bead,889de383-8473-33f5-a918-1b822a56bead
0618ed4c-ef13-c17a-1997-85125b7ddcee,922fb35e-148d-9e82-cfee-cb5f73cc2b39,27468,922fb35e-148d-9e82-7e65-bfa05e3b3515,CHARGE,TBD,,2016-11-17T18:53:52Z,2016-11-17T19:08:52Z,91ce0760-d028-3e0f-ab22-17cc23334533,11466000,,,1,,,,1,4,Cesarean section (procedure),14523.64,,1,0.00,0.00,,0.00,922fb35e-148d-9e82-f749-022800a508f8,,922fb35e-148d-9e82-fd75-e94a685bd94a,1,889de383-8473-33f5-a918-1b822a56bead,889de383-8473-33f5-a918-1b822a56bead
0c31da99-de28-42f4-332f-0a24b6fc79dc,922fb35e-148d-9e82-cfee-cb5f73cc2b39,27469,922fb35e-148d-9e82-7e65-bfa05e3b3515,PAYMENT,,ECHECK,2016-11-17T18:53:52Z,2016-11-17T19:08:52Z,91ce0760-d028-3e0f-ab22-17cc23334533,11466000,,,1,,,,1,4,Cesarean section (procedure),0.00,,,14523.64,0.00,,0.00,922fb35e-148d-9e82-f749-022800a508f8,,922fb35e-148d-9e82-fd75-e94a685bd94a,1,889de383-8473-33f5-a918-1b822a56bead,889de383-8473-33f5-a918-1b822a56bead
6c9b6424-aad6-6b23-ef0b-3ddfb123ae91,922fb35e-148d-9e82-d89d-68a57dbae31d,27471,922fb35e-148d-9e82-7e65-bfa05e3b3515,CHARGE,138.42,,2016-12-29T18:53:52Z,2016-12-29T19:08:52Z,c96d6792-27a3-3ef4-83f2-bb68e71023df,169762003,,,1,,,,1,1,Postnatal visit (regime/therapy),138.42,,1,0.00,0.00,,0.00,922fb35e-148d-9e82-d37c-0c2100e0740d,,922fb35e-148d-9e82-fd75-e94a685bd94a,1,82bc312c-5140-37fe-a179-5ebad3a13196,82bc312c-5140-37fe-a179-5ebad3a13196
d936c849-55ac-ec46-de16-7bbf62476323,922fb35e-148d-9e82-d89d-68a57dbae31d,27472,922fb35e-148d-9e82-7e65-bfa05e3b3515,PAYMENT,,ECHECK,2016-12-29T18:53:52Z,2016-12-29T19:08:52Z,c96d6792-27a3-3ef4-83f2-bb68e71023df,169762003,,,1,,,,1,1,Postnatal visit (regime/therapy),0.00,,,138.42,0.00,,0.00,922fb35e-148d-9e82-d37c-0c2100e0740d,,922fb35e-148d-9e82-fd75-e94a685bd94a,1,82bc312c-5140-37fe-a179-5ebad3a13196,82bc312c-5140-37fe-a179-5ebad3a13196
64db2125-56b4-011b-7859-eefd891e1c8f,922fb35e-148d-9e82-d89d-68a57dbae31d,27474,922fb35e-148d-9e82-7e65-bfa05e3b3515,CHARGE,620.44,,2016-12-29T18:53:52Z,2016-12-29T19:08:52Z,c96d6792-27a3-3ef4-83f2-bb68e71023df,5880005,,,1,,,,1,1,Physical examination procedure (procedure),620.44,,1,0.00,0.00,,0.00,922fb35e-148d-9e82-d37c-0c2100e0740d,,922fb35e-148d-9e82-fd75-e94a685bd94a,1,82bc312c-5140-37fe-a179-5ebad3a13196,82bc312c-5140-37fe-a179-5ebad3a13196
c9b6424a-ad68-c236-f0b3-ddfb123cf91e,922fb35e-148d-9e82-d89d-68a57dbae31d,27475,922fb35e-148d-9e82-7e65-bfa05e3b3515,PAYMENT,,ECHECK,2016-12-29T18:53:52Z,2016-12-29T19:08:52Z,c96d6792-27a3-3ef4-83f2-bb68e71023df,5880005,,,1,,,,1,1,Physical examination procedure (procedure),0.00,,,620.44,0.00,,0.00,922fb35e-148d-9e82-d37c-0c2100e0740d,,922fb35e-148d-9e82-fd75-e94a685bd94a,1,82bc312c-5140-37fe-a179-5ebad3a13196,82bc312c-5140-37fe-a179-5ebad3a13196
26d9092a-b5a6-38db-c2cf-77ec48f7147b,922fb35e-148d-9e82-d89d-68a57dbae31d,27477,922fb35e-148d-9e82-7e65-bfa05e3b3515,CHARGE,620.44,,2016-12-29T18:53:52Z,2016-12-29T19:08:52Z,c96d6792-27a3-3ef4-83f2-bb68e71023df,171207006,,,1,,,,1,1,Depression screening (procedure),620.44,,1,0.00,0.00,,0.00,922fb35e-148d-9e82-d37c-0c2100e0740d,,922fb35e-148d-9e82-fd75-e94a685bd94a,1,82bc312c-5140-37fe-a179-5ebad3a13196,82bc312c-5140-37fe-a179-5ebad3a13196
4db21255-6b53-71b6-859e-efd891f128f7,922fb35e-148d-9e82-d89d-68a57dbae31d,27478,922fb35e-148d-9e82-7e65-bfa05e3b3515,PAYMENT,,ECHECK,2016-12-29T18:53:52Z,2016-12-29T19:08:52Z,c96d6792-27a3-3ef4-83f2-bb68e71023df,171207006,,,1,,,,1,1,Depression screening (procedure),0.00,,,620.44,0.00,,0.00,922fb35e-148d-9e82-d37c-0c2100e0740d,,922fb35e-148d-9e82-fd75-e94a685bd94a,1,82bc312c-5140-37fe-a179-5ebad3a13196,82bc312c-5140-37fe-a179-5ebad3a13196
ce10cbcb-4818-09a3-9e5e-ce0974d33111,922fb35e-148d-9e82-e083-4855dbe6f958,27480,922fb35e-148d-9e82-7e65-bfa05e3b3515,CHARGE,83.05,,2017-12-14T01:53:52Z,2017-12-14T02:08:52Z,c96d6792-27a3-3ef4-83f2-bb68e71023df,185345009,,,1,2,,,1,1,Encounter for symptom (procedure),83.05,,1,0.00,0.00,,0.00,922fb35e-148d-9e82-75d5-9ea82c76d302,,922fb35e-148d-9e82-870c-717be2820122,1,82bc312c-5140-37fe-a179-5ebad3a13196,82bc312c-5140-37fe-a179-5ebad3a13196
9c219796-9030-1447-3cbd-9c12e9a66523,922fb35e-148d-9e82-e083-4855dbe6f958,27481,922fb35e-148d-9e82-7e65-bfa05e3b3515,TRANSFEROUT,,,2017-12-14T01:53:52Z,2017-12-14T02:08:52Z,c96d6792-27a3-3ef4-83f2-bb68e71023df,185345009,,,1,2,,,1,1,Encounter for symptom (procedure),0.00,,,0.00,0.00,83.05,83.05,922fb35e-148d-9e82-75d5-9ea82c76d302,,922fb35e-148d-9e82-870c-717be2820122,1,82bc312c-5140-37fe-a179-5ebad3a13196,82bc312c-5140-37fe-a179-5ebad3a13196
38432f2d-2060-2f8f-797b-3825d34ccd46,922fb35e-148d-9e82-e083-4855dbe6f958,27482,922fb35e-148d-9e82-7e65-bfa05e3b3515,TRANSFERIN,83.05,,2017-12-14T01:53:52Z,2017-12-14T02:08:52Z,c96d6792-27a3-3ef4-83f2-bb68e71023df,185345009,,,1,2,,,1,1,Encounter for symptom (procedure),0.00,27481,p,0.00,0.00,83.05,83.05,922fb35e-148d-9e82-75d5-9ea82c76d302,,922fb35e-148d-9e82-870c-717be2820122,1,82bc312c-5140-37fe-a179-5ebad3a13196,82bc312c-5140-37fe-a179-5ebad3a13196
70865e5a-40c0-631e-f2f6-704ba699a68c,922fb35e-148d-9e82-e083-4855dbe6f958,27483,922fb35e-148d-9e82-7e65-bfa05e3b3515,PAYMENT,,CASH,2017-12-14T01:53:52Z,2017-12-14T02:08:52Z,c96d6792-27a3-3ef4-83f2-bb68e71023df,185345009,,,1,2,,,1,1,Encounter for symptom (procedure),0.00,,,83.05,0.00,,0.00,922fb35e-148d-9e82-75d5-9ea82c76d302,,922fb35e-148d-9e82-870c-717be2820122,1,82bc312c-5140-37fe-a179-5ebad3a13196,82bc312c-5140-37fe-a179-5ebad3a13196
71affe5b-8b66-4abc-079a-d8d2686b2ae6,922fb35e-148d-9e82-9680-91b6777d7261,27485,922fb35e-148d-9e82-7e65-bfa05e3b3515,CHARGE,138.4200,,2017-12-31T18:53:52Z,2017-12-31T19:13:10Z,c96d6792-27a3-3ef4-83f2-bb68e71023df,698314001,,,1,,,,1,2,Consultation for treatment (procedure),138.42,,1,0.00,0.00,,0.00,922fb35e-148d-9e82-125c-682b97835ae3,,922fb35e-148d-9e82-870c-717be2820122,1,82bc312c-5140-37fe-a179-5ebad3a13196,82bc312c-5140-37fe-a179-5ebad3a13196
e35ffcc7-16cc-9578-0f35-b1d4d0d655cc,922fb35e-148d-9e82-9680-91b6777d7261,27486,922fb35e-148d-9e82-7e65-bfa05e3b3515,TRANSFEROUT,,,2017-12-31T18:53:52Z,2017-12-31T19:13:10Z,c96d6792-27a3-3ef4-83f2-bb68e71023df,698314001,,,1,,,,1,2,Consultation for treatment (procedure),0.00,,,0.00,0.00,138.42,138.42,922fb35e-148d-9e82-125c-682b97835ae3,,922fb35e-148d-9e82-870c-717be2820122,1,82bc312c-5140-37fe-a179-5ebad3a13196,82bc312c-5140-37fe-a179-5ebad3a13196
c6bff9fe-2d99-2af1-1e6b-63d9a1acab98,922fb35e-148d-9e82-9680-91b6777d7261,27487,922fb35e-148d-9e82-7e65-bfa05e3b3515,TRANSFERIN,138.42,,2017-12-31T18:53:52Z,2017-12-31T19:13:10Z,c96d6792-27a3-3ef4-83f2-bb68e71023df,698314001,,,1,,,,1,2,Consultation for treatment (procedure),0.00,27486,p,0.00,0.00,138.42,138.42,922fb35e-148d-9e82-125c-682b97835ae3,,922fb35e-148d-9e82-870c-717be2820122,1,82bc312c-5140-37fe-a179-5ebad3a13196,82bc312c-5140-37fe-a179-5ebad3a13196
8d7ff43c-5b32-55e3-3cd6-c87343595730,922fb35e-148d-9e82-9680-91b6777d7261,27488,922fb35e-148d-9e82-7e65-bfa05e3b3515,PAYMENT,,CC,2017-12-31T18:53:52Z,2017-12-31T19:13:10Z,c96d6792-27a3-3ef4-83f2-bb68e71023df,698314001,,,1,,,,1,2,Consultation for treatment (procedure),0.00,,,138.42,0.00,,0.00,922fb35e-148d-9e82-125c-682b97835ae3,,922fb35e-148d-9e82-870c-717be2820122,1,82bc312c-5140-37fe-a179-5ebad3a13196,82bc312c-5140-37fe-a179-5ebad3a13196
485b3255-e38d-8000-7f43-5957303cd6d4,922fb35e-148d-9e82-9680-91b6777d7261,27491,922fb35e-148d-9e82-7e65-bfa05e3b3515,TRANSFEROUT,,,2017-12-31T18:53:52Z,2017-12-31T19:13:10Z,c96d6792-27a3-3ef4-83f2-bb68e71023df,76601001,,,1,,,,1,2,Intramuscular injection (procedure),0.00,,,0.00,0.00,3628.66,3628.66,922fb35e-148d-9e82-125c-682b97835ae3,,922fb35e-148d-9e82-870c-717be2820122,1,82bc312c-5140-37fe-a179-5ebad3a13196,82bc312c-5140-37fe-a179-5ebad3a13196
93b664ab-c71b-0001-0186-b2ae6079ada9,922fb35e-148d-9e82-9680-91b6777d7261,27492,922fb35e-148d-9e82-7e65-bfa05e3b3515,TRANSFERIN,3628.66,,2017-12-31T18:53:52Z,2017-12-31T19:13:10Z,c96d6792-27a3-3ef4-83f2-bb68e71023df,76601001,,,1,,,,1,2,Intramuscular injection (procedure),0.00,27491,p,0.00,0.00,3628.66,3628.66,922fb35e-148d-9e82-125c-682b97835ae3,,922fb35e-148d-9e82-870c-717be2820122,1,82bc312c-5140-37fe-a179-5ebad3a13196,82bc312c-5140-37fe-a179-5ebad3a13196
276cc957-8e36-0004-030d-655cc0f35b55,922fb35e-148d-9e82-9680-91b6777d7261,27493,922fb35e-148d-9e82-7e65-bfa05e3b3515,PAYMENT,,CHECK,2017-12-31T18:53:52Z,2017-12-31T19:13:10Z,c96d6792-27a3-3ef4-83f2-bb68e71023df,76601001,,,1,,,,1,2,Intramuscular injection (procedure),0.00,,,3628.66,0.00,,0.00,922fb35e-148d-9e82-125c-682b97835ae3,,922fb35e-148d-9e82-870c-717be2820122,1,82bc312c-5140-37fe-a179-5ebad3a13196,82bc312c-5140-37fe-a179-5ebad3a13196
1cc201d0-c56b-1141-6971-58a4fc533842,922fb35e-148d-9e82-3acb-252fea6afc19,27495,922fb35e-148d-9e82-7e65-bfa05e3b3515,CHARGE,68.90,,2017-12-31T18:53:52Z,2018-12-26T19:13:10Z,c96d6792-27a3-3ef4-83f2-bb68e71023df,1000126,,,1,,,,1,2,1 ML medroxyprogesterone acetate 150 MG/ML Injection,68.90,,1,0.00,0.00,,0.00,922fb35e-148d-9e82-125c-682b97835ae3,,922fb35e-148d-9e82-870c-717be2820122,1,82bc312c-5140-37fe-a179-5ebad3a13196,82bc312c-5140-37fe-a179-5ebad3a13196
398403a2-96d6-2282-d2e2-b14a04a67084,922fb35e-148d-9e82-3acb-252fea6afc19,27496,922fb35e-148d-9e82-7e65-bfa05e3b3515,TRANSFEROUT,,,2017-12-31T18:53:52Z,2018-12-26T19:13:10Z,c96d6792-27a3-3ef4-83f2-bb68e71023df,1000126,,,1,,,,1,2,1 ML medroxyprogesterone acetate 150 MG/ML Injection,0.00,,,0.00,0.00,68.90,68.90,922fb35e-148d-9e82-125c-682b97835ae3,,922fb35e-148d-9e82-870c-717be2820122,1,82bc312c-5140-37fe-a179-5ebad3a13196,82bc312c-5140-37fe-a179-5ebad3a13196
73080746-2dac-4504-a5c5-6297094ce109,922fb35e-148d-9e82-3acb-252fea6afc19,27497,922fb35e-148d-9e82-7e65-bfa05e3b3515,TRANSFERIN,68.90,,2017-12-31T18:53:52Z,2018-12-26T19:13:10Z,c96d6792-27a3-3ef4-83f2-bb68e71023df,1000126,,,1,,,,1,2,1 ML medroxyprogesterone acetate 150 MG/ML Injection,0.00,27496,p,0.00,0.00,68.90,68.90,922fb35e-148d-9e82-125c-682b97835ae3,,922fb35e-148d-9e82-870c-717be2820122,1,82bc312c-5140-37fe-a179-5ebad3a13196,82bc312c-5140-37fe-a179-5ebad3a13196
e6100e93-5b58-8a08-4b8a-c5311299c213,922fb35e-148d-9e82-3acb-252fea6afc19,27498,922fb35e-148d-9e82-7e65-bfa05e3b3515,PAYMENT,,CASH,2017-12-31T18:53:52Z,2018-12-26T19:13:10Z,c96d6792-27a3-3ef4-83f2-bb68e71023df,1000126,,,1,,,,1,2,1 ML medroxyprogesterone acetate 150 MG/ML Injection,0.00,,,68.90,0.00,,0.00,922fb35e-148d-9e82-125c-682b97835ae3,,922fb35e-148d-9e82-870c-717be2820122,1,82bc312c-5140-37fe-a179-5ebad3a13196,82bc312c-5140-37fe-a179-5ebad3a13196
066b5230-46e8-22bf-8173-e5047dd049c0,922fb35e-148d-9e82-3a50-92323cc201df,27500,922fb35e-148d-9e82-7e65-bfa05e3b3515,CHARGE,171.78,,2018-01-18T18:53:52Z,2018-01-18T19:50:59Z,c3fdf07c-4ba2-301b-8291-7e279679c67c,162673000,,,1,2,3,,1,20,General examination of patient (procedure),171.78,,1,0.00,0.00,,0.00,922fb35e-148d-9e82-b618-fe12266597bd,,922fb35e-148d-9e82-870c-717be2820122,1,1c3d58c6-c950-3c96-b499-55d4f5f14b0b,1c3d58c6-c950-3c96-b499-55d4f5f14b0b
0cd6a461-99d0-457e-02e7-ca0907a09381,922fb35e-148d-9e82-3a50-92323cc201df,27501,922fb35e-148d-9e82-7e65-bfa05e3b3515,TRANSFEROUT,,,2018-01-18T18:53:52Z,2018-01-18T19:50:59Z,c3fdf07c-4ba2-301b-8291-7e279679c67c,162673000,,,1,2,3,,1,20,General examination of patient (procedure),0.00,,,0.00,0.00,171.78,171.78,922fb35e-148d-9e82-b618-fe12266597bd,,922fb35e-148d-9e82-870c-717be2820122,1,1c3d58c6-c950-3c96-b499-55d4f5f14b0b,1c3d58c6-c950-3c96-b499-55d4f5f14b0b
19ad48c4-33a0-8afc-05cf-94150f412702,922fb35e-148d-9e82-3a50-92323cc201df,27502,922fb35e-148d-9e82-7e65-bfa05e3b3515,TRANSFERIN,TBD,,2018-01-18T18:53:52Z,2018-01-18T19:50:59Z,c3fdf07c-4ba2-301b-8291-7e279679c67c,162673000,,,1,2,3,,1,20,General examination of patient (procedure),0.00,27501,p,0.00,0.00,171.78,171.78,922fb35e-148d-9e82-b618-fe12266597bd,,922fb35e-148d-9e82-870c-717be2820122,1,1c3d58c6-c950-3c96-b499-55d4f5f14b0b,1c3d58c6-c950-3c96-b499-55d4f5f14b0b
335a918f-6741-15f8-0b9f-282d1e824e04,922fb35e-148d-9e82-3a50-92323cc201df,27503,922fb35e-148d-9e82-7e65-bfa05e3b3515,PAYMENT,,CC,2018-01-18T18:53:52Z,2018-01-18T19:50:59Z,c3fdf07c-4ba2-301b-8291-7e279679c67c,162673000,,,1,2,3,,1,20,General examination of patient (procedure),0.00,,,171.78,0.00,,0.00,922fb35e-148d-9e82-b618-fe12266597bd,,922fb35e-148d-9e82-870c-717be2820122,1,1c3d58c6-c950-3c96-b499-55d4f5f14b0b,1c3d58c6-c950-3c96-b499-55d4f5f14b0b
cd6a465b-9d04-57e0-2e7c-a0d27a093810,922fb35e-148d-9e82-3a50-92323cc201df,27505,922fb35e-148d-9e82-7e65-bfa05e3b3515,CHARGE,136,,2018-01-18T18:53:52Z,1970-01-01T00:00:00Z,c3fdf07c-4ba2-301b-8291-7e279679c67c,140,,,1,2,3,,1,20,Influenza  split virus  trivalent  PF,136.00,,1,0.00,0.00,,0.00,922fb35e-148d-9e82-b618-fe12266597bd,,922fb35e-148d-9e82-870c-717be2820122,1,1c3d58c6-c950-3c96-b499-55d4f5f14b0b,1c3d58c6-c950-3c96-b499-55d4f5f14b0b
9ad48cc7-3a08-afc1-5cf9-41d4f4127020,922fb35e-148d-9e82-3a50-92323cc201df,27506,922fb35e-148d-9e82-7e65-bfa05e3b3515,TRANSFEROUT,,,2018-01-18T18:53:52Z,1970-01-01T00:00:00Z,c3fdf07c-4ba2-301b-8291-7e279679c67c,140,,,1,2,3,,1,20,Influenza  split virus  trivalent  PF,0.00,,,0.00,0.00,136.00,136.00,922fb35e-148d-9e82-b618-fe12266597bd,,922fb35e-148d-9e82-870c-717be2820122,1,1c3d58c6-c950-3c96-b499-55d4f5f14b0b,1c3d58c6-c950-3c96-b499-55d4f5f14b0b
35a919fe-7411-5f83-b9f2-83d9e824e040,922fb35e-148d-9e82-3a50-92323cc201df,27507,922fb35e-148d-9e82-7e65-bfa05e3b3515,TRANSFERIN,136.00,,2018-01-18T18:53:52Z,1970-01-01T00:00:00Z,c3fdf07c-4ba2-301b-8291-7e279679c67c,140,,,1,2,3,,1,20,Influenza  split virus  trivalent  PF,0.00,27506,p,0.00,0.00,136.00,136.00,922fb35e-148d-9e82-b618-fe12266597bd,,922fb35e-148d-9e82-870c-717be2820122,1,1c3d58c6-c950-3c96-b499-55d4f5f14b0b,1c3d58c6-c950-3c96-b499-55d4f5f14b0b
6b52343c-e822-bf06-73e5-0873d049c081,922fb35e-148d-9e82-3a50-92323cc201df,27508,922fb35e-148d-9e82-7e65-bfa05e3b3515,PAYMENT,,CHECK,2018-01-18T18:53:52Z,1970-01-01T00:00:00Z,c3fdf07c-4ba2-301b-8291-7e279679c67c,140,,,1,2,3,,1,20,Influenza  split virus  trivalent  PF,0.00,,,136.00,0.00,,0.00,922fb35e-148d-9e82-b618-fe12266597bd,,922fb35e-148d-9e82-870c-717be2820122,1,1c3d58c6-c950-3c96-b499-55d4f5f14b0b,1c3d58c6-c950-3c96-b499-55d4f5f14b0b
c474115f-8335-a91f-dfe8-24e040b9f289,922fb35e-148d-9e82-3a50-92323cc201df,27510,922fb35e-148d-9e82-7e65-bfa05e3b3515,CHARGE,136.00,,2018-01-18T18:53:52Z,1970-01-01T00:00:00Z,c3fdf07c-4ba2-301b-8291-7e279679c67c,113,,,1,2,3,,1,20,Td (adult)  5 Lf tetanus toxoid  preservative free  adsorbed,136.00,,1,0.00,0.00,,0.00,922fb35e-148d-9e82-b618-fe12266597bd,,922fb35e-148d-9e82-870c-717be2820122,1,1c3d58c6-c950-3c96-b499-55d4f5f14b0b,1c3d58c6-c950-3c96-b499-55d4f5f14b0b
48e822bf-066b-5240-7fd0-49c08173e514,922fb35e-148d-9e82-3a50-92323cc201df,27511,922fb35e-148d-9e82-7e65-bfa05e3b3515,TRANSFEROUT,,,2018-01-18T18:53:52Z,1970-01-01T00:00:00Z,c3fdf07c-4ba2-301b-8291-7e279679c67c,113,,,1,2,3,,1,20,Td (adult)  5 Lf tetanus toxoid  preservative free  adsorbed,0.00,,,0.00,0.00,136.00,136.00,922fb35e-148d-9e82-b618-fe12266597bd,,922fb35e-148d-9e82-870c-717be2820122,1,1c3d58c6-c950-3c96-b499-55d4f5f14b0b,1c3d58c6-c950-3c96-b499-55d4f5f14b0b
9290457e-0cd6-a481-0060-938102e7ca29,922fb35e-148d-9e82-3a50-92323cc201df,27512,922fb35e-148d-9e82-7e65-bfa05e3b3515,TRANSFERIN,136.00,,2018-01-18T18:53:52Z,1970-01-01T00:00:00Z,c3fdf07c-4ba2-301b-8291-7e279679c67c,113,,,1,2,3,,1,20,Td (adult)  5 Lf tetanus toxoid  preservative free  adsorbed,0.00,27511,p,0.00,0.00,136.00,136.00,922fb35e-148d-9e82-b618-fe12266597bd,,922fb35e-148d-9e82-870c-717be2820122,1,1c3d58c6-c950-3c96-b499-55d4f5f14b0b,1c3d58c6-c950-3c96-b499-55d4f5f14b0b
25208afc-19ad-4904-00c1-270205cf9455,922fb35e-148d-9e82-3a50-92323cc201df,27513,922fb35e-148d-9e82-7e65-bfa05e3b3515,PAYMENT,,CASH,2018-01-18T18:53:52Z,1970-01-01T00:00:00Z,c3fdf07c-4ba2-301b-8291-7e279679c67c,113,,,1,2,3,,1,20,Td (adult)  5 Lf tetanus toxoid  preservative free  adsorbed,0.00,,,136.00,0.00,,0.00,922fb35e-148d-9e82-b618-fe12266597bd,,922fb35e-148d-9e82-870c-717be2820122,1,1c3d58c6-c950-3c96-b499-55d4f5f14b0b,1c3d58c6-c950-3c96-b499-55d4f5f14b0b
94822bf0-66b5-2422-0304-9c08173e5166,922fb35e-148d-9e82-3a50-92323cc201df,27515,922fb35e-148d-9e82-7e65-bfa05e3b3515,CHARGE,620.44,,2018-01-18T18:53:52Z,2018-01-18T19:50:59Z,c3fdf07c-4ba2-301b-8291-7e279679c67c,710824005,,,1,2,3,,1,20,Assessment of health and social care needs (procedure),620.44,,1,0.00,0.00,,0.00,922fb35e-148d-9e82-b618-fe12266597bd,,922fb35e-148d-9e82-870c-717be2820122,1,1c3d58c6-c950-3c96-b499-55d4f5f14b0b,1c3d58c6-c950-3c96-b499-55d4f5f14b0b
290457e0-cd6a-485b-0609-38102e7ca2d2,922fb35e-148d-9e82-3a50-92323cc201df,27516,922fb35e-148d-9e82-7e65-bfa05e3b3515,TRANSFEROUT,,,2018-01-18T18:53:52Z,2018-01-18T19:50:59Z,c3fdf07c-4ba2-301b-8291-7e279679c67c,710824005,,,1,2,3,,1,20,Assessment of health and social care needs (procedure),0.00,,,0.00,0.00,620.44,620.44,922fb35e-148d-9e82-b618-fe12266597bd,,922fb35e-148d-9e82-870c-717be2820122,1,1c3d58c6-c950-3c96-b499-55d4f5f14b0b,1c3d58c6-c950-3c96-b499-55d4f5f14b0b
5208afc1-9ad4-90c6-0c12-70205cf945d4,922fb35e-148d-9e82-3a50-92323cc201df,27517,922fb35e-148d-9e82-7e65-bfa05e3b3515,TRANSFERIN,620.44,,2018-01-18T18:53:52Z,2018-01-18T19:50:59Z,c3fdf07c-4ba2-301b-8291-7e279679c67c,710824005,,,1,2,3,,1,20,Assessment of health and social care needs (procedure),0.00,27516,p,0.0000,0.00,620.44,620.44,922fb35e-148d-9e82-b618-fe12266597bd,,922fb35e-148d-9e82-870c-717be2820122,1,1c3d58c6-c950-3c96-b499-55d4f5f14b0b,1c3d58c6-c950-3c96-b499-55d4f5f14b0b
a4115f83-35a9-21fc-1824-e040b9f28bd8,922fb35e-148d-9e82-3a50-92323cc201df,27518,922fb35e-148d-9e82-7e65-bfa05e3b3515,PAYMENT,,CC,2018-01-18T18:53:52Z,2018-01-18T19:50:59Z,c3fdf07c-4ba2-301b-8291-7e279679c67c,710824005,,,1,2,3,,1,20,Assessment of health and social care needs (procedure),0.00,,,620.44,0.00,,0.00,922fb35e-148d-9e82-b618-fe12266597bd,,922fb35e-148d-9e82-870c-717be2820122,1,1c3d58c6-c950-3c96-b499-55d4f5f14b0b,1c3d58c6-c950-3c96-b499-55d4f5f14b0b
c19ad493-c952-08af-205c-f948d70c1270,922fb35e-148d-9e82-3a50-92323cc201df,27520,922fb35e-148d-9e82-7e65-bfa05e3b3515,CHARGE,0.00,,2018-01-18T19:50:59Z,2018-01-18T20:20:27Z,c3fdf07c-4ba2-301b-8291-7e279679c67c,866148006,,,1,2,3,,1,20,Screening for domestic abuse (procedure),0.00,,1,0.00,0.00,,0.00,922fb35e-148d-9e82-b618-fe12266597bd,,922fb35e-148d-9e82-870c-717be2820122,1,1c3d58c6-c950-3c96-b499-55d4f5f14b0b,1c3d58c6-c950-3c96-b499-55d4f5f14b0b
066b5250-4548-22bf-8173-e5247c3049c0,922fb35e-148d-9e82-3a50-92323cc201df,27522,922fb35e-148d-9e82-7e65-bfa05e3b3515,CHARGE,0.00,,2018-01-18T20:20:27Z,2018-01-18T20:28:25Z,c3fdf07c-4ba2-301b-8291-7e279679c67c,103697008,,,1,2,3,,1,20,Patient referral for dental care (procedure),0.00,,1,0.00,0.00,,0.00,922fb35e-148d-9e82-b618-fe12266597bd,,922fb35e-148d-9e82-870c-717be2820122,1,1c3d58c6-c950-3c96-b499-55d4f5f14b0b,1c3d58c6-c950-3c96-b499-55d4f5f14b0b
cf563465-e4d2-9c91-1d59-7290127a0a62,922fb35e-148d-9e82-d537-1340a16bb9ae,27524,922fb35e-148d-9e82-7e65-bfa05e3b3515,CHARGE,83.05,,2018-02-01T18:53:52Z,2018-02-02T00:33:50Z,c96d6792-27a3-3ef4-83f2-bb68e71023df,185349003,,,1,2,,,1,1,Encounter for check up (procedure),83.05,,1,0.00,0.00,,0.00,922fb35e-148d-9e82-f170-735ad33c5bd5,,922fb35e-148d-9e82-870c-717be2820122,1,82bc312c-5140-37fe-a179-5ebad3a13196,82bc312c-5140-37fe-a179-5ebad3a13196
9eac68cb-c9a6-3923-3ab2-e52024f714c4,922fb35e-148d-9e82-d537-1340a16bb9ae,27525,922fb35e-148d-9e82-7e65-bfa05e3b3515,TRANSFEROUT,,,2018-02-01T18:53:52Z,2018-02-02T00:33:50Z,c96d6792-27a3-3ef4-83f2-bb68e71023df,185349003,,,1,2,,,1,1,Encounter for check up (procedure),0.00,,,0.00,0.00,83.05,83.05,922fb35e-148d-9e82-f170-735ad33c5bd5,,922fb35e-148d-9e82-870c-717be2820122,1,82bc312c-5140-37fe-a179-5ebad3a13196,82bc312c-5140-37fe-a179-5ebad3a13196
3d58d197-9353-7247-7565-ca4049f12988,922fb35e-148d-9e82-d537-1340a16bb9ae,27526,922fb35e-148d-9e82-7e65-bfa05e3b3515,TRANSFERIN,83.05,,2018-02-01T18:53:52Z,2018-02-02T00:33:50Z,c96d6792-27a3-3ef4-83f2-bb68e71023df,185349003,,,1,2,,,1,1,Encounter for check up (procedure),0.00,27525,p,0.00,0.00,83.05,83.05,922fb35e-148d-9e82-f170-735ad33c5bd5,,922fb35e-148d-9e82-870c-717be2820122,1,82bc312c-5140-37fe-a179-5ebad3a13196,82bc312c-5140-37fe-a179-5ebad3a13196
7ab1a32f-26aa-e48e-eacb-948093ee5310,922fb35e-148d-9e82-d537-1340a16bb9ae,27527,922fb35e-148d-9e82-7e65-bfa05e3b3515,PAYMENT,,CC,2018-02-01T18:53:52Z,2018-02-02T00:33:50Z,c96d6792-27a3-3ef4-83f2-bb68e71023df,185349003,,,1,2,,,1,1,Encounter for check up (procedure),0.00,,,83.05,0.00,,0.00,922fb35e-148d-9e82-f170-735ad33c5bd5,,922fb35e-148d-9e82-870c-717be2820122,1,82bc312c-5140-37fe-a179-5ebad3a13196,82bc312c-5140-37fe-a179-5ebad3a13196
eac68cbc-9ae7-9239-ab2e-52024ff54c43,922fb35e-148d-9e82-d537-1340a16bb9ae,27529,922fb35e-148d-9e82-7e65-bfa05e3b3515,CHARGE,620.44,,2018-02-01T18:53:52Z,2018-02-01T19:00:44Z,c96d6792-27a3-3ef4-83f2-bb68e71023df,34043003,,,1,2,,,1,1,Dental consultation and report (procedure),620.44,,1,0.00,0.00,,0.00,922fb35e-148d-9e82-f170-735ad33c5bd5,,922fb35e-148d-9e82-870c-717be2820122,1,82bc312c-5140-37fe-a179-5ebad3a13196,82bc312c-5140-37fe-a179-5ebad3a13196
2f276b44-8e7a-b1a3-8094-aeb310eacb94,922fb35e-148d-9e82-d537-1340a16bb9ae,27530,922fb35e-148d-9e82-7e65-bfa05e3b3515,TRANSFEROUT,,,2018-02-01T18:53:52Z,2018-02-01T19:00:44Z,c96d6792-27a3-3ef4-83f2-bb68e71023df,34043003,,,1,2,,,1,1,Dental consultation and report (procedure),0.00,,,0.00,0.00,620.44,620.44,922fb35e-148d-9e82-f170-735ad33c5bd5,,922fb35e-148d-9e82-870c-717be2820122,1,82bc312c-5140-37fe-a179-5ebad3a13196,82bc312c-5140-37fe-a179-5ebad3a13196
5e4eec89-1cf5-6346-0129-636621d59729,922fb35e-148d-9e82-d537-1340a16bb9ae,27531,922fb35e-148d-9e82-7e65-bfa05e3b3515,TRANSFERIN,620.44,,2018-02-01T18:53:52Z,2018-02-01T19:00:44Z,c96d6792-27a3-3ef4-83f2-bb68e71023df,34043003,,,1,2,,,1,1,Dental consultation and report (procedure),0.00,27530,p,0.00,0.00,620.44,620.44,922fb35e-148d-9e82-f170-735ad33c5bd5,,922fb35e-148d-9e82-870c-717be2820122,1,82bc312c-5140-37fe-a179-5ebad3a13196,82bc312c-5140-37fe-a179-5ebad3a13196
bc9de912-39ea-c68c-0252-f6cc43ab2e52,922fb35e-148d-9e82-d537-1340a16bb9ae,27532,922fb35e-148d-9e82-7e65-bfa05e3b3515,PAYMENT,,CHECK,2018-02-01T18:53:52Z,2018-02-01T19:00:44Z,c96d6792-27a3-3ef4-83f2-bb68e71023df,34043003,,,1,2,,,1,1,Dental consultation and report (procedure),0.00,,,620.44,0.00,,0.00,922fb35e-148d-9e82-f170-735ad33c5bd5,,922fb35e-148d-9e82-870c-717be2820122,1,82bc312c-5140-37fe-a179-5ebad3a13196,82bc312c-5140-37fe-a179-5ebad3a13196
f278c448-e7ab-1a32-094c-fb310eacb948,922fb35e-148d-9e82-d537-1340a16bb9ae,27534,922fb35e-148d-9e82-7e65-bfa05e3b3515,CHARGE,620.44,,2018-02-01T19:00:44Z,2018-02-01T19:21:26Z,c96d6792-27a3-3ef4-83f2-bb68e71023df,225362009,,,1,2,,,1,1,Dental care (regime/therapy),620.44,,1,0.00,0.00,,0.00,922fb35e-148d-9e82-f170-735ad33c5bd5,,922fb35e-148d-9e82-870c-717be2820122,1,82bc312c-5140-37fe-a179-5ebad3a13196,82bc312c-5140-37fe-a179-5ebad3a13196
e4f2a091-cf56-3465-129a-0e621d597290,922fb35e-148d-9e82-d537-1340a16bb9ae,27535,922fb35e-148d-9e82-7e65-bfa05e3b3515,PAYMENT,,ECHECK,2018-02-01T19:00:44Z,2018-02-01T19:21:26Z,c96d6792-27a3-3ef4-83f2-bb68e71023df,225362009,,,1,2,,,1,1,Dental care (regime/therapy),0.00,,,213.88,0.00,,406.56,922fb35e-148d-9e82-f170-735ad33c5bd5,,922fb35e-148d-9e82-870c-717be2820122,1,82bc312c-5140-37fe-a179-5ebad3a13196,82bc312c-5140-37fe-a179-5ebad3a13196
c9e64123-9eac-68cb-2537-1cc43ab2e520,922fb35e-148d-9e82-d537-1340a16bb9ae,27536,922fb35e-148d-9e82-7e65-bfa05e3b3515,TRANSFEROUT,,,2018-02-01T19:00:44Z,2018-02-01T19:21:26Z,c96d6792-27a3-3ef4-83f2-bb68e71023df,225362009,,,1,2,,,1,1,Dental care (regime/therapy),0.00,,,0.00,0.00,406.56,406.56,922fb35e-148d-9e82-f170-735ad33c5bd5,,922fb35e-148d-9e82-870c-717be2820122,1,82bc312c-5140-37fe-a179-5ebad3a13196,82bc312c-5140-37fe-a179-5ebad3a13196
93d38247-3d58-d197-4a71-39887565ca40,922fb35e-148d-9e82-d537-1340a16bb9ae,27537,922fb35e-148d-9e82-7e65-bfa05e3b3515,TRANSFERIN,406.56,,2018-02-01T19:00:44Z,2018-02-01T19:21:26Z,c96d6792-27a3-3ef4-83f2-bb68e71023df,225362009,,,1,2,,,1,1,Dental care (regime/therapy),0.00,27536,p,0.00,0.00,406.56,406.56,922fb35e-148d-9e82-f170-735ad33c5bd5,,922fb35e-148d-9e82-870c-717be2820122,1,82bc312c-5140-37fe-a179-5ebad3a13196,82bc312c-5140-37fe-a179-5ebad3a13196
27ab048e-7ab1-a32f-94ee-7310eacb9480,922fb35e-148d-9e82-d537-1340a16bb9ae,27538,922fb35e-148d-9e82-7e65-bfa05e3b3515,PAYMENT,,CHECK,2018-02-01T19:00:44Z,2018-02-01T19:21:26Z,c96d6792-27a3-3ef4-83f2-bb68e71023df,225362009,,,1,2,,,1,1,Dental care (regime/therapy),0.00,,,406.56,0.00,,0.00,922fb35e-148d-9e82-f170-735ad33c5bd5,,922fb35e-148d-9e82-870c-717be2820122,1,82bc312c-5140-37fe-a179-5ebad3a13196,82bc312c-5140-37fe-a179-5ebad3a13196
473d58d1-9794-338e-8875-65ca404ad145,922fb35e-148d-9e82-d537-1340a16bb9ae,27540,922fb35e-148d-9e82-7e65-bfa05e3b3515,CHARGE,620.4400,,2018-02-01T19:21:26Z,2018-02-01T20:00:01Z,c96d6792-27a3-3ef4-83f2-bb68e71023df,1260009003,,,1,2,,,1,1,Removal of supragingival plaque and calculus from all teeth using dental instrument (procedure),620.44,,1,0.00,0.00,,0.00,922fb35e-148d-9e82-f170-735ad33c5bd5,,922fb35e-148d-9e82-870c-717be2820122,1,82bc312c-5140-37fe-a179-5ebad3a13196,82bc312c-5140-37fe-a179-5ebad3a13196
8e7ab1a3-2f28-6b1c-10ea-cb948095ae8b,922fb35e-148d-9e82-d537-1340a16bb9ae,27541,922fb35e-148d-9e82-7e65-bfa05e3b3515,PAYMENT,,ECHECK,2018-02-01T19:21:26Z,2018-02-01T20:00:01Z,c96d6792-27a3-3ef4-83f2-bb68e71023df,1260009003,,,1,2,,,1,1,Removal of supragingival plaque and calculus from all teeth using dental instrument (procedure),0.00,,,372.26,0.00,,248.18,922fb35e-148d-9e82-f170-735ad33c5bd5,,922fb35e-148d-9e82-870c-717be2820122,1,82bc312c-5140-37fe-a179-5ebad3a13196,82bc312c-5140-37fe-a179-5ebad3a13196
1cf56346-5e50-ec39-21d5-9729012b6316,922fb35e-148d-9e82-d537-1340a16bb9ae,27542,922fb35e-148d-9e82-7e65-bfa05e3b3515,TRANSFEROUT,,,2018-02-01T19:21:26Z,2018-02-01T20:00:01Z,c96d6792-27a3-3ef4-83f2-bb68e71023df,1260009003,,,1,2,,,1,1,Removal of supragingival plaque and calculus from all teeth using dental instrument (procedure),0.00,,,0.00,0.00,248.18,248.18,922fb35e-148d-9e82-f170-735ad33c5bd5,,922fb35e-148d-9e82-870c-717be2820122,1,82bc312c-5140-37fe-a179-5ebad3a13196,82bc312c-5140-37fe-a179-5ebad3a13196
39eac68c-bca1-e872-43ab-2e520256f62c,922fb35e-148d-9e82-d537-1340a16bb9ae,27543,922fb35e-148d-9e82-7e65-bfa05e3b3515,TRANSFERIN,248.18,,2018-02-01T19:21:26Z,2018-02-01T20:00:01Z,c96d6792-27a3-3ef4-83f2-bb68e71023df,1260009003,,,1,2,,,1,1,Removal of supragingival plaque and calculus from all teeth using dental instrument (procedure),0.00,27542,p,0.00,0.00,248.18,248.18,922fb35e-148d-9e82-f170-735ad33c5bd5,,922fb35e-148d-9e82-870c-717be2820122,1,82bc312c-5140-37fe-a179-5ebad3a13196,82bc312c-5140-37fe-a179-5ebad3a13196
73d58d19-7944-00e4-8756-5ca404ae1c58,922fb35e-148d-9e82-d537-1340a16bb9ae,27544,922fb35e-148d-9e82-7e65-bfa05e3b3515,PAYMENT,,CHECK,2018-02-01T19:21:26Z,2018-02-01T20:00:01Z,c96d6792-27a3-3ef4-83f2-bb68e71023df,1260009003,,,1,2,,,1,1,Removal of supragingival plaque and calculus from all teeth using dental instrument (procedure),0.00,,,248.18,0.00,,0.00,922fb35e-148d-9e82-f170-735ad33c5bd5,,922fb35e-148d-9e82-870c-717be2820122,1,82bc312c-5140-37fe-a179-5ebad3a13196,82bc312c-5140-37fe-a179-5ebad3a13196
cf563465-e512-9b91-1d59-729012ba0962,922fb35e-148d-9e82-d537-1340a16bb9ae,27546,922fb35e-148d-9e82-7e65-bfa05e3b3515,CHARGE,620.44,,2018-02-01T20:00:01Z,2018-02-01T20:36:22Z,c96d6792-27a3-3ef4-83f2-bb68e71023df,1260010008,,,1,2,,,1,1,Removal of subgingival plaque and calculus from all teeth using dental instrument (procedure),620.44,,1,0.00,0.00,,0.00,922fb35e-148d-9e82-f170-735ad33c5bd5,,922fb35e-148d-9e82-870c-717be2820122,1,82bc312c-5140-37fe-a179-5ebad3a13196,82bc312c-5140-37fe-a179-5ebad3a13196
9eac68cb-ca26-3723-3ab2-e520257712c4,922fb35e-148d-9e82-d537-1340a16bb9ae,27547,922fb35e-148d-9e82-7e65-bfa05e3b3515,PAYMENT,,ECHECK,2018-02-01T20:00:01Z,2018-02-01T20:36:22Z,c96d6792-27a3-3ef4-83f2-bb68e71023df,1260010008,,,1,2,,,1,1,Removal of subgingival plaque and calculus from all teeth using dental instrument (procedure),0.00,,,372.26,0.00,,248.18,922fb35e-148d-9e82-f170-735ad33c5bd5,,922fb35e-148d-9e82-870c-717be2820122,1,82bc312c-5140-37fe-a179-5ebad3a13196,82bc312c-5140-37fe-a179-5ebad3a13196
3d58d197-9453-6e47-7565-ca404af12588,922fb35e-148d-9e82-d537-1340a16bb9ae,27548,922fb35e-148d-9e82-7e65-bfa05e3b3515,TRANSFEROUT,,,2018-02-01T20:00:01Z,2018-02-01T20:36:22Z,c96d6792-27a3-3ef4-83f2-bb68e71023df,1260010008,,,1,2,,,1,1,Removal of subgingival plaque and calculus from all teeth using dental instrument (procedure),0.00,,,0.00,0.00,248.18,248.18,922fb35e-148d-9e82-f170-735ad33c5bd5,,922fb35e-148d-9e82-870c-717be2820122,1,82bc312c-5140-37fe-a179-5ebad3a13196,82bc312c-5140-37fe-a179-5ebad3a13196
7ab1a32f-28aa-dc8e-eacb-948095ee4b10,922fb35e-148d-9e82-d537-1340a16bb9ae,27549,922fb35e-148d-9e82-7e65-bfa05e3b3515,TRANSFERIN,248.18,,2018-02-01T20:00:01Z,2018-02-01T20:36:22Z,c96d6792-27a3-3ef4-83f2-bb68e71023df,1260010008,,,1,2,,,1,1,Removal of subgingival plaque and calculus from all teeth using dental instrument (procedure),0.00,27548,p,0.00,0.00,248.18,248.18,922fb35e-148d-9e82-f170-735ad33c5bd5,,922fb35e-148d-9e82-870c-717be2820122,1,82bc312c-5140-37fe-a179-5ebad3a13196,82bc312c-5140-37fe-a179-5ebad3a13196
cbca564f-239e-ac68-2025-a72ac43ab2e5,922fb35e-148d-9e82-d537-1340a16bb9ae,27550,922fb35e-148d-9e82-7e65-bfa05e3b3515,PAYMENT,,CHECK,2018-02-01T20:00:01Z,2018-02-01T20:36:22Z,c96d6792-27a3-3ef4-83f2-bb68e71023df,1260010008,,,1,2,,,1,1,Removal of subgingival plaque and calculus from all teeth using dental instrument (procedure),0.00,,,248.18,0.00,,0.00,922fb35e-148d-9e82-f170-735ad33c5bd5,,922fb35e-148d-9e82-870c-717be2820122,1,82bc312c-5140-37fe-a179-5ebad3a13196,82bc312c-5140-37fe-a179-5ebad3a13196
2f296b3c-8e7a-b1a3-8096-aeab10eacb94,922fb35e-148d-9e82-d537-1340a16bb9ae,27552,922fb35e-148d-9e82-7e65-bfa05e3b3515,CHARGE,620.44,,2018-02-01T20:36:22Z,2018-02-01T21:06:22Z,c96d6792-27a3-3ef4-83f2-bb68e71023df,241046008,,,1,2,,,1,1,Dental plain X-ray bitewing (procedure),620.44,,1,0.00,0.00,,0.00,922fb35e-148d-9e82-f170-735ad33c5bd5,,922fb35e-148d-9e82-870c-717be2820122,1,82bc312c-5140-37fe-a179-5ebad3a13196,82bc312c-5140-37fe-a179-5ebad3a13196
5e52ec79-1cf5-6346-012d-635621d59729,922fb35e-148d-9e82-d537-1340a16bb9ae,27553,922fb35e-148d-9e82-7e65-bfa05e3b3515,PAYMENT,,ECHECK,2018-02-01T20:36:22Z,2018-02-01T21:06:22Z,c96d6792-27a3-3ef4-83f2-bb68e71023df,241046008,,,1,2,,,1,1,Dental plain X-ray bitewing (procedure),0.00,,,372.26,0.00,,248.18,922fb35e-148d-9e82-f170-735ad33c5bd5,,922fb35e-148d-9e82-870c-717be2820122,1,82bc312c-5140-37fe-a179-5ebad3a13196,82bc312c-5140-37fe-a179-5ebad3a13196
bca5e8f2-39ea-c68c-025a-f6ac43ab2e52,922fb35e-148d-9e82-d537-1340a16bb9ae,27554,922fb35e-148d-9e82-7e65-bfa05e3b3515,TRANSFEROUT,,,2018-02-01T20:36:22Z,2018-02-01T21:06:22Z,c96d6792-27a3-3ef4-83f2-bb68e71023df,241046008,,,1,2,,,1,1,Dental plain X-ray bitewing (procedure),0.00,,,0.00,0.00,248.18,248.18,922fb35e-148d-9e82-f170-735ad33c5bd5,,922fb35e-148d-9e82-870c-717be2820122,1,82bc312c-5140-37fe-a179-5ebad3a13196,82bc312c-5140-37fe-a179-5ebad3a13196
794c01e4-73d5-8d19-04b6-1d5887565ca4,922fb35e-148d-9e82-d537-1340a16bb9ae,27555,922fb35e-148d-9e82-7e65-bfa05e3b3515,TRANSFERIN,248.18,,2018-02-01T20:36:22Z,2018-02-01T21:06:22Z,c96d6792-27a3-3ef4-83f2-bb68e71023df,241046008,,,1,2,,,1,1,Dental plain X-ray bitewing (procedure),0.00,27554,p,0.00,0.00,248.18,248.18,922fb35e-148d-9e82-f170-735ad33c5bd5,,922fb35e-148d-9e82-870c-717be2820122,1,82bc312c-5140-37fe-a179-5ebad3a13196,82bc312c-5140-37fe-a179-5ebad3a13196
f298c3c8-e7ab-1a32-096c-fab10eacb948,922fb35e-148d-9e82-d537-1340a16bb9ae,27556,922fb35e-148d-9e82-7e65-bfa05e3b3515,PAYMENT,,CHECK,2018-02-01T20:36:22Z,2018-02-01T21:06:22Z,c96d6792-27a3-3ef4-83f2-bb68e71023df,241046008,,,1,2,,,1,1,Dental plain X-ray bitewing (procedure),0.00,,,248.18,0.00,,0.00,922fb35e-148d-9e82-f170-735ad33c5bd5,,922fb35e-148d-9e82-870c-717be2820122,1,82bc312c-5140-37fe-a179-5ebad3a13196,82bc312c-5140-37fe-a179-5ebad3a13196
ca663f23-9eac-68cb-25b7-1ac43ab2e520,922fb35e-148d-9e82-d537-1340a16bb9ae,27558,922fb35e-148d-9e82-7e65-bfa05e3b3515,CHARGE,620.44,,2018-02-01T20:36:22Z,2018-02-01T21:13:35Z,c96d6792-27a3-3ef4-83f2-bb68e71023df,274788003,,,1,2,,,1,1,Examination of gingivae (procedure),620.44,,1,0.00,0.00,,0.00,922fb35e-148d-9e82-f170-735ad33c5bd5,,922fb35e-148d-9e82-870c-717be2820122,1,82bc312c-5140-37fe-a179-5ebad3a13196,82bc312c-5140-37fe-a179-5ebad3a13196
94d37e47-3d58-d197-4b71-35887565ca40,922fb35e-148d-9e82-d537-1340a16bb9ae,27559,922fb35e-148d-9e82-7e65-bfa05e3b3515,PAYMENT,,ECHECK,2018-02-01T20:36:22Z,2018-02-01T21:13:35Z,c96d6792-27a3-3ef4-83f2-bb68e71023df,274788003,,,1,2,,,1,1,Examination of gingivae (procedure),0.00,,,372.26,0.00,,248.18,922fb35e-148d-9e82-f170-735ad33c5bd5,,922fb35e-148d-9e82-870c-717be2820122,1,82bc312c-5140-37fe-a179-5ebad3a13196,82bc312c-5140-37fe-a179-5ebad3a13196
91cf5634-65e5-4aa5-621d-59729012f213,922fb35e-148d-9e82-d537-1340a16bb9ae,27560,922fb35e-148d-9e82-7e65-bfa05e3b3515,TRANSFEROUT,,,2018-02-01T20:36:22Z,2018-02-01T21:13:35Z,c96d6792-27a3-3ef4-83f2-bb68e71023df,274788003,,,1,2,,,1,1,Examination of gingivae (procedure),0.00,,,0.00,0.00,248.18,248.18,922fb35e-148d-9e82-f170-735ad33c5bd5,,922fb35e-148d-9e82-870c-717be2820122,1,82bc312c-5140-37fe-a179-5ebad3a13196,82bc312c-5140-37fe-a179-5ebad3a13196
239eac68-cbca-964b-c43a-b2e52025e726,922fb35e-148d-9e82-d537-1340a16bb9ae,27561,922fb35e-148d-9e82-7e65-bfa05e3b3515,TRANSFERIN,248.18,,2018-02-01T20:36:22Z,2018-02-01T21:13:35Z,c96d6792-27a3-3ef4-83f2-bb68e71023df,274788003,,,1,2,,,1,1,Examination of gingivae (procedure),0.00,27560,p,0.00,0.00,248.18,248.18,922fb35e-148d-9e82-f170-735ad33c5bd5,,922fb35e-148d-9e82-870c-717be2820122,1,82bc312c-5140-37fe-a179-5ebad3a13196,82bc312c-5140-37fe-a179-5ebad3a13196
473d58d1-9795-3396-8875-65ca404bd14d,922fb35e-148d-9e82-d537-1340a16bb9ae,27562,922fb35e-148d-9e82-7e65-bfa05e3b3515,PAYMENT,,CHECK,2018-02-01T20:36:22Z,2018-02-01T21:13:35Z,c96d6792-27a3-3ef4-83f2-bb68e71023df,274788003,,,1,2,,,1,1,Examination of gingivae (procedure),0.00,,,248.18,0.00,,0.00,922fb35e-148d-9e82-f170-735ad33c5bd5,,922fb35e-148d-9e82-870c-717be2820122,1,82bc312c-5140-37fe-a179-5ebad3a13196,82bc312c-5140-37fe-a179-5ebad3a13196
1cf56346-5e54-ec59-21d5-9729012f6336,922fb35e-148d-9e82-d537-1340a16bb9ae,27564,922fb35e-148d-9e82-7e65-bfa05e3b3515,CHARGE,620.44,,2018-02-01T21:13:35Z,2018-02-01T21:30:59Z,c96d6792-27a3-3ef4-83f2-bb68e71023df,81733005,,,1,2,,,1,1,Dental surgical procedure (procedure),620.44,,1,0.00,0.00,,0.00,922fb35e-148d-9e82-f170-735ad33c5bd5,,922fb35e-148d-9e82-870c-717be2820122,1,82bc312c-5140-37fe-a179-5ebad3a13196,82bc312c-5140-37fe-a179-5ebad3a13196
39eac68c-bca9-e8b2-43ab-2e52025ef66c,922fb35e-148d-9e82-d537-1340a16bb9ae,27565,922fb35e-148d-9e82-7e65-bfa05e3b3515,PAYMENT,,ECHECK,2018-02-01T21:13:35Z,2018-02-01T21:30:59Z,c96d6792-27a3-3ef4-83f2-bb68e71023df,81733005,,,1,2,,,1,1,Dental surgical procedure (procedure),0.00,,,372.26,0.00,,248.18,922fb35e-148d-9e82-f170-735ad33c5bd5,,922fb35e-148d-9e82-870c-717be2820122,1,82bc312c-5140-37fe-a179-5ebad3a13196,82bc312c-5140-37fe-a179-5ebad3a13196
73d58d19-7954-0164-8756-5ca404be1cd8,922fb35e-148d-9e82-d537-1340a16bb9ae,27566,922fb35e-148d-9e82-7e65-bfa05e3b3515,TRANSFEROUT,,,2018-02-01T21:13:35Z,2018-02-01T21:30:59Z,c96d6792-27a3-3ef4-83f2-bb68e71023df,81733005,,,1,2,,,1,1,Dental surgical procedure (procedure),0.00,,,0.00,0.00,248.18,248.18,922fb35e-148d-9e82-f170-735ad33c5bd5,,922fb35e-148d-9e82-870c-717be2820122,1,82bc312c-5140-37fe-a179-5ebad3a13196,82bc312c-5140-37fe-a179-5ebad3a13196
e7ab1a32-f2a8-c2c8-0eac-b948097cf9b1,922fb35e-148d-9e82-d537-1340a16bb9ae,27567,922fb35e-148d-9e82-7e65-bfa05e3b3515,TRANSFERIN,248.18,,2018-02-01T21:13:35Z,2018-02-01T21:30:59Z,c96d6792-27a3-3ef4-83f2-bb68e71023df,81733005,,,1,2,,,1,1,Dental surgical procedure (procedure),0.00,27566,p,0.00,0.00,248.18,248.18,922fb35e-148d-9e82-f170-735ad33c5bd5,,922fb35e-148d-9e82-870c-717be2820122,1,82bc312c-5140-37fe-a179-5ebad3a13196,82bc312c-5140-37fe-a179-5ebad3a13196
cf563465-e552-9d91-1d59-729012fa0b62,922fb35e-148d-9e82-d537-1340a16bb9ae,27568,922fb35e-148d-9e82-7e65-bfa05e3b3515,PAYMENT,,CHECK,2018-02-01T21:13:35Z,2018-02-01T21:30:59Z,c96d6792-27a3-3ef4-83f2-bb68e71023df,81733005,,,1,2,,,1,1,Dental surgical procedure (procedure),0.00,,,248.18,0.00,,0.00,922fb35e-148d-9e82-f170-735ad33c5bd5,,922fb35e-148d-9e82-870c-717be2820122,1,82bc312c-5140-37fe-a179-5ebad3a13196,82bc312c-5140-37fe-a179-5ebad3a13196
32f2b4bc-c8e7-ab1a-4809-88f3b10eacb9,922fb35e-148d-9e82-d537-1340a16bb9ae,27570,922fb35e-148d-9e82-7e65-bfa05e3b3515,CHARGE,620.44,,2018-02-01T21:30:59Z,2018-02-01T22:30:51Z,c96d6792-27a3-3ef4-83f2-bb68e71023df,3802001,,,1,2,,,1,1,Dental application of desensitizing medicament (procedure),620.44,,1,0.00,0.00,,0.00,922fb35e-148d-9e82-f170-735ad33c5bd5,,922fb35e-148d-9e82-870c-717be2820122,1,82bc312c-5140-37fe-a179-5ebad3a13196,82bc312c-5140-37fe-a179-5ebad3a13196
65e56aa9-91cf-5634-9013-1217621d5972,922fb35e-148d-9e82-d537-1340a16bb9ae,27571,922fb35e-148d-9e82-7e65-bfa05e3b3515,PAYMENT,,ECHECK,2018-02-01T21:30:59Z,2018-02-01T22:30:51Z,c96d6792-27a3-3ef4-83f2-bb68e71023df,3802001,,,1,2,,,1,1,Dental application of desensitizing medicament (procedure),0.00,,,372.26,0.00,,248.18,922fb35e-148d-9e82-f170-735ad33c5bd5,,922fb35e-148d-9e82-870c-717be2820122,1,82bc312c-5140-37fe-a179-5ebad3a13196,82bc312c-5140-37fe-a179-5ebad3a13196
cbcad653-239e-ac68-2026-272ec43ab2e5,922fb35e-148d-9e82-d537-1340a16bb9ae,27572,922fb35e-148d-9e82-7e65-bfa05e3b3515,TRANSFEROUT,,,2018-02-01T21:30:59Z,2018-02-01T22:30:51Z,c96d6792-27a3-3ef4-83f2-bb68e71023df,3802001,,,1,2,,,1,1,Dental application of desensitizing medicament (procedure),0.00,,,0.00,0.00,248.18,248.18,922fb35e-148d-9e82-f170-735ad33c5bd5,,922fb35e-148d-9e82-870c-717be2820122,1,82bc312c-5140-37fe-a179-5ebad3a13196,82bc312c-5140-37fe-a179-5ebad3a13196
9795b3a6-473d-58d1-404c-515d887565ca,922fb35e-148d-9e82-d537-1340a16bb9ae,27573,922fb35e-148d-9e82-7e65-bfa05e3b3515,TRANSFERIN,248.18,,2018-02-01T21:30:59Z,2018-02-01T22:30:51Z,c96d6792-27a3-3ef4-83f2-bb68e71023df,3802001,,,1,2,,,1,1,Dental application of desensitizing medicament (procedure),0.00,27572,p,0.00,0.00,248.18,248.18,922fb35e-148d-9e82-f170-735ad33c5bd5,,922fb35e-148d-9e82-870c-717be2820122,1,82bc312c-5140-37fe-a179-5ebad3a13196,82bc312c-5140-37fe-a179-5ebad3a13196
2f2b6b4c-8e7a-b1a3-8098-aebb10eacb94,922fb35e-148d-9e82-d537-1340a16bb9ae,27574,922fb35e-148d-9e82-7e65-bfa05e3b3515,PAYMENT,,CHECK,2018-02-01T21:30:59Z,2018-02-01T22:30:51Z,c96d6792-27a3-3ef4-83f2-bb68e71023df,3802001,,,1,2,,,1,1,Dental application of desensitizing medicament (procedure),0.00,,,248.18,0.00,,0.00,922fb35e-148d-9e82-f170-735ad33c5bd5,,922fb35e-148d-9e82-870c-717be2820122,1,82bc312c-5140-37fe-a179-5ebad3a13196,82bc312c-5140-37fe-a179-5ebad3a13196
bcade932-39ea-c68c-0262-f6ec43ab2e52,922fb35e-148d-9e82-d537-1340a16bb9ae,27576,922fb35e-148d-9e82-7e65-bfa05e3b3515,CHARGE,TBD,,2018-02-01T22:30:51Z,2018-02-01T23:01:44Z,c96d6792-27a3-3ef4-83f2-bb68e71023df,64544008,,,1,2,,,1,1,Gingivectomy or gingivoplasty  per tooth (procedure),620.44,,1,0.00,0.00,,0.00,922fb35e-148d-9e82-f170-735ad33c5bd5,,922fb35e-148d-9e82-870c-717be2820122,1,82bc312c-5140-37fe-a179-5ebad3a13196,82bc312c-5140-37fe-a179-5ebad3a13196
795c0264-73d5-8d19-04c6-1dd887565ca4,922fb35e-148d-9e82-d537-1340a16bb9ae,27577,922fb35e-148d-9e82-7e65-bfa05e3b3515,PAYMENT,,ECHECK,2018-02-01T22:30:51Z,2018-02-01T23:01:44Z,c96d6792-27a3-3ef4-83f2-bb68e71023df,64544008,,,1,2,,,1,1,Gingivectomy or gingivoplasty  per tooth (procedure),0.00,,,372.26,0.00,,248.18,922fb35e-148d-9e82-f170-735ad33c5bd5,,922fb35e-148d-9e82-870c-717be2820122,1,82bc312c-5140-37fe-a179-5ebad3a13196,82bc312c-5140-37fe-a179-5ebad3a13196
f2b8c4c8-e7ab-1a32-098c-fbb10eacb948,922fb35e-148d-9e82-d537-1340a16bb9ae,27578,922fb35e-148d-9e82-7e65-bfa05e3b3515,TRANSFEROUT,,,2018-02-01T22:30:51Z,2018-02-01T23:01:44Z,c96d6792-27a3-3ef4-83f2-bb68e71023df,64544008,,,1,2,,,1,1,Gingivectomy or gingivoplasty  per tooth (procedure),0.00,,,0.00,0.00,248.18,248.18,922fb35e-148d-9e82-f170-735ad33c5bd5,,922fb35e-148d-9e82-870c-717be2820122,1,82bc312c-5140-37fe-a179-5ebad3a13196,82bc312c-5140-37fe-a179-5ebad3a13196
e572a191-cf56-3465-131a-0f621d597290,922fb35e-148d-9e82-d537-1340a16bb9ae,27579,922fb35e-148d-9e82-7e65-bfa05e3b3515,TRANSFERIN,248.18,,2018-02-01T22:30:51Z,2018-02-01T23:01:44Z,c96d6792-27a3-3ef4-83f2-bb68e71023df,64544008,,,1,2,,,1,1,Gingivectomy or gingivoplasty  per tooth (procedure),0.00,27578,p,0.00,0.00,248.18,248.18,922fb35e-148d-9e82-f170-735ad33c5bd5,,922fb35e-148d-9e82-870c-717be2820122,1,82bc312c-5140-37fe-a179-5ebad3a13196,82bc312c-5140-37fe-a179-5ebad3a13196
c473d58d-1979-623c-3887-565ca404cc18,922fb35e-148d-9e82-d537-1340a16bb9ae,27580,922fb35e-148d-9e82-7e65-bfa05e3b3515,PAYMENT,,CHECK,2018-02-01T22:30:51Z,2018-02-01T23:01:44Z,c96d6792-27a3-3ef4-83f2-bb68e71023df,64544008,,,1,2,,,1,1,Gingivectomy or gingivoplasty  per tooth (procedure),0.00,,,248.18,0.00,,0.00,922fb35e-148d-9e82-f170-735ad33c5bd5,,922fb35e-148d-9e82-870c-717be2820122,1,82bc312c-5140-37fe-a179-5ebad3a13196,82bc312c-5140-37fe-a179-5ebad3a13196
11cf5634-65e5-8aa3-e21d-597290133210,922fb35e-148d-9e82-d537-1340a16bb9ae,27582,922fb35e-148d-9e82-7e65-bfa05e3b3515,CHARGE,620.44,,2018-02-01T23:01:44Z,2018-02-02T00:25:25Z,c96d6792-27a3-3ef4-83f2-bb68e71023df,456191000124101,,,1,2,,,1,1,Postoperative care for dental procedure (regime/therapy),620.44,,1,0.00,0.00,,0.00,922fb35e-148d-9e82-f170-735ad33c5bd5,,922fb35e-148d-9e82-870c-717be2820122,1,82bc312c-5140-37fe-a179-5ebad3a13196,82bc312c-5140-37fe-a179-5ebad3a13196
239eac68-cbcb-1646-c43a-b2e520266721,922fb35e-148d-9e82-d537-1340a16bb9ae,27583,922fb35e-148d-9e82-7e65-bfa05e3b3515,PAYMENT,,ECHECK,2018-02-01T23:01:44Z,2018-02-02T00:25:25Z,c96d6792-27a3-3ef4-83f2-bb68e71023df,456191000124101,,,1,2,,,1,1,Postoperative care for dental procedure (regime/therapy),0.00,,,372.26,0.00,,248.18,922fb35e-148d-9e82-f170-735ad33c5bd5,,922fb35e-148d-9e82-870c-717be2820122,1,82bc312c-5140-37fe-a179-5ebad3a13196,82bc312c-5140-37fe-a179-5ebad3a13196
473d58d1-9796-338c-8875-65ca404cd143,922fb35e-148d-9e82-d537-1340a16bb9ae,27584,922fb35e-148d-9e82-7e65-bfa05e3b3515,TRANSFEROUT,,,2018-02-01T23:01:44Z,2018-02-02T00:25:25Z,c96d6792-27a3-3ef4-83f2-bb68e71023df,456191000124101,,,1,2,,,1,1,Postoperative care for dental procedure (regime/therapy),0.00,,,0.00,0.00,248.18,248.18,922fb35e-148d-9e82-f170-735ad33c5bd5,,922fb35e-148d-9e82-870c-717be2820122,1,82bc312c-5140-37fe-a179-5ebad3a13196,82bc312c-5140-37fe-a179-5ebad3a13196
8e7ab1a3-2f2c-6b18-10ea-cb948099ae87,922fb35e-148d-9e82-d537-1340a16bb9ae,27585,922fb35e-148d-9e82-7e65-bfa05e3b3515,TRANSFERIN,248.18,,2018-02-01T23:01:44Z,2018-02-02T00:25:25Z,c96d6792-27a3-3ef4-83f2-bb68e71023df,456191000124101,,,1,2,,,1,1,Postoperative care for dental procedure (regime/therapy),0.00,27584,p,0.00,0.00,248.18,248.18,922fb35e-148d-9e82-f170-735ad33c5bd5,,922fb35e-148d-9e82-870c-717be2820122,1,82bc312c-5140-37fe-a179-5ebad3a13196,82bc312c-5140-37fe-a179-5ebad3a13196
1cf56346-5e58-ec31-21d5-97290133630e,922fb35e-148d-9e82-d537-1340a16bb9ae,27586,922fb35e-148d-9e82-7e65-bfa05e3b3515,PAYMENT,,CHECK,2018-02-01T23:01:44Z,2018-02-02T00:25:25Z,c96d6792-27a3-3ef4-83f2-bb68e71023df,456191000124101,,,1,2,,,1,1,Postoperative care for dental procedure (regime/therapy),0.00,,,248.18,0.00,,0.00,922fb35e-148d-9e82-f170-735ad33c5bd5,,922fb35e-148d-9e82-870c-717be2820122,1,82bc312c-5140-37fe-a179-5ebad3a13196,82bc312c-5140-37fe-a179-5ebad3a13196
73d58d19-7964-00c4-8756-5ca404ce1c38,922fb35e-148d-9e82-d537-1340a16bb9ae,27588,922fb35e-148d-9e82-7e65-bfa05e3b3515,CHARGE,620.44,,2018-02-02T00:25:25Z,2018-02-02T00:33:50Z,c96d6792-27a3-3ef4-83f2-bb68e71023df,243085009,,,1,2,,,1,1,Oral health education (procedure),620.44,,1,0.00,0.00,,0.00,922fb35e-148d-9e82-f170-735ad33c5bd5,,922fb35e-148d-9e82-870c-717be2820122,1,82bc312c-5140-37fe-a179-5ebad3a13196,82bc312c-5140-37fe-a179-5ebad3a13196
e7ab1a32-f2c8-c188-0eac-b948099cf871,922fb35e-148d-9e82-d537-1340a16bb9ae,27589,922fb35e-148d-9e82-7e65-bfa05e3b3515,PAYMENT,,ECHECK,2018-02-02T00:25:25Z,2018-02-02T00:33:50Z,c96d6792-27a3-3ef4-83f2-bb68e71023df,243085009,,,1,2,,,1,1,Oral health education (procedure),0.00,,,372.26,0.00,,248.18,922fb35e-148d-9e82-f170-735ad33c5bd5,,922fb35e-148d-9e82-870c-717be2820122,1,82bc312c-5140-37fe-a179-5ebad3a13196,82bc312c-5140-37fe-a179-5ebad3a13196
8cbcb4e6-e239-eac6-5202-69f49c43ab2e,922fb35e-148d-9e82-d537-1340a16bb9ae,27590,922fb35e-148d-9e82-7e65-bfa05e3b3515,TRANSFEROUT,,,2018-02-02T00:25:25Z,2018-02-02T00:33:50Z,c96d6792-27a3-3ef4-83f2-bb68e71023df,243085009,,,1,2,,,1,1,Oral health education (procedure),0.00,,,0.00,0.00,248.18,248.18,922fb35e-148d-9e82-f170-735ad33c5bd5,,922fb35e-148d-9e82-870c-717be2820122,1,82bc312c-5140-37fe-a179-5ebad3a13196,82bc312c-5140-37fe-a179-5ebad3a13196
19796a3d-c473-d58d-a404-d4193887565c,922fb35e-148d-9e82-d537-1340a16bb9ae,27591,922fb35e-148d-9e82-7e65-bfa05e3b3515,TRANSFERIN,248.18,,2018-02-02T00:25:25Z,2018-02-02T00:33:50Z,c96d6792-27a3-3ef4-83f2-bb68e71023df,243085009,,,1,2,,,1,1,Oral health education (procedure),0.00,27590,p,0.00,0.00,248.18,248.18,922fb35e-148d-9e82-f170-735ad33c5bd5,,922fb35e-148d-9e82-870c-717be2820122,1,82bc312c-5140-37fe-a179-5ebad3a13196,82bc312c-5140-37fe-a179-5ebad3a13196
32f2d4bb-88e7-ab1a-4809-a8f2710eacb9,922fb35e-148d-9e82-d537-1340a16bb9ae,27592,922fb35e-148d-9e82-7e65-bfa05e3b3515,PAYMENT,,CHECK,2018-02-02T00:25:25Z,2018-02-02T00:33:50Z,c96d6792-27a3-3ef4-83f2-bb68e71023df,243085009,,,1,2,,,1,1,Oral health education (procedure),0.00,,,248.18,0.00,,0.00,922fb35e-148d-9e82-f170-735ad33c5bd5,,922fb35e-148d-9e82-870c-717be2820122,1,82bc312c-5140-37fe-a179-5ebad3a13196,82bc312c-5140-37fe-a179-5ebad3a13196
ecf12cb6-234a-665b-63ce-31966db4dbb6,922fb35e-148d-9e82-4f18-ac6cada61c2e,27594,922fb35e-148d-9e82-7e65-bfa05e3b3515,CHARGE,138.42,,2018-04-12T18:53:52Z,2018-04-12T19:08:52Z,c96d6792-27a3-3ef4-83f2-bb68e71023df,308335008,,,1,,,,1,2,Patient encounter procedure (procedure),138.42,,1,0.00,0.00,,0.00,922fb35e-148d-9e82-ea4f-02ae5b3e0639,,922fb35e-148d-9e82-870c-717be2820122,1,82bc312c-5140-37fe-a179-5ebad3a13196,82bc312c-5140-37fe-a179-5ebad3a13196
e9e2596c-4694-ccb7-f79c-632cdb69b76c,922fb35e-148d-9e82-4f18-ac6cada61c2e,27595,922fb35e-148d-9e82-7e65-bfa05e3b3515,PAYMENT,,ECHECK,2018-04-12T18:53:52Z,2018-04-12T19:08:52Z,c96d6792-27a3-3ef4-83f2-bb68e71023df,308335008,,,1,,,,1,2,Patient encounter procedure (procedure),0.00,,,83.05,0.00,,55.37,922fb35e-148d-9e82-ea4f-02ae5b3e0639,,922fb35e-148d-9e82-870c-717be2820122,1,82bc312c-5140-37fe-a179-5ebad3a13196,82bc312c-5140-37fe-a179-5ebad3a13196
03c4b2d8-8d29-9970-1f38-c659b6d36eda,922fb35e-148d-9e82-4f18-ac6cada61c2e,27596,922fb35e-148d-9e82-7e65-bfa05e3b3515,TRANSFEROUT,,,2018-04-12T18:53:52Z,2018-04-12T19:08:52Z,c96d6792-27a3-3ef4-83f2-bb68e71023df,308335008,,,1,,,,1,2,Patient encounter procedure (procedure),0.00,,,0.00,0.00,55.37,55.37,922fb35e-148d-9e82-ea4f-02ae5b3e0639,,922fb35e-148d-9e82-870c-717be2820122,1,82bc312c-5140-37fe-a179-5ebad3a13196,82bc312c-5140-37fe-a179-5ebad3a13196
c78965b1-1a53-32e0-fe71-8cb36da6ddb4,922fb35e-148d-9e82-4f18-ac6cada61c2e,27597,922fb35e-148d-9e82-7e65-bfa05e3b3515,TRANSFERIN,55.37,,2018-04-12T18:53:52Z,2018-04-12T19:08:52Z,c96d6792-27a3-3ef4-83f2-bb68e71023df,308335008,,,1,,,,1,2,Patient encounter procedure (procedure),0.00,27596,p,0.00,0.00,55.37,55.37,922fb35e-148d-9e82-ea4f-02ae5b3e0639,,922fb35e-148d-9e82-870c-717be2820122,1,82bc312c-5140-37fe-a179-5ebad3a13196,82bc312c-5140-37fe-a179-5ebad3a13196
9512cb62-34a6-65c2-02e3-1966db4dbb6a,922fb35e-148d-9e82-4f18-ac6cada61c2e,27598,922fb35e-148d-9e82-7e65-bfa05e3b3515,PAYMENT,,CHECK,2018-04-12T18:53:52Z,2018-04-12T19:08:52Z,c96d6792-27a3-3ef4-83f2-bb68e71023df,308335008,,,1,,,,1,2,Patient encounter procedure (procedure),0.00,,,55,0.00,,0.00,922fb35e-148d-9e82-ea4f-02ae5b3e0639,,922fb35e-148d-9e82-870c-717be2820122,1,82bc312c-5140-37fe-a179-5ebad3a13196,82bc312c-5140-37fe-a179-5ebad3a13196
d299a193-670b-2d88-6d36-f8311e4c659b,922fb35e-148d-9e82-4f18-ac6cada61c2e,27600,922fb35e-148d-9e82-7e65-bfa05e3b3515,CHARGE,1802.14,,2018-04-12T18:53:52Z,2018-04-12T19:04:26Z,c96d6792-27a3-3ef4-83f2-bb68e71023df,76601001,,,1,,,,1,2,Intramuscular injection (procedure),1802.14,,1,0.00,0.00,,0.00,922fb35e-148d-9e82-ea4f-02ae5b3e0639,,922fb35e-148d-9e82-870c-717be2820122,1,82bc312c-5140-37fe-a179-5ebad3a13196,82bc312c-5140-37fe-a179-5ebad3a13196
a533432a-ce16-5b11-da6d-f06e3c98cb36,922fb35e-148d-9e82-4f18-ac6cada61c2e,27601,922fb35e-148d-9e82-7e65-bfa05e3b3515,PAYMENT,,ECHECK,2018-04-12T18:53:52Z,2018-04-12T19:04:26Z,c96d6792-27a3-3ef4-83f2-bb68e71023df,76601001,,,1,,,,1,2,Intramuscular injection (procedure),0.00,,,1081.28,0.00,,720.86,922fb35e-148d-9e82-ea4f-02ae5b3e0639,,922fb35e-148d-9e82-870c-717be2820122,1,82bc312c-5140-37fe-a179-5ebad3a13196,82bc312c-5140-37fe-a179-5ebad3a13196
4a66866b-9c2c-b623-b4db-e0e27931966d,922fb35e-148d-9e82-4f18-ac6cada61c2e,27602,922fb35e-148d-9e82-7e65-bfa05e3b3515,TRANSFEROUT,,,2018-04-12T18:53:52Z,2018-04-12T19:04:26Z,c96d6792-27a3-3ef4-83f2-bb68e71023df,76601001,,,1,,,,1,2,Intramuscular injection (procedure),0.00,,,0.00,0.00,720.86,720.86,922fb35e-148d-9e82-ea4f-02ae5b3e0639,,922fb35e-148d-9e82-870c-717be2820122,1,82bc312c-5140-37fe-a179-5ebad3a13196,82bc312c-5140-37fe-a179-5ebad3a13196
94cd0ce7-3859-6c46-69b7-c1f4f2632cdb,922fb35e-148d-9e82-4f18-ac6cada61c2e,27603,922fb35e-148d-9e82-7e65-bfa05e3b3515,TRANSFERIN,720.86,,2018-04-12T18:53:52Z,2018-04-12T19:04:26Z,c96d6792-27a3-3ef4-83f2-bb68e71023df,76601001,,,1,,,,1,2,Intramuscular injection (procedure),0.00,27602,p,0.00,0.00,720.86,720.86,922fb35e-148d-9e82-ea4f-02ae5b3e0639,,922fb35e-148d-9e82-870c-717be2820122,1,82bc312c-5140-37fe-a179-5ebad3a13196,82bc312c-5140-37fe-a179-5ebad3a13196
299a1a3e-70b2-d88d-d36f-8419e4c659b6,922fb35e-148d-9e82-4f18-ac6cada61c2e,27604,922fb35e-148d-9e82-7e65-bfa05e3b3515,PAYMENT,,CHECK,2018-04-12T18:53:52Z,2018-04-12T19:04:26Z,c96d6792-27a3-3ef4-83f2-bb68e71023df,76601001,,,1,,,,1,2,Intramuscular injection (procedure),0.00,,,720.86,0.00,,0.00,922fb35e-148d-9e82-ea4f-02ae5b3e0639,,922fb35e-148d-9e82-870c-717be2820122,1,82bc312c-5140-37fe-a179-5ebad3a13196,82bc312c-5140-37fe-a179-5ebad3a13196
f463c2c6-43b1-0658-453f-636250a79a6c,922fb35e-148d-9e82-7823-9c386c0f5c06,27606,922fb35e-148d-9e82-7e65-bfa05e3b3515,CHARGE,138.42,,2018-07-12T18:53:52Z,2018-07-12T19:12:22Z,c96d6792-27a3-3ef4-83f2-bb68e71023df,308335008,,,1,,,,1,2,Patient encounter procedure (procedure),138.42,,1,0.00,0.00,,0.00,922fb35e-148d-9e82-8423-611fa89bc3d8,,922fb35e-148d-9e82-870c-717be2820122,1,82bc312c-5140-37fe-a179-5ebad3a13196,82bc312c-5140-37fe-a179-5ebad3a13196
efc7858c-8762-0cb1-8d7e-c6c4a14f34d8,922fb35e-148d-9e82-7823-9c386c0f5c06,27607,922fb35e-148d-9e82-7e65-bfa05e3b3515,PAYMENT,,ECHECK,2018-07-12T18:53:52Z,2018-07-12T19:12:22Z,c96d6792-27a3-3ef4-83f2-bb68e71023df,308335008,,,1,,,,1,2,Patient encounter procedure (procedure),0.00,,,138.42,0.00,,0.00,922fb35e-148d-9e82-8423-611fa89bc3d8,,922fb35e-148d-9e82-870c-717be2820122,1,82bc312c-5140-37fe-a179-5ebad3a13196,82bc312c-5140-37fe-a179-5ebad3a13196
dd1e1632-1d88-32c7-53fb-1b12853cd362,922fb35e-148d-9e82-7823-9c386c0f5c06,27609,922fb35e-148d-9e82-7e65-bfa05e3b3515,CHARGE,6375.80,,2018-07-12T18:53:52Z,2018-07-12T19:12:22Z,c96d6792-27a3-3ef4-83f2-bb68e71023df,76601001,,,1,,,,1,2,Intramuscular injection (procedure),6375.80,,1,0.00,0.00,,0.00,922fb35e-148d-9e82-8423-611fa89bc3d8,,922fb35e-148d-9e82-870c-717be2820122,1,82bc312c-5140-37fe-a179-5ebad3a13196,82bc312c-5140-37fe-a179-5ebad3a13196
8c87620c-b24f-6a85-c4a1-4f34d8ed21c6,922fb35e-148d-9e82-7823-9c386c0f5c06,27610,922fb35e-148d-9e82-7e65-bfa05e3b3515,PAYMENT,,ECHECK,2018-07-12T18:53:52Z,2018-07-12T19:12:22Z,c96d6792-27a3-3ef4-83f2-bb68e71023df,76601001,,,1,,,,1,2,Intramuscular injection (procedure),0.00,,,6375.80,0.00,,0.00,922fb35e-148d-9e82-8423-611fa89bc3d8,,922fb35e-148d-9e82-870c-717be2820122,1,82bc312c-5140-37fe-a179-5ebad3a13196,82bc312c-5140-37fe-a179-5ebad3a13196
f0516246-2ef1-1a48-902a-dd970a91b659,922fb35e-148d-9e82-8107-6b82813d24cb,27612,922fb35e-148d-9e82-7e65-bfa05e3b3515,CHARGE,138.42,,2018-10-11T18:53:52Z,2018-10-11T19:13:22Z,c96d6792-27a3-3ef4-83f2-bb68e71023df,308335008,,,1,,,,1,2,Patient encounter procedure (procedure),138.42,,1,0.00,0.00,,0.00,922fb35e-148d-9e82-7626-04aeff74c02b,,922fb35e-148d-9e82-870c-717be2820122,1,82bc312c-5140-37fe-a179-5ebad3a13196,82bc312c-5140-37fe-a179-5ebad3a13196
e0a2c493-5de2-3491-2055-bb3115236cb3,922fb35e-148d-9e82-8107-6b82813d24cb,27613,922fb35e-148d-9e82-7e65-bfa05e3b3515,PAYMENT,,ECHECK,2018-10-11T18:53:52Z,2018-10-11T19:13:22Z,c96d6792-27a3-3ef4-83f2-bb68e71023df,308335008,,,1,,,,1,2,Patient encounter procedure (procedure),0.00,,,138.42,0.00,,0.00,922fb35e-148d-9e82-7626-04aeff74c02b,,922fb35e-148d-9e82-870c-717be2820122,1,82bc312c-5140-37fe-a179-5ebad3a13196,82bc312c-5140-37fe-a179-5ebad3a13196
828b126b-7788-d247-8156-ece2548db2cc,922fb35e-148d-9e82-8107-6b82813d24cb,27615,922fb35e-148d-9e82-7e65-bfa05e3b3515,CHARGE,1668.83,,2018-10-11T18:53:52Z,2018-10-11T19:13:22Z,c96d6792-27a3-3ef4-83f2-bb68e71023df,76601001,,,1,,,,1,2,Intramuscular injection (procedure),1668.83,,1,0.00,0.00,,0.00,922fb35e-148d-9e82-7626-04aeff74c02b,,922fb35e-148d-9e82-870c-717be2820122,1,82bc312c-5140-37fe-a179-5ebad3a13196,82bc312c-5140-37fe-a179-5ebad3a13196
051624e6-ef11-a48f-02ad-d9f4a91b6599,922fb35e-148d-9e82-8107-6b82813d24cb,27616,922fb35e-148d-9e82-7e65-bfa05e3b3515,PAYMENT,,ECHECK,2018-10-11T18:53:52Z,2018-10-11T19:13:22Z,c96d6792-27a3-3ef4-83f2-bb68e71023df,76601001,,,1,,,,1,2,Intramuscular injection (procedure),0.00,,,"1,668.83",0.00,,0.00,922fb35e-148d-9e82-7626-04aeff74c02b,,922fb35e-148d-9e82-870c-717be2820122,1,82bc312c-5140-37fe-a179-5ebad3a13196,82bc312c-5140-37fe-a179-5ebad3a13196
49bd11ae-3d5b-cd26-2a5a-87c9ced2aa2b,922fb35e-148d-9e82-c60d-f21254f9929f,27618,922fb35e-148d-9e82-7e65-bfa05e3b3515,CHARGE,138.42,,2018-12-26T19:13:10Z,2018-12-26T19:30:49Z,c96d6792-27a3-3ef4-83f2-bb68e71023df,698314001,,,1,,,,1,2,Consultation for treatment (procedure),138.42,,1,0.00,0.00,,0.00,922fb35e-148d-9e82-4194-9389e614cb18,,922fb35e-148d-9e82-3b27-f3857bb7320b,1,82bc312c-5140-37fe-a179-5ebad3a13196,82bc312c-5140-37fe-a179-5ebad3a13196
937a235c-7ac7-9a4c-54b5-0f939dd55456,922fb35e-148d-9e82-c60d-f21254f9929f,27619,922fb35e-148d-9e82-7e65-bfa05e3b3515,TRANSFEROUT,,,2018-12-26T19:13:10Z,2018-12-26T19:30:49Z,c96d6792-27a3-3ef4-83f2-bb68e71023df,698314001,,,1,,,,1,2,Consultation for treatment (procedure),0.00,,,0.00,0.00,138.42,138.42,922fb35e-148d-9e82-4194-9389e614cb18,,922fb35e-148d-9e82-3b27-f3857bb7320b,1,82bc312c-5140-37fe-a179-5ebad3a13196,82bc312c-5140-37fe-a179-5ebad3a13196
d71f6346-9324-de88-e4e8-26b515952d43,922fb35e-148d-9e82-c60d-f21254f9929f,27620,922fb35e-148d-9e82-7e65-bfa05e3b3515,TRANSFERIN,138,,2018-12-26T19:13:10Z,2018-12-26T19:30:49Z,c96d6792-27a3-3ef4-83f2-bb68e71023df,698314001,,,1,,,,1,2,Consultation for treatment (procedure),0.00,27619,p,0.00,0.00,138.42,138.42,922fb35e-148d-9e82-4194-9389e614cb18,,922fb35e-148d-9e82-3b27-f3857bb7320b,1,82bc312c-5140-37fe-a179-5ebad3a13196,82bc312c-5140-37fe-a179-5ebad3a13196
ae3edc8d-2649-bd11-c9d0-536a2b2a5a87,922fb35e-148d-9e82-c60d-f21254f9929f,27621,922fb35e-148d-9e82-7e65-bfa05e3b3515,PAYMENT,,CASH,2018-12-26T19:13:10Z,2018-12-26T19:30:49Z,c96d6792-27a3-3ef4-83f2-bb68e71023df,698314001,,,1,,,,1,2,Consultation for treatment (procedure),0.00,,,138.42,0.00,,0.00,922fb35e-148d-9e82-4194-9389e614cb18,,922fb35e-148d-9e82-3b27-f3857bb7320b,1,82bc312c-5140-37fe-a179-5ebad3a13196,82bc312c-5140-37fe-a179-5ebad3a13196
b8fbc234-9926-f446-2741-dda8aca96a1f,922fb35e-148d-9e82-c60d-f21254f9929f,27623,922fb35e-148d-9e82-7e65-bfa05e3b3515,CHARGE,4047.39,,2018-12-26T19:13:10Z,2018-12-26T19:30:49Z,c96d6792-27a3-3ef4-83f2-bb68e71023df,76601001,,,1,,,,1,2,Intramuscular injection (procedure),4047.39,,1,0.00,0.00,,0.00,922fb35e-148d-9e82-4194-9389e614cb18,,922fb35e-148d-9e82-3b27-f3857bb7320b,1,82bc312c-5140-37fe-a179-5ebad3a13196,82bc312c-5140-37fe-a179-5ebad3a13196
71f84469-324d-e88d-4e84-7b515952d43e,922fb35e-148d-9e82-c60d-f21254f9929f,27624,922fb35e-148d-9e82-7e65-bfa05e3b3515,TRANSFEROUT,,,2018-12-26T19:13:10Z,2018-12-26T19:30:49Z,c96d6792-27a3-3ef4-83f2-bb68e71023df,76601001,,,1,,,,1,2,Intramuscular injection (procedure),0.00,,,0.00,0.00,4047.39,4047.39,922fb35e-148d-9e82-4194-9389e614cb18,,922fb35e-148d-9e82-3b27-f3857bb7320b,1,82bc312c-5140-37fe-a179-5ebad3a13196,82bc312c-5140-37fe-a179-5ebad3a13196
e3f1a0d2-649b-d11a-9d09-0ea2b2a5a87c,922fb35e-148d-9e82-c60d-f21254f9929f,27625,922fb35e-148d-9e82-7e65-bfa05e3b3515,TRANSFERIN,4047.39,,2018-12-26T19:13:10Z,2018-12-26T19:30:49Z,c96d6792-27a3-3ef4-83f2-bb68e71023df,76601001,,,1,,,,1,2,Intramuscular injection (procedure),0.00,27624,p,0.00,0.00,4047.39,4047.39,922fb35e-148d-9e82-4194-9389e614cb18,,922fb35e-148d-9e82-3b27-f3857bb7320b,1,82bc312c-5140-37fe-a179-5ebad3a13196,82bc312c-5140-37fe-a179-5ebad3a13196
c7e441a4-c937-a235-3a15-1d45654b50f9,922fb35e-148d-9e82-c60d-f21254f9929f,27626,922fb35e-148d-9e82-7e65-bfa05e3b3515,PAYMENT,,CC,2018-12-26T19:13:10Z,2018-12-26T19:30:49Z,c96d6792-27a3-3ef4-83f2-bb68e71023df,76601001,,,1,,,,1,2,Intramuscular injection (procedure),0.00,,,"4,047.39",0.00,,0.00,922fb35e-148d-9e82-4194-9389e614cb18,,922fb35e-148d-9e82-3b27-f3857bb7320b,1,82bc312c-5140-37fe-a179-5ebad3a13196,82bc312c-5140-37fe-a179-5ebad3a13196
ddaaf775-a4d2-8874-a66e-65f815214382,922fb35e-148d-9e82-acd4-5a1f127d9f1e,27628,922fb35e-148d-9e82-7e65-bfa05e3b3515,CHARGE,55.42,,2018-12-26T19:13:10Z,2019-12-21T19:30:49Z,c96d6792-27a3-3ef4-83f2-bb68e71023df,1000126,,,1,,,,1,2,1 ML medroxyprogesterone acetate 150 MG/ML Injection,55.42,,1,0.00,0.00,,0.00,922fb35e-148d-9e82-4194-9389e614cb18,,922fb35e-148d-9e82-3b27-f3857bb7320b,1,82bc312c-5140-37fe-a179-5ebad3a13196,82bc312c-5140-37fe-a179-5ebad3a13196
bb6beeeb-49a5-10e9-4ce2-cbf02a428705,922fb35e-148d-9e82-acd4-5a1f127d9f1e,27629,922fb35e-148d-9e82-7e65-bfa05e3b3515,TRANSFEROUT,,,2018-12-26T19:13:10Z,2019-12-21T19:30:49Z,c96d6792-27a3-3ef4-83f2-bb68e71023df,1000126,,,1,,,,1,2,1 ML medroxyprogesterone acetate 150 MG/ML Injection,0.00,,,0.00,0.00,55.42,55.42,922fb35e-148d-9e82-4194-9389e614cb18,,922fb35e-148d-9e82-3b27-f3857bb7320b,1,82bc312c-5140-37fe-a179-5ebad3a13196,82bc312c-5140-37fe-a179-5ebad3a13196
bad26944-3a6f-3393-fc0a-90a1c153914a,922fb35e-148d-9e82-acd4-5a1f127d9f1e,27630,922fb35e-148d-9e82-7e65-bfa05e3b3515,TRANSFERIN,55.42,,2018-12-26T19:13:10Z,2019-12-21T19:30:49Z,c96d6792-27a3-3ef4-83f2-bb68e71023df,1000126,,,1,,,,1,2,1 ML medroxyprogesterone acetate 150 MG/ML Injection,0.00,27629,p,0.00,0.00,55.42,55.42,922fb35e-148d-9e82-4194-9389e614cb18,,922fb35e-148d-9e82-3b27-f3857bb7320b,1,82bc312c-5140-37fe-a179-5ebad3a13196,82bc312c-5140-37fe-a179-5ebad3a13196
75a4d288-74de-6b27-f815-214382a72e95,922fb35e-148d-9e82-acd4-5a1f127d9f1e,27631,922fb35e-148d-9e82-7e65-bfa05e3b3515,PAYMENT,,CHECK,2018-12-26T19:13:10Z,2019-12-21T19:30:49Z,c96d6792-27a3-3ef4-83f2-bb68e71023df,1000126,,,1,,,,1,2,1 ML medroxyprogesterone acetate 150 MG/ML Injection,0.00,,,55.42,0.00,,0.00,922fb35e-148d-9e82-4194-9389e614cb18,,922fb35e-148d-9e82-3b27-f3857bb7320b,1,82bc312c-5140-37fe-a179-5ebad3a13196,82bc312c-5140-37fe-a179-5ebad3a13196
6f509ccd-6fb5-6535-97e2-da940d6ca66d,922fb35e-148d-9e82-847c-9c6bb1af668a,27633,922fb35e-148d-9e82-7e65-bfa05e3b3515,CHARGE,138.42,,2019-01-10T18:53:52Z,2019-01-10T19:08:52Z,c96d6792-27a3-3ef4-83f2-bb68e71023df,308335008,,,1,,,,1,2,Patient encounter procedure (procedure),138.42,,1,0.00,0.00,,0.00,922fb35e-148d-9e82-f057-d2acf76fdb59,,922fb35e-148d-9e82-3b27-f3857bb7320b,1,82bc312c-5140-37fe-a179-5ebad3a13196,82bc312c-5140-37fe-a179-5ebad3a13196
dea1399a-e36a-ca6a-2fc5-b52826d94cdb,922fb35e-148d-9e82-847c-9c6bb1af668a,27634,922fb35e-148d-9e82-7e65-bfa05e3b3515,TRANSFEROUT,,,2019-01-10T18:53:52Z,2019-01-10T19:08:52Z,c96d6792-27a3-3ef4-83f2-bb68e71023df,308335008,,,1,,,,1,2,Patient encounter procedure (procedure),0.00,,,0.00,0.00,138.42,138.42,922fb35e-148d-9e82-f057-d2acf76fdb59,,922fb35e-148d-9e82-3b27-f3857bb7320b,1,82bc312c-5140-37fe-a179-5ebad3a13196,82bc312c-5140-37fe-a179-5ebad3a13196
bd427335-dcd5-94d5-5f8b-6a5053b299b6,922fb35e-148d-9e82-847c-9c6bb1af668a,27635,922fb35e-148d-9e82-7e65-bfa05e3b3515,TRANSFERIN,138.42,,2019-01-10T18:53:52Z,2019-01-10T19:08:52Z,c96d6792-27a3-3ef4-83f2-bb68e71023df,308335008,,,1,,,,1,2,Patient encounter procedure (procedure),0.00,27634,p,0.00,0.00,138.42,138.42,922fb35e-148d-9e82-f057-d2acf76fdb59,,922fb35e-148d-9e82-3b27-f3857bb7320b,1,82bc312c-5140-37fe-a179-5ebad3a13196,82bc312c-5140-37fe-a179-5ebad3a13196
7a84e66b-c9ab-29ab-bf16-d4a0d765336c,922fb35e-148d-9e82-847c-9c6bb1af668a,27636,922fb35e-148d-9e82-7e65-bfa05e3b3515,PAYMENT,,CASH,2019-01-10T18:53:52Z,2019-01-10T19:08:52Z,c96d6792-27a3-3ef4-83f2-bb68e71023df,308335008,,,1,,,,1,2,Patient encounter procedure (procedure),0.00,,,138.42,0.00,,0.00,922fb35e-148d-9e82-f057-d2acf76fdb59,,922fb35e-148d-9e82-3b27-f3857bb7320b,1,82bc312c-5140-37fe-a179-5ebad3a13196,82bc312c-5140-37fe-a179-5ebad3a13196
ea1399b0-46ac-a6ad-fc5b-52847d94cdb2,922fb35e-148d-9e82-847c-9c6bb1af668a,27638,922fb35e-148d-9e82-7e65-bfa05e3b3515,CHARGE,1775.90,,2019-01-10T18:53:52Z,2019-01-10T19:06:01Z,c96d6792-27a3-3ef4-83f2-bb68e71023df,76601001,,,1,,,,1,2,Intramuscular injection (procedure),1775.90,,1,0.00,0.00,,0.00,922fb35e-148d-9e82-f057-d2acf76fdb59,,922fb35e-148d-9e82-3b27-f3857bb7320b,1,82bc312c-5140-37fe-a179-5ebad3a13196,82bc312c-5140-37fe-a179-5ebad3a13196
d4273361-9959-4d5b-f8b6-a50907299b65,922fb35e-148d-9e82-847c-9c6bb1af668a,27639,922fb35e-148d-9e82-7e65-bfa05e3b3515,PAYMENT,,ECHECK,2019-01-10T18:53:52Z,2019-01-10T19:06:01Z,c96d6792-27a3-3ef4-83f2-bb68e71023df,76601001,,,1,,,,1,2,Intramuscular injection (procedure),0.00,,,36.93,0.00,,1738.97,922fb35e-148d-9e82-f057-d2acf76fdb59,,922fb35e-148d-9e82-3b27-f3857bb7320b,1,82bc312c-5140-37fe-a179-5ebad3a13196,82bc312c-5140-37fe-a179-5ebad3a13196
ddc05653-56f5-09cc-47db-ca66d97e2da9,922fb35e-148d-9e82-847c-9c6bb1af668a,27640,922fb35e-148d-9e82-7e65-bfa05e3b3515,TRANSFEROUT,,,2019-01-10T18:53:52Z,2019-01-10T19:06:01Z,c96d6792-27a3-3ef4-83f2-bb68e71023df,76601001,,,1,,,,1,2,Intramuscular injection (procedure),0.00,,,0.00,0.00,1738.97,1738.97,922fb35e-148d-9e82-f057-d2acf76fdb59,,922fb35e-148d-9e82-3b27-f3857bb7320b,1,82bc312c-5140-37fe-a179-5ebad3a13196,82bc312c-5140-37fe-a179-5ebad3a13196
bc40aca6-adea-1399-9077-94cdb2fc5b52,922fb35e-148d-9e82-847c-9c6bb1af668a,27641,922fb35e-148d-9e82-7e65-bfa05e3b3515,TRANSFERIN,1738.97,,2019-01-10T18:53:52Z,2019-01-10T19:06:01Z,c96d6792-27a3-3ef4-83f2-bb68e71023df,76601001,,,1,,,,1,2,Intramuscular injection (procedure),0.00,27640,p,0.00,0.00,1738.97,1738.97,922fb35e-148d-9e82-f057-d2acf76fdb59,,922fb35e-148d-9e82-3b27-f3857bb7320b,1,82bc312c-5140-37fe-a179-5ebad3a13196,82bc312c-5140-37fe-a179-5ebad3a13196
79b1594d-5bd4-2733-211f-299b65f8b6a5,922fb35e-148d-9e82-847c-9c6bb1af668a,27642,922fb35e-148d-9e82-7e65-bfa05e3b3515,PAYMENT,,CASH,2019-01-10T18:53:52Z,2019-01-10T19:06:01Z,c96d6792-27a3-3ef4-83f2-bb68e71023df,76601001,,,1,,,,1,2,Intramuscular injection (procedure),0.00,,,1738.97,0.00,,0.00,922fb35e-148d-9e82-f057-d2acf76fdb59,,922fb35e-148d-9e82-3b27-f3857bb7320b,1,82bc312c-5140-37fe-a179-5ebad3a13196,82bc312c-5140-37fe-a179-5ebad3a13196
efb930e1-9879-8839-e8eb-56890649d645,922fb35e-148d-9e82-4d03-f6a562addf76,27644,922fb35e-148d-9e82-7e65-bfa05e3b3515,CHARGE,138.42,,2019-04-11T18:53:52Z,2019-04-11T19:12:24Z,c96d6792-27a3-3ef4-83f2-bb68e71023df,308335008,,,1,,,,1,2,Patient encounter procedure (procedure),138.42,,1,0.00,0.00,,0.00,922fb35e-148d-9e82-d5ad-160412e399d2,,922fb35e-148d-9e82-3b27-f3857bb7320b,1,82bc312c-5140-37fe-a179-5ebad3a13196,82bc312c-5140-37fe-a179-5ebad3a13196
df7261c4-30f3-1073-d1d6-ad150c93ac8b,922fb35e-148d-9e82-4d03-f6a562addf76,27645,922fb35e-148d-9e82-7e65-bfa05e3b3515,PAYMENT,,ECHECK,2019-04-11T18:53:52Z,2019-04-11T19:12:24Z,c96d6792-27a3-3ef4-83f2-bb68e71023df,308335008,,,1,,,,1,2,Patient encounter procedure (procedure),0.00,,,83.05,0.00,,55.37,922fb35e-148d-9e82-d5ad-160412e399d2,,922fb35e-148d-9e82-3b27-f3857bb7320b,1,82bc312c-5140-37fe-a179-5ebad3a13196,82bc312c-5140-37fe-a179-5ebad3a13196
bee4c38f-61e6-20e7-a3ad-5a2d19275917,922fb35e-148d-9e82-4d03-f6a562addf76,27646,922fb35e-148d-9e82-7e65-bfa05e3b3515,TRANSFEROUT,,,2019-04-11T18:53:52Z,2019-04-11T19:12:24Z,c96d6792-27a3-3ef4-83f2-bb68e71023df,308335008,,,1,,,,1,2,Patient encounter procedure (procedure),0.00,,,0.00,0.00,55.37,55.37,922fb35e-148d-9e82-d5ad-160412e399d2,,922fb35e-148d-9e82-3b27-f3857bb7320b,1,82bc312c-5140-37fe-a179-5ebad3a13196,82bc312c-5140-37fe-a179-5ebad3a13196
7dc98722-c3cc-41cf-475a-b466324eb22f,922fb35e-148d-9e82-4d03-f6a562addf76,27647,922fb35e-148d-9e82-7e65-bfa05e3b3515,TRANSFERIN,55.37,,2019-04-11T18:53:52Z,2019-04-11T19:12:24Z,c96d6792-27a3-3ef4-83f2-bb68e71023df,308335008,,,1,,,,1,2,Patient encounter procedure (procedure),0.00,27646,p,0.00,0.00,55.37,55.37,922fb35e-148d-9e82-d5ad-160412e399d2,,922fb35e-148d-9e82-3b27-f3857bb7320b,1,82bc312c-5140-37fe-a179-5ebad3a13196,82bc312c-5140-37fe-a179-5ebad3a13196
fb930e5b-8798-839e-8eb5-68d2649d645e,922fb35e-148d-9e82-4d03-f6a562addf76,27648,922fb35e-148d-9e82-7e65-bfa05e3b3515,PAYMENT,,CASH,2019-04-11T18:53:52Z,2019-04-11T19:12:24Z,c96d6792-27a3-3ef4-83f2-bb68e71023df,308335008,,,1,,,,1,2,Patient encounter procedure (procedure),0.00,,,55.37,0.00,,0.00,922fb35e-148d-9e82-d5ad-160412e399d2,,922fb35e-148d-9e82-3b27-f3857bb7320b,1,82bc312c-5140-37fe-a179-5ebad3a13196,82bc312c-5140-37fe-a179-5ebad3a13196
e383cc41-cf7d-c987-26f2-4eb22f475ab5,922fb35e-148d-9e82-4d03-f6a562addf76,27650,922fb35e-148d-9e82-7e65-bfa05e3b3515,CHARGE,2200.81,,2019-04-11T18:53:52Z,2019-04-11T19:12:24Z,c96d6792-27a3-3ef4-83f2-bb68e71023df,76601001,,,1,,,,1,2,Intramuscular injection (procedure),2200.81,,1,0.00,0.00,,0.00,922fb35e-148d-9e82-d5ad-160412e399d2,,922fb35e-148d-9e82-3b27-f3857bb7320b,1,82bc312c-5140-37fe-a179-5ebad3a13196,82bc312c-5140-37fe-a179-5ebad3a13196
dd079883-9efb-930f-53e4-9d645e8eb56a,922fb35e-148d-9e82-4d03-f6a562addf76,27651,922fb35e-148d-9e82-7e65-bfa05e3b3515,PAYMENT,,ECHECK,2019-04-11T18:53:52Z,2019-04-11T19:12:24Z,c96d6792-27a3-3ef4-83f2-bb68e71023df,76601001,,,1,,,,1,2,Intramuscular injection (procedure),0.00,,,1320.49,0.00,,880.32,922fb35e-148d-9e82-d5ad-160412e399d2,,922fb35e-148d-9e82-3b27-f3857bb7320b,1,82bc312c-5140-37fe-a179-5ebad3a13196,82bc312c-5140-37fe-a179-5ebad3a13196
ca0f3107-3df7-261f-d7c9-3ac8bd1d6ad4,922fb35e-148d-9e82-4d03-f6a562addf76,27652,922fb35e-148d-9e82-7e65-bfa05e3b3515,TRANSFEROUT,,,2019-04-11T18:53:52Z,2019-04-11T19:12:24Z,c96d6792-27a3-3ef4-83f2-bb68e71023df,76601001,,,1,,,,1,2,Intramuscular injection (procedure),0.00,,,0.00,0.00,880.32,880.32,922fb35e-148d-9e82-d5ad-160412e399d2,,922fb35e-148d-9e82-3b27-f3857bb7320b,1,82bc312c-5140-37fe-a179-5ebad3a13196,82bc312c-5140-37fe-a179-5ebad3a13196
c41e620e-7bee-4c3f-df92-75917a3ad5a9,922fb35e-148d-9e82-4d03-f6a562addf76,27653,922fb35e-148d-9e82-7e65-bfa05e3b3515,TRANSFERIN,880.32,,2019-04-11T18:53:52Z,2019-04-11T19:12:24Z,c96d6792-27a3-3ef4-83f2-bb68e71023df,76601001,,,1,,,,1,2,Intramuscular injection (procedure),0.00,27652,p,0.00,0.00,880.32,880.32,922fb35e-148d-9e82-d5ad-160412e399d2,,922fb35e-148d-9e82-3b27-f3857bb7320b,1,82bc312c-5140-37fe-a179-5ebad3a13196,82bc312c-5140-37fe-a179-5ebad3a13196
483cc41c-f7dc-9880-7f24-eb22f475ab54,922fb35e-148d-9e82-4d03-f6a562addf76,27654,922fb35e-148d-9e82-7e65-bfa05e3b3515,PAYMENT,,CASH,2019-04-11T18:53:52Z,2019-04-11T19:12:24Z,c96d6792-27a3-3ef4-83f2-bb68e71023df,76601001,,,1,,,,1,2,Intramuscular injection (procedure),0.00,,,880.32,0.00,,0.00,922fb35e-148d-9e82-d5ad-160412e399d2,,922fb35e-148d-9e82-3b27-f3857bb7320b,1,82bc312c-5140-37fe-a179-5ebad3a13196,82bc312c-5140-37fe-a179-5ebad3a13196
4a6811e7-d395-3396-8ba0-491f26fbd14d,922fb35e-148d-9e82-9651-6b80bf8e0bd0,27656,922fb35e-148d-9e82-7e65-bfa05e3b3515,CHARGE,138.42,,2019-07-11T18:53:52Z,2019-07-11T19:09:15Z,c96d6792-27a3-3ef4-83f2-bb68e71023df,308335008,,,1,,,,1,2,Patient encounter procedure (procedure),138.42,,1,0.00,0.00,,0.00,922fb35e-148d-9e82-f6d4-fe006e8526ff,,922fb35e-148d-9e82-3b27-f3857bb7320b,1,82bc312c-5140-37fe-a179-5ebad3a13196,82bc312c-5140-37fe-a179-5ebad3a13196
94d023cf-a72a-6b2c-1740-923e4df7ae9b,922fb35e-148d-9e82-9651-6b80bf8e0bd0,27657,922fb35e-148d-9e82-7e65-bfa05e3b3515,PAYMENT,,ECHECK,2019-07-11T18:53:52Z,2019-07-11T19:09:15Z,c96d6792-27a3-3ef4-83f2-bb68e71023df,308335008,,,1,,,,1,2,Patient encounter procedure (procedure),0.00,,,83.05,0.00,,55.37,922fb35e-148d-9e82-f6d4-fe006e8526ff,,922fb35e-148d-9e82-3b27-f3857bb7320b,1,82bc312c-5140-37fe-a179-5ebad3a13196,82bc312c-5140-37fe-a179-5ebad3a13196
29a0479f-4e54-ec59-2e81-247c9bef6336,922fb35e-148d-9e82-9651-6b80bf8e0bd0,27658,922fb35e-148d-9e82-7e65-bfa05e3b3515,TRANSFEROUT,,,2019-07-11T18:53:52Z,2019-07-11T19:09:15Z,c96d6792-27a3-3ef4-83f2-bb68e71023df,308335008,,,1,,,,1,2,Patient encounter procedure (procedure),0.00,,,0.00,0.00,55.37,55.37,922fb35e-148d-9e82-f6d4-fe006e8526ff,,922fb35e-148d-9e82-3b27-f3857bb7320b,1,82bc312c-5140-37fe-a179-5ebad3a13196,82bc312c-5140-37fe-a179-5ebad3a13196
53408f3e-9ca9-e8b2-5d02-48f937def66c,922fb35e-148d-9e82-9651-6b80bf8e0bd0,27659,922fb35e-148d-9e82-7e65-bfa05e3b3515,TRANSFERIN,55.37,,2019-07-11T18:53:52Z,2019-07-11T19:09:15Z,c96d6792-27a3-3ef4-83f2-bb68e71023df,308335008,,,1,,,,1,2,Patient encounter procedure (procedure),0.00,27658,p,0.00,0.00,55.37,55.37,922fb35e-148d-9e82-f6d4-fe006e8526ff,,922fb35e-148d-9e82-3b27-f3857bb7320b,1,82bc312c-5140-37fe-a179-5ebad3a13196,82bc312c-5140-37fe-a179-5ebad3a13196
cfa72b2a-cc94-d023-3e4d-f86e3b174092,922fb35e-148d-9e82-9651-6b80bf8e0bd0,27660,922fb35e-148d-9e82-7e65-bfa05e3b3515,PAYMENT,,CASH,2019-07-11T18:53:52Z,2019-07-11T19:09:15Z,c96d6792-27a3-3ef4-83f2-bb68e71023df,308335008,,,1,,,,1,2,Patient encounter procedure (procedure),0.00,,,55.37,0.00,,0.00,922fb35e-148d-9e82-f6d4-fe006e8526ff,,922fb35e-148d-9e82-3b27-f3857bb7320b,1,82bc312c-5140-37fe-a179-5ebad3a13196,82bc312c-5140-37fe-a179-5ebad3a13196
3e9cace7-3253-408f-f937-e1f4ec5d0248,922fb35e-148d-9e82-9651-6b80bf8e0bd0,27662,922fb35e-148d-9e82-7e65-bfa05e3b3515,CHARGE,1593.94,,2019-07-11T18:53:52Z,2019-07-11T19:09:15Z,c96d6792-27a3-3ef4-83f2-bb68e71023df,76601001,,,1,,,,1,2,Intramuscular injection (procedure),1593.94,,1,0.00,0.00,,0.00,922fb35e-148d-9e82-f6d4-fe006e8526ff,,922fb35e-148d-9e82-3b27-f3857bb7320b,1,82bc312c-5140-37fe-a179-5ebad3a13196,82bc312c-5140-37fe-a179-5ebad3a13196
7d395a3e-64a6-811e-f26f-c419d8ba0491,922fb35e-148d-9e82-9651-6b80bf8e0bd0,27663,922fb35e-148d-9e82-7e65-bfa05e3b3515,PAYMENT,,ECHECK,2019-07-11T18:53:52Z,2019-07-11T19:09:15Z,c96d6792-27a3-3ef4-83f2-bb68e71023df,76601001,,,1,,,,1,2,Intramuscular injection (procedure),0.00,,,956.36,0.00,,637.58,922fb35e-148d-9e82-f6d4-fe006e8526ff,,922fb35e-148d-9e82-3b27-f3857bb7320b,1,82bc312c-5140-37fe-a179-5ebad3a13196,82bc312c-5140-37fe-a179-5ebad3a13196
fa72b4bc-c94d-023c-e4df-88f3b1740923,922fb35e-148d-9e82-9651-6b80bf8e0bd0,27664,922fb35e-148d-9e82-7e65-bfa05e3b3515,TRANSFEROUT,,,2019-07-11T18:53:52Z,2019-07-11T19:09:15Z,c96d6792-27a3-3ef4-83f2-bb68e71023df,76601001,,,1,,,,1,2,Intramuscular injection (procedure),0.00,,,0.00,0.00,637.58,637.58,922fb35e-148d-9e82-f6d4-fe006e8526ff,,922fb35e-148d-9e82-3b27-f3857bb7320b,1,82bc312c-5140-37fe-a179-5ebad3a13196,82bc312c-5140-37fe-a179-5ebad3a13196
f4e56aa9-929a-0479-c9bf-121762e81247,922fb35e-148d-9e82-9651-6b80bf8e0bd0,27665,922fb35e-148d-9e82-7e65-bfa05e3b3515,TRANSFERIN,637.58,,2019-07-11T18:53:52Z,2019-07-11T19:09:15Z,c96d6792-27a3-3ef4-83f2-bb68e71023df,76601001,,,1,,,,1,2,Intramuscular injection (procedure),0.00,27664,p,0.00,0.00,637.58,637.58,922fb35e-148d-9e82-f6d4-fe006e8526ff,,922fb35e-148d-9e82-3b27-f3857bb7320b,1,82bc312c-5140-37fe-a179-5ebad3a13196,82bc312c-5140-37fe-a179-5ebad3a13196
e9cad653-2534-08f3-937e-272ec5d0248f,922fb35e-148d-9e82-9651-6b80bf8e0bd0,27666,922fb35e-148d-9e82-7e65-bfa05e3b3515,PAYMENT,,CASH,2019-07-11T18:53:52Z,2019-07-11T19:09:15Z,c96d6792-27a3-3ef4-83f2-bb68e71023df,76601001,,,1,,,,1,2,Intramuscular injection (procedure),0.00,,,637.58,0.00,,0.00,922fb35e-148d-9e82-f6d4-fe006e8526ff,,922fb35e-148d-9e82-3b27-f3857bb7320b,1,82bc312c-5140-37fe-a179-5ebad3a13196,82bc312c-5140-37fe-a179-5ebad3a13196
985642c6-419c-f8e6-5260-04ba908eadf4,922fb35e-148d-9e82-4d64-bf840f8bb6d2,27668,922fb35e-148d-9e82-7e65-bfa05e3b3515,CHARGE,138.42,,2019-10-10T18:53:52Z,2019-10-10T19:12:46Z,c96d6792-27a3-3ef4-83f2-bb68e71023df,308335008,,,1,,,,1,2,Patient encounter procedure (procedure),138.42,,1,0.00,0.00,,0.00,922fb35e-148d-9e82-b4e9-01f7542cfe87,,922fb35e-148d-9e82-3b27-f3857bb7320b,1,82bc312c-5140-37fe-a179-5ebad3a13196,82bc312c-5140-37fe-a179-5ebad3a13196
30ac858c-8339-f23d-a4c0-0975211d5c18,922fb35e-148d-9e82-4d64-bf840f8bb6d2,27669,922fb35e-148d-9e82-7e65-bfa05e3b3515,PAYMENT,,ECHECK,2019-10-10T18:53:52Z,2019-10-10T19:12:46Z,c96d6792-27a3-3ef4-83f2-bb68e71023df,308335008,,,1,,,,1,2,Patient encounter procedure (procedure),0.00,,,83.05,0.00,,55.37,922fb35e-148d-9e82-b4e9-01f7542cfe87,,922fb35e-148d-9e82-3b27-f3857bb7320b,1,82bc312c-5140-37fe-a179-5ebad3a13196,82bc312c-5140-37fe-a179-5ebad3a13196
6320ce7d-eccc-2b21-5d48-475863a93002,922fb35e-148d-9e82-4d64-bf840f8bb6d2,27670,922fb35e-148d-9e82-7e65-bfa05e3b3515,TRANSFEROUT,,,2019-10-10T18:53:52Z,2019-10-10T19:12:46Z,c96d6792-27a3-3ef4-83f2-bb68e71023df,308335008,,,1,,,,1,2,Patient encounter procedure (procedure),0.00,,,0.00,0.00,55.37,55.37,922fb35e-148d-9e82-b4e9-01f7542cfe87,,922fb35e-148d-9e82-3b27-f3857bb7320b,1,82bc312c-5140-37fe-a179-5ebad3a13196,82bc312c-5140-37fe-a179-5ebad3a13196
c6419cfb-e998-5642-ba90-8eb0f7526004,922fb35e-148d-9e82-4d64-bf840f8bb6d2,27671,922fb35e-148d-9e82-7e65-bfa05e3b3515,TRANSFERIN,55.37,,2019-10-10T18:53:52Z,2019-10-10T19:12:46Z,c96d6792-27a3-3ef4-83f2-bb68e71023df,308335008,,,1,,,,1,2,Patient encounter procedure (procedure),0.00,27670,p,0.00,0.00,55.37,55.37,922fb35e-148d-9e82-b4e9-01f7542cfe87,,922fb35e-148d-9e82-3b27-f3857bb7320b,1,82bc312c-5140-37fe-a179-5ebad3a13196,82bc312c-5140-37fe-a179-5ebad3a13196
8c8339f8-0330-ac85-7521-1d621ea4c009,922fb35e-148d-9e82-4d64-bf840f8bb6d2,27672,922fb35e-148d-9e82-7e65-bfa05e3b3515,PAYMENT,,CASH,2019-10-10T18:53:52Z,2019-10-10T19:12:46Z,c96d6792-27a3-3ef4-83f2-bb68e71023df,308335008,,,1,,,,1,2,Patient encounter procedure (procedure),0.00,,,55.37,0.00,,0.00,922fb35e-148d-9e82-b4e9-01f7542cfe87,,922fb35e-148d-9e82-3b27-f3857bb7320b,1,82bc312c-5140-37fe-a179-5ebad3a13196,82bc312c-5140-37fe-a179-5ebad3a13196
320ce7e2-98c2-b216-d484-758a06930025,922fb35e-148d-9e82-4d64-bf840f8bb6d2,27674,922fb35e-148d-9e82-7e65-bfa05e3b3515,CHARGE,6375.80,,2019-10-10T18:53:52Z,2019-10-10T19:12:46Z,c96d6792-27a3-3ef4-83f2-bb68e71023df,76601001,,,1,,,,1,2,Intramuscular injection (procedure),6375.80,,1,0.00,0.00,,0.00,922fb35e-148d-9e82-b4e9-01f7542cfe87,,922fb35e-148d-9e82-3b27-f3857bb7320b,1,82bc312c-5140-37fe-a179-5ebad3a13196,82bc312c-5140-37fe-a179-5ebad3a13196
6419cfc6-3185-642c-a908-eb170d26004b,922fb35e-148d-9e82-4d64-bf840f8bb6d2,27675,922fb35e-148d-9e82-7e65-bfa05e3b3515,PAYMENT,,ECHECK,2019-10-10T18:53:52Z,2019-10-10T19:12:46Z,c96d6792-27a3-3ef4-83f2-bb68e71023df,76601001,,,1,,,,1,2,Intramuscular injection (procedure),0.00,,,3825.48,0.00,,2550.32,922fb35e-148d-9e82-b4e9-01f7542cfe87,,922fb35e-148d-9e82-3b27-f3857bb7320b,1,82bc312c-5140-37fe-a179-5ebad3a13196,82bc312c-5140-37fe-a179-5ebad3a13196
c8339f93-630a-c858-5211-d6311a4c0097,922fb35e-148d-9e82-4d64-bf840f8bb6d2,27676,922fb35e-148d-9e82-7e65-bfa05e3b3515,TRANSFEROUT,,,2019-10-10T18:53:52Z,2019-10-10T19:12:46Z,c96d6792-27a3-3ef4-83f2-bb68e71023df,76601001,,,1,,,,1,2,Intramuscular injection (procedure),0.00,,,0.00,0.00,2550.32,2550.32,922fb35e-148d-9e82-b4e9-01f7542cfe87,,922fb35e-148d-9e82-3b27-f3857bb7320b,1,82bc312c-5140-37fe-a179-5ebad3a13196,82bc312c-5140-37fe-a179-5ebad3a13196
90673f2a-c615-90b1-a423-ac6e3498012e,922fb35e-148d-9e82-4d64-bf840f8bb6d2,27677,922fb35e-148d-9e82-7e65-bfa05e3b3515,TRANSFERIN,2550.32,,2019-10-10T18:53:52Z,2019-10-10T19:12:46Z,c96d6792-27a3-3ef4-83f2-bb68e71023df,76601001,,,1,,,,1,2,Intramuscular injection (procedure),0.00,27676,p,0.00,0.00,2550.32,2550.32,922fb35e-148d-9e82-b4e9-01f7542cfe87,,922fb35e-148d-9e82-3b27-f3857bb7320b,1,82bc312c-5140-37fe-a179-5ebad3a13196,82bc312c-5140-37fe-a179-5ebad3a13196
20ce7e6b-8c2b-2163-4847-58e26930025d,922fb35e-148d-9e82-4d64-bf840f8bb6d2,27678,922fb35e-148d-9e82-7e65-bfa05e3b3515,PAYMENT,,CASH,2019-10-10T18:53:52Z,2019-10-10T19:12:46Z,c96d6792-27a3-3ef4-83f2-bb68e71023df,76601001,,,1,,,,1,2,Intramuscular injection (procedure),0.00,,,2550.32,0.00,,0.00,922fb35e-148d-9e82-b4e9-01f7542cfe87,,922fb35e-148d-9e82-3b27-f3857bb7320b,1,82bc312c-5140-37fe-a179-5ebad3a13196,82bc312c-5140-37fe-a179-5ebad3a13196
dbd3093f-99aa-b591-ece8-6c81691885df,922fb35e-148d-9e82-0e53-441d5707b6d8,27680,922fb35e-148d-9e82-7e65-bfa05e3b3515,CHARGE,138.42,,2019-12-21T19:30:49Z,2019-12-21T19:45:49Z,c96d6792-27a3-3ef4-83f2-bb68e71023df,698314001,,,1,,,,1,2,Consultation for treatment (procedure),138.42,,1,0.00,0.00,,0.00,922fb35e-148d-9e82-6a2e-24947b950c70,,922fb35e-148d-9e82-9e19-56176e170638,1,82bc312c-5140-37fe-a179-5ebad3a13196,82bc312c-5140-37fe-a179-5ebad3a13196
b7a6127f-3455-6b23-d9d0-d902d5310bbf,922fb35e-148d-9e82-0e53-441d5707b6d8,27681,922fb35e-148d-9e82-7e65-bfa05e3b3515,TRANSFEROUT,,,2019-12-21T19:30:49Z,2019-12-21T19:45:49Z,c96d6792-27a3-3ef4-83f2-bb68e71023df,698314001,,,1,,,,1,2,Consultation for treatment (procedure),0.00,,,0.00,0.00,138.42,138.42,922fb35e-148d-9e82-6a2e-24947b950c70,,922fb35e-148d-9e82-9e19-56176e170638,1,82bc312c-5140-37fe-a179-5ebad3a13196,82bc312c-5140-37fe-a179-5ebad3a13196
6f4c24fe-6faa-d647-b3a1-b205ad62177f,922fb35e-148d-9e82-0e53-441d5707b6d8,27682,922fb35e-148d-9e82-7e65-bfa05e3b3515,TRANSFERIN,138.42,,2019-12-21T19:30:49Z,2019-12-21T19:45:49Z,c96d6792-27a3-3ef4-83f2-bb68e71023df,698314001,,,1,,,,1,2,Consultation for treatment (procedure),0.00,27681,p,0,0.00,138.42,138.42,922fb35e-148d-9e82-6a2e-24947b950c70,,922fb35e-148d-9e82-9e19-56176e170638,1,82bc312c-5140-37fe-a179-5ebad3a13196,82bc312c-5140-37fe-a179-5ebad3a13196
de9849fc-e355-ac8e-6743-640b66c42eff,922fb35e-148d-9e82-0e53-441d5707b6d8,27683,922fb35e-148d-9e82-7e65-bfa05e3b3515,PAYMENT,,CC,2019-12-21T19:30:49Z,2019-12-21T19:45:49Z,c96d6792-27a3-3ef4-83f2-bb68e71023df,698314001,,,1,,,,1,2,Consultation for treatment (procedure),0.00,,,138.42,0.00,,0.00,922fb35e-148d-9e82-6a2e-24947b950c70,,922fb35e-148d-9e82-9e19-56176e170638,1,82bc312c-5140-37fe-a179-5ebad3a13196,82bc312c-5140-37fe-a179-5ebad3a13196
e6c82b87-d11d-423c-5adb-afcd29edb618,922fb35e-148d-9e82-180f-ddbc64b9ef77,27685,922fb35e-148d-9e82-7e65-bfa05e3b3515,CHARGE,742.61,,2019-12-21T19:30:49Z,2020-12-15T19:30:49Z,c96d6792-27a3-3ef4-83f2-bb68e71023df,748856,,,1,,,,1,2,{24 (drospirenone 3 MG / ethinyl estradiol 0.02 MG Oral Tablet) / 4 (inert ingredients 1 MG Oral Tablet) } Pack [Yaz 28 Day],742.61,,1,0.00,0.00,,0.00,922fb35e-148d-9e82-6a2e-24947b950c70,,922fb35e-148d-9e82-9e19-56176e170638,1,82bc312c-5140-37fe-a179-5ebad3a13196,82bc312c-5140-37fe-a179-5ebad3a13196
cd90570f-a23a-84b9-b5b7-5f9a53db6cf0,922fb35e-148d-9e82-180f-ddbc64b9ef77,27686,922fb35e-148d-9e82-7e65-bfa05e3b3515,TRANSFEROUT,,,2019-12-21T19:30:49Z,2020-12-15T19:30:49Z,c96d6792-27a3-3ef4-83f2-bb68e71023df,748856,,,1,,,,1,2,{24 (drospirenone 3 MG / ethinyl estradiol 0.02 MG Oral Tablet) / 4 (inert ingredients 1 MG Oral Tablet) } Pack [Yaz 28 Day],0.00,,,0.00,0.00,742.61,742.61,922fb35e-148d-9e82-6a2e-24947b950c70,,922fb35e-148d-9e82-9e19-56176e170638,1,82bc312c-5140-37fe-a179-5ebad3a13196,82bc312c-5140-37fe-a179-5ebad3a13196
9b20ae1f-4475-0aa3-6b6e-bf34a7b6da11,922fb35e-148d-9e82-180f-ddbc64b9ef77,27687,922fb35e-148d-9e82-7e65-bfa05e3b3515,TRANSFERIN,742.61,,2019-12-21T19:30:49Z,2020-12-15T19:30:49Z,c96d6792-27a3-3ef4-83f2-bb68e71023df,748856,,,1,,,,1,2,{24 (drospirenone 3 MG / ethinyl estradiol 0.02 MG Oral Tablet) / 4 (inert ingredients 1 MG Oral Tablet) } Pack [Yaz 28 Day],0.00,27686,p,0.00,0.00,742.61,742.61,922fb35e-148d-9e82-6a2e-24947b950c70,,922fb35e-148d-9e82-9e19-56176e170638,1,82bc312c-5140-37fe-a179-5ebad3a13196,82bc312c-5140-37fe-a179-5ebad3a13196
36415c3e-88ea-1647-d6dd-7e694f6db722,922fb35e-148d-9e82-180f-ddbc64b9ef77,27688,922fb35e-148d-9e82-7e65-bfa05e3b3515,PAYMENT,,CHECK,2019-12-21T19:30:49Z,2020-12-15T19:30:49Z,c96d6792-27a3-3ef4-83f2-bb68e71023df,748856,,,1,,,,1,2,{24 (drospirenone 3 MG / ethinyl estradiol 0.02 MG Oral Tablet) / 4 (inert ingredients 1 MG Oral Tablet) } Pack [Yaz 28 Day],0.00,,,742.61,0.00,,0.00,922fb35e-148d-9e82-6a2e-24947b950c70,,922fb35e-148d-9e82-9e19-56176e170638,1,82bc312c-5140-37fe-a179-5ebad3a13196,82bc312c-5140-37fe-a179-5ebad3a13196
ecf52b7c-23aa-e633-63d2-305d3b1c8a4e,922fb35e-148d-9e82-9546-cacd64cc4b9b,27690,922fb35e-148d-9e82-7e65-bfa05e3b3515,CHARGE,138.42,,2020-01-09T18:53:52Z,2020-01-09T19:12:00Z,c96d6792-27a3-3ef4-83f2-bb68e71023df,308335008,,,1,,,,1,2,Patient encounter procedure (procedure),138.42,,1,0.00,0.00,,0.00,922fb35e-148d-9e82-51d3-ba97bb045a72,,922fb35e-148d-9e82-9e19-56176e170638,1,82bc312c-5140-37fe-a179-5ebad3a13196,82bc312c-5140-37fe-a179-5ebad3a13196
e9ea56f8-4755-cc67-f7a4-60ba7639149c,922fb35e-148d-9e82-9546-cacd64cc4b9b,27691,922fb35e-148d-9e82-7e65-bfa05e3b3515,TRANSFEROUT,,,2020-01-09T18:53:52Z,2020-01-09T19:12:00Z,c96d6792-27a3-3ef4-83f2-bb68e71023df,308335008,,,1,,,,1,2,Patient encounter procedure (procedure),0.00,,,0.00,0.00,138.42,138.42,922fb35e-148d-9e82-51d3-ba97bb045a72,,922fb35e-148d-9e82-9e19-56176e170638,1,82bc312c-5140-37fe-a179-5ebad3a13196,82bc312c-5140-37fe-a179-5ebad3a13196
03d4adf0-8eab-98d0-1f48-c174ec72293a,922fb35e-148d-9e82-9546-cacd64cc4b9b,27692,922fb35e-148d-9e82-7e65-bfa05e3b3515,TRANSFERIN,138.42,,2020-01-09T18:53:52Z,2020-01-09T19:12:00Z,c96d6792-27a3-3ef4-83f2-bb68e71023df,308335008,,,1,,,,1,2,Patient encounter procedure (procedure),0.00,27691,p,0.00,0.00,138.42,138.42,922fb35e-148d-9e82-51d3-ba97bb045a72,,922fb35e-148d-9e82-9e19-56176e170638,1,82bc312c-5140-37fe-a179-5ebad3a13196,82bc312c-5140-37fe-a179-5ebad3a13196
c7a95be1-1d57-31a0-fe91-82e9d8e45274,922fb35e-148d-9e82-9546-cacd64cc4b9b,27693,922fb35e-148d-9e82-7e65-bfa05e3b3515,PAYMENT,,CASH,2020-01-09T18:53:52Z,2020-01-09T19:12:00Z,c96d6792-27a3-3ef4-83f2-bb68e71023df,308335008,,,1,,,,1,2,Patient encounter procedure (procedure),0.00,,,138.42,0.00,,0.00,922fb35e-148d-9e82-51d3-ba97bb045a72,,922fb35e-148d-9e82-9e19-56176e170638,1,82bc312c-5140-37fe-a179-5ebad3a13196,82bc312c-5140-37fe-a179-5ebad3a13196
2aa56f84-755c-c686-0646-0ba7639149d7,922fb35e-148d-9e82-9546-cacd64cc4b9b,27695,922fb35e-148d-9e82-7e65-bfa05e3b3515,CHARGE,1593.94,,2020-01-09T18:53:52Z,2020-01-09T19:12:00Z,c96d6792-27a3-3ef4-83f2-bb68e71023df,76601001,,,1,,,,1,2,Intramuscular injection (procedure),1593.94,,1,0.00,0.00,,0.00,922fb35e-148d-9e82-51d3-ba97bb045a72,,922fb35e-148d-9e82-9e19-56176e170638,1,82bc312c-5140-37fe-a179-5ebad3a13196,82bc312c-5140-37fe-a179-5ebad3a13196
554adf08-eab9-8d13-0c8c-174ec72293b1,922fb35e-148d-9e82-9546-cacd64cc4b9b,27696,922fb35e-148d-9e82-7e65-bfa05e3b3515,TRANSFEROUT,,,2020-01-09T18:53:52Z,2020-01-09T19:12:00Z,c96d6792-27a3-3ef4-83f2-bb68e71023df,76601001,,,1,,,,1,2,Intramuscular injection (procedure),0.00,,,0.00,0.00,1593.94,1593.94,922fb35e-148d-9e82-51d3-ba97bb045a72,,922fb35e-148d-9e82-9e19-56176e170638,1,82bc312c-5140-37fe-a179-5ebad3a13196,82bc312c-5140-37fe-a179-5ebad3a13196
aa95be11-d573-1a2a-1918-2e9d8e45276e,922fb35e-148d-9e82-9546-cacd64cc4b9b,27697,922fb35e-148d-9e82-7e65-bfa05e3b3515,TRANSFERIN,1593.94,,2020-01-09T18:53:52Z,2020-01-09T19:12:00Z,c96d6792-27a3-3ef4-83f2-bb68e71023df,76601001,,,1,,,,1,2,Intramuscular injection (procedure),0.00,27696,p,0.00,0.00,1593.94,1593.94,922fb35e-148d-9e82-51d3-ba97bb045a72,,922fb35e-148d-9e82-9e19-56176e170638,1,82bc312c-5140-37fe-a179-5ebad3a13196,82bc312c-5140-37fe-a179-5ebad3a13196
552b7c23-aae6-346b-3230-5d3b1c8a4ee2,922fb35e-148d-9e82-9546-cacd64cc4b9b,27698,922fb35e-148d-9e82-7e65-bfa05e3b3515,PAYMENT,,CC,2020-01-09T18:53:52Z,2020-01-09T19:12:00Z,c96d6792-27a3-3ef4-83f2-bb68e71023df,76601001,,,1,,,,1,2,Intramuscular injection (procedure),0.00,,,1593.94,0.00,,0.00,922fb35e-148d-9e82-51d3-ba97bb045a72,,922fb35e-148d-9e82-9e19-56176e170638,1,82bc312c-5140-37fe-a179-5ebad3a13196,82bc312c-5140-37fe-a179-5ebad3a13196
dd222299-9f0f-bee7-53ff-277ad3cb8e42,922fb35e-148d-9e82-32cb-509cde939d21,27700,922fb35e-148d-9e82-7e65-bfa05e3b3515,CHARGE,138.42,,2020-04-09T18:53:52Z,2020-04-09T19:08:52Z,c96d6792-27a3-3ef4-83f2-bb68e71023df,308335008,,,1,,,,1,2,Patient encounter procedure (procedure),138.42,,1,0.00,0.00,,0.00,922fb35e-148d-9e82-b376-a4a09ed3475b,,922fb35e-148d-9e82-9e19-56176e170638,1,82bc312c-5140-37fe-a179-5ebad3a13196,82bc312c-5140-37fe-a179-5ebad3a13196
ca444533-3e1f-7dcf-d7fe-4ef5a7971c84,922fb35e-148d-9e82-32cb-509cde939d21,27701,922fb35e-148d-9e82-7e65-bfa05e3b3515,TRANSFEROUT,,,2020-04-09T18:53:52Z,2020-04-09T19:08:52Z,c96d6792-27a3-3ef4-83f2-bb68e71023df,308335008,,,1,,,,1,2,Patient encounter procedure (procedure),0.00,,,0.00,0.00,138.42,138.42,922fb35e-148d-9e82-b376-a4a09ed3475b,,922fb35e-148d-9e82-9e19-56176e170638,1,82bc312c-5140-37fe-a179-5ebad3a13196,82bc312c-5140-37fe-a179-5ebad3a13196
c4888a66-7c3e-fb9f-dffc-9deb4f2e3909,922fb35e-148d-9e82-32cb-509cde939d21,27702,922fb35e-148d-9e82-7e65-bfa05e3b3515,TRANSFERIN,138.42,,2020-04-09T18:53:52Z,2020-04-09T19:08:52Z,c96d6792-27a3-3ef4-83f2-bb68e71023df,308335008,,,1,,,,1,2,Patient encounter procedure (procedure),0.00,27701,p,0.00,0.00,138.42,138.42,922fb35e-148d-9e82-b376-a4a09ed3475b,,922fb35e-148d-9e82-9e19-56176e170638,1,82bc312c-5140-37fe-a179-5ebad3a13196,82bc312c-5140-37fe-a179-5ebad3a13196
491114cc-f87d-f740-7ff9-3bd69e5c7214,922fb35e-148d-9e82-32cb-509cde939d21,27703,922fb35e-148d-9e82-7e65-bfa05e3b3515,PAYMENT,,CHECK,2020-04-09T18:53:52Z,2020-04-09T19:08:52Z,c96d6792-27a3-3ef4-83f2-bb68e71023df,308335008,,,1,,,,1,2,Patient encounter procedure (procedure),0.00,,,138.42,0.00,,0.00,922fb35e-148d-9e82-b376-a4a09ed3475b,,922fb35e-148d-9e82-9e19-56176e170638,1,82bc312c-5140-37fe-a179-5ebad3a13196,82bc312c-5140-37fe-a179-5ebad3a13196
24745333-e1f7-dd04-0014-ef5a7971c855,922fb35e-148d-9e82-32cb-509cde939d21,27705,922fb35e-148d-9e82-7e65-bfa05e3b3515,CHARGE,2642.59,,2020-04-09T18:53:52Z,2020-04-09T19:06:19Z,c96d6792-27a3-3ef4-83f2-bb68e71023df,76601001,,,1,,,,1,2,Intramuscular injection (procedure),2642.59,,1,0.00,0.00,,0.00,922fb35e-148d-9e82-b376-a4a09ed3475b,,922fb35e-148d-9e82-9e19-56176e170638,1,82bc312c-5140-37fe-a179-5ebad3a13196,82bc312c-5140-37fe-a179-5ebad3a13196
48e8a667-c3ef-ba0f-0029-deb4f2e390ad,922fb35e-148d-9e82-32cb-509cde939d21,27706,922fb35e-148d-9e82-7e65-bfa05e3b3515,TRANSFEROUT,,,2020-04-09T18:53:52Z,2020-04-09T19:06:19Z,c96d6792-27a3-3ef4-83f2-bb68e71023df,76601001,,,1,,,,1,2,Intramuscular injection (procedure),0.00,,,0.00,0.00,2642.59,2642.59,922fb35e-148d-9e82-b376-a4a09ed3475b,,922fb35e-148d-9e82-9e19-56176e170638,1,82bc312c-5140-37fe-a179-5ebad3a13196,82bc312c-5140-37fe-a179-5ebad3a13196
91d14ccf-87df-7422-0053-bd69e5c72166,922fb35e-148d-9e82-32cb-509cde939d21,27707,922fb35e-148d-9e82-7e65-bfa05e3b3515,TRANSFERIN,2642.59,,2020-04-09T18:53:52Z,2020-04-09T19:06:19Z,c96d6792-27a3-3ef4-83f2-bb68e71023df,76601001,,,1,,,,1,2,Intramuscular injection (procedure),0.00,27706,p,0.00,0.00,2642.59,2642.59,922fb35e-148d-9e82-b376-a4a09ed3475b,,922fb35e-148d-9e82-9e19-56176e170638,1,82bc312c-5140-37fe-a179-5ebad3a13196,82bc312c-5140-37fe-a179-5ebad3a13196
23a2999f-0fbe-e85b-00a7-7ad3cb8e42d2,922fb35e-148d-9e82-32cb-509cde939d21,27708,922fb35e-148d-9e82-7e65-bfa05e3b3515,PAYMENT,,CASH,2020-04-09T18:53:52Z,2020-04-09T19:06:19Z,c96d6792-27a3-3ef4-83f2-bb68e71023df,76601001,,,1,,,,1,2,Intramuscular injection (procedure),0.00,,,2642.59,0.00,,0.00,922fb35e-148d-9e82-b376-a4a09ed3475b,,922fb35e-148d-9e82-9e19-56176e170638,1,82bc312c-5140-37fe-a179-5ebad3a13196,82bc312c-5140-37fe-a179-5ebad3a13196
a072a1b0-9232-4008-471a-0f80e045ee0c,922fb35e-148d-9e82-7dd1-f65373e4aded,27710,922fb35e-148d-9e82-7e65-bfa05e3b3515,CHARGE,83.05,,2020-04-28T20:53:52Z,2020-04-28T21:08:52Z,c96d6792-27a3-3ef4-83f2-bb68e71023df,185345009,,,1,2,,,1,1,Encounter for symptom (procedure),83.05,,1,0.00,0.00,,0.00,922fb35e-148d-9e82-2e60-e38fbba24d49,,922fb35e-148d-9e82-9e19-56176e170638,1,82bc312c-5140-37fe-a179-5ebad3a13196,82bc312c-5140-37fe-a179-5ebad3a13196
40e64361-2464-8011-8e37-1f01c08bdc18,922fb35e-148d-9e82-7dd1-f65373e4aded,27711,922fb35e-148d-9e82-7e65-bfa05e3b3515,TRANSFEROUT,,,2020-04-28T20:53:52Z,2020-04-28T21:08:52Z,c96d6792-27a3-3ef4-83f2-bb68e71023df,185345009,,,1,2,,,1,1,Encounter for symptom (procedure),0.00,,,0.00,0.00,83.05,83.05,922fb35e-148d-9e82-2e60-e38fbba24d49,,922fb35e-148d-9e82-9e19-56176e170638,1,82bc312c-5140-37fe-a179-5ebad3a13196,82bc312c-5140-37fe-a179-5ebad3a13196
81d386c2-48c9-0022-1c71-3e038117b831,922fb35e-148d-9e82-7dd1-f65373e4aded,27712,922fb35e-148d-9e82-7e65-bfa05e3b3515,TRANSFERIN,83.05,,2020-04-28T20:53:52Z,2020-04-28T21:08:52Z,c96d6792-27a3-3ef4-83f2-bb68e71023df,185345009,,,1,2,,,1,1,Encounter for symptom (procedure),0.00,27711,p,0.00,0.00,83.05,83.05,922fb35e-148d-9e82-2e60-e38fbba24d49,,922fb35e-148d-9e82-9e19-56176e170638,1,82bc312c-5140-37fe-a179-5ebad3a13196,82bc312c-5140-37fe-a179-5ebad3a13196
03ab0d84-9192-0045-38ee-7c07022f7062,922fb35e-148d-9e82-7dd1-f65373e4aded,27713,922fb35e-148d-9e82-7e65-bfa05e3b3515,PAYMENT,,CC,2020-04-28T20:53:52Z,2020-04-28T21:08:52Z,c96d6792-27a3-3ef4-83f2-bb68e71023df,185345009,,,1,2,,,1,1,Encounter for symptom (procedure),0.00,,,83.05,0.00,,0.00,922fb35e-148d-9e82-2e60-e38fbba24d49,,922fb35e-148d-9e82-9e19-56176e170638,1,82bc312c-5140-37fe-a179-5ebad3a13196,82bc312c-5140-37fe-a179-5ebad3a13196
eb8d45f6-435a-f1eb-2efb-c866ec5def39,922fb35e-148d-9e82-ac41-e3a7138d5f14,27715,922fb35e-148d-9e82-7e65-bfa05e3b3515,CHARGE,138.42,,2020-07-09T18:53:52Z,2020-07-09T19:13:04Z,c96d6792-27a3-3ef4-83f2-bb68e71023df,308335008,,,1,,,,1,2,Patient encounter procedure (procedure),138.42,,1,0.00,0.00,,0.00,922fb35e-148d-9e82-61d4-cc51ac0e63d3,,922fb35e-148d-9e82-9e19-56176e170638,1,82bc312c-5140-37fe-a179-5ebad3a13196,82bc312c-5140-37fe-a179-5ebad3a13196
ea3517d9-0d6b-c7af-f7ef-219bb177bce4,922fb35e-148d-9e82-ac41-e3a7138d5f14,27717,922fb35e-148d-9e82-7e65-bfa05e3b3515,TRANSFERIN,138.42,,2020-07-09T18:53:52Z,2020-07-09T19:13:04Z,c96d6792-27a3-3ef4-83f2-bb68e71023df,308335008,,,1,,,,1,2,Patient encounter procedure (procedure),0.00,27716,p,0.00,0.00,138.42,138.42,922fb35e-148d-9e82-61d4-cc51ac0e63d3,,922fb35e-148d-9e82-9e19-56176e170638,1,82bc312c-5140-37fe-a179-5ebad3a13196,82bc312c-5140-37fe-a179-5ebad3a13196
046a2fb2-1ad7-8f60-1fde-433762ef79ca,922fb35e-148d-9e82-ac41-e3a7138d5f14,27718,922fb35e-148d-9e82-7e65-bfa05e3b3515,PAYMENT,,CHECK,2020-07-09T18:53:52Z,2020-07-09T19:13:04Z,c96d6792-27a3-3ef4-83f2-bb68e71023df,308335008,,,1,,,,1,2,Patient encounter procedure (procedure),0.00,,,138.42,0.00,,0.00,922fb35e-148d-9e82-61d4-cc51ac0e63d3,,922fb35e-148d-9e82-9e19-56176e170638,1,82bc312c-5140-37fe-a179-5ebad3a13196,82bc312c-5140-37fe-a179-5ebad3a13196
d90d6bc7-b2e7-6517-9bb1-77bce7f51f21,922fb35e-148d-9e82-ac41-e3a7138d5f14,27720,922fb35e-148d-9e82-7e65-bfa05e3b3515,CHARGE,1593.94,,2020-07-09T18:53:52Z,2020-07-09T19:13:04Z,c96d6792-27a3-3ef4-83f2-bb68e71023df,76601001,,,1,,,,1,2,Intramuscular injection (procedure),1593.94,,1,0.00,0.00,,0.00,922fb35e-148d-9e82-61d4-cc51ac0e63d3,,922fb35e-148d-9e82-9e19-56176e170638,1,82bc312c-5140-37fe-a179-5ebad3a13196,82bc312c-5140-37fe-a179-5ebad3a13196
b21ad78f-663e-ca2f-3762-ef79d01a3e43,922fb35e-148d-9e82-ac41-e3a7138d5f14,27721,922fb35e-148d-9e82-7e65-bfa05e3b3515,PAYMENT,,ECHECK,2020-07-09T18:53:52Z,2020-07-09T19:13:04Z,c96d6792-27a3-3ef4-83f2-bb68e71023df,76601001,,,1,,,,1,2,Intramuscular injection (procedure),0.00,,,669.49,0.00,,924.45,922fb35e-148d-9e82-61d4-cc51ac0e63d3,,922fb35e-148d-9e82-9e19-56176e170638,1,82bc312c-5140-37fe-a179-5ebad3a13196,82bc312c-5140-37fe-a179-5ebad3a13196
6435af1e-ccbd-945f-6ec5-def3a0f47c86,922fb35e-148d-9e82-ac41-e3a7138d5f14,27722,922fb35e-148d-9e82-7e65-bfa05e3b3515,TRANSFEROUT,,,2020-07-09T18:53:52Z,2020-07-09T19:13:04Z,c96d6792-27a3-3ef4-83f2-bb68e71023df,76601001,,,1,,,,1,2,Intramuscular injection (procedure),0.00,,,0.00,0.00,924.45,924.45,922fb35e-148d-9e82-61d4-cc51ac0e63d3,,922fb35e-148d-9e82-9e19-56176e170638,1,82bc312c-5140-37fe-a179-5ebad3a13196,82bc312c-5140-37fe-a179-5ebad3a13196
c86b5e3d-9aab-28be-dd8b-bde74218f90c,922fb35e-148d-9e82-ac41-e3a7138d5f14,27723,922fb35e-148d-9e82-7e65-bfa05e3b3515,TRANSFERIN,924.45,,2020-07-09T18:53:52Z,2020-07-09T19:13:04Z,c96d6792-27a3-3ef4-83f2-bb68e71023df,76601001,,,1,,,,1,2,Intramuscular injection (procedure),0.00,27722,p,0.00,0.00,924.45,924.45,922fb35e-148d-9e82-61d4-cc51ac0e63d3,,922fb35e-148d-9e82-9e19-56176e170638,1,82bc312c-5140-37fe-a179-5ebad3a13196,82bc312c-5140-37fe-a179-5ebad3a13196
90d6bc7b-3656-517d-bb17-7bce8731f219,922fb35e-148d-9e82-ac41-e3a7138d5f14,27724,922fb35e-148d-9e82-7e65-bfa05e3b3515,PAYMENT,,CHECK,2020-07-09T18:53:52Z,2020-07-09T19:13:04Z,c96d6792-27a3-3ef4-83f2-bb68e71023df,76601001,,,1,,,,1,2,Intramuscular injection (procedure),0.00,,,924.45,0.00,,0.00,922fb35e-148d-9e82-61d4-cc51ac0e63d3,,922fb35e-148d-9e82-9e19-56176e170638,1,82bc312c-5140-37fe-a179-5ebad3a13196,82bc312c-5140-37fe-a179-5ebad3a13196
baae9481-ec86-00c4-621c-64d0037b0322,922fb35e-148d-9e82-6493-450010729eb7,27726,922fb35e-148d-9e82-7e65-bfa05e3b3515,CHARGE,138.42,,2020-10-08T18:53:52Z,2020-10-08T19:10:12Z,c96d6792-27a3-3ef4-83f2-bb68e71023df,308335008,,,1,,,,1,2,Patient encounter procedure (procedure),138.42,,1,0.00,0.00,,0.00,922fb35e-148d-9e82-45a5-07a489410354,,922fb35e-148d-9e82-9e19-56176e170638,1,82bc312c-5140-37fe-a179-5ebad3a13196,82bc312c-5140-37fe-a179-5ebad3a13196
765d2903-d90c-0189-c738-c9a006f60644,922fb35e-148d-9e82-6493-450010729eb7,27727,922fb35e-148d-9e82-7e65-bfa05e3b3515,PAYMENT,,ECHECK,2020-10-08T18:53:52Z,2020-10-08T19:10:12Z,c96d6792-27a3-3ef4-83f2-bb68e71023df,308335008,,,1,,,,1,2,Patient encounter procedure (procedure),0.00,,,83.05,0.00,,55.37,922fb35e-148d-9e82-45a5-07a489410354,,922fb35e-148d-9e82-9e19-56176e170638,1,82bc312c-5140-37fe-a179-5ebad3a13196,82bc312c-5140-37fe-a179-5ebad3a13196
f3ba5207-b218-0312-9171-93400dec0c89,922fb35e-148d-9e82-6493-450010729eb7,27728,922fb35e-148d-9e82-7e65-bfa05e3b3515,TRANSFEROUT,,,2020-10-08T18:53:52Z,2020-10-08T19:10:12Z,c96d6792-27a3-3ef4-83f2-bb68e71023df,308335008,,,1,,,,1,2,Patient encounter procedure (procedure),0.00,,,0.00,0.00,55.37,55.37,922fb35e-148d-9e82-45a5-07a489410354,,922fb35e-148d-9e82-9e19-56176e170638,1,82bc312c-5140-37fe-a179-5ebad3a13196,82bc312c-5140-37fe-a179-5ebad3a13196
eb74a40f-6430-0625-2ee3-26801bd81913,922fb35e-148d-9e82-6493-450010729eb7,27729,922fb35e-148d-9e82-7e65-bfa05e3b3515,TRANSFERIN,55.37,,2020-10-08T18:53:52Z,2020-10-08T19:10:12Z,c96d6792-27a3-3ef4-83f2-bb68e71023df,308335008,,,1,,,,1,2,Patient encounter procedure (procedure),0.00,27728,p,0.00,0.00,55.37,55.37,922fb35e-148d-9e82-45a5-07a489410354,,922fb35e-148d-9e82-9e19-56176e170638,1,82bc312c-5140-37fe-a179-5ebad3a13196,82bc312c-5140-37fe-a179-5ebad3a13196
03d90c01-89a6-3929-a006-f60644f714c9,922fb35e-148d-9e82-6493-450010729eb7,27730,922fb35e-148d-9e82-7e65-bfa05e3b3515,PAYMENT,,CHECK,2020-10-08T18:53:52Z,2020-10-08T19:10:12Z,c96d6792-27a3-3ef4-83f2-bb68e71023df,308335008,,,1,,,,1,2,Patient encounter procedure (procedure),0.00,,,55.37,0.00,,0.00,922fb35e-148d-9e82-45a5-07a489410354,,922fb35e-148d-9e82-9e19-56176e170638,1,82bc312c-5140-37fe-a179-5ebad3a13196,82bc312c-5140-37fe-a179-5ebad3a13196
0f643006-26aa-e4a4-801b-d81913ee5326,922fb35e-148d-9e82-6493-450010729eb7,27732,922fb35e-148d-9e82-7e65-bfa05e3b3515,CHARGE,2621.32,,2020-10-08T18:53:52Z,2020-10-08T19:10:12Z,c96d6792-27a3-3ef4-83f2-bb68e71023df,76601001,,,1,,,,1,2,Intramuscular injection (procedure),2621.32,,1,0.00,0.00,,0.00,922fb35e-148d-9e82-45a5-07a489410354,,922fb35e-148d-9e82-9e19-56176e170638,1,82bc312c-5140-37fe-a179-5ebad3a13196,82bc312c-5140-37fe-a179-5ebad3a13196
1ec8600c-4d6b-c948-0037-b03227e2a64d,922fb35e-148d-9e82-6493-450010729eb7,27733,922fb35e-148d-9e82-7e65-bfa05e3b3515,PAYMENT,,ECHECK,2020-10-08T18:53:52Z,2020-10-08T19:10:12Z,c96d6792-27a3-3ef4-83f2-bb68e71023df,76601001,,,1,,,,1,2,Intramuscular injection (procedure),0.00,,,1572.79,0.00,,1048.53,922fb35e-148d-9e82-45a5-07a489410354,,922fb35e-148d-9e82-9e19-56176e170638,1,82bc312c-5140-37fe-a179-5ebad3a13196,82bc312c-5140-37fe-a179-5ebad3a13196
3d90c018-9ae7-9290-006f-60644ff54c9a,922fb35e-148d-9e82-6493-450010729eb7,27734,922fb35e-148d-9e82-7e65-bfa05e3b3515,TRANSFEROUT,,,2020-10-08T18:53:52Z,2020-10-08T19:10:12Z,c96d6792-27a3-3ef4-83f2-bb68e71023df,76601001,,,1,,,,1,2,Intramuscular injection (procedure),0.00,,,0.00,0.00,1048.53,1048.53,922fb35e-148d-9e82-45a5-07a489410354,,922fb35e-148d-9e82-9e19-56176e170638,1,82bc312c-5140-37fe-a179-5ebad3a13196,82bc312c-5140-37fe-a179-5ebad3a13196
7b218031-363f-2520-00de-c0c8a01a9934,922fb35e-148d-9e82-6493-450010729eb7,27735,922fb35e-148d-9e82-7e65-bfa05e3b3515,TRANSFERIN,1048.5300,,2020-10-08T18:53:52Z,2020-10-08T19:10:12Z,c96d6792-27a3-3ef4-83f2-bb68e71023df,76601001,,,1,,,,1,2,Intramuscular injection (procedure),0.00,27734,p,0.00,0.00,1048.53,1048.53,922fb35e-148d-9e82-45a5-07a489410354,,922fb35e-148d-9e82-9e19-56176e170638,1,82bc312c-5140-37fe-a179-5ebad3a13196,82bc312c-5140-37fe-a179-5ebad3a13196
f6430062-6cbe-4a40-01bd-819140f53268,922fb35e-148d-9e82-6493-450010729eb7,27736,922fb35e-148d-9e82-7e65-bfa05e3b3515,PAYMENT,,CHECK,2020-10-08T18:53:52Z,2020-10-08T19:10:12Z,c96d6792-27a3-3ef4-83f2-bb68e71023df,76601001,,,1,,,,1,2,Intramuscular injection (procedure),0.00,,,1048.53,0.00,,0.00,922fb35e-148d-9e82-45a5-07a489410354,,922fb35e-148d-9e82-9e19-56176e170638,1,82bc312c-5140-37fe-a179-5ebad3a13196,82bc312c-5140-37fe-a179-5ebad3a13196
c7ced452-843b-c76b-7112-752e24d7f812,922fb35e-148d-9e82-ada6-450d4653380b,27738,922fb35e-148d-9e82-7e65-bfa05e3b3515,CHARGE,138.42,,2020-12-15T19:30:49Z,2020-12-15T19:45:49Z,c96d6792-27a3-3ef4-83f2-bb68e71023df,698314001,,,1,,,,1,2,Consultation for treatment (procedure),138.42,,1,0.00,0.00,,0.00,922fb35e-148d-9e82-ad74-413f259789c2,,922fb35e-148d-9e82-7e68-9d8960929f5e,1,82bc312c-5140-37fe-a179-5ebad3a13196,82bc312c-5140-37fe-a179-5ebad3a13196
8f9dafa5-0877-8ed7-e224-ed5c49aff024,922fb35e-148d-9e82-ada6-450d4653380b,27739,922fb35e-148d-9e82-7e65-bfa05e3b3515,TRANSFEROUT,,,2020-12-15T19:30:49Z,2020-12-15T19:45:49Z,c96d6792-27a3-3ef4-83f2-bb68e71023df,698314001,,,1,,,,1,2,Consultation for treatment (procedure),0.00,,,0.00,0.00,138.42,138.42,922fb35e-148d-9e82-ad74-413f259789c2,,922fb35e-148d-9e82-7e68-9d8960929f5e,1,82bc312c-5140-37fe-a179-5ebad3a13196,82bc312c-5140-37fe-a179-5ebad3a13196
92c21de3-b5e3-e781-0092-6bfc09388951,922fb35e-148d-9e82-ada6-450d4653380b,27740,922fb35e-148d-9e82-7e65-bfa05e3b3515,TRANSFERIN,138.42,,2020-12-15T19:30:49Z,2020-12-15T19:45:49Z,c96d6792-27a3-3ef4-83f2-bb68e71023df,698314001,,,1,,,,1,2,Consultation for treatment (procedure),0.00,27739,p,0.00,0.00,138.42,138.42,922fb35e-148d-9e82-ad74-413f259789c2,,922fb35e-148d-9e82-7e68-9d8960929f5e,1,82bc312c-5140-37fe-a179-5ebad3a13196,82bc312c-5140-37fe-a179-5ebad3a13196
25843bc7-6bc7-cf04-0124-d7f8127112a5,922fb35e-148d-9e82-ada6-450d4653380b,27741,922fb35e-148d-9e82-7e65-bfa05e3b3515,PAYMENT,,CASH,2020-12-15T19:30:49Z,2020-12-15T19:45:49Z,c96d6792-27a3-3ef4-83f2-bb68e71023df,698314001,,,1,,,,1,2,Consultation for treatment (procedure),0.00,,,138.42,0.00,,0.00,922fb35e-148d-9e82-ad74-413f259789c2,,922fb35e-148d-9e82-7e68-9d8960929f5e,1,82bc312c-5140-37fe-a179-5ebad3a13196,82bc312c-5140-37fe-a179-5ebad3a13196
9610ef1d-af1f-3c22-0493-5fe049c44aa6,922fb35e-148d-9e82-ada6-450d4653380b,27743,922fb35e-148d-9e82-7e65-bfa05e3b3515,CHARGE,6375.80,,2020-12-15T19:30:49Z,2020-12-15T19:44:11Z,c96d6792-27a3-3ef4-83f2-bb68e71023df,76601001,,,1,,,,1,2,Intramuscular injection (procedure),6375.80,,1,0.00,0.00,,0.00,922fb35e-148d-9e82-ad74-413f259789c2,,922fb35e-148d-9e82-7e68-9d8960929f5e,1,82bc312c-5140-37fe-a179-5ebad3a13196,82bc312c-5140-37fe-a179-5ebad3a13196
2c21de3b-5e3e-785b-0926-bfc093889552,922fb35e-148d-9e82-ada6-450d4653380b,27744,922fb35e-148d-9e82-7e65-bfa05e3b3515,PAYMENT,,ECHECK,2020-12-15T19:30:49Z,2020-12-15T19:44:11Z,c96d6792-27a3-3ef4-83f2-bb68e71023df,76601001,,,1,,,,1,2,Intramuscular injection (procedure),0.00,,,263.71,0.00,,6112.09,922fb35e-148d-9e82-ad74-413f259789c2,,922fb35e-148d-9e82-7e68-9d8960929f5e,1,82bc312c-5140-37fe-a179-5ebad3a13196,82bc312c-5140-37fe-a179-5ebad3a13196
5843bc76-bc7c-f0c6-124d-7f8127112ad4,922fb35e-148d-9e82-ada6-450d4653380b,27745,922fb35e-148d-9e82-7e65-bfa05e3b3515,TRANSFEROUT,,,2020-12-15T19:30:49Z,2020-12-15T19:44:11Z,c96d6792-27a3-3ef4-83f2-bb68e71023df,76601001,,,1,,,,1,2,Intramuscular injection (procedure),0.00,,,0.00,0.00,6112.09,6112.09,922fb35e-148d-9e82-ad74-413f259789c2,,922fb35e-148d-9e82-7e68-9d8960929f5e,1,82bc312c-5140-37fe-a179-5ebad3a13196,82bc312c-5140-37fe-a179-5ebad3a13196
b08778ed-78f9-e1fc-249a-ff024e2255d8,922fb35e-148d-9e82-ada6-450d4653380b,27746,922fb35e-148d-9e82-7e65-bfa05e3b3515,TRANSFERIN,6112.09,,2020-12-15T19:30:49Z,2020-12-15T19:44:11Z,c96d6792-27a3-3ef4-83f2-bb68e71023df,76601001,,,1,,,,1,2,Intramuscular injection (procedure),0.00,27745,p,0.00,0.00,6112.09,6112.09,922fb35e-148d-9e82-ad74-413f259789c2,,922fb35e-148d-9e82-7e68-9d8960929f5e,1,82bc312c-5140-37fe-a179-5ebad3a13196,82bc312c-5140-37fe-a179-5ebad3a13196
610ef1da-f1f3-c439-4935-fe049c44ac70,922fb35e-148d-9e82-ada6-450d4653380b,27747,922fb35e-148d-9e82-7e65-bfa05e3b3515,PAYMENT,,CASH,2020-12-15T19:30:49Z,2020-12-15T19:44:11Z,c96d6792-27a3-3ef4-83f2-bb68e71023df,76601001,,,1,,,,1,2,Intramuscular injection (procedure),0.00,,,6112.09,0.00,,0.00,922fb35e-148d-9e82-ad74-413f259789c2,,922fb35e-148d-9e82-7e68-9d8960929f5e,1,82bc312c-5140-37fe-a179-5ebad3a13196,82bc312c-5140-37fe-a179-5ebad3a13196
14ac07f0-6ca4-3c32-b0dc-ae99b04517d2,922fb35e-148d-9e82-b7b7-590e5b002f8d,27749,922fb35e-148d-9e82-7e65-bfa05e3b3515,CHARGE,19.29,,2020-12-15T19:30:49Z,2021-12-10T19:44:11Z,c96d6792-27a3-3ef4-83f2-bb68e71023df,1000126,,,1,,,,1,2,1 ML medroxyprogesterone acetate 150 MG/ML Injection,19.29,,1,0.00,0.00,,0.00,922fb35e-148d-9e82-ad74-413f259789c2,,922fb35e-148d-9e82-7e68-9d8960929f5e,1,82bc312c-5140-37fe-a179-5ebad3a13196,82bc312c-5140-37fe-a179-5ebad3a13196
fc1b343d-0c85-2b01-a66c-1c73f4ac372b,922fb35e-148d-9e82-b7b7-590e5b002f8d,27750,922fb35e-148d-9e82-7e65-bfa05e3b3515,TRANSFEROUT,,,2020-12-15T19:30:49Z,2021-12-10T19:44:11Z,c96d6792-27a3-3ef4-83f2-bb68e71023df,1000126,,,1,,,,1,2,1 ML medroxyprogesterone acetate 150 MG/ML Injection,0.00,,,0.00,0.00,19.29,19.29,922fb35e-148d-9e82-ad74-413f259789c2,,922fb35e-148d-9e82-7e68-9d8960929f5e,1,82bc312c-5140-37fe-a179-5ebad3a13196,82bc312c-5140-37fe-a179-5ebad3a13196
f83669aa-190a-5603-4cd8-3917e9586e57,922fb35e-148d-9e82-b7b7-590e5b002f8d,27751,922fb35e-148d-9e82-7e65-bfa05e3b3515,TRANSFERIN,19.29,,2020-12-15T19:30:49Z,2021-12-10T19:44:11Z,c96d6792-27a3-3ef4-83f2-bb68e71023df,1000126,,,1,,,,1,2,1 ML medroxyprogesterone acetate 150 MG/ML Injection,0.00,27750,p,0.00,0.00,19.29,19.29,922fb35e-148d-9e82-ad74-413f259789c2,,922fb35e-148d-9e82-7e68-9d8960929f5e,1,82bc312c-5140-37fe-a179-5ebad3a13196,82bc312c-5140-37fe-a179-5ebad3a13196
f06cd454-3214-ac07-99b0-752fd2b0dcae,922fb35e-148d-9e82-b7b7-590e5b002f8d,27752,922fb35e-148d-9e82-7e65-bfa05e3b3515,PAYMENT,,CC,2020-12-15T19:30:49Z,2021-12-10T19:44:11Z,c96d6792-27a3-3ef4-83f2-bb68e71023df,1000126,,,1,,,,1,2,1 ML medroxyprogesterone acetate 150 MG/ML Injection,0.00,,,19.29,0.00,,0.00,922fb35e-148d-9e82-ad74-413f259789c2,,922fb35e-148d-9e82-7e68-9d8960929f5e,1,82bc312c-5140-37fe-a179-5ebad3a13196,82bc312c-5140-37fe-a179-5ebad3a13196
efbe2ebe-7843-35e4-8d75-6ff6db69ca2b,922fb35e-148d-9e82-a0da-56e614ce31ac,27754,922fb35e-148d-9e82-7e65-bfa05e3b3515,CHARGE,138.42,,2021-01-07T18:53:52Z,2021-01-07T19:13:16Z,c96d6792-27a3-3ef4-83f2-bb68e71023df,308335008,,,1,,,,1,2,Patient encounter procedure (procedure),138.42,,1,0.00,0.00,,0.00,922fb35e-148d-9e82-efdd-e35fa783164e,,922fb35e-148d-9e82-7e68-9d8960929f5e,1,82bc312c-5140-37fe-a179-5ebad3a13196,82bc312c-5140-37fe-a179-5ebad3a13196
e37c5d7c-f086-6bc9-26ea-dfedb6d39457,922fb35e-148d-9e82-a0da-56e614ce31ac,27755,922fb35e-148d-9e82-7e65-bfa05e3b3515,PAYMENT,,ECHECK,2021-01-07T18:53:52Z,2021-01-07T19:13:16Z,c96d6792-27a3-3ef4-83f2-bb68e71023df,308335008,,,1,,,,1,2,Patient encounter procedure (procedure),0.00,,,83.05,0.00,,55.37,922fb35e-148d-9e82-efdd-e35fa783164e,,922fb35e-148d-9e82-7e68-9d8960929f5e,1,82bc312c-5140-37fe-a179-5ebad3a13196,82bc312c-5140-37fe-a179-5ebad3a13196
dcf8baf9-e10c-d793-53d5-bfdb6da728ae,922fb35e-148d-9e82-a0da-56e614ce31ac,27756,922fb35e-148d-9e82-7e65-bfa05e3b3515,TRANSFEROUT,,,2021-01-07T18:53:52Z,2021-01-07T19:13:16Z,c96d6792-27a3-3ef4-83f2-bb68e71023df,308335008,,,1,,,,1,2,Patient encounter procedure (procedure),0.00,,,0.00,0.00,55.37,55.37,922fb35e-148d-9e82-efdd-e35fa783164e,,922fb35e-148d-9e82-7e68-9d8960929f5e,1,82bc312c-5140-37fe-a179-5ebad3a13196,82bc312c-5140-37fe-a179-5ebad3a13196
c9f175f3-c219-af27-d7ab-7fb6db4e515c,922fb35e-148d-9e82-a0da-56e614ce31ac,27757,922fb35e-148d-9e82-7e65-bfa05e3b3515,TRANSFERIN,55.37,,2021-01-07T18:53:52Z,2021-01-07T19:13:16Z,c96d6792-27a3-3ef4-83f2-bb68e71023df,308335008,,,1,,,,1,2,Patient encounter procedure (procedure),0.00,27756,p,0.00,0.00,55.37,55.37,922fb35e-148d-9e82-efdd-e35fa783164e,,922fb35e-148d-9e82-7e68-9d8960929f5e,1,82bc312c-5140-37fe-a179-5ebad3a13196,82bc312c-5140-37fe-a179-5ebad3a13196
c3e2ebe7-8433-5e4f-df56-ff6db69ca2b9,922fb35e-148d-9e82-a0da-56e614ce31ac,27758,922fb35e-148d-9e82-7e65-bfa05e3b3515,PAYMENT,,CC,2021-01-07T18:53:52Z,2021-01-07T19:13:16Z,c96d6792-27a3-3ef4-83f2-bb68e71023df,308335008,,,1,,,,1,2,Patient encounter procedure (procedure),0.00,,,55.37,0.00,,0.00,922fb35e-148d-9e82-efdd-e35fa783164e,,922fb35e-148d-9e82-7e68-9d8960929f5e,1,82bc312c-5140-37fe-a179-5ebad3a13196,82bc312c-5140-37fe-a179-5ebad3a13196
f3c219af-2ac7-b175-b6db-4e515fd56b7f,922fb35e-148d-9e82-a0da-56e614ce31ac,27760,922fb35e-148d-9e82-7e65-bfa05e3b3515,CHARGE,2562.35,,2021-01-07T18:53:52Z,2021-01-07T19:13:16Z,c96d6792-27a3-3ef4-83f2-bb68e71023df,76601001,,,1,,,,1,2,Intramuscular injection (procedure),2562.35,,1,0.00,0.00,,0.00,922fb35e-148d-9e82-efdd-e35fa783164e,,922fb35e-148d-9e82-7e68-9d8960929f5e,1,82bc312c-5140-37fe-a179-5ebad3a13196,82bc312c-5140-37fe-a179-5ebad3a13196
e784335e-55ff-62eb-6db6-9ca2bfdad6ff,922fb35e-148d-9e82-a0da-56e614ce31ac,27761,922fb35e-148d-9e82-7e65-bfa05e3b3515,PAYMENT,,ECHECK,2021-01-07T18:53:52Z,2021-01-07T19:13:16Z,c96d6792-27a3-3ef4-83f2-bb68e71023df,76601001,,,1,,,,1,2,Intramuscular injection (procedure),0.00,,,1537.41,0.00,,1024.94,922fb35e-148d-9e82-efdd-e35fa783164e,,922fb35e-148d-9e82-7e68-9d8960929f5e,1,82bc312c-5140-37fe-a179-5ebad3a13196,82bc312c-5140-37fe-a179-5ebad3a13196
cf0866bc-ac3e-c5d7-db6d-39458075adfe,922fb35e-148d-9e82-a0da-56e614ce31ac,27762,922fb35e-148d-9e82-7e65-bfa05e3b3515,TRANSFEROUT,,,2021-01-07T18:53:52Z,2021-01-07T19:13:16Z,c96d6792-27a3-3ef4-83f2-bb68e71023df,76601001,,,1,,,,1,2,Intramuscular injection (procedure),0.00,,,0.00,0.00,1024.94,1024.94,922fb35e-148d-9e82-efdd-e35fa783164e,,922fb35e-148d-9e82-7e68-9d8960929f5e,1,82bc312c-5140-37fe-a179-5ebad3a13196,82bc312c-5140-37fe-a179-5ebad3a13196
9e10cd79-59ad-8baf-b6da-728b011b5bfd,922fb35e-148d-9e82-a0da-56e614ce31ac,27763,922fb35e-148d-9e82-7e65-bfa05e3b3515,TRANSFERIN,1024.94,,2021-01-07T18:53:52Z,2021-01-07T19:13:16Z,c96d6792-27a3-3ef4-83f2-bb68e71023df,76601001,,,1,,,,1,2,Intramuscular injection (procedure),0.00,27762,p,0.00,0.00,1024.94,1024.94,922fb35e-148d-9e82-efdd-e35fa783164e,,922fb35e-148d-9e82-7e68-9d8960929f5e,1,82bc312c-5140-37fe-a179-5ebad3a13196,82bc312c-5140-37fe-a179-5ebad3a13196
3c219af2-b45b-175f-6db4-e5160536b7fb,922fb35e-148d-9e82-a0da-56e614ce31ac,27764,922fb35e-148d-9e82-7e65-bfa05e3b3515,PAYMENT,,CC,2021-01-07T18:53:52Z,2021-01-07T19:13:16Z,c96d6792-27a3-3ef4-83f2-bb68e71023df,76601001,,,1,,,,1,2,Intramuscular injection (procedure),0.00,,,1024.94,0.00,,0.00,922fb35e-148d-9e82-efdd-e35fa783164e,,922fb35e-148d-9e82-7e68-9d8960929f5e,1,82bc312c-5140-37fe-a179-5ebad3a13196,82bc312c-5140-37fe-a179-5ebad3a13196
ccb8c4c7-ac27-11d9-d98c-fbafd3339ab8,922fb35e-148d-9e82-3c42-215e9337d3e6,27766,922fb35e-148d-9e82-7e65-bfa05e3b3515,CHARGE,171.78,,2021-01-21T18:53:52Z,2021-01-21T19:52:20Z,c3fdf07c-4ba2-301b-8291-7e279679c67c,162673000,,,1,,,,1,20,General examination of patient (procedure),171.78,,1,0.00,0.00,,0.00,922fb35e-148d-9e82-1563-fc2eda5ba518,,922fb35e-148d-9e82-7e68-9d8960929f5e,1,1c3d58c6-c950-3c96-b499-55d4f5f14b0b,1c3d58c6-c950-3c96-b499-55d4f5f14b0b
9972a18f-584e-23b3-b31a-0f5fa6673571,922fb35e-148d-9e82-3c42-215e9337d3e6,27767,922fb35e-148d-9e82-7e65-bfa05e3b3515,PAYMENT,,ECHECK,2021-01-21T18:53:52Z,2021-01-21T19:52:20Z,c3fdf07c-4ba2-301b-8291-7e279679c67c,162673000,,,1,,,,1,20,General examination of patient (procedure),0.00,,,103.07,0.00,,68.71,922fb35e-148d-9e82-1563-fc2eda5ba518,,922fb35e-148d-9e82-7e68-9d8960929f5e,1,1c3d58c6-c950-3c96-b499-55d4f5f14b0b,1c3d58c6-c950-3c96-b499-55d4f5f14b0b
32e6431e-b09c-4767-6637-1ebf4cce6ae3,922fb35e-148d-9e82-3c42-215e9337d3e6,27768,922fb35e-148d-9e82-7e65-bfa05e3b3515,TRANSFEROUT,,,2021-01-21T18:53:52Z,2021-01-21T19:52:20Z,c3fdf07c-4ba2-301b-8291-7e279679c67c,162673000,,,1,,,,1,20,General examination of patient (procedure),0.00,,,0.00,0.00,68.71,68.71,922fb35e-148d-9e82-1563-fc2eda5ba518,,922fb35e-148d-9e82-7e68-9d8960929f5e,1,1c3d58c6-c950-3c96-b499-55d4f5f14b0b,1c3d58c6-c950-3c96-b499-55d4f5f14b0b
65d3863d-6138-8ece-cc71-3d7e999cd5c6,922fb35e-148d-9e82-3c42-215e9337d3e6,27769,922fb35e-148d-9e82-7e65-bfa05e3b3515,TRANSFERIN,68.7100,,2021-01-21T18:53:52Z,2021-01-21T19:52:20Z,c3fdf07c-4ba2-301b-8291-7e279679c67c,162673000,,,1,,,,1,20,General examination of patient (procedure),0.00,27768,p,0.00,0.00,68.71,68.71,922fb35e-148d-9e82-1563-fc2eda5ba518,,922fb35e-148d-9e82-7e68-9d8960929f5e,1,1c3d58c6-c950-3c96-b499-55d4f5f14b0b,1c3d58c6-c950-3c96-b499-55d4f5f14b0b
0f584e23-b399-8aa3-dfa6-673571b33210,922fb35e-148d-9e82-3c42-215e9337d3e6,27770,922fb35e-148d-9e82-7e65-bfa05e3b3515,PAYMENT,,CC,2021-01-21T18:53:52Z,2021-01-21T19:52:20Z,c3fdf07c-4ba2-301b-8291-7e279679c67c,162673000,,,1,,,,1,20,General examination of patient (procedure),0.00,,,69,0.00,,0.00,922fb35e-148d-9e82-1563-fc2eda5ba518,,922fb35e-148d-9e82-7e68-9d8960929f5e,1,1c3d58c6-c950-3c96-b499-55d4f5f14b0b,1c3d58c6-c950-3c96-b499-55d4f5f14b0b
3d61388e-ce66-338c-7e99-9cd5c6ccd143,922fb35e-148d-9e82-3c42-215e9337d3e6,27772,922fb35e-148d-9e82-7e65-bfa05e3b3515,CHARGE,136.00,,2021-01-21T18:53:52Z,1970-01-01T00:00:00Z,c3fdf07c-4ba2-301b-8291-7e279679c67c,140,,,1,,,,1,20,Influenza  split virus  trivalent  PF,136.00,,1,0.00,0.00,,0.00,922fb35e-148d-9e82-1563-fc2eda5ba518,,922fb35e-148d-9e82-7e68-9d8960929f5e,1,1c3d58c6-c950-3c96-b499-55d4f5f14b0b,1c3d58c6-c950-3c96-b499-55d4f5f14b0b
7ac2711d-9ccc-6b18-fd33-39ab8d99ae86,922fb35e-148d-9e82-3c42-215e9337d3e6,27773,922fb35e-148d-9e82-7e65-bfa05e3b3515,PAYMENT,,ECHECK,2021-01-21T18:53:52Z,1970-01-01T00:00:00Z,c3fdf07c-4ba2-301b-8291-7e279679c67c,140,,,1,,,,1,20,Influenza  split virus  trivalent  PF,0.00,,,81.60,0.00,,54.40,922fb35e-148d-9e82-1563-fc2eda5ba518,,922fb35e-148d-9e82-7e68-9d8960929f5e,1,1c3d58c6-c950-3c96-b499-55d4f5f14b0b,1c3d58c6-c950-3c96-b499-55d4f5f14b0b
f584e23b-3998-ec30-fa66-73571b33630d,922fb35e-148d-9e82-3c42-215e9337d3e6,27774,922fb35e-148d-9e82-7e65-bfa05e3b3515,TRANSFEROUT,,,2021-01-21T18:53:52Z,1970-01-01T00:00:00Z,c3fdf07c-4ba2-301b-8291-7e279679c67c,140,,,1,,,,1,20,Influenza  split virus  trivalent  PF,0.00,,,0.00,0.00,54.40,54.40,922fb35e-148d-9e82-1563-fc2eda5ba518,,922fb35e-148d-9e82-7e68-9d8960929f5e,1,1c3d58c6-c950-3c96-b499-55d4f5f14b0b,1c3d58c6-c950-3c96-b499-55d4f5f14b0b
eb09c476-7331-e861-f4cc-e6ae3666f61b,922fb35e-148d-9e82-3c42-215e9337d3e6,27775,922fb35e-148d-9e82-7e65-bfa05e3b3515,TRANSFERIN,54.40,,2021-01-21T18:53:52Z,1970-01-01T00:00:00Z,c3fdf07c-4ba2-301b-8291-7e279679c67c,140,,,1,,,,1,20,Influenza  split virus  trivalent  PF,0.00,27774,p,0.00,0.00,54.40,54.40,922fb35e-148d-9e82-1563-fc2eda5ba518,,922fb35e-148d-9e82-7e68-9d8960929f5e,1,1c3d58c6-c950-3c96-b499-55d4f5f14b0b,1c3d58c6-c950-3c96-b499-55d4f5f14b0b
d61388ec-e664-00c3-e999-cd5c6cce1c37,922fb35e-148d-9e82-3c42-215e9337d3e6,27776,922fb35e-148d-9e82-7e65-bfa05e3b3515,PAYMENT,,CC,2021-01-21T18:53:52Z,1970-01-01T00:00:00Z,c3fdf07c-4ba2-301b-8291-7e279679c67c,140,,,1,,,,1,20,Influenza  split virus  trivalent  PF,0.00,,,54.40,0.00,,0.00,922fb35e-148d-9e82-1563-fc2eda5ba518,,922fb35e-148d-9e82-7e68-9d8960929f5e,1,1c3d58c6-c950-3c96-b499-55d4f5f14b0b,1c3d58c6-c950-3c96-b499-55d4f5f14b0b
584e23b3-9992-9b0f-a667-3571b33a08df,922fb35e-148d-9e82-3c42-215e9337d3e6,27778,922fb35e-148d-9e82-7e65-bfa05e3b3515,CHARGE,136.00,,2021-01-21T18:53:52Z,1970-01-01T00:00:00Z,c3fdf07c-4ba2-301b-8291-7e279679c67c,208,,,1,,,,1,20,COVID-19  mRNA  LNP-S  PF  30 mcg/0.3 mL dose,136.00,,1,0.00,0.00,,0.00,922fb35e-148d-9e82-1563-fc2eda5ba518,,922fb35e-148d-9e82-7e68-9d8960929f5e,1,1c3d58c6-c950-3c96-b499-55d4f5f14b0b,1c3d58c6-c950-3c96-b499-55d4f5f14b0b
b09c4767-3326-361e-4cce-6ae3667711bf,922fb35e-148d-9e82-3c42-215e9337d3e6,27779,922fb35e-148d-9e82-7e65-bfa05e3b3515,PAYMENT,,ECHECK,2021-01-21T18:53:52Z,1970-01-01T00:00:00Z,c3fdf07c-4ba2-301b-8291-7e279679c67c,208,,,1,,,,1,20,COVID-19  mRNA  LNP-S  PF  30 mcg/0.3 mL dose,0.00,,,81.60,0.00,,54.40,922fb35e-148d-9e82-1563-fc2eda5ba518,,922fb35e-148d-9e82-7e68-9d8960929f5e,1,1c3d58c6-c950-3c96-b499-55d4f5f14b0b,1c3d58c6-c950-3c96-b499-55d4f5f14b0b
d9ccd4bb-87ac-2711-b8d9-a8f26fd3339a,922fb35e-148d-9e82-3c42-215e9337d3e6,27780,922fb35e-148d-9e82-7e65-bfa05e3b3515,TRANSFEROUT,,,2021-01-21T18:53:52Z,1970-01-01T00:00:00Z,c3fdf07c-4ba2-301b-8291-7e279679c67c,208,,,1,,,,1,20,COVID-19  mRNA  LNP-S  PF  30 mcg/0.3 mL dose,0.00,,,0.00,0.00,54.40,54.40,922fb35e-148d-9e82-1563-fc2eda5ba518,,922fb35e-148d-9e82-7e68-9d8960929f5e,1,1c3d58c6-c950-3c96-b499-55d4f5f14b0b,1c3d58c6-c950-3c96-b499-55d4f5f14b0b
b399aaa7-0f58-4e23-71b3-5214dfa66735,922fb35e-148d-9e82-3c42-215e9337d3e6,27781,922fb35e-148d-9e82-7e65-bfa05e3b3515,TRANSFERIN,54.40,,2021-01-21T18:53:52Z,1970-01-01T00:00:00Z,c3fdf07c-4ba2-301b-8291-7e279679c67c,208,,,1,,,,1,20,COVID-19  mRNA  LNP-S  PF  30 mcg/0.3 mL dose,0.00,27780,p,0.00,0.00,54.40,54.40,922fb35e-148d-9e82-1563-fc2eda5ba518,,922fb35e-148d-9e82-7e68-9d8960929f5e,1,1c3d58c6-c950-3c96-b499-55d4f5f14b0b,1c3d58c6-c950-3c96-b499-55d4f5f14b0b
6733564e-1eb0-9c47-e366-a729bf4cce6a,922fb35e-148d-9e82-3c42-215e9337d3e6,27782,922fb35e-148d-9e82-7e65-bfa05e3b3515,PAYMENT,,CC,2021-01-21T18:53:52Z,1970-01-01T00:00:00Z,c3fdf07c-4ba2-301b-8291-7e279679c67c,208,,,1,,,,1,20,COVID-19  mRNA  LNP-S  PF  30 mcg/0.3 mL dose,0.00,,,54.40,0.00,,0.00,922fb35e-148d-9e82-1563-fc2eda5ba518,,922fb35e-148d-9e82-7e68-9d8960929f5e,1,1c3d58c6-c950-3c96-b499-55d4f5f14b0b,1c3d58c6-c950-3c96-b499-55d4f5f14b0b
9ccd6b38-7ac2-711d-8d9a-aea6fd3339ab,922fb35e-148d-9e82-3c42-215e9337d3e6,27784,922fb35e-148d-9e82-7e65-bfa05e3b3515,CHARGE,620.44,,2021-01-21T18:53:52Z,2021-01-21T19:52:20Z,c3fdf07c-4ba2-301b-8291-7e279679c67c,710824005,,,1,,,,1,20,Assessment of health and social care needs (procedure),620.44,,1,0.00,0.00,,0.00,922fb35e-148d-9e82-1563-fc2eda5ba518,,922fb35e-148d-9e82-7e68-9d8960929f5e,1,1c3d58c6-c950-3c96-b499-55d4f5f14b0b,1c3d58c6-c950-3c96-b499-55d4f5f14b0b
399aec70-f584-e23b-1b35-634dfa667357,922fb35e-148d-9e82-3c42-215e9337d3e6,27785,922fb35e-148d-9e82-7e65-bfa05e3b3515,PAYMENT,,ECHECK,2021-01-21T18:53:52Z,2021-01-21T19:52:20Z,c3fdf07c-4ba2-301b-8291-7e279679c67c,710824005,,,1,,,,1,20,Assessment of health and social care needs (procedure),0.00,,,372,0.00,,248.18,922fb35e-148d-9e82-1563-fc2eda5ba518,,922fb35e-148d-9e82-7e68-9d8960929f5e,1,1c3d58c6-c950-3c96-b499-55d4f5f14b0b,1c3d58c6-c950-3c96-b499-55d4f5f14b0b
7335e8e1-eb09-c476-366a-f69bf4cce6ae,922fb35e-148d-9e82-3c42-215e9337d3e6,27786,922fb35e-148d-9e82-7e65-bfa05e3b3515,TRANSFEROUT,,,2021-01-21T18:53:52Z,2021-01-21T19:52:20Z,c3fdf07c-4ba2-301b-8291-7e279679c67c,710824005,,,1,,,,1,20,Assessment of health and social care needs (procedure),0.00,,,0.00,0.00,248.18,248.18,922fb35e-148d-9e82-1563-fc2eda5ba518,,922fb35e-148d-9e82-7e68-9d8960929f5e,1,1c3d58c6-c950-3c96-b499-55d4f5f14b0b,1c3d58c6-c950-3c96-b499-55d4f5f14b0b
e66c01c3-d613-88ec-6cd6-1d37e999cd5c,922fb35e-148d-9e82-3c42-215e9337d3e6,27787,922fb35e-148d-9e82-7e65-bfa05e3b3515,TRANSFERIN,N/A,,2021-01-21T18:53:52Z,2021-01-21T19:52:20Z,c3fdf07c-4ba2-301b-8291-7e279679c67c,710824005,,,1,,,,1,20,Assessment of health and social care needs (procedure),0.00,27786,p,0.00,0.00,248.18,248.18,922fb35e-148d-9e82-1563-fc2eda5ba518,,922fb35e-148d-9e82-7e68-9d8960929f5e,1,1c3d58c6-c950-3c96-b499-55d4f5f14b0b,1c3d58c6-c950-3c96-b499-55d4f5f14b0b
ccd8c387-ac27-11d9-d9ac-fa6fd3339ab8,922fb35e-148d-9e82-3c42-215e9337d3e6,27788,922fb35e-148d-9e82-7e65-bfa05e3b3515,PAYMENT,,CC,2021-01-21T18:53:52Z,2021-01-21T19:52:20Z,c3fdf07c-4ba2-301b-8291-7e279679c67c,710824005,,,1,,,,1,20,Assessment of health and social care needs (procedure),0.00,,,248.18,0.00,,0.00,922fb35e-148d-9e82-1563-fc2eda5ba518,,922fb35e-148d-9e82-7e68-9d8960929f5e,1,1c3d58c6-c950-3c96-b499-55d4f5f14b0b,1c3d58c6-c950-3c96-b499-55d4f5f14b0b
43d61388-ece6-723d-b7e9-99cd5c6cdc18,922fb35e-148d-9e82-3c42-215e9337d3e6,27790,922fb35e-148d-9e82-7e65-bfa05e3b3515,CHARGE,0.00,,2021-01-21T19:52:20Z,2021-01-21T20:18:12Z,c3fdf07c-4ba2-301b-8291-7e279679c67c,710841007,,,1,,,,1,20,Assessment of anxiety (procedure),0.00,,1,0.00,0.00,,0.00,922fb35e-148d-9e82-1563-fc2eda5ba518,,922fb35e-148d-9e82-7e68-9d8960929f5e,1,1c3d58c6-c950-3c96-b499-55d4f5f14b0b,1c3d58c6-c950-3c96-b499-55d4f5f14b0b
0f584e23-b399-caa5-dfa6-673571b37212,922fb35e-148d-9e82-3c42-215e9337d3e6,27792,922fb35e-148d-9e82-7e65-bfa05e3b3515,CHARGE,0.00,,2021-01-21T20:18:12Z,2021-01-21T20:43:56Z,c3fdf07c-4ba2-301b-8291-7e279679c67c,866148006,,,1,,,,1,20,Screening for domestic abuse (procedure),0.00,,1,0.00,0.00,,0.00,922fb35e-148d-9e82-1563-fc2eda5ba518,,922fb35e-148d-9e82-7e68-9d8960929f5e,1,1c3d58c6-c950-3c96-b499-55d4f5f14b0b,1c3d58c6-c950-3c96-b499-55d4f5f14b0b
3d61388e-ce67-3394-7e99-9cd5c6cdd14b,922fb35e-148d-9e82-3c42-215e9337d3e6,27794,922fb35e-148d-9e82-7e65-bfa05e3b3515,CHARGE,0.00,,2021-01-21T20:43:56Z,2021-01-21T20:58:05Z,c3fdf07c-4ba2-301b-8291-7e279679c67c,171207006,,,1,,,,1,20,Depression screening (procedure),0.00,,1,0.00,0.00,,0.00,922fb35e-148d-9e82-1563-fc2eda5ba518,,922fb35e-148d-9e82-7e68-9d8960929f5e,1,1c3d58c6-c950-3c96-b499-55d4f5f14b0b,1c3d58c6-c950-3c96-b499-55d4f5f14b0b
f584e23b-399c-ec50-fa66-73571b37632d,922fb35e-148d-9e82-3c42-215e9337d3e6,27796,922fb35e-148d-9e82-7e65-bfa05e3b3515,CHARGE,0.00,,2021-01-21T20:58:05Z,2021-01-21T21:20:06Z,c3fdf07c-4ba2-301b-8291-7e279679c67c,171207006,,,1,,,,1,20,Depression screening (procedure),0.00,,1,0.00,0.00,,0.00,922fb35e-148d-9e82-1563-fc2eda5ba518,,922fb35e-148d-9e82-7e68-9d8960929f5e,1,1c3d58c6-c950-3c96-b499-55d4f5f14b0b,1c3d58c6-c950-3c96-b499-55d4f5f14b0b
28dd564c-762a-a488-f028-a72816c6d783,922fb35e-148d-9e82-d431-97c910c14b81,27798,922fb35e-148d-9e82-7e65-bfa05e3b3515,CHARGE,138.42,,2021-02-11T18:53:52Z,2021-02-11T19:08:52Z,c96d6792-27a3-3ef4-83f2-bb68e71023df,33879002,,,1,,,,1,2,Administration of vaccine to produce active immunity (procedure),138.42,,1,0.00,0.00,,0.00,922fb35e-148d-9e82-523d-824bb03f667f,,922fb35e-148d-9e82-7e68-9d8960929f5e,1,82bc312c-5140-37fe-a179-5ebad3a13196,82bc312c-5140-37fe-a179-5ebad3a13196
51bab398-ec55-4910-e051-51502d8daf07,922fb35e-148d-9e82-d431-97c910c14b81,27799,922fb35e-148d-9e82-7e65-bfa05e3b3515,PAYMENT,,ECHECK,2021-02-11T18:53:52Z,2021-02-11T19:08:52Z,c96d6792-27a3-3ef4-83f2-bb68e71023df,33879002,,,1,,,,1,2,Administration of vaccine to produce active immunity (procedure),0.00,,,83.05,0.00,,55.37,922fb35e-148d-9e82-523d-824bb03f667f,,922fb35e-148d-9e82-7e68-9d8960929f5e,1,82bc312c-5140-37fe-a179-5ebad3a13196,82bc312c-5140-37fe-a179-5ebad3a13196
d8aa9220-a38a-6b2b-5b1b-5e0fc0b7ae9a,922fb35e-148d-9e82-d431-97c910c14b81,27800,922fb35e-148d-9e82-7e65-bfa05e3b3515,TRANSFEROUT,,,2021-02-11T18:53:52Z,2021-02-11T19:08:52Z,c96d6792-27a3-3ef4-83f2-bb68e71023df,33879002,,,1,,,,1,2,Administration of vaccine to produce active immunity (procedure),0.00,,,0.00,0.00,55.37,55.37,922fb35e-148d-9e82-523d-824bb03f667f,,922fb35e-148d-9e82-7e68-9d8960929f5e,1,82bc312c-5140-37fe-a179-5ebad3a13196,82bc312c-5140-37fe-a179-5ebad3a13196
b1552441-4714-ec57-b636-bc1f816f6334,922fb35e-148d-9e82-d431-97c910c14b81,27801,922fb35e-148d-9e82-7e65-bfa05e3b3515,TRANSFERIN,55.37,,2021-02-11T18:53:52Z,2021-02-11T19:08:52Z,c96d6792-27a3-3ef4-83f2-bb68e71023df,33879002,,,1,,,,1,2,Administration of vaccine to produce active immunity (procedure),0.00,27800,p,0.00,0.00,55.37,55.37,922fb35e-148d-9e82-523d-824bb03f667f,,922fb35e-148d-9e82-7e68-9d8960929f5e,1,82bc312c-5140-37fe-a179-5ebad3a13196,82bc312c-5140-37fe-a179-5ebad3a13196
62aa4882-8e29-e8af-6c6d-783f02def669,922fb35e-148d-9e82-d431-97c910c14b81,27802,922fb35e-148d-9e82-7e65-bfa05e3b3515,PAYMENT,,CHECK,2021-02-11T18:53:52Z,2021-02-11T19:08:52Z,c96d6792-27a3-3ef4-83f2-bb68e71023df,33879002,,,1,,,,1,2,Administration of vaccine to produce active immunity (procedure),0.00,,,55.37,0.00,,0.00,922fb35e-148d-9e82-523d-824bb03f667f,,922fb35e-148d-9e82-7e68-9d8960929f5e,1,82bc312c-5140-37fe-a179-5ebad3a13196,82bc312c-5140-37fe-a179-5ebad3a13196
8aa9220a-38a8-c2bd-b1b5-e0fc0b7cf9a5,922fb35e-148d-9e82-d431-97c910c14b81,27804,922fb35e-148d-9e82-7e65-bfa05e3b3515,CHARGE,136.00,,2021-02-11T18:53:52Z,1970-01-01T00:00:00Z,c96d6792-27a3-3ef4-83f2-bb68e71023df,208,,,1,,,,1,2,COVID-19  mRNA  LNP-S  PF  30 mcg/0.3 mL dose,136.00,,1,0.00,0.00,,0.00,922fb35e-148d-9e82-523d-824bb03f667f,,922fb35e-148d-9e82-7e68-9d8960929f5e,1,82bc312c-5140-37fe-a179-5ebad3a13196,82bc312c-5140-37fe-a179-5ebad3a13196
15524414-7152-9d7b-636b-c1f816fa0b4b,922fb35e-148d-9e82-d431-97c910c14b81,27805,922fb35e-148d-9e82-7e65-bfa05e3b3515,PAYMENT,,ECHECK,2021-02-11T18:53:52Z,1970-01-01T00:00:00Z,c96d6792-27a3-3ef4-83f2-bb68e71023df,208,,,1,,,,1,2,COVID-19  mRNA  LNP-S  PF  30 mcg/0.3 mL dose,0.00,,,81.60,0.00,,54.40,922fb35e-148d-9e82-523d-824bb03f667f,,922fb35e-148d-9e82-7e68-9d8960929f5e,1,82bc312c-5140-37fe-a179-5ebad3a13196,82bc312c-5140-37fe-a179-5ebad3a13196
2aa48828-e2a6-3af6-c6d7-83f02df71696,922fb35e-148d-9e82-d431-97c910c14b81,27806,922fb35e-148d-9e82-7e65-bfa05e3b3515,TRANSFEROUT,,,2021-02-11T18:53:52Z,1970-01-01T00:00:00Z,c96d6792-27a3-3ef4-83f2-bb68e71023df,208,,,1,,,,1,2,COVID-19  mRNA  LNP-S  PF  30 mcg/0.3 mL dose,0.00,,,0.00,0.00,54.40,54.40,922fb35e-148d-9e82-523d-824bb03f667f,,922fb35e-148d-9e82-7e68-9d8960929f5e,1,82bc312c-5140-37fe-a179-5ebad3a13196,82bc312c-5140-37fe-a179-5ebad3a13196
55491051-c553-75ec-8daf-07e05bf12d2d,922fb35e-148d-9e82-d431-97c910c14b81,27807,922fb35e-148d-9e82-7e65-bfa05e3b3515,TRANSFERIN,54.40,,2021-02-11T18:53:52Z,1970-01-01T00:00:00Z,c96d6792-27a3-3ef4-83f2-bb68e71023df,208,,,1,,,,1,2,COVID-19  mRNA  LNP-S  PF  30 mcg/0.3 mL dose,0.00,27806,p,0.00,0.00,54.40,54.40,922fb35e-148d-9e82-523d-824bb03f667f,,922fb35e-148d-9e82-7e68-9d8960929f5e,1,82bc312c-5140-37fe-a179-5ebad3a13196,82bc312c-5140-37fe-a179-5ebad3a13196
aa9220a3-8aaa-ebd8-1b5e-0fc0b7ee5a5b,922fb35e-148d-9e82-d431-97c910c14b81,27808,922fb35e-148d-9e82-7e65-bfa05e3b3515,PAYMENT,,CHECK,2021-02-11T18:53:52Z,1970-01-01T00:00:00Z,c96d6792-27a3-3ef4-83f2-bb68e71023df,208,,,1,,,,1,2,COVID-19  mRNA  LNP-S  PF  30 mcg/0.3 mL dose,0.00,,,54.40,0.00,,0.00,922fb35e-148d-9e82-523d-824bb03f667f,,922fb35e-148d-9e82-7e68-9d8960929f5e,1,82bc312c-5140-37fe-a179-5ebad3a13196,82bc312c-5140-37fe-a179-5ebad3a13196
0994f4e4-d789-c8bd-1358-48add03ed677,922fb35e-148d-9e82-9f5d-62cb5d6254d8,27810,922fb35e-148d-9e82-7e65-bfa05e3b3515,CHARGE,138.42,,2021-04-08T18:53:52Z,2021-04-08T19:10:41Z,c96d6792-27a3-3ef4-83f2-bb68e71023df,308335008,,,1,,,,1,2,Patient encounter procedure (procedure),138.42,,1,0.00,0.00,,0.00,922fb35e-148d-9e82-f28d-517071ccfc03,,922fb35e-148d-9e82-7e68-9d8960929f5e,1,82bc312c-5140-37fe-a179-5ebad3a13196,82bc312c-5140-37fe-a179-5ebad3a13196
1329e9c9-af13-c17a-26b0-915ba07ddcee,922fb35e-148d-9e82-9f5d-62cb5d6254d8,27811,922fb35e-148d-9e82-7e65-bfa05e3b3515,PAYMENT,,ECHECK,2021-04-08T18:53:52Z,2021-04-08T19:10:41Z,c96d6792-27a3-3ef4-83f2-bb68e71023df,308335008,,,1,,,,1,2,Patient encounter procedure (procedure),0.00,,,83.05,0.00,,55.37,922fb35e-148d-9e82-f28d-517071ccfc03,,922fb35e-148d-9e82-7e68-9d8960929f5e,1,82bc312c-5140-37fe-a179-5ebad3a13196,82bc312c-5140-37fe-a179-5ebad3a13196
2653d393-5e28-42f4-4d61-22b740fc79dc,922fb35e-148d-9e82-9f5d-62cb5d6254d8,27812,922fb35e-148d-9e82-7e65-bfa05e3b3515,TRANSFEROUT,,,2021-04-08T18:53:52Z,2021-04-08T19:10:41Z,c96d6792-27a3-3ef4-83f2-bb68e71023df,308335008,,,1,,,,1,2,Patient encounter procedure (procedure),0.00,,,0.00,0.00,55.37,55.37,922fb35e-148d-9e82-f28d-517071ccfc03,,922fb35e-148d-9e82-7e68-9d8960929f5e,1,82bc312c-5140-37fe-a179-5ebad3a13196,82bc312c-5140-37fe-a179-5ebad3a13196
9e95a987-cb0d-418f-7179-ef178192a1ef,922fb35e-148d-9e82-9f5d-62cb5d6254d8,27813,922fb35e-148d-9e82-7e65-bfa05e3b3515,TRANSFERIN,55,,2021-04-08T18:53:52Z,2021-04-08T19:10:41Z,c96d6792-27a3-3ef4-83f2-bb68e71023df,308335008,,,1,,,,1,2,Patient encounter procedure (procedure),0.00,27812,p,0.00,0.00,55.37,55.37,922fb35e-148d-9e82-f28d-517071ccfc03,,922fb35e-148d-9e82-7e68-9d8960929f5e,1,82bc312c-5140-37fe-a179-5ebad3a13196,82bc312c-5140-37fe-a179-5ebad3a13196
994f4e4d-78a4-3bd0-3584-8add03f51771,922fb35e-148d-9e82-9f5d-62cb5d6254d8,27814,922fb35e-148d-9e82-7e65-bfa05e3b3515,PAYMENT,,CHECK,2021-04-08T18:53:52Z,2021-04-08T19:10:41Z,c96d6792-27a3-3ef4-83f2-bb68e71023df,308335008,,,1,,,,1,2,Patient encounter procedure (procedure),0.00,,,55.37,0.00,,0.00,922fb35e-148d-9e82-f28d-517071ccfc03,,922fb35e-148d-9e82-7e68-9d8960929f5e,1,82bc312c-5140-37fe-a179-5ebad3a13196,82bc312c-5140-37fe-a179-5ebad3a13196
653d3935-e2a2-ef42-d612-2b740fe65dc4,922fb35e-148d-9e82-9f5d-62cb5d6254d8,27816,922fb35e-148d-9e82-7e65-bfa05e3b3515,CHARGE,1640.32,,2021-04-08T18:53:52Z,2021-04-08T19:10:41Z,c96d6792-27a3-3ef4-83f2-bb68e71023df,76601001,,,1,,,,1,2,Intramuscular injection (procedure),1640.32,,1,0.00,0.00,,0.00,922fb35e-148d-9e82-f28d-517071ccfc03,,922fb35e-148d-9e82-7e68-9d8960929f5e,1,82bc312c-5140-37fe-a179-5ebad3a13196,82bc312c-5140-37fe-a179-5ebad3a13196
ca7a726b-c55b-de84-ac24-56e81fd2bb89,922fb35e-148d-9e82-9f5d-62cb5d6254d8,27817,922fb35e-148d-9e82-7e65-bfa05e3b3515,PAYMENT,,ECHECK,2021-04-08T18:53:52Z,2021-04-08T19:10:41Z,c96d6792-27a3-3ef4-83f2-bb68e71023df,76601001,,,1,,,,1,2,Intramuscular injection (procedure),0.00,,,984.19,0.00,,656.13,922fb35e-148d-9e82-f28d-517071ccfc03,,922fb35e-148d-9e82-7e68-9d8960929f5e,1,82bc312c-5140-37fe-a179-5ebad3a13196,82bc312c-5140-37fe-a179-5ebad3a13196
94f4e4d7-8ac7-bd09-5848-add03fd57713,922fb35e-148d-9e82-9f5d-62cb5d6254d8,27818,922fb35e-148d-9e82-7e65-bfa05e3b3515,TRANSFEROUT,,,2021-04-08T18:53:52Z,2021-04-08T19:10:41Z,c96d6792-27a3-3ef4-83f2-bb68e71023df,76601001,,,1,,,,1,2,Intramuscular injection (procedure),0.00,,,0.00,0.00,656.13,656.13,922fb35e-148d-9e82-f28d-517071ccfc03,,922fb35e-148d-9e82-7e68-9d8960929f5e,1,82bc312c-5140-37fe-a179-5ebad3a13196,82bc312c-5140-37fe-a179-5ebad3a13196
29e9c9af-15ff-7a13-b091-5ba07fdaee26,922fb35e-148d-9e82-9f5d-62cb5d6254d8,27819,922fb35e-148d-9e82-7e65-bfa05e3b3515,TRANSFERIN,656.13,,2021-04-08T18:53:52Z,2021-04-08T19:10:41Z,c96d6792-27a3-3ef4-83f2-bb68e71023df,76601001,,,1,,,,1,2,Intramuscular injection (procedure),0.00,27818,p,0.00,0.00,656.13,656.13,922fb35e-148d-9e82-f28d-517071ccfc03,,922fb35e-148d-9e82-7e68-9d8960929f5e,1,82bc312c-5140-37fe-a179-5ebad3a13196,82bc312c-5140-37fe-a179-5ebad3a13196
6bc6dc9e-84ca-7a72-e821-537b89ac2456,922fb35e-148d-9e82-9f5d-62cb5d6254d8,27820,922fb35e-148d-9e82-7e65-bfa05e3b3515,PAYMENT,,CHECK,2021-04-08T18:53:52Z,2021-04-08T19:10:41Z,c96d6792-27a3-3ef4-83f2-bb68e71023df,76601001,,,1,,,,1,2,Intramuscular injection (procedure),0.00,,,656.13,0.00,,0.00,922fb35e-148d-9e82-f28d-517071ccfc03,,922fb35e-148d-9e82-7e68-9d8960929f5e,1,82bc312c-5140-37fe-a179-5ebad3a13196,82bc312c-5140-37fe-a179-5ebad3a13196
337a2fe2-98b8-ead6-a664-a98a068938f2,922fb35e-148d-9e82-f620-fe1154eaa34e,27822,922fb35e-148d-9e82-7e65-bfa05e3b3515,CHARGE,138,,2021-07-08T18:53:52Z,2021-07-08T19:13:46Z,c96d6792-27a3-3ef4-83f2-bb68e71023df,308335008,,,1,,,,1,2,Patient encounter procedure (procedure),138.42,,1,0.00,0.00,,0.00,922fb35e-148d-9e82-8fb9-b27ebeb688a5,,922fb35e-148d-9e82-7e68-9d8960929f5e,1,82bc312c-5140-37fe-a179-5ebad3a13196,82bc312c-5140-37fe-a179-5ebad3a13196
66f45fc6-3171-d5ac-4cc9-53170d1271e5,922fb35e-148d-9e82-f620-fe1154eaa34e,27823,922fb35e-148d-9e82-7e65-bfa05e3b3515,PAYMENT,,ECHECK,2021-07-08T18:53:52Z,2021-07-08T19:13:46Z,c96d6792-27a3-3ef4-83f2-bb68e71023df,308335008,,,1,,,,1,2,Patient encounter procedure (procedure),0.00,,,138.42,0.00,,0.00,922fb35e-148d-9e82-8fb9-b27ebeb688a5,,922fb35e-148d-9e82-7e68-9d8960929f5e,1,82bc312c-5140-37fe-a179-5ebad3a13196,82bc312c-5140-37fe-a179-5ebad3a13196
9bd17f2a-c5c7-56b1-3325-4c6e3449c795,922fb35e-148d-9e82-f620-fe1154eaa34e,27825,922fb35e-148d-9e82-7e65-bfa05e3b3515,CHARGE,1603.74,,2021-07-08T18:53:52Z,2021-07-08T19:13:46Z,c96d6792-27a3-3ef4-83f2-bb68e71023df,76601001,,,1,,,,1,2,Intramuscular injection (procedure),1603.74,,1,0.00,0.00,,0.00,922fb35e-148d-9e82-8fb9-b27ebeb688a5,,922fb35e-148d-9e82-7e68-9d8960929f5e,1,82bc312c-5140-37fe-a179-5ebad3a13196,82bc312c-5140-37fe-a179-5ebad3a13196
37a2fe6b-8b8e-ad63-664a-98e268938f2a,922fb35e-148d-9e82-f620-fe1154eaa34e,27826,922fb35e-148d-9e82-7e65-bfa05e3b3515,PAYMENT,,ECHECK,2021-07-08T18:53:52Z,2021-07-08T19:13:46Z,c96d6792-27a3-3ef4-83f2-bb68e71023df,76601001,,,1,,,,1,2,Intramuscular injection (procedure),0.00,,,1603.74,0.00,,0.00,922fb35e-148d-9e82-8fb9-b27ebeb688a5,,922fb35e-148d-9e82-7e68-9d8960929f5e,1,82bc312c-5140-37fe-a179-5ebad3a13196,82bc312c-5140-37fe-a179-5ebad3a13196
55f94daa-f55b-d386-37dd-c67dcfd2b08b,922fb35e-148d-9e82-6815-6b303162f61a,27828,922fb35e-148d-9e82-7e65-bfa05e3b3515,CHARGE,138.42,,2021-10-07T18:53:52Z,2021-10-07T19:10:16Z,c96d6792-27a3-3ef4-83f2-bb68e71023df,308335008,,,1,,,,1,2,Patient encounter procedure (procedure),138.42,,1,0.00,0.00,,0.00,922fb35e-148d-9e82-3858-56bfc0a558a6,,922fb35e-148d-9e82-7e68-9d8960929f5e,1,82bc312c-5140-37fe-a179-5ebad3a13196,82bc312c-5140-37fe-a179-5ebad3a13196
abf29b55-eac7-a70c-6fbb-8cfb9fd56116,922fb35e-148d-9e82-6815-6b303162f61a,27829,922fb35e-148d-9e82-7e65-bfa05e3b3515,PAYMENT,,ECHECK,2021-10-07T18:53:52Z,2021-10-07T19:10:16Z,c96d6792-27a3-3ef4-83f2-bb68e71023df,308335008,,,1,,,,1,2,Patient encounter procedure (procedure),0.00,,,138.42,0.00,,0.00,922fb35e-148d-9e82-3858-56bfc0a558a6,,922fb35e-148d-9e82-7e68-9d8960929f5e,1,82bc312c-5140-37fe-a179-5ebad3a13196,82bc312c-5140-37fe-a179-5ebad3a13196
aaf6dc93-8655-f94d-7dd1-53708b37ddc6,922fb35e-148d-9e82-6815-6b303162f61a,27831,922fb35e-148d-9e82-7e65-bfa05e3b3515,CHARGE,3905.65,,2021-10-07T18:53:52Z,2021-10-07T19:10:16Z,c96d6792-27a3-3ef4-83f2-bb68e71023df,76601001,,,1,,,,1,2,Intramuscular injection (procedure),3905.65,,1,0.00,0.00,,0.00,922fb35e-148d-9e82-3858-56bfc0a558a6,,922fb35e-148d-9e82-7e68-9d8960929f5e,1,82bc312c-5140-37fe-a179-5ebad3a13196,82bc312c-5140-37fe-a179-5ebad3a13196
55edc927-0cab-f29b-fba2-d6e1166fbb8c,922fb35e-148d-9e82-6815-6b303162f61a,27832,922fb35e-148d-9e82-7e65-bfa05e3b3515,PAYMENT,,ECHECK,2021-10-07T18:53:52Z,2021-10-07T19:10:16Z,c96d6792-27a3-3ef4-83f2-bb68e71023df,76601001,,,1,,,,1,2,Intramuscular injection (procedure),0.00,,,3905.65,0.00,,0.00,922fb35e-148d-9e82-3858-56bfc0a558a6,,922fb35e-148d-9e82-7e68-9d8960929f5e,1,82bc312c-5140-37fe-a179-5ebad3a13196,82bc312c-5140-37fe-a179-5ebad3a13196
c554c543-e980-1978-b77f-0d17f73a233c,922fb35e-148d-9e82-b21b-7c3f9220550f,27834,922fb35e-148d-9e82-7e65-bfa05e3b3515,CHARGE,138.42,,2021-12-10T19:44:11Z,2021-12-10T19:59:11Z,c96d6792-27a3-3ef4-83f2-bb68e71023df,698314001,,,1,,,,1,2,Consultation for treatment (procedure),138.42,,1,0.00,0.00,,0.00,922fb35e-148d-9e82-6ec8-577f548c4999,,922fb35e-148d-9e82-4151-d2c4f4294e34,1,82bc312c-5140-37fe-a179-5ebad3a13196,82bc312c-5140-37fe-a179-5ebad3a13196
8aa98a88-0300-32f1-6efe-1a301e744679,922fb35e-148d-9e82-b21b-7c3f9220550f,27835,922fb35e-148d-9e82-7e65-bfa05e3b3515,TRANSFEROUT,,,2021-12-10T19:44:11Z,2021-12-10T19:59:11Z,c96d6792-27a3-3ef4-83f2-bb68e71023df,698314001,,,1,,,,1,2,Consultation for treatment (procedure),0.00,,,0.00,0.00,138.42,138.42,922fb35e-148d-9e82-6ec8-577f548c4999,,922fb35e-148d-9e82-4151-d2c4f4294e34,1,82bc312c-5140-37fe-a179-5ebad3a13196,82bc312c-5140-37fe-a179-5ebad3a13196
15531510-c600-65e3-ddfc-3460fce88cf2,922fb35e-148d-9e82-b21b-7c3f9220550f,27836,922fb35e-148d-9e82-7e65-bfa05e3b3515,TRANSFERIN,138.42,,2021-12-10T19:44:11Z,2021-12-10T19:59:11Z,c96d6792-27a3-3ef4-83f2-bb68e71023df,698314001,,,1,,,,1,2,Consultation for treatment (procedure),0.00,27835,p,0.00,0.00,138.42,138.42,922fb35e-148d-9e82-6ec8-577f548c4999,,922fb35e-148d-9e82-4151-d2c4f4294e34,1,82bc312c-5140-37fe-a179-5ebad3a13196,82bc312c-5140-37fe-a179-5ebad3a13196
2aa62a22-9800-cbc6-bbf8-68c205d119e5,922fb35e-148d-9e82-b21b-7c3f9220550f,27837,922fb35e-148d-9e82-7e65-bfa05e3b3515,PAYMENT,,CASH,2021-12-10T19:44:11Z,2021-12-10T19:59:11Z,c96d6792-27a3-3ef4-83f2-bb68e71023df,698314001,,,1,,,,1,2,Consultation for treatment (procedure),0.00,,,138.42,0.00,,0.00,922fb35e-148d-9e82-6ec8-577f548c4999,,922fb35e-148d-9e82-4151-d2c4f4294e34,1,82bc312c-5140-37fe-a179-5ebad3a13196,82bc312c-5140-37fe-a179-5ebad3a13196
8d6c8ee1-cdb6-2f8c-cea5-0d2716b0ad43,922fb35e-148d-9e82-44de-a6a50904dccb,27839,922fb35e-148d-9e82-7e65-bfa05e3b3515,CHARGE,1446.90,,2021-12-10T19:44:11Z,2022-12-05T19:44:11Z,c96d6792-27a3-3ef4-83f2-bb68e71023df,751905,,,1,,,,1,2,{7 (ethinyl estradiol 0.035 MG / norgestimate 0.18 MG Oral Tablet) / 7 (ethinyl estradiol 0.035 MG / norgestimate 0.215 MG Oral Tablet) / 7 (ethinyl estradiol 0.035 MG / norgestimate 0.25 MG Oral Tablet) / 7 (inert ingredients 1 MG Oral Tablet) } Pack [Trinessa 28 Day],1446.90,,1,0.00,0.00,,0.00,922fb35e-148d-9e82-6ec8-577f548c4999,,922fb35e-148d-9e82-4151-d2c4f4294e34,1,82bc312c-5140-37fe-a179-5ebad3a13196,82bc312c-5140-37fe-a179-5ebad3a13196
b8736da1-9723-5b23-49c5-ac4104f3a943,922fb35e-148d-9e82-44de-a6a50904dccb,27840,922fb35e-148d-9e82-7e65-bfa05e3b3515,TRANSFEROUT,,,2021-12-10T19:44:11Z,2022-12-05T19:44:11Z,c96d6792-27a3-3ef4-83f2-bb68e71023df,751905,,,1,,,,1,2,{7 (ethinyl estradiol 0.035 MG / norgestimate 0.18 MG Oral Tablet) / 7 (ethinyl estradiol 0.035 MG / norgestimate 0.215 MG Oral Tablet) / 7 (ethinyl estradiol 0.035 MG / norgestimate 0.25 MG Oral Tablet) / 7 (inert ingredients 1 MG Oral Tablet) } Pack [Trinessa 28 Day],0.00,,,0.00,0.00,1446.90,1446.90,922fb35e-148d-9e82-6ec8-577f548c4999,,922fb35e-148d-9e82-4151-d2c4f4294e34,1,82bc312c-5140-37fe-a179-5ebad3a13196,82bc312c-5140-37fe-a179-5ebad3a13196
70e6db44-2e46-b647-938b-588509e75286,922fb35e-148d-9e82-44de-a6a50904dccb,27841,922fb35e-148d-9e82-7e65-bfa05e3b3515,TRANSFERIN,1446.90,,2021-12-10T19:44:11Z,2022-12-05T19:44:11Z,c96d6792-27a3-3ef4-83f2-bb68e71023df,751905,,,1,,,,1,2,{7 (ethinyl estradiol 0.035 MG / norgestimate 0.18 MG Oral Tablet) / 7 (ethinyl estradiol 0.035 MG / norgestimate 0.215 MG Oral Tablet) / 7 (ethinyl estradiol 0.035 MG / norgestimate 0.25 MG Oral Tablet) / 7 (inert ingredients 1 MG Oral Tablet) } Pack [Trinessa 28 Day],0.00,27840,p,0.00,0.00,1446.90,1446.90,922fb35e-148d-9e82-6ec8-577f548c4999,,922fb35e-148d-9e82-4151-d2c4f4294e34,1,82bc312c-5140-37fe-a179-5ebad3a13196,82bc312c-5140-37fe-a179-5ebad3a13196
e1cdb68f-5c8d-6c8e-2716-b10d13cea50d,922fb35e-148d-9e82-44de-a6a50904dccb,27842,922fb35e-148d-9e82-7e65-bfa05e3b3515,PAYMENT,,CC,2021-12-10T19:44:11Z,2022-12-05T19:44:11Z,c96d6792-27a3-3ef4-83f2-bb68e71023df,751905,,,1,,,,1,2,{7 (ethinyl estradiol 0.035 MG / norgestimate 0.18 MG Oral Tablet) / 7 (ethinyl estradiol 0.035 MG / norgestimate 0.215 MG Oral Tablet) / 7 (ethinyl estradiol 0.035 MG / norgestimate 0.25 MG Oral Tablet) / 7 (inert ingredients 1 MG Oral Tablet) } Pack [Trinessa 28 Day],0.00,,,1446.90,0.00,,0.00,922fb35e-148d-9e82-6ec8-577f548c4999,,922fb35e-148d-9e82-4151-d2c4f4294e34,1,82bc312c-5140-37fe-a179-5ebad3a13196,82bc312c-5140-37fe-a179-5ebad3a13196
8ba30bf7-a9de-8084-98e6-7a7a1adf6203,922fb35e-148d-9e82-45d0-13b164b4dbc3,27844,922fb35e-148d-9e82-7e65-bfa05e3b3515,CHARGE,138.42,,2022-01-06T18:53:52Z,2022-01-06T19:08:52Z,c96d6792-27a3-3ef4-83f2-bb68e71023df,308335008,,,1,,,,1,2,Patient encounter procedure (procedure),138.42,,1,0.00,0.00,,0.00,922fb35e-148d-9e82-6a47-a22791a6f3fc,,922fb35e-148d-9e82-4151-d2c4f4294e34,1,82bc312c-5140-37fe-a179-5ebad3a13196,82bc312c-5140-37fe-a179-5ebad3a13196
175c17ef-53bd-0109-31d2-f4f435bec407,922fb35e-148d-9e82-45d0-13b164b4dbc3,27845,922fb35e-148d-9e82-7e65-bfa05e3b3515,TRANSFEROUT,,,2022-01-06T18:53:52Z,2022-01-06T19:08:52Z,c96d6792-27a3-3ef4-83f2-bb68e71023df,308335008,,,1,,,,1,2,Patient encounter procedure (procedure),0.00,,,0.00,0.00,138.42,138.42,922fb35e-148d-9e82-6a47-a22791a6f3fc,,922fb35e-148d-9e82-4151-d2c4f4294e34,1,82bc312c-5140-37fe-a179-5ebad3a13196,82bc312c-5140-37fe-a179-5ebad3a13196
2ec82fde-a77a-0212-63d5-e9e86b7d880e,922fb35e-148d-9e82-45d0-13b164b4dbc3,27846,922fb35e-148d-9e82-7e65-bfa05e3b3515,TRANSFERIN,TBD,,2022-01-06T18:53:52Z,2022-01-06T19:08:52Z,c96d6792-27a3-3ef4-83f2-bb68e71023df,308335008,,,1,,,,1,2,Patient encounter procedure (procedure),0.00,27845,p,0.00,0.00,138.42,138.42,922fb35e-148d-9e82-6a47-a22791a6f3fc,,922fb35e-148d-9e82-4151-d2c4f4294e34,1,82bc312c-5140-37fe-a179-5ebad3a13196,82bc312c-5140-37fe-a179-5ebad3a13196
5dc05fbd-4ef4-0424-c7db-d3d0d6fb101c,922fb35e-148d-9e82-45d0-13b164b4dbc3,27847,922fb35e-148d-9e82-7e65-bfa05e3b3515,PAYMENT,,CHECK,2022-01-06T18:53:52Z,2022-01-06T19:08:52Z,c96d6792-27a3-3ef4-83f2-bb68e71023df,308335008,,,1,,,,1,2,Patient encounter procedure (procedure),0.00,,,138.42,0.00,,0.00,922fb35e-148d-9e82-6a47-a22791a6f3fc,,922fb35e-148d-9e82-4151-d2c4f4294e34,1,82bc312c-5140-37fe-a179-5ebad3a13196,82bc312c-5140-37fe-a179-5ebad3a13196
79b17ef5-3bd0-1091-211f-4f435bec4073,922fb35e-148d-9e82-45d0-13b164b4dbc3,27849,922fb35e-148d-9e82-7e65-bfa05e3b3515,CHARGE,1593.94,,2022-01-06T18:53:52Z,2022-01-06T19:07:59Z,c96d6792-27a3-3ef4-83f2-bb68e71023df,76601001,,,1,,,,1,2,Intramuscular injection (procedure),1593.94,,1,0.00,0.00,,0.00,922fb35e-148d-9e82-6a47-a22791a6f3fc,,922fb35e-148d-9e82-4151-d2c4f4294e34,1,82bc312c-5140-37fe-a179-5ebad3a13196,82bc312c-5140-37fe-a179-5ebad3a13196
bd4ef404-2463-c0bf-d0d6-fb101ccddc33,922fb35e-148d-9e82-45d0-13b164b4dbc3,27850,922fb35e-148d-9e82-7e65-bfa05e3b3515,TRANSFEROUT,,,2022-01-06T18:53:52Z,2022-01-06T19:07:59Z,c96d6792-27a3-3ef4-83f2-bb68e71023df,76601001,,,1,,,,1,2,Intramuscular injection (procedure),0.00,,,0.00,0.00,1593.94,1593.94,922fb35e-148d-9e82-6a47-a22791a6f3fc,,922fb35e-148d-9e82-4151-d2c4f4294e34,1,82bc312c-5140-37fe-a179-5ebad3a13196,82bc312c-5140-37fe-a179-5ebad3a13196
7a9de808-48c8-417f-a1ad-f620399c7867,922fb35e-148d-9e82-45d0-13b164b4dbc3,27851,922fb35e-148d-9e82-7e65-bfa05e3b3515,TRANSFERIN,1593.94,,2022-01-06T18:53:52Z,2022-01-06T19:07:59Z,c96d6792-27a3-3ef4-83f2-bb68e71023df,76601001,,,1,,,,1,2,Intramuscular injection (procedure),0.00,27850,p,0.00,0.00,1593.94,1593.94,922fb35e-148d-9e82-6a47-a22791a6f3fc,,922fb35e-148d-9e82-4151-d2c4f4294e34,1,82bc312c-5140-37fe-a179-5ebad3a13196,82bc312c-5140-37fe-a179-5ebad3a13196
f53bd010-9191-9afe-435b-ec40733908cf,922fb35e-148d-9e82-45d0-13b164b4dbc3,27852,922fb35e-148d-9e82-7e65-bfa05e3b3515,PAYMENT,,CASH,2022-01-06T18:53:52Z,2022-01-06T19:07:59Z,c96d6792-27a3-3ef4-83f2-bb68e71023df,76601001,,,1,,,,1,2,Intramuscular injection (procedure),0.00,,,1593.9400,0.00,,0.00,922fb35e-148d-9e82-6a47-a22791a6f3fc,,922fb35e-148d-9e82-4151-d2c4f4294e34,1,82bc312c-5140-37fe-a179-5ebad3a13196,82bc312c-5140-37fe-a179-5ebad3a13196
cd91e0e6-2f91-9ab8-1bb3-d1b8c5390889,922fb35e-148d-9e82-af34-fd3edd39dfb0,27854,922fb35e-148d-9e82-7e65-bfa05e3b3515,CHARGE,138.42,,2022-04-07T18:53:52Z,2022-04-07T19:10:29Z,c96d6792-27a3-3ef4-83f2-bb68e71023df,308335008,,,1,,,,1,2,Patient encounter procedure (procedure),138.42,,1,0.00,0.00,,0.00,922fb35e-148d-9e82-0bb2-08774e9beb45,,922fb35e-148d-9e82-4151-d2c4f4294e34,1,82bc312c-5140-37fe-a179-5ebad3a13196,82bc312c-5140-37fe-a179-5ebad3a13196
9b23c1cc-5f24-3571-3767-a3718a751112,922fb35e-148d-9e82-af34-fd3edd39dfb0,27855,922fb35e-148d-9e82-7e65-bfa05e3b3515,TRANSFEROUT,,,2022-04-07T18:53:52Z,2022-04-07T19:10:29Z,c96d6792-27a3-3ef4-83f2-bb68e71023df,308335008,,,1,,,,1,2,Patient encounter procedure (procedure),0.00,,,0.00,0.00,138.42,138.42,922fb35e-148d-9e82-0bb2-08774e9beb45,,922fb35e-148d-9e82-4151-d2c4f4294e34,1,82bc312c-5140-37fe-a179-5ebad3a13196,82bc312c-5140-37fe-a179-5ebad3a13196
36478398-be4f-6ae3-6ecf-46e314ed2224,922fb35e-148d-9e82-af34-fd3edd39dfb0,27856,922fb35e-148d-9e82-7e65-bfa05e3b3515,TRANSFERIN,138.42,,2022-04-07T18:53:52Z,2022-04-07T19:10:29Z,c96d6792-27a3-3ef4-83f2-bb68e71023df,308335008,,,1,,,,1,2,Patient encounter procedure (procedure),0.00,27855,p,0.00,0.00,138.42,138.42,922fb35e-148d-9e82-0bb2-08774e9beb45,,922fb35e-148d-9e82-4151-d2c4f4294e34,1,82bc312c-5140-37fe-a179-5ebad3a13196,82bc312c-5140-37fe-a179-5ebad3a13196
6c8f0731-7ca2-d5c6-dd9e-8dc629e64448,922fb35e-148d-9e82-af34-fd3edd39dfb0,27857,922fb35e-148d-9e82-7e65-bfa05e3b3515,PAYMENT,,CC,2022-04-07T18:53:52Z,2022-04-07T19:10:29Z,c96d6792-27a3-3ef4-83f2-bb68e71023df,308335008,,,1,,,,1,2,Patient encounter procedure (procedure),0.00,,,138.42,0.00,,0.00,922fb35e-148d-9e82-0bb2-08774e9beb45,,922fb35e-148d-9e82-4151-d2c4f4294e34,1,82bc312c-5140-37fe-a179-5ebad3a13196,82bc312c-5140-37fe-a179-5ebad3a13196
b23c1cc5-f2c7-5719-767a-3718a7d51123,922fb35e-148d-9e82-af34-fd3edd39dfb0,27859,922fb35e-148d-9e82-7e65-bfa05e3b3515,CHARGE,1593.94,,2022-04-07T18:53:52Z,2022-04-07T19:10:29Z,c96d6792-27a3-3ef4-83f2-bb68e71023df,76601001,,,1,,,,1,2,Intramuscular injection (procedure),1593.94,,1,0.0000,0.00,,0.00,922fb35e-148d-9e82-0bb2-08774e9beb45,,922fb35e-148d-9e82-4151-d2c4f4294e34,1,82bc312c-5140-37fe-a179-5ebad3a13196,82bc312c-5140-37fe-a179-5ebad3a13196
317d6335-c66c-8f07-c62a-a6a448dd9e8d,922fb35e-148d-9e82-af34-fd3edd39dfb0,27860,922fb35e-148d-9e82-7e65-bfa05e3b3515,TRANSFEROUT,,,2022-04-07T18:53:52Z,2022-04-07T19:10:29Z,c96d6792-27a3-3ef4-83f2-bb68e71023df,76601001,,,1,,,,1,2,Intramuscular injection (procedure),0.00,,,0.00,0.00,1593.94,1593.94,922fb35e-148d-9e82-0bb2-08774e9beb45,,922fb35e-148d-9e82-4151-d2c4f4294e34,1,82bc312c-5140-37fe-a179-5ebad3a13196,82bc312c-5140-37fe-a179-5ebad3a13196
62fadc6b-8cd9-1e0e-8c55-534891bb3d1b,922fb35e-148d-9e82-af34-fd3edd39dfb0,27861,922fb35e-148d-9e82-7e65-bfa05e3b3515,TRANSFERIN,N/A,,2022-04-07T18:53:52Z,2022-04-07T19:10:29Z,c96d6792-27a3-3ef4-83f2-bb68e71023df,76601001,,,1,,,,1,2,Intramuscular injection (procedure),0.00,27860,p,0.00,0.00,1593.94,1593.94,922fb35e-148d-9e82-0bb2-08774e9beb45,,922fb35e-148d-9e82-4151-d2c4f4294e34,1,82bc312c-5140-37fe-a179-5ebad3a13196,82bc312c-5140-37fe-a179-5ebad3a13196
c5f5c8d7-19b2-3c1c-18aa-d69123767a37,922fb35e-148d-9e82-af34-fd3edd39dfb0,27862,922fb35e-148d-9e82-7e65-bfa05e3b3515,PAYMENT,,CHECK,2022-04-07T18:53:52Z,2022-04-07T19:10:29Z,c96d6792-27a3-3ef4-83f2-bb68e71023df,76601001,,,1,,,,1,2,Intramuscular injection (procedure),0.00,,,1593.94,0.00,,0.00,922fb35e-148d-9e82-0bb2-08774e9beb45,,922fb35e-148d-9e82-4151-d2c4f4294e34,1,82bc312c-5140-37fe-a179-5ebad3a13196,82bc312c-5140-37fe-a179-5ebad3a13196
8f215178-e359-c76a-ad4c-fbc626c849db,922fb35e-148d-9e82-dd88-3757bb05be75,27864,922fb35e-148d-9e82-7e65-bfa05e3b3515,CHARGE,138.42,,2022-07-07T18:53:52Z,2022-07-07T19:13:28Z,c96d6792-27a3-3ef4-83f2-bb68e71023df,308335008,,,1,,,,1,2,Patient encounter procedure (procedure),138.42,,1,0.00,0.00,,0.00,922fb35e-148d-9e82-55e9-59e148d7c765,,922fb35e-148d-9e82-4151-d2c4f4294e34,1,82bc312c-5140-37fe-a179-5ebad3a13196,82bc312c-5140-37fe-a179-5ebad3a13196
1e42a2f1-dcb3-8ed5-5a99-f78c539093b7,922fb35e-148d-9e82-dd88-3757bb05be75,27865,922fb35e-148d-9e82-7e65-bfa05e3b3515,TRANSFEROUT,,,2022-07-07T18:53:52Z,2022-07-07T19:13:28Z,c96d6792-27a3-3ef4-83f2-bb68e71023df,308335008,,,1,,,,1,2,Patient encounter procedure (procedure),0.00,,,0.00,0.00,138.42,138.42,922fb35e-148d-9e82-55e9-59e148d7c765,,922fb35e-148d-9e82-4151-d2c4f4294e34,1,82bc312c-5140-37fe-a179-5ebad3a13196,82bc312c-5140-37fe-a179-5ebad3a13196
3c8545e3-c967-1daa-b533-ef18d721276e,922fb35e-148d-9e82-dd88-3757bb05be75,27866,922fb35e-148d-9e82-7e65-bfa05e3b3515,TRANSFERIN,138.42,,2022-07-07T18:53:52Z,2022-07-07T19:13:28Z,c96d6792-27a3-3ef4-83f2-bb68e71023df,308335008,,,1,,,,1,2,Patient encounter procedure (procedure),0.00,27865,p,0.00,0.00,138.42,138.42,922fb35e-148d-9e82-55e9-59e148d7c765,,922fb35e-148d-9e82-4151-d2c4f4294e34,1,82bc312c-5140-37fe-a179-5ebad3a13196,82bc312c-5140-37fe-a179-5ebad3a13196
790a8bc7-c2ce-3b54-6a67-de31de424edd,922fb35e-148d-9e82-dd88-3757bb05be75,27867,922fb35e-148d-9e82-7e65-bfa05e3b3515,PAYMENT,,CASH,2022-07-07T18:53:52Z,2022-07-07T19:13:28Z,c96d6792-27a3-3ef4-83f2-bb68e71023df,308335008,,,1,,,,1,2,Patient encounter procedure (procedure),0.00,,,138.42,0.00,,0.00,922fb35e-148d-9e82-55e9-59e148d7c765,,922fb35e-148d-9e82-4151-d2c4f4294e34,1,82bc312c-5140-37fe-a179-5ebad3a13196,82bc312c-5140-37fe-a179-5ebad3a13196
e42a2f21-9738-ed51-a99f-78c905093b75,922fb35e-148d-9e82-dd88-3757bb05be75,27869,922fb35e-148d-9e82-7e65-bfa05e3b3515,CHARGE,3325.96,,2022-07-07T18:53:52Z,2022-07-07T19:13:28Z,c96d6792-27a3-3ef4-83f2-bb68e71023df,76601001,,,1,,,,1,2,Intramuscular injection (procedure),3325.96,,1,0.00,0.00,,0.00,922fb35e-148d-9e82-55e9-59e148d7c765,,922fb35e-148d-9e82-4151-d2c4f4294e34,1,82bc312c-5140-37fe-a179-5ebad3a13196,82bc312c-5140-37fe-a179-5ebad3a13196
cdffce3b-5479-0a8b-37db-424edd6a67de,922fb35e-148d-9e82-dd88-3757bb05be75,27870,922fb35e-148d-9e82-7e65-bfa05e3b3515,PAYMENT,,ECHECK,2022-07-07T18:53:52Z,2022-07-07T19:13:28Z,c96d6792-27a3-3ef4-83f2-bb68e71023df,76601001,,,1,,,,1,2,Intramuscular injection (procedure),0.00,,,1452.25,0.00,,1873.71,922fb35e-148d-9e82-55e9-59e148d7c765,,922fb35e-148d-9e82-4151-d2c4f4294e34,1,82bc312c-5140-37fe-a179-5ebad3a13196,82bc312c-5140-37fe-a179-5ebad3a13196
9c3f9c76-a8f2-1517-7076-849dbad4cfbc,922fb35e-148d-9e82-dd88-3757bb05be75,27871,922fb35e-148d-9e82-7e65-bfa05e3b3515,TRANSFEROUT,,,2022-07-07T18:53:52Z,2022-07-07T19:13:28Z,c96d6792-27a3-3ef4-83f2-bb68e71023df,76601001,,,1,,,,1,2,Intramuscular injection (procedure),0.00,,,0.00,0.00,1873.71,1873.71,922fb35e-148d-9e82-55e9-59e148d7c765,,922fb35e-148d-9e82-4151-d2c4f4294e34,1,82bc312c-5140-37fe-a179-5ebad3a13196,82bc312c-5140-37fe-a179-5ebad3a13196
39af38ed-51e4-2a2f-e11d-093b75a99f78,922fb35e-148d-9e82-dd88-3757bb05be75,27872,922fb35e-148d-9e82-7e65-bfa05e3b3515,TRANSFERIN,1873.71,,2022-07-07T18:53:52Z,2022-07-07T19:13:28Z,c96d6792-27a3-3ef4-83f2-bb68e71023df,76601001,,,1,,,,1,2,Intramuscular injection (procedure),0.00,27871,p,0.00,0.00,1873.71,1873.71,922fb35e-148d-9e82-55e9-59e148d7c765,,922fb35e-148d-9e82-4151-d2c4f4294e34,1,82bc312c-5140-37fe-a179-5ebad3a13196,82bc312c-5140-37fe-a179-5ebad3a13196
745e71da-a3c8-545e-c53a-1276eb533ef1,922fb35e-148d-9e82-dd88-3757bb05be75,27873,922fb35e-148d-9e82-7e65-bfa05e3b3515,PAYMENT,,CASH,2022-07-07T18:53:52Z,2022-07-07T19:13:28Z,c96d6792-27a3-3ef4-83f2-bb68e71023df,76601001,,,1,,,,1,2,Intramuscular injection (procedure),0.00,,,1873.71,0.00,,0.00,922fb35e-148d-9e82-55e9-59e148d7c765,,922fb35e-148d-9e82-4151-d2c4f4294e34,1,82bc312c-5140-37fe-a179-5ebad3a13196,82bc312c-5140-37fe-a179-5ebad3a13196
927d2062-caa2-ec69-03a9-f122b7e65aec,922fb35e-148d-9e82-9555-1c2a7bb03bb9,27875,922fb35e-148d-9e82-7e65-bfa05e3b3515,CHARGE,138.42,,2022-10-06T18:53:52Z,2022-10-06T19:13:25Z,c96d6792-27a3-3ef4-83f2-bb68e71023df,308335008,,,1,,,,1,2,Patient encounter procedure (procedure),138.42,,1,0.00,0.00,,0.00,922fb35e-148d-9e82-8984-4b6955dd0138,,922fb35e-148d-9e82-4151-d2c4f4294e34,1,82bc312c-5140-37fe-a179-5ebad3a13196,82bc312c-5140-37fe-a179-5ebad3a13196
24fa40c5-955b-d8d3-0753-e2456fd2b5d8,922fb35e-148d-9e82-9555-1c2a7bb03bb9,27876,922fb35e-148d-9e82-7e65-bfa05e3b3515,PAYMENT,,ECHECK,2022-10-06T18:53:52Z,2022-10-06T19:13:25Z,c96d6792-27a3-3ef4-83f2-bb68e71023df,308335008,,,1,,,,1,2,Patient encounter procedure (procedure),0.00,,,83.05,0.00,,55.37,922fb35e-148d-9e82-8984-4b6955dd0138,,922fb35e-148d-9e82-4151-d2c4f4294e34,1,82bc312c-5140-37fe-a179-5ebad3a13196,82bc312c-5140-37fe-a179-5ebad3a13196
49f4818b-2ac7-b1a6-0ea7-c48adfd56bb0,922fb35e-148d-9e82-9555-1c2a7bb03bb9,27877,922fb35e-148d-9e82-7e65-bfa05e3b3515,TRANSFEROUT,,,2022-10-06T18:53:52Z,2022-10-06T19:13:25Z,c96d6792-27a3-3ef4-83f2-bb68e71023df,308335008,,,1,,,,1,2,Patient encounter procedure (procedure),0.00,,,0.00,0.00,55.37,55.37,922fb35e-148d-9e82-8984-4b6955dd0138,,922fb35e-148d-9e82-4151-d2c4f4294e34,1,82bc312c-5140-37fe-a179-5ebad3a13196,82bc312c-5140-37fe-a179-5ebad3a13196
93e90316-55ff-634c-1d4f-8915bfdad760,922fb35e-148d-9e82-9555-1c2a7bb03bb9,27878,922fb35e-148d-9e82-7e65-bfa05e3b3515,TRANSFERIN,55.37,,2022-10-06T18:53:52Z,2022-10-06T19:13:25Z,c96d6792-27a3-3ef4-83f2-bb68e71023df,308335008,,,1,,,,1,2,Patient encounter procedure (procedure),0.00,27877,p,0.00,0.00,55.37,55.37,922fb35e-148d-9e82-8984-4b6955dd0138,,922fb35e-148d-9e82-4151-d2c4f4294e34,1,82bc312c-5140-37fe-a179-5ebad3a13196,82bc312c-5140-37fe-a179-5ebad3a13196
27d2062c-ac3e-c699-3a9f-122b8075aec0,922fb35e-148d-9e82-9555-1c2a7bb03bb9,27879,922fb35e-148d-9e82-7e65-bfa05e3b3515,PAYMENT,,CASH,2022-10-06T18:53:52Z,2022-10-06T19:13:25Z,c96d6792-27a3-3ef4-83f2-bb68e71023df,308335008,,,1,,,,1,2,Patient encounter procedure (procedure),0.00,,,55.37,0.00,,0.00,922fb35e-148d-9e82-8984-4b6955dd0138,,922fb35e-148d-9e82-4151-d2c4f4294e34,1,82bc312c-5140-37fe-a179-5ebad3a13196,82bc312c-5140-37fe-a179-5ebad3a13196
165bc263-4c93-e903-15c5-ddd7601d4f89,922fb35e-148d-9e82-9555-1c2a7bb03bb9,27881,922fb35e-148d-9e82-7e65-bfa05e3b3515,CHARGE,1678.01,,2022-10-06T18:53:52Z,2022-10-06T19:13:25Z,c96d6792-27a3-3ef4-83f2-bb68e71023df,76601001,,,1,,,,1,2,Intramuscular injection (procedure),1678.01,,1,0.00,0.00,,0.00,922fb35e-148d-9e82-8984-4b6955dd0138,,922fb35e-148d-9e82-4151-d2c4f4294e34,1,82bc312c-5140-37fe-a179-5ebad3a13196,82bc312c-5140-37fe-a179-5ebad3a13196
2cb844c6-9927-d206-2b8c-7baec03a9f12,922fb35e-148d-9e82-9555-1c2a7bb03bb9,27882,922fb35e-148d-9e82-7e65-bfa05e3b3515,PAYMENT,,ECHECK,2022-10-06T18:53:52Z,2022-10-06T19:13:25Z,c96d6792-27a3-3ef4-83f2-bb68e71023df,76601001,,,1,,,,1,2,Intramuscular injection (procedure),0.00,,,1006.81,0.00,,671.20,922fb35e-148d-9e82-8984-4b6955dd0138,,922fb35e-148d-9e82-4151-d2c4f4294e34,1,82bc312c-5140-37fe-a179-5ebad3a13196,82bc312c-5140-37fe-a179-5ebad3a13196
5971a18d-324f-a40c-5719-0f5d80753e24,922fb35e-148d-9e82-9555-1c2a7bb03bb9,27883,922fb35e-148d-9e82-7e65-bfa05e3b3515,TRANSFEROUT,,,2022-10-06T18:53:52Z,2022-10-06T19:13:25Z,c96d6792-27a3-3ef4-83f2-bb68e71023df,76601001,,,1,,,,1,2,Intramuscular injection (procedure),0.00,,,0.00,0.00,671.20,671.20,922fb35e-148d-9e82-8984-4b6955dd0138,,922fb35e-148d-9e82-4151-d2c4f4294e34,1,82bc312c-5140-37fe-a179-5ebad3a13196,82bc312c-5140-37fe-a179-5ebad3a13196
b2e4431a-649f-4818-ae35-1ebb00ea7c48,922fb35e-148d-9e82-9555-1c2a7bb03bb9,27884,922fb35e-148d-9e82-7e65-bfa05e3b3515,TRANSFERIN,671.20,,2022-10-06T18:53:52Z,2022-10-06T19:13:25Z,c96d6792-27a3-3ef4-83f2-bb68e71023df,76601001,,,1,,,,1,2,Intramuscular injection (procedure),0.00,27883,p,0.00,0.00,671.20,671.20,922fb35e-148d-9e82-8984-4b6955dd0138,,922fb35e-148d-9e82-4151-d2c4f4294e34,1,82bc312c-5140-37fe-a179-5ebad3a13196,82bc312c-5140-37fe-a179-5ebad3a13196
65cf8634-c93e-9031-5c6d-3d7601d4f891,922fb35e-148d-9e82-9555-1c2a7bb03bb9,27885,922fb35e-148d-9e82-7e65-bfa05e3b3515,PAYMENT,,CASH,2022-10-06T18:53:52Z,2022-10-06T19:13:25Z,c96d6792-27a3-3ef4-83f2-bb68e71023df,76601001,,,1,,,,1,2,Intramuscular injection (procedure),0.00,,,671.20,0.00,,0.00,922fb35e-148d-9e82-8984-4b6955dd0138,,922fb35e-148d-9e82-4151-d2c4f4294e34,1,82bc312c-5140-37fe-a179-5ebad3a13196,82bc312c-5140-37fe-a179-5ebad3a13196
f975e8dc-80e1-494a-6d49-f6968aa62333,922fb35e-148d-9e82-d1bf-40fdb12236df,27887,922fb35e-148d-9e82-7e65-bfa05e3b3515,CHARGE,138.42,,2022-12-05T19:44:11Z,2022-12-05T19:59:11Z,c96d6792-27a3-3ef4-83f2-bb68e71023df,698314001,,,1,,,,1,2,Consultation for treatment (procedure),138.42,,1,0.00,0.00,,0.00,922fb35e-148d-9e82-461c-8b92f1d7c67f,,922fb35e-148d-9e82-ddf6-2ce40891d73d,1,82bc312c-5140-37fe-a179-5ebad3a13196,82bc312c-5140-37fe-a179-5ebad3a13196
f2ec01b9-01c2-9295-da94-1d2d154c4666,922fb35e-148d-9e82-d1bf-40fdb12236df,27888,922fb35e-148d-9e82-7e65-bfa05e3b3515,TRANSFEROUT,,,2022-12-05T19:44:11Z,2022-12-05T19:59:11Z,c96d6792-27a3-3ef4-83f2-bb68e71023df,698314001,,,1,,,,1,2,Consultation for treatment (procedure),0.00,,,0.00,0.00,138.42,138.42,922fb35e-148d-9e82-461c-8b92f1d7c67f,,922fb35e-148d-9e82-ddf6-2ce40891d73d,1,82bc312c-5140-37fe-a179-5ebad3a13196,82bc312c-5140-37fe-a179-5ebad3a13196
e5d8c372-0385-252b-b528-fa5a2a988ccd,922fb35e-148d-9e82-d1bf-40fdb12236df,27889,922fb35e-148d-9e82-7e65-bfa05e3b3515,TRANSFERIN,138.42,,2022-12-05T19:44:11Z,2022-12-05T19:59:11Z,c96d6792-27a3-3ef4-83f2-bb68e71023df,698314001,,,1,,,,1,2,Consultation for treatment (procedure),0.00,27888,p,0.00,0.00,138.42,138.42,922fb35e-148d-9e82-461c-8b92f1d7c67f,,922fb35e-148d-9e82-ddf6-2ce40891d73d,1,82bc312c-5140-37fe-a179-5ebad3a13196,82bc312c-5140-37fe-a179-5ebad3a13196
9c80e149-4af9-78e6-568a-a623336d4cf4,922fb35e-148d-9e82-d1bf-40fdb12236df,27890,922fb35e-148d-9e82-7e65-bfa05e3b3515,PAYMENT,,CC,2022-12-05T19:44:11Z,2022-12-05T19:59:11Z,c96d6792-27a3-3ef4-83f2-bb68e71023df,698314001,,,1,,,,1,2,Consultation for treatment (procedure),0.00,,,138.42,0.00,,0.00,922fb35e-148d-9e82-461c-8b92f1d7c67f,,922fb35e-148d-9e82-ddf6-2ce40891d73d,1,82bc312c-5140-37fe-a179-5ebad3a13196,82bc312c-5140-37fe-a179-5ebad3a13196
72038525-2be5-e4ba-5a2a-988ccdb534f1,922fb35e-148d-9e82-d1bf-40fdb12236df,27892,922fb35e-148d-9e82-7e65-bfa05e3b3515,CHARGE,1833.67,,2022-12-05T19:44:11Z,2022-12-05T19:54:21Z,c96d6792-27a3-3ef4-83f2-bb68e71023df,76601001,,,1,,,,1,2,Intramuscular injection (procedure),1833.67,,1,0.00,0.00,,0.00,922fb35e-148d-9e82-461c-8b92f1d7c67f,,922fb35e-148d-9e82-ddf6-2ce40891d73d,1,82bc312c-5140-37fe-a179-5ebad3a13196,82bc312c-5140-37fe-a179-5ebad3a13196
e4070a4a-57cb-caa4-b455-31199b6a6a12,922fb35e-148d-9e82-d1bf-40fdb12236df,27893,922fb35e-148d-9e82-7e65-bfa05e3b3515,TRANSFEROUT,,,2022-12-05T19:44:11Z,2022-12-05T19:54:21Z,c96d6792-27a3-3ef4-83f2-bb68e71023df,76601001,,,1,,,,1,2,Intramuscular injection (procedure),0.00,,,0.00,0.00,1833.67,1833.67,922fb35e-148d-9e82-461c-8b92f1d7c67f,,922fb35e-148d-9e82-ddf6-2ce40891d73d,1,82bc312c-5140-37fe-a179-5ebad3a13196,82bc312c-5140-37fe-a179-5ebad3a13196
c80e1494-af97-9649-68aa-623336d4d725,922fb35e-148d-9e82-d1bf-40fdb12236df,27894,922fb35e-148d-9e82-7e65-bfa05e3b3515,TRANSFERIN,1833.67,,2022-12-05T19:44:11Z,2022-12-05T19:54:21Z,c96d6792-27a3-3ef4-83f2-bb68e71023df,76601001,,,1,,,,1,2,Intramuscular injection (procedure),0.00,27893,p,0.00,0.00,1833.67,1833.67,922fb35e-148d-9e82-461c-8b92f1d7c67f,,922fb35e-148d-9e82-ddf6-2ce40891d73d,1,82bc312c-5140-37fe-a179-5ebad3a13196,82bc312c-5140-37fe-a179-5ebad3a13196
901c2929-5f2f-3393-d154-c4666da9b14a,922fb35e-148d-9e82-d1bf-40fdb12236df,27895,922fb35e-148d-9e82-7e65-bfa05e3b3515,PAYMENT,,CHECK,2022-12-05T19:44:11Z,2022-12-05T19:54:21Z,c96d6792-27a3-3ef4-83f2-bb68e71023df,76601001,,,1,,,,1,2,Intramuscular injection (procedure),0.00,,,1833.67,0.00,,0.00,922fb35e-148d-9e82-461c-8b92f1d7c67f,,922fb35e-148d-9e82-ddf6-2ce40891d73d,1,82bc312c-5140-37fe-a179-5ebad3a13196,82bc312c-5140-37fe-a179-5ebad3a13196
0f5c0700-481d-917a-f952-e4052a8a85b3,922fb35e-148d-9e82-20c5-36af47bac493,27897,922fb35e-148d-9e82-7e65-bfa05e3b3515,CHARGE,98.21,,2022-12-05T19:44:11Z,2023-11-30T19:54:21Z,c96d6792-27a3-3ef4-83f2-bb68e71023df,1000126,,,1,,,,1,2,1 ML medroxyprogesterone acetate 150 MG/ML Injection,98.21,,1,0.00,0.00,,0.00,922fb35e-148d-9e82-461c-8b92f1d7c67f,,922fb35e-148d-9e82-ddf6-2ce40891d73d,1,82bc312c-5140-37fe-a179-5ebad3a13196,82bc312c-5140-37fe-a179-5ebad3a13196
1ec80e00-903b-22f4-f2d5-c80a55150b67,922fb35e-148d-9e82-20c5-36af47bac493,27898,922fb35e-148d-9e82-7e65-bfa05e3b3515,TRANSFEROUT,,,2022-12-05T19:44:11Z,2023-11-30T19:54:21Z,c96d6792-27a3-3ef4-83f2-bb68e71023df,1000126,,,1,,,,1,2,1 ML medroxyprogesterone acetate 150 MG/ML Injection,0.00,,,0.00,0.00,98.21,98.21,922fb35e-148d-9e82-461c-8b92f1d7c67f,,922fb35e-148d-9e82-ddf6-2ce40891d73d,1,82bc312c-5140-37fe-a179-5ebad3a13196,82bc312c-5140-37fe-a179-5ebad3a13196
3dc01c01-2076-45e8-e5db-9014aa2a16cf,922fb35e-148d-9e82-20c5-36af47bac493,27899,922fb35e-148d-9e82-7e65-bfa05e3b3515,TRANSFERIN,98.21,,2022-12-05T19:44:11Z,2023-11-30T19:54:21Z,c96d6792-27a3-3ef4-83f2-bb68e71023df,1000126,,,1,,,,1,2,1 ML medroxyprogesterone acetate 150 MG/ML Injection,0.00,27898,p,0.00,0.00,98.21,98.21,922fb35e-148d-9e82-461c-8b92f1d7c67f,,922fb35e-148d-9e82-ddf6-2ce40891d73d,1,82bc312c-5140-37fe-a179-5ebad3a13196,82bc312c-5140-37fe-a179-5ebad3a13196
40ec8bd1-cc3d-6802-5454-2da11c745029,922fb35e-148d-9e82-20c5-36af47bac493,27900,922fb35e-148d-9e82-7e65-bfa05e3b3515,PAYMENT,,CASH,2022-12-05T19:44:11Z,2023-11-30T19:54:21Z,c96d6792-27a3-3ef4-83f2-bb68e71023df,1000126,,,1,,,,1,2,1 ML medroxyprogesterone acetate 150 MG/ML Injection,0.00,,,98.21,0.00,,0.00,922fb35e-148d-9e82-461c-8b92f1d7c67f,,922fb35e-148d-9e82-ddf6-2ce40891d73d,1,82bc312c-5140-37fe-a179-5ebad3a13196,82bc312c-5140-37fe-a179-5ebad3a13196
016d3357-73b4-72c3-9f28-1e1e116bb3fb,922fb35e-148d-9e82-d7a2-e5148d2b7ac4,27902,922fb35e-148d-9e82-7e65-bfa05e3b3515,CHARGE,138.42,,2023-01-05T18:53:52Z,2023-01-05T19:13:02Z,c96d6792-27a3-3ef4-83f2-bb68e71023df,308335008,,,1,,,,1,2,Patient encounter procedure (procedure),138.42,,1,0.00,0.00,,0.00,922fb35e-148d-9e82-6281-8209d345c011,,922fb35e-148d-9e82-ddf6-2ce40891d73d,1,82bc312c-5140-37fe-a179-5ebad3a13196,82bc312c-5140-37fe-a179-5ebad3a13196
02da66ae-eb68-e586-3e50-3c3c2ed767f7,922fb35e-148d-9e82-d7a2-e5148d2b7ac4,27903,922fb35e-148d-9e82-7e65-bfa05e3b3515,TRANSFEROUT,,,2023-01-05T18:53:52Z,2023-01-05T19:13:02Z,c96d6792-27a3-3ef4-83f2-bb68e71023df,308335008,,,1,,,,1,2,Patient encounter procedure (procedure),0.00,,,0.00,0.00,138.42,138.42,922fb35e-148d-9e82-6281-8209d345c011,,922fb35e-148d-9e82-ddf6-2ce40891d73d,1,82bc312c-5140-37fe-a179-5ebad3a13196,82bc312c-5140-37fe-a179-5ebad3a13196
05b4cd5d-ecd1-cb0c-7ca0-787863aecfee,922fb35e-148d-9e82-d7a2-e5148d2b7ac4,27904,922fb35e-148d-9e82-7e65-bfa05e3b3515,TRANSFERIN,138.42,,2023-01-05T18:53:52Z,2023-01-05T19:13:02Z,c96d6792-27a3-3ef4-83f2-bb68e71023df,308335008,,,1,,,,1,2,Patient encounter procedure (procedure),0.00,27903,p,0.00,0.00,138.42,138.42,922fb35e-148d-9e82-6281-8209d345c011,,922fb35e-148d-9e82-ddf6-2ce40891d73d,1,82bc312c-5140-37fe-a179-5ebad3a13196,82bc312c-5140-37fe-a179-5ebad3a13196
0b699abb-e9a3-9618-f940-f0f0f75d9fdc,922fb35e-148d-9e82-d7a2-e5148d2b7ac4,27905,922fb35e-148d-9e82-7e65-bfa05e3b3515,PAYMENT,,CC,2023-01-05T18:53:52Z,2023-01-05T19:13:02Z,c96d6792-27a3-3ef4-83f2-bb68e71023df,308335008,,,1,,,,1,2,Patient encounter procedure (procedure),0.00,,,138.42,0.00,,0.00,922fb35e-148d-9e82-6281-8209d345c011,,922fb35e-148d-9e82-ddf6-2ce40891d73d,1,82bc312c-5140-37fe-a179-5ebad3a13196,82bc312c-5140-37fe-a179-5ebad3a13196
2da66af0-c68e-5860-e503-c3c4fd767f73,922fb35e-148d-9e82-d7a2-e5148d2b7ac4,27907,922fb35e-148d-9e82-7e65-bfa05e3b3515,CHARGE,"1,985.78",,2023-01-05T18:53:52Z,2023-01-05T19:13:02Z,c96d6792-27a3-3ef4-83f2-bb68e71023df,76601001,,,1,,,,1,2,Intramuscular injection (procedure),1985.78,,1,0.00,0.00,,0.00,922fb35e-148d-9e82-6281-8209d345c011,,922fb35e-148d-9e82-ddf6-2ce40891d73d,1,82bc312c-5140-37fe-a179-5ebad3a13196,82bc312c-5140-37fe-a179-5ebad3a13196
5b4cd5e2-991c-b0c0-ca07-878a06ecfee7,922fb35e-148d-9e82-d7a2-e5148d2b7ac4,27908,922fb35e-148d-9e82-7e65-bfa05e3b3515,TRANSFEROUT,,,2023-01-05T18:53:52Z,2023-01-05T19:13:02Z,c96d6792-27a3-3ef4-83f2-bb68e71023df,76601001,,,1,,,,1,2,Intramuscular injection (procedure),0.00,,,0.00,0.00,1985.78,1985.78,922fb35e-148d-9e82-6281-8209d345c011,,922fb35e-148d-9e82-ddf6-2ce40891d73d,1,82bc312c-5140-37fe-a179-5ebad3a13196,82bc312c-5140-37fe-a179-5ebad3a13196
b699abc6-3239-6180-940f-0f170dd9fdcf,922fb35e-148d-9e82-d7a2-e5148d2b7ac4,27909,922fb35e-148d-9e82-7e65-bfa05e3b3515,TRANSFERIN,1985.78,,2023-01-05T18:53:52Z,2023-01-05T19:13:02Z,c96d6792-27a3-3ef4-83f2-bb68e71023df,76601001,,,1,,,,1,2,Intramuscular injection (procedure),0.00,27908,p,0.00,0.00,1985.78,1985.78,922fb35e-148d-9e82-6281-8209d345c011,,922fb35e-148d-9e82-ddf6-2ce40891d73d,1,82bc312c-5140-37fe-a179-5ebad3a13196,82bc312c-5140-37fe-a179-5ebad3a13196
fcc08e58-602d-a66a-d0f7-767f73e503c3,922fb35e-148d-9e82-d7a2-e5148d2b7ac4,27910,922fb35e-148d-9e82-7e65-bfa05e3b3515,PAYMENT,,CHECK,2023-01-05T18:53:52Z,2023-01-05T19:13:02Z,c96d6792-27a3-3ef4-83f2-bb68e71023df,76601001,,,1,,,,1,2,Intramuscular injection (procedure),0.00,,,1985.78,0.00,,0.00,922fb35e-148d-9e82-6281-8209d345c011,,922fb35e-148d-9e82-ddf6-2ce40891d73d,1,82bc312c-5140-37fe-a179-5ebad3a13196,82bc312c-5140-37fe-a179-5ebad3a13196
9530943b-b976-58ef-43e3-6872a19d6d91,922fb35e-148d-9e82-61bb-2db5c9b3cf00,27912,922fb35e-148d-9e82-7e65-bfa05e3b3515,CHARGE,138.42,,2023-04-06T18:53:52Z,2023-04-06T19:08:52Z,c96d6792-27a3-3ef4-83f2-bb68e71023df,308335008,,,1,,,,1,2,Patient encounter procedure (procedure),138.42,,1,0.00,0.00,,0.00,922fb35e-148d-9e82-6a73-43bd20353259,,922fb35e-148d-9e82-ddf6-2ce40891d73d,1,82bc312c-5140-37fe-a179-5ebad3a13196,82bc312c-5140-37fe-a179-5ebad3a13196
2a6129a7-72ec-b1df-87c6-d115433adb22,922fb35e-148d-9e82-61bb-2db5c9b3cf00,27913,922fb35e-148d-9e82-7e65-bfa05e3b3515,TRANSFEROUT,,,2023-04-06T18:53:52Z,2023-04-06T19:08:52Z,c96d6792-27a3-3ef4-83f2-bb68e71023df,308335008,,,1,,,,1,2,Patient encounter procedure (procedure),0.00,,,0.00,0.00,138.42,138.42,922fb35e-148d-9e82-6a73-43bd20353259,,922fb35e-148d-9e82-ddf6-2ce40891d73d,1,82bc312c-5140-37fe-a179-5ebad3a13196,82bc312c-5140-37fe-a179-5ebad3a13196
54c2544e-e5d9-63be-0f8d-a52a8675b645,922fb35e-148d-9e82-61bb-2db5c9b3cf00,27914,922fb35e-148d-9e82-7e65-bfa05e3b3515,TRANSFERIN,138.42,,2023-04-06T18:53:52Z,2023-04-06T19:08:52Z,c96d6792-27a3-3ef4-83f2-bb68e71023df,308335008,,,1,,,,1,2,Patient encounter procedure (procedure),0.00,27913,p,0.00,0.00,138.42,138.42,922fb35e-148d-9e82-6a73-43bd20353259,,922fb35e-148d-9e82-ddf6-2ce40891d73d,1,82bc312c-5140-37fe-a179-5ebad3a13196,82bc312c-5140-37fe-a179-5ebad3a13196
a984af9d-cbb2-c77c-1f1b-4d550ceb6c8a,922fb35e-148d-9e82-61bb-2db5c9b3cf00,27915,922fb35e-148d-9e82-7e65-bfa05e3b3515,PAYMENT,,CASH,2023-04-06T18:53:52Z,2023-04-06T19:08:52Z,c96d6792-27a3-3ef4-83f2-bb68e71023df,308335008,,,1,,,,1,2,Patient encounter procedure (procedure),0.00,,,138.42,0.00,,0.00,922fb35e-148d-9e82-6a73-43bd20353259,,922fb35e-148d-9e82-ddf6-2ce40891d73d,1,82bc312c-5140-37fe-a179-5ebad3a13196,82bc312c-5140-37fe-a179-5ebad3a13196
a612dc77-2ecb-1df2-7c6d-535433adb228,922fb35e-148d-9e82-61bb-2db5c9b3cf00,27917,922fb35e-148d-9e82-7e65-bfa05e3b3515,CHARGE,1593.94,,2023-04-06T18:53:52Z,2023-04-06T19:04:46Z,c96d6792-27a3-3ef4-83f2-bb68e71023df,76601001,,,1,,,,1,2,Intramuscular injection (procedure),1593.94,,1,0.00,0.00,,0.00,922fb35e-148d-9e82-6a73-43bd20353259,,922fb35e-148d-9e82-ddf6-2ce40891d73d,1,82bc312c-5140-37fe-a179-5ebad3a13196,82bc312c-5140-37fe-a179-5ebad3a13196
4c25c8ee-5d96-3be5-f8da-d6a8675b6450,922fb35e-148d-9e82-61bb-2db5c9b3cf00,27918,922fb35e-148d-9e82-7e65-bfa05e3b3515,TRANSFEROUT,,,2023-04-06T18:53:52Z,2023-04-06T19:04:46Z,c96d6792-27a3-3ef4-83f2-bb68e71023df,76601001,,,1,,,,1,2,Intramuscular injection (procedure),0.00,,,0.00,0.00,1593.94,1593.94,922fb35e-148d-9e82-6a73-43bd20353259,,922fb35e-148d-9e82-ddf6-2ce40891d73d,1,82bc312c-5140-37fe-a179-5ebad3a13196,82bc312c-5140-37fe-a179-5ebad3a13196
984bc1dc-bb2c-77ca-f1b5-dd50ceb6c8a1,922fb35e-148d-9e82-61bb-2db5c9b3cf00,27919,922fb35e-148d-9e82-7e65-bfa05e3b3515,TRANSFERIN,1593.94,,2023-04-06T18:53:52Z,2023-04-06T19:04:46Z,c96d6792-27a3-3ef4-83f2-bb68e71023df,76601001,,,1,,,,1,2,Intramuscular injection (procedure),0.00,27918,p,0.00,0.00,1593.94,1593.94,922fb35e-148d-9e82-6a73-43bd20353259,,922fb35e-148d-9e82-ddf6-2ce40891d73d,1,82bc312c-5140-37fe-a179-5ebad3a13196,82bc312c-5140-37fe-a179-5ebad3a13196
572ecb1d-f2a6-145b-3433-adb2287c6ed2,922fb35e-148d-9e82-61bb-2db5c9b3cf00,27920,922fb35e-148d-9e82-7e65-bfa05e3b3515,PAYMENT,,CC,2023-04-06T18:53:52Z,2023-04-06T19:04:46Z,c96d6792-27a3-3ef4-83f2-bb68e71023df,76601001,,,1,,,,1,2,Intramuscular injection (procedure),0.00,,,1593.94,0.00,,0.00,922fb35e-148d-9e82-6a73-43bd20353259,,922fb35e-148d-9e82-ddf6-2ce40891d73d,1,82bc312c-5140-37fe-a179-5ebad3a13196,82bc312c-5140-37fe-a179-5ebad3a13196
07643dac-77f3-db3e-3ab5-194d144a0b3e,922fb35e-148d-9e82-6576-3ed293e5d216,27922,922fb35e-148d-9e82-7e65-bfa05e3b3515,CHARGE,138.42,,2023-07-06T18:53:52Z,2023-07-06T19:08:52Z,c96d6792-27a3-3ef4-83f2-bb68e71023df,308335008,,,1,,,,1,2,Patient encounter procedure (procedure),138.42,,1,0.00,0.00,,0.00,922fb35e-148d-9e82-30f5-50a947827f74,,922fb35e-148d-9e82-ddf6-2ce40891d73d,1,82bc312c-5140-37fe-a179-5ebad3a13196,82bc312c-5140-37fe-a179-5ebad3a13196
0ecf7b58-efe7-b67c-756d-329a2894167c,922fb35e-148d-9e82-6576-3ed293e5d216,27923,922fb35e-148d-9e82-7e65-bfa05e3b3515,TRANSFEROUT,,,2023-07-06T18:53:52Z,2023-07-06T19:08:52Z,c96d6792-27a3-3ef4-83f2-bb68e71023df,308335008,,,1,,,,1,2,Patient encounter procedure (procedure),0.00,,,0.00,0.00,138.42,138.42,922fb35e-148d-9e82-30f5-50a947827f74,,922fb35e-148d-9e82-ddf6-2ce40891d73d,1,82bc312c-5140-37fe-a179-5ebad3a13196,82bc312c-5140-37fe-a179-5ebad3a13196
1da2f6b1-dfcf-6cf8-eae6-653451282cf8,922fb35e-148d-9e82-6576-3ed293e5d216,27924,922fb35e-148d-9e82-7e65-bfa05e3b3515,TRANSFERIN,138,,2023-07-06T18:53:52Z,2023-07-06T19:08:52Z,c96d6792-27a3-3ef4-83f2-bb68e71023df,308335008,,,1,,,,1,2,Patient encounter procedure (procedure),0.00,27923,p,0.00,0.00,138.42,138.42,922fb35e-148d-9e82-30f5-50a947827f74,,922fb35e-148d-9e82-ddf6-2ce40891d73d,1,82bc312c-5140-37fe-a179-5ebad3a13196,82bc312c-5140-37fe-a179-5ebad3a13196
3b5bed63-bf9e-d9f0-d5d2-ca68a25059f1,922fb35e-148d-9e82-6576-3ed293e5d216,27925,922fb35e-148d-9e82-7e65-bfa05e3b3515,PAYMENT,,CHECK,2023-07-06T18:53:52Z,2023-07-06T19:08:52Z,c96d6792-27a3-3ef4-83f2-bb68e71023df,308335008,,,1,,,,1,2,Patient encounter procedure (procedure),0.00,,,138.42,0.00,,0.00,922fb35e-148d-9e82-30f5-50a947827f74,,922fb35e-148d-9e82-ddf6-2ce40891d73d,1,82bc312c-5140-37fe-a179-5ebad3a13196,82bc312c-5140-37fe-a179-5ebad3a13196
edffb58e-fe7b-67c0-57db-29a2894167c7,922fb35e-148d-9e82-6576-3ed293e5d216,27927,922fb35e-148d-9e82-7e65-bfa05e3b3515,CHARGE,5981.85,,2023-07-06T18:53:52Z,2023-07-06T19:07:33Z,c96d6792-27a3-3ef4-83f2-bb68e71023df,76601001,,,1,,,,1,2,Intramuscular injection (procedure),5981.85,,1,0.00,0.00,,0.00,922fb35e-148d-9e82-30f5-50a947827f74,,922fb35e-148d-9e82-ddf6-2ce40891d73d,1,82bc312c-5140-37fe-a179-5ebad3a13196,82bc312c-5140-37fe-a179-5ebad3a13196
dc3f6b1d-fcf6-cf81-b076-53451282cf8e,922fb35e-148d-9e82-6576-3ed293e5d216,27928,922fb35e-148d-9e82-7e65-bfa05e3b3515,PAYMENT,,ECHECK,2023-07-06T18:53:52Z,2023-07-06T19:07:33Z,c96d6792-27a3-3ef4-83f2-bb68e71023df,76601001,,,1,,,,1,2,Intramuscular injection (procedure),0.00,,,3571.88,0.00,,2409.97,922fb35e-148d-9e82-30f5-50a947827f74,,922fb35e-148d-9e82-ddf6-2ce40891d73d,1,82bc312c-5140-37fe-a179-5ebad3a13196,82bc312c-5140-37fe-a179-5ebad3a13196
b9aed63b-f9ed-9f03-611c-a68a25059f1d,922fb35e-148d-9e82-6576-3ed293e5d216,27929,922fb35e-148d-9e82-7e65-bfa05e3b3515,TRANSFEROUT,,,2023-07-06T18:53:52Z,2023-07-06T19:07:33Z,c96d6792-27a3-3ef4-83f2-bb68e71023df,76601001,,,1,,,,1,2,Intramuscular injection (procedure),0.00,,,0.00,0.00,2409.97,2409.97,922fb35e-148d-9e82-30f5-50a947827f74,,922fb35e-148d-9e82-ddf6-2ce40891d73d,1,82bc312c-5140-37fe-a179-5ebad3a13196,82bc312c-5140-37fe-a179-5ebad3a13196
8efe7b67-c0f3-c135-a289-4167c75ddca9,922fb35e-148d-9e82-6576-3ed293e5d216,27930,922fb35e-148d-9e82-7e65-bfa05e3b3515,TRANSFERIN,2409.97,,2023-07-06T18:53:52Z,2023-07-06T19:07:33Z,c96d6792-27a3-3ef4-83f2-bb68e71023df,76601001,,,1,,,,1,2,Intramuscular injection (procedure),0.00,27929,p,0.00,0.00,2409.97,2409.97,922fb35e-148d-9e82-30f5-50a947827f74,,922fb35e-148d-9e82-ddf6-2ce40891d73d,1,82bc312c-5140-37fe-a179-5ebad3a13196,82bc312c-5140-37fe-a179-5ebad3a13196
1dfcf6cf-81e8-426b-4512-82cf8ebc7953,922fb35e-148d-9e82-6576-3ed293e5d216,27931,922fb35e-148d-9e82-7e65-bfa05e3b3515,PAYMENT,,CHECK,2023-07-06T18:53:52Z,2023-07-06T19:07:33Z,c96d6792-27a3-3ef4-83f2-bb68e71023df,76601001,,,1,,,,1,2,Intramuscular injection (procedure),0.00,,,2409.97,0.00,,0.00,922fb35e-148d-9e82-30f5-50a947827f74,,922fb35e-148d-9e82-ddf6-2ce40891d73d,1,82bc312c-5140-37fe-a179-5ebad3a13196,82bc312c-5140-37fe-a179-5ebad3a13196
eb319f62-7707-aa50-b8d9-0d32c53496f3,922fb35e-148d-9e82-edb2-b93ba6fcbe3e,27933,922fb35e-148d-9e82-7e65-bfa05e3b3515,CHARGE,138.42,,2023-10-05T18:53:52Z,2023-10-05T19:09:07Z,c96d6792-27a3-3ef4-83f2-bb68e71023df,308335008,,,1,,,,1,2,Patient encounter procedure (procedure),138.42,,1,0.00,0.00,,0.00,922fb35e-148d-9e82-efee-c562cf1325a7,,922fb35e-148d-9e82-ddf6-2ce40891d73d,1,82bc312c-5140-37fe-a179-5ebad3a13196,82bc312c-5140-37fe-a179-5ebad3a13196
d6643ec4-ee0f-54a1-71b5-1a658a692de7,922fb35e-148d-9e82-edb2-b93ba6fcbe3e,27934,922fb35e-148d-9e82-7e65-bfa05e3b3515,PAYMENT,,ECHECK,2023-10-05T18:53:52Z,2023-10-05T19:09:07Z,c96d6792-27a3-3ef4-83f2-bb68e71023df,308335008,,,1,,,,1,2,Patient encounter procedure (procedure),0.00,,,83.05,0.00,,55.37,922fb35e-148d-9e82-efee-c562cf1325a7,,922fb35e-148d-9e82-ddf6-2ce40891d73d,1,82bc312c-5140-37fe-a179-5ebad3a13196,82bc312c-5140-37fe-a179-5ebad3a13196
accf7d89-dc1e-a943-e36d-34cb14d25bce,922fb35e-148d-9e82-edb2-b93ba6fcbe3e,27935,922fb35e-148d-9e82-7e65-bfa05e3b3515,TRANSFEROUT,,,2023-10-05T18:53:52Z,2023-10-05T19:09:07Z,c96d6792-27a3-3ef4-83f2-bb68e71023df,308335008,,,1,,,,1,2,Patient encounter procedure (procedure),0.00,,,0.00,0.00,55.37,55.37,922fb35e-148d-9e82-efee-c562cf1325a7,,922fb35e-148d-9e82-ddf6-2ce40891d73d,1,82bc312c-5140-37fe-a179-5ebad3a13196,82bc312c-5140-37fe-a179-5ebad3a13196
59a2fb13-b83d-5287-c6e6-699629a4b79d,922fb35e-148d-9e82-edb2-b93ba6fcbe3e,27936,922fb35e-148d-9e82-7e65-bfa05e3b3515,TRANSFERIN,55.37,,2023-10-05T18:53:52Z,2023-10-05T19:09:07Z,c96d6792-27a3-3ef4-83f2-bb68e71023df,308335008,,,1,,,,1,2,Patient encounter procedure (procedure),0.00,27935,p,0.0000,0.00,55.37,55.37,922fb35e-148d-9e82-efee-c562cf1325a7,,922fb35e-148d-9e82-ddf6-2ce40891d73d,1,82bc312c-5140-37fe-a179-5ebad3a13196,82bc312c-5140-37fe-a179-5ebad3a13196
b35bf627-707a-a50e-8dd2-d32c53496f3b,922fb35e-148d-9e82-edb2-b93ba6fcbe3e,27937,922fb35e-148d-9e82-7e65-bfa05e3b3515,PAYMENT,,CHECK,2023-10-05T18:53:52Z,2023-10-05T19:09:07Z,c96d6792-27a3-3ef4-83f2-bb68e71023df,308335008,,,1,,,,1,2,Patient encounter procedure (procedure),0.00,,,55.37,0.00,,0.00,922fb35e-148d-9e82-efee-c562cf1325a7,,922fb35e-148d-9e82-ddf6-2ce40891d73d,1,82bc312c-5140-37fe-a179-5ebad3a13196,82bc312c-5140-37fe-a179-5ebad3a13196
cdffd89d-c1ea-943a-37db-4cb14d25bcee,922fb35e-148d-9e82-edb2-b93ba6fcbe3e,27939,922fb35e-148d-9e82-7e65-bfa05e3b3515,CHARGE,1970.37,,2023-10-05T18:53:52Z,2023-10-05T19:09:07Z,c96d6792-27a3-3ef4-83f2-bb68e71023df,76601001,,,1,,,,1,2,Intramuscular injection (procedure),1970.37,,1,0.00,0.00,,0.00,922fb35e-148d-9e82-efee-c562cf1325a7,,922fb35e-148d-9e82-ddf6-2ce40891d73d,1,82bc312c-5140-37fe-a179-5ebad3a13196,82bc312c-5140-37fe-a179-5ebad3a13196
27707aa5-0eb4-dc56-2c53-496f3b8f5333,922fb35e-148d-9e82-edb2-b93ba6fcbe3e,27940,922fb35e-148d-9e82-7e65-bfa05e3b3515,PAYMENT,,ECHECK,2023-10-05T18:53:52Z,2023-10-05T19:09:07Z,c96d6792-27a3-3ef4-83f2-bb68e71023df,76601001,,,1,,,,1,2,Intramuscular injection (procedure),0.00,,,1182.22,0.00,,788.15,922fb35e-148d-9e82-efee-c562cf1325a7,,922fb35e-148d-9e82-ddf6-2ce40891d73d,1,82bc312c-5140-37fe-a179-5ebad3a13196,82bc312c-5140-37fe-a179-5ebad3a13196
4ee0f54a-1d69-c8ac-58a6-92de771ed666,922fb35e-148d-9e82-edb2-b93ba6fcbe3e,27941,922fb35e-148d-9e82-7e65-bfa05e3b3515,TRANSFEROUT,,,2023-10-05T18:53:52Z,2023-10-05T19:09:07Z,c96d6792-27a3-3ef4-83f2-bb68e71023df,76601001,,,1,,,,1,2,Intramuscular injection (procedure),0.00,,,0.00,0.00,788.15,788.15,922fb35e-148d-9e82-efee-c562cf1325a7,,922fb35e-148d-9e82-ddf6-2ce40891d73d,1,82bc312c-5140-37fe-a179-5ebad3a13196,82bc312c-5140-37fe-a179-5ebad3a13196
9dc1ea94-3ad3-c158-b14d-25bcee3ddccc,922fb35e-148d-9e82-edb2-b93ba6fcbe3e,27942,922fb35e-148d-9e82-7e65-bfa05e3b3515,TRANSFERIN,788.15,,2023-10-05T18:53:52Z,2023-10-05T19:09:07Z,c96d6792-27a3-3ef4-83f2-bb68e71023df,76601001,,,1,,,,1,2,Intramuscular injection (procedure),0.00,27941,p,0.00,0.00,788.15,788.15,922fb35e-148d-9e82-efee-c562cf1325a7,,922fb35e-148d-9e82-ddf6-2ce40891d73d,1,82bc312c-5140-37fe-a179-5ebad3a13196,82bc312c-5140-37fe-a179-5ebad3a13196
3b83d528-75a8-42b1-629a-4b79dc7c7999,922fb35e-148d-9e82-edb2-b93ba6fcbe3e,27943,922fb35e-148d-9e82-7e65-bfa05e3b3515,PAYMENT,,CHECK,2023-10-05T18:53:52Z,2023-10-05T19:09:07Z,c96d6792-27a3-3ef4-83f2-bb68e71023df,76601001,,,1,,,,1,2,Intramuscular injection (procedure),0.00,,,788.15,0.00,,0.00,922fb35e-148d-9e82-efee-c562cf1325a7,,922fb35e-148d-9e82-ddf6-2ce40891d73d,1,82bc312c-5140-37fe-a179-5ebad3a13196,82bc312c-5140-37fe-a179-5ebad3a13196
3c858082-8bb3-c10e-5011-03d21f0fdc82,922fb35e-148d-9e82-636d-538dff365a6c,27945,922fb35e-148d-9e82-7e65-bfa05e3b3515,CHARGE,138.42,,2023-11-30T19:54:21Z,2023-11-30T20:09:21Z,c96d6792-27a3-3ef4-83f2-bb68e71023df,698314001,,,1,,,,1,2,Consultation for treatment (procedure),138.42,,1,0.00,0.00,,0.00,922fb35e-148d-9e82-c0b0-a0a149fab018,,922fb35e-148d-9e82-2603-7fd9dad9d654,1,82bc312c-5140-37fe-a179-5ebad3a13196,82bc312c-5140-37fe-a179-5ebad3a13196
790b0105-1768-421c-a022-07a43e207904,922fb35e-148d-9e82-636d-538dff365a6c,27946,922fb35e-148d-9e82-7e65-bfa05e3b3515,TRANSFEROUT,,,2023-11-30T19:54:21Z,2023-11-30T20:09:21Z,c96d6792-27a3-3ef4-83f2-bb68e71023df,698314001,,,1,,,,1,2,Consultation for treatment (procedure),0.00,,,0.00,0.00,138.42,138.42,922fb35e-148d-9e82-c0b0-a0a149fab018,,922fb35e-148d-9e82-2603-7fd9dad9d654,1,82bc312c-5140-37fe-a179-5ebad3a13196,82bc312c-5140-37fe-a179-5ebad3a13196
f216020a-2ed1-9c38-4044-0f487c410a09,922fb35e-148d-9e82-636d-538dff365a6c,27947,922fb35e-148d-9e82-7e65-bfa05e3b3515,TRANSFERIN,138.42,,2023-11-30T19:54:21Z,2023-11-30T20:09:21Z,c96d6792-27a3-3ef4-83f2-bb68e71023df,698314001,,,1,,,,1,2,Consultation for treatment (procedure),0.00,27946,p,0.00,0.00,138.42,138.42,922fb35e-148d-9e82-c0b0-a0a149fab018,,922fb35e-148d-9e82-2603-7fd9dad9d654,1,82bc312c-5140-37fe-a179-5ebad3a13196,82bc312c-5140-37fe-a179-5ebad3a13196
e42c0414-5da4-3871-8088-1e90f8851412,922fb35e-148d-9e82-636d-538dff365a6c,27948,922fb35e-148d-9e82-7e65-bfa05e3b3515,PAYMENT,,CASH,2023-11-30T19:54:21Z,2023-11-30T20:09:21Z,c96d6792-27a3-3ef4-83f2-bb68e71023df,698314001,,,1,,,,1,2,Consultation for treatment (procedure),0.00,,,138.42,0.00,,0.00,922fb35e-148d-9e82-c0b0-a0a149fab018,,922fb35e-148d-9e82-2603-7fd9dad9d654,1,82bc312c-5140-37fe-a179-5ebad3a13196,82bc312c-5140-37fe-a179-5ebad3a13196
e76c223c-b506-475c-be62-ff4197e71b41,922fb35e-148d-9e82-5a4d-2d03cfd8df0e,27950,922fb35e-148d-9e82-7e65-bfa05e3b3515,CHARGE,485.21,,2023-11-30T19:54:21Z,2024-11-24T19:54:21Z,c96d6792-27a3-3ef4-83f2-bb68e71023df,757594,,,1,,,,1,2,{28 (norethindrone 0.35 MG Oral Tablet) } Pack [Jolivette 28 Day],485.21,,1,0.00,0.00,,0.00,922fb35e-148d-9e82-c0b0-a0a149fab018,,922fb35e-148d-9e82-2603-7fd9dad9d654,1,82bc312c-5140-37fe-a179-5ebad3a13196,82bc312c-5140-37fe-a179-5ebad3a13196
cee84479-6a0c-8eb9-7cf5-fe832fce3683,922fb35e-148d-9e82-5a4d-2d03cfd8df0e,27951,922fb35e-148d-9e82-7e65-bfa05e3b3515,TRANSFEROUT,,,2023-11-30T19:54:21Z,2024-11-24T19:54:21Z,c96d6792-27a3-3ef4-83f2-bb68e71023df,757594,,,1,,,,1,2,{28 (norethindrone 0.35 MG Oral Tablet) } Pack [Jolivette 28 Day],0.00,,,0.00,0.00,485.21,485.21,922fb35e-148d-9e82-c0b0-a0a149fab018,,922fb35e-148d-9e82-2603-7fd9dad9d654,1,82bc312c-5140-37fe-a179-5ebad3a13196,82bc312c-5140-37fe-a179-5ebad3a13196
9e0088f2-d419-1d73-fa1b-fd065f9c6d06,922fb35e-148d-9e82-5a4d-2d03cfd8df0e,27952,922fb35e-148d-9e82-7e65-bfa05e3b3515,TRANSFERIN,485.2100,,2023-11-30T19:54:21Z,2024-11-24T19:54:21Z,c96d6792-27a3-3ef4-83f2-bb68e71023df,757594,,,1,,,,1,2,{28 (norethindrone 0.35 MG Oral Tablet) } Pack [Jolivette 28 Day],0.00,27951,p,0.00,0.00,485.21,485.21,922fb35e-148d-9e82-c0b0-a0a149fab018,,922fb35e-148d-9e82-2603-7fd9dad9d654,1,82bc312c-5140-37fe-a179-5ebad3a13196,82bc312c-5140-37fe-a179-5ebad3a13196
3cc111e5-a832-3ae7-f4f7-fa0cbf38da0d,922fb35e-148d-9e82-5a4d-2d03cfd8df0e,27953,922fb35e-148d-9e82-7e65-bfa05e3b3515,PAYMENT,,CC,2023-11-30T19:54:21Z,2024-11-24T19:54:21Z,c96d6792-27a3-3ef4-83f2-bb68e71023df,757594,,,1,,,,1,2,{28 (norethindrone 0.35 MG Oral Tablet) } Pack [Jolivette 28 Day],0.00,,,485.21,0.00,,0.00,922fb35e-148d-9e82-c0b0-a0a149fab018,,922fb35e-148d-9e82-2603-7fd9dad9d654,1,82bc312c-5140-37fe-a179-5ebad3a13196,82bc312c-5140-37fe-a179-5ebad3a13196
3d6fd451-9078-0773-c873-252d311464f5,922fb35e-148d-9e82-ae67-f62a68d2227d,27955,922fb35e-148d-9e82-7e65-bfa05e3b3515,CHARGE,138.42,,2024-01-04T18:53:52Z,2024-01-04T19:12:12Z,c96d6792-27a3-3ef4-83f2-bb68e71023df,308335008,,,1,,,,1,2,Patient encounter procedure (procedure),138.42,,1,0.00,0.00,,0.00,922fb35e-148d-9e82-324c-46dd669c177d,,922fb35e-148d-9e82-2603-7fd9dad9d654,1,82bc312c-5140-37fe-a179-5ebad3a13196,82bc312c-5140-37fe-a179-5ebad3a13196
7adfafa3-20f0-0ee6-90e6-4d5a6228c9eb,922fb35e-148d-9e82-ae67-f62a68d2227d,27956,922fb35e-148d-9e82-7e65-bfa05e3b3515,TRANSFEROUT,,,2024-01-04T18:53:52Z,2024-01-04T19:12:12Z,c96d6792-27a3-3ef4-83f2-bb68e71023df,308335008,,,1,,,,1,2,Patient encounter procedure (procedure),0.00,,,0.00,0.00,138.42,138.42,922fb35e-148d-9e82-324c-46dd669c177d,,922fb35e-148d-9e82-2603-7fd9dad9d654,1,82bc312c-5140-37fe-a179-5ebad3a13196,82bc312c-5140-37fe-a179-5ebad3a13196
f5bf6346-41e0-1dcc-21cc-a6b4c45193d7,922fb35e-148d-9e82-ae67-f62a68d2227d,27957,922fb35e-148d-9e82-7e65-bfa05e3b3515,TRANSFERIN,138.42,,2024-01-04T18:53:52Z,2024-01-04T19:12:12Z,c96d6792-27a3-3ef4-83f2-bb68e71023df,308335008,,,1,,,,1,2,Patient encounter procedure (procedure),0.00,27956,p,0.00,0.00,138.42,138.42,922fb35e-148d-9e82-324c-46dd669c177d,,922fb35e-148d-9e82-2603-7fd9dad9d654,1,82bc312c-5140-37fe-a179-5ebad3a13196,82bc312c-5140-37fe-a179-5ebad3a13196
eb7edc8c-83c0-3b99-4399-536988a327ae,922fb35e-148d-9e82-ae67-f62a68d2227d,27958,922fb35e-148d-9e82-7e65-bfa05e3b3515,PAYMENT,,CHECK,2024-01-04T18:53:52Z,2024-01-04T19:12:12Z,c96d6792-27a3-3ef4-83f2-bb68e71023df,308335008,,,1,,,,1,2,Patient encounter procedure (procedure),0.00,,,138.42,0.00,,0.00,922fb35e-148d-9e82-324c-46dd669c177d,,922fb35e-148d-9e82-2603-7fd9dad9d654,1,82bc312c-5140-37fe-a179-5ebad3a13196,82bc312c-5140-37fe-a179-5ebad3a13196
9e41e01d-ccf5-c022-0cc4-5193d721cd66,922fb35e-148d-9e82-ae67-f62a68d2227d,27960,922fb35e-148d-9e82-7e65-bfa05e3b3515,CHARGE,1593.94,,2024-01-04T18:53:52Z,2024-01-04T19:12:12Z,c96d6792-27a3-3ef4-83f2-bb68e71023df,76601001,,,1,,,,1,2,Intramuscular injection (procedure),1593.94,,1,0.00,0.00,,0.00,922fb35e-148d-9e82-324c-46dd669c177d,,922fb35e-148d-9e82-2603-7fd9dad9d654,1,82bc312c-5140-37fe-a179-5ebad3a13196,82bc312c-5140-37fe-a179-5ebad3a13196
3c83c03b-99eb-805b-1988-a327ae439ad2,922fb35e-148d-9e82-ae67-f62a68d2227d,27961,922fb35e-148d-9e82-7e65-bfa05e3b3515,TRANSFEROUT,,,2024-01-04T18:53:52Z,2024-01-04T19:12:12Z,c96d6792-27a3-3ef4-83f2-bb68e71023df,76601001,,,1,,,,1,2,Intramuscular injection (procedure),0.00,,,0.00,0.00,1593.94,1593.94,922fb35e-148d-9e82-324c-46dd669c177d,,922fb35e-148d-9e82-2603-7fd9dad9d654,1,82bc312c-5140-37fe-a179-5ebad3a13196,82bc312c-5140-37fe-a179-5ebad3a13196
79078077-33d7-00c6-3311-464f5c8735d4,922fb35e-148d-9e82-ae67-f62a68d2227d,27962,922fb35e-148d-9e82-7e65-bfa05e3b3515,TRANSFERIN,1594,,2024-01-04T18:53:52Z,2024-01-04T19:12:12Z,c96d6792-27a3-3ef4-83f2-bb68e71023df,76601001,,,1,,,,1,2,Intramuscular injection (procedure),0.00,27961,p,0.00,0.00,1593.94,1593.94,922fb35e-148d-9e82-324c-46dd669c177d,,922fb35e-148d-9e82-2603-7fd9dad9d654,1,82bc312c-5140-37fe-a179-5ebad3a13196,82bc312c-5140-37fe-a179-5ebad3a13196
d545102b-fc7e-84b9-bd6c-27c2b20558f0,922fb35e-148d-9e82-676d-db1df8de48da,27965,922fb35e-148d-9e82-7e65-bfa05e3b3515,CHARGE,171.78,,2024-01-25T18:53:52Z,2024-01-25T19:52:54Z,c3fdf07c-4ba2-301b-8291-7e279679c67c,162673000,,,1,,,,1,20,General examination of patient (procedure),171.78,,1,0.00,0.00,,0.00,922fb35e-148d-9e82-99f1-8aa36d18014e,,922fb35e-148d-9e82-2603-7fd9dad9d654,1,1c3d58c6-c950-3c96-b499-55d4f5f14b0b,1c3d58c6-c950-3c96-b499-55d4f5f14b0b
aa8a2057-f8fd-0aa3-7ad8-4f85640ab211,922fb35e-148d-9e82-676d-db1df8de48da,27966,922fb35e-148d-9e82-7e65-bfa05e3b3515,TRANSFEROUT,,,2024-01-25T18:53:52Z,2024-01-25T19:52:54Z,c3fdf07c-4ba2-301b-8291-7e279679c67c,162673000,,,1,,,,1,20,General examination of patient (procedure),0.00,,,0.00,0.00,171.78,171.78,922fb35e-148d-9e82-99f1-8aa36d18014e,,922fb35e-148d-9e82-2603-7fd9dad9d654,1,1c3d58c6-c950-3c96-b499-55d4f5f14b0b,1c3d58c6-c950-3c96-b499-55d4f5f14b0b
551440af-f1fa-1647-f5b0-9f0ac8156722,922fb35e-148d-9e82-676d-db1df8de48da,27967,922fb35e-148d-9e82-7e65-bfa05e3b3515,TRANSFERIN,171.78,,2024-01-25T18:53:52Z,2024-01-25T19:52:54Z,c3fdf07c-4ba2-301b-8291-7e279679c67c,162673000,,,1,,,,1,20,General examination of patient (procedure),0.00,27966,p,0.00,0.00,171.78,171.78,922fb35e-148d-9e82-99f1-8aa36d18014e,,922fb35e-148d-9e82-2603-7fd9dad9d654,1,1c3d58c6-c950-3c96-b499-55d4f5f14b0b,1c3d58c6-c950-3c96-b499-55d4f5f14b0b
aa28815f-e3f4-338e-eb61-3e15902ad145,922fb35e-148d-9e82-676d-db1df8de48da,27968,922fb35e-148d-9e82-7e65-bfa05e3b3515,PAYMENT,,CC,2024-01-25T18:53:52Z,2024-01-25T19:52:54Z,c3fdf07c-4ba2-301b-8291-7e279679c67c,162673000,,,1,,,,1,20,General examination of patient (procedure),0.00,,,171.78,0.00,,0.00,922fb35e-148d-9e82-99f1-8aa36d18014e,,922fb35e-148d-9e82-2603-7fd9dad9d654,1,1c3d58c6-c950-3c96-b499-55d4f5f14b0b,1c3d58c6-c950-3c96-b499-55d4f5f14b0b
aff1fa46-2f55-1440-0ac8-15970af5b09f,922fb35e-148d-9e82-676d-db1df8de48da,27970,922fb35e-148d-9e82-7e65-bfa05e3b3515,CHARGE,136.00,,2024-01-25T18:53:52Z,1970-01-01T00:00:00Z,c3fdf07c-4ba2-301b-8291-7e279679c67c,140,,,1,,,,1,20,Influenza  split virus  trivalent  PF,136.00,,1,0.00,0.00,,0.00,922fb35e-148d-9e82-99f1-8aa36d18014e,,922fb35e-148d-9e82-2603-7fd9dad9d654,1,1c3d58c6-c950-3c96-b499-55d4f5f14b0b,1c3d58c6-c950-3c96-b499-55d4f5f14b0b
5fe3f493-5eaa-2881-1590-2b3115eb613e,922fb35e-148d-9e82-676d-db1df8de48da,27971,922fb35e-148d-9e82-7e65-bfa05e3b3515,TRANSFEROUT,,,2024-01-25T18:53:52Z,1970-01-01T00:00:00Z,c3fdf07c-4ba2-301b-8291-7e279679c67c,140,,,1,,,,1,20,Influenza  split virus  trivalent  PF,0.00,,,0.00,0.00,136.00,136.00,922fb35e-148d-9e82-99f1-8aa36d18014e,,922fb35e-148d-9e82-2603-7fd9dad9d654,1,1c3d58c6-c950-3c96-b499-55d4f5f14b0b,1c3d58c6-c950-3c96-b499-55d4f5f14b0b
bfc7e92a-bd54-5102-2b20-566e2bd6c27c,922fb35e-148d-9e82-676d-db1df8de48da,27972,922fb35e-148d-9e82-7e65-bfa05e3b3515,TRANSFERIN,136.00,,2024-01-25T18:53:52Z,1970-01-01T00:00:00Z,c3fdf07c-4ba2-301b-8291-7e279679c67c,140,,,1,,,,1,20,Influenza  split virus  trivalent  PF,0.00,27971,p,0.00,0.00,136.00,136.00,922fb35e-148d-9e82-99f1-8aa36d18014e,,922fb35e-148d-9e82-2603-7fd9dad9d654,1,1c3d58c6-c950-3c96-b499-55d4f5f14b0b,1c3d58c6-c950-3c96-b499-55d4f5f14b0b
7f8fd26b-7aa8-a205-5640-ace257ad84f8,922fb35e-148d-9e82-676d-db1df8de48da,27973,922fb35e-148d-9e82-7e65-bfa05e3b3515,PAYMENT,,CHECK,2024-01-25T18:53:52Z,1970-01-01T00:00:00Z,c3fdf07c-4ba2-301b-8291-7e279679c67c,140,,,1,,,,1,20,Influenza  split virus  trivalent  PF,0.00,,,136.00,0.00,,0.00,922fb35e-148d-9e82-99f1-8aa36d18014e,,922fb35e-148d-9e82-2603-7fd9dad9d654,1,1c3d58c6-c950-3c96-b499-55d4f5f14b0b,1c3d58c6-c950-3c96-b499-55d4f5f14b0b
fe3f4a3d-eaa2-8815-5902-b4195eb613e1,922fb35e-148d-9e82-676d-db1df8de48da,27975,922fb35e-148d-9e82-7e65-bfa05e3b3515,CHARGE,310.22,,2024-01-25T18:53:52Z,2024-01-25T19:08:52Z,c3fdf07c-4ba2-301b-8291-7e279679c67c,430193006,,,1,,,,1,20,Medication reconciliation (procedure),310.22,,1,0.00,0.00,,0.00,922fb35e-148d-9e82-99f1-8aa36d18014e,,922fb35e-148d-9e82-2603-7fd9dad9d654,1,1c3d58c6-c950-3c96-b499-55d4f5f14b0b,1c3d58c6-c950-3c96-b499-55d4f5f14b0b
fc7e94bb-d545-102b-b205-68f2bd6c27c2,922fb35e-148d-9e82-676d-db1df8de48da,27976,922fb35e-148d-9e82-7e65-bfa05e3b3515,TRANSFEROUT,,,2024-01-25T18:53:52Z,2024-01-25T19:08:52Z,c3fdf07c-4ba2-301b-8291-7e279679c67c,430193006,,,1,,,,1,20,Medication reconciliation (procedure),0.00,,,0.00,0.00,310.22,310.22,922fb35e-148d-9e82-99f1-8aa36d18014e,,922fb35e-148d-9e82-2603-7fd9dad9d654,1,1c3d58c6-c950-3c96-b499-55d4f5f14b0b,1c3d58c6-c950-3c96-b499-55d4f5f14b0b
f8fd2aa7-aa8a-2057-640a-d2157ad84f85,922fb35e-148d-9e82-676d-db1df8de48da,27977,922fb35e-148d-9e82-7e65-bfa05e3b3515,TRANSFERIN,310.22,,2024-01-25T18:53:52Z,2024-01-25T19:08:52Z,c3fdf07c-4ba2-301b-8291-7e279679c67c,430193006,,,1,,,,1,20,Medication reconciliation (procedure),0.00,27976,p,0.00,0.00,310.22,310.22,922fb35e-148d-9e82-99f1-8aa36d18014e,,922fb35e-148d-9e82-2603-7fd9dad9d654,1,1c3d58c6-c950-3c96-b499-55d4f5f14b0b,1c3d58c6-c950-3c96-b499-55d4f5f14b0b
f1fa564f-5514-40af-c815-a72af5b09f0a,922fb35e-148d-9e82-676d-db1df8de48da,27978,922fb35e-148d-9e82-7e65-bfa05e3b3515,PAYMENT,,CASH,2024-01-25T18:53:52Z,2024-01-25T19:08:52Z,c3fdf07c-4ba2-301b-8291-7e279679c67c,430193006,,,1,,,,1,20,Medication reconciliation (procedure),0.00,,,310.22,0.00,,0.00,922fb35e-148d-9e82-99f1-8aa36d18014e,,922fb35e-148d-9e82-2603-7fd9dad9d654,1,1c3d58c6-c950-3c96-b499-55d4f5f14b0b,1c3d58c6-c950-3c96-b499-55d4f5f14b0b
95aa8a20-57f8-fd42-037a-d84f85640aea,922fb35e-148d-9e82-676d-db1df8de48da,27980,922fb35e-148d-9e82-7e65-bfa05e3b3515,CHARGE,620.44,,2024-01-25T18:53:52Z,2024-01-25T19:52:54Z,c3fdf07c-4ba2-301b-8291-7e279679c67c,710824005,,,1,,,,1,20,Assessment of health and social care needs (procedure),620.44,,1,0.00,0.00,,0.00,922fb35e-148d-9e82-99f1-8aa36d18014e,,922fb35e-148d-9e82-2603-7fd9dad9d654,1,1c3d58c6-c950-3c96-b499-55d4f5f14b0b,1c3d58c6-c950-3c96-b499-55d4f5f14b0b
2b551440-aff1-fa86-06f5-b09f0ac815d7,922fb35e-148d-9e82-676d-db1df8de48da,27981,922fb35e-148d-9e82-7e65-bfa05e3b3515,TRANSFEROUT,,,2024-01-25T18:53:52Z,2024-01-25T19:52:54Z,c3fdf07c-4ba2-301b-8291-7e279679c67c,710824005,,,1,,,,1,20,Assessment of health and social care needs (procedure),0.00,,,0.00,0.00,620.44,620.44,922fb35e-148d-9e82-99f1-8aa36d18014e,,922fb35e-148d-9e82-2603-7fd9dad9d654,1,1c3d58c6-c950-3c96-b499-55d4f5f14b0b,1c3d58c6-c950-3c96-b499-55d4f5f14b0b
56aa2881-5fe3-f513-0deb-613e15902bb1,922fb35e-148d-9e82-676d-db1df8de48da,27982,922fb35e-148d-9e82-7e65-bfa05e3b3515,TRANSFERIN,620.44,,2024-01-25T18:53:52Z,2024-01-25T19:52:54Z,c3fdf07c-4ba2-301b-8291-7e279679c67c,710824005,,,1,,,,1,20,Assessment of health and social care needs (procedure),0.00,27981,p,0.00,0.00,620.44,620.44,922fb35e-148d-9e82-99f1-8aa36d18014e,,922fb35e-148d-9e82-2603-7fd9dad9d654,1,1c3d58c6-c950-3c96-b499-55d4f5f14b0b,1c3d58c6-c950-3c96-b499-55d4f5f14b0b
ad545102-bfc7-ea2a-1bd6-c27c2b20576e,922fb35e-148d-9e82-676d-db1df8de48da,27983,922fb35e-148d-9e82-7e65-bfa05e3b3515,PAYMENT,,CC,2024-01-25T18:53:52Z,2024-01-25T19:52:54Z,c3fdf07c-4ba2-301b-8291-7e279679c67c,710824005,,,1,,,,1,20,Assessment of health and social care needs (procedure),0.00,,,620.4400,0.00,,0.00,922fb35e-148d-9e82-99f1-8aa36d18014e,,922fb35e-148d-9e82-2603-7fd9dad9d654,1,1c3d58c6-c950-3c96-b499-55d4f5f14b0b,1c3d58c6-c950-3c96-b499-55d4f5f14b0b
b551440a-ff1f-a8e6-6f5b-09f0ac815df4,922fb35e-148d-9e82-676d-db1df8de48da,27985,922fb35e-148d-9e82-7e65-bfa05e3b3515,CHARGE,0.00,,2024-01-25T19:52:54Z,2024-01-25T20:03:03Z,c3fdf07c-4ba2-301b-8291-7e279679c67c,171207006,,,1,,,,1,20,Depression screening (procedure),0.00,,1,0.00,0.00,,0.00,922fb35e-148d-9e82-99f1-8aa36d18014e,,922fb35e-148d-9e82-2603-7fd9dad9d654,1,1c3d58c6-c950-3c96-b499-55d4f5f14b0b,1c3d58c6-c950-3c96-b499-55d4f5f14b0b
d545102b-fc7e-a4ba-bd6c-27c2b20578f1,922fb35e-148d-9e82-676d-db1df8de48da,27987,922fb35e-148d-9e82-7e65-bfa05e3b3515,CHARGE,0,,2024-01-25T20:03:03Z,2024-01-25T20:25:01Z,c3fdf07c-4ba2-301b-8291-7e279679c67c,171207006,,,1,,,,1,20,Depression screening (procedure),0.00,,1,0.00,0.00,,0.00,922fb35e-148d-9e82-99f1-8aa36d18014e,,922fb35e-148d-9e82-2603-7fd9dad9d654,1,1c3d58c6-c950-3c96-b499-55d4f5f14b0b,1c3d58c6-c950-3c96-b499-55d4f5f14b0b
551440af-f1fa-964b-f5b0-9f0ac815e726,922fb35e-148d-9e82-676d-db1df8de48da,27989,922fb35e-148d-9e82-7e65-bfa05e3b3515,CHARGE,0.00,,2024-01-25T20:25:01Z,2024-01-25T20:36:44Z,c3fdf07c-4ba2-301b-8291-7e279679c67c,428211000124100,,,1,,,,1,20,Assessment of substance use (procedure),0.00,,1,0.00,0.00,,0.00,922fb35e-148d-9e82-99f1-8aa36d18014e,,922fb35e-148d-9e82-2603-7fd9dad9d654,1,1c3d58c6-c950-3c96-b499-55d4f5f14b0b,1c3d58c6-c950-3c96-b499-55d4f5f14b0b
57f8fd62-99aa-8a20-8564-0b0a077ad84f,922fb35e-148d-9e82-676d-db1df8de48da,27991,922fb35e-148d-9e82-7e65-bfa05e3b3515,CHARGE,0.00,,2024-01-25T20:36:44Z,2024-01-25T21:00:06Z,c3fdf07c-4ba2-301b-8291-7e279679c67c,763302001,,,1,,,,1,20,Assessment using Alcohol Use Disorders Identification Test - Consumption (procedure),0.00,,1,0.00,0.00,,0.00,922fb35e-148d-9e82-99f1-8aa36d18014e,,922fb35e-148d-9e82-2603-7fd9dad9d654,1,1c3d58c6-c950-3c96-b499-55d4f5f14b0b,1c3d58c6-c950-3c96-b499-55d4f5f14b0b
5fe3f593-66aa-2881-1590-2c311deb613e,922fb35e-148d-9e82-676d-db1df8de48da,27993,922fb35e-148d-9e82-7e65-bfa05e3b3515,CHARGE,0.00,,2024-01-25T21:00:06Z,2024-01-25T21:09:40Z,c3fdf07c-4ba2-301b-8291-7e279679c67c,103697008,,,1,,,,1,20,Patient referral for dental care (procedure),0.00,,1,0,0.00,,0.00,922fb35e-148d-9e82-99f1-8aa36d18014e,,922fb35e-148d-9e82-2603-7fd9dad9d654,1,1c3d58c6-c950-3c96-b499-55d4f5f14b0b,1c3d58c6-c950-3c96-b499-55d4f5f14b0b
f47e7656-daac-4cca-23f3-fa6c821a1d19,922fb35e-148d-9e82-82f5-35f52075c7c4,27996,922fb35e-148d-9e82-7e65-bfa05e3b3515,TRANSFEROUT,,,2024-02-08T18:53:52Z,2024-02-08T21:25:01Z,c96d6792-27a3-3ef4-83f2-bb68e71023df,185349003,,,1,,,,1,1,Encounter for check up (procedure),0.00,,,0.00,0.00,83.05,83.05,922fb35e-148d-9e82-605c-28ee57b356a1,,922fb35e-148d-9e82-2603-7fd9dad9d654,1,82bc312c-5140-37fe-a179-5ebad3a13196,82bc312c-5140-37fe-a179-5ebad3a13196
e8fcecad-b658-9995-47e7-f4d907343a32,922fb35e-148d-9e82-82f5-35f52075c7c4,27997,922fb35e-148d-9e82-7e65-bfa05e3b3515,TRANSFERIN,83.05,,2024-02-08T18:53:52Z,2024-02-08T21:25:01Z,c96d6792-27a3-3ef4-83f2-bb68e71023df,185349003,,,1,,,,1,1,Encounter for check up (procedure),0.00,27996,p,0.00,0.00,83.05,83.05,922fb35e-148d-9e82-605c-28ee57b356a1,,922fb35e-148d-9e82-2603-7fd9dad9d654,1,82bc312c-5140-37fe-a179-5ebad3a13196,82bc312c-5140-37fe-a179-5ebad3a13196
d1f9d95b-73b1-332b-8fcf-e9b211687464,922fb35e-148d-9e82-82f5-35f52075c7c4,27998,922fb35e-148d-9e82-7e65-bfa05e3b3515,PAYMENT,,CC,2024-02-08T18:53:52Z,2024-02-08T21:25:01Z,c96d6792-27a3-3ef4-83f2-bb68e71023df,185349003,,,1,,,,1,1,Encounter for check up (procedure),0.00,,,83.05,0.00,,0.00,922fb35e-148d-9e82-605c-28ee57b356a1,,922fb35e-148d-9e82-2603-7fd9dad9d654,1,82bc312c-5140-37fe-a179-5ebad3a13196,82bc312c-5140-37fe-a179-5ebad3a13196
95e8fced-50a6-3b80-3247-e7f57bf71721,922fb35e-148d-9e82-82f5-35f52075c7c4,28000,922fb35e-148d-9e82-7e65-bfa05e3b3515,CHARGE,620.44,,2024-02-08T18:53:52Z,2024-02-08T19:29:28Z,c96d6792-27a3-3ef4-83f2-bb68e71023df,34043003,,,1,,,,1,1,Dental consultation and report (procedure),620.44,,1,0.00,0.00,,0.00,922fb35e-148d-9e82-605c-28ee57b356a1,,922fb35e-148d-9e82-2603-7fd9dad9d654,1,82bc312c-5140-37fe-a179-5ebad3a13196,82bc312c-5140-37fe-a179-5ebad3a13196
2bd1f9da-a153-7701-648f-cfeaf7f12e42,922fb35e-148d-9e82-82f5-35f52075c7c4,28001,922fb35e-148d-9e82-7e65-bfa05e3b3515,TRANSFEROUT,,,2024-02-08T18:53:52Z,2024-02-08T19:29:28Z,c96d6792-27a3-3ef4-83f2-bb68e71023df,34043003,,,1,,,,1,1,Dental consultation and report (procedure),0.00,,,0.00,0.00,620.44,620.44,922fb35e-148d-9e82-605c-28ee57b356a1,,922fb35e-148d-9e82-2603-7fd9dad9d654,1,82bc312c-5140-37fe-a179-5ebad3a13196,82bc312c-5140-37fe-a179-5ebad3a13196
57a3f3b5-42aa-ee02-c91f-9fd5efee5c84,922fb35e-148d-9e82-82f5-35f52075c7c4,28002,922fb35e-148d-9e82-7e65-bfa05e3b3515,TRANSFERIN,620.44,,2024-02-08T18:53:52Z,2024-02-08T19:29:28Z,c96d6792-27a3-3ef4-83f2-bb68e71023df,34043003,,,1,,,,1,1,Dental consultation and report (procedure),0.00,28001,p,0.00,0.00,620.44,620.44,922fb35e-148d-9e82-605c-28ee57b356a1,,922fb35e-148d-9e82-2603-7fd9dad9d654,1,82bc312c-5140-37fe-a179-5ebad3a13196,82bc312c-5140-37fe-a179-5ebad3a13196
af47e76a-856b-dc04-923f-3fabdfe2b909,922fb35e-148d-9e82-82f5-35f52075c7c4,28003,922fb35e-148d-9e82-7e65-bfa05e3b3515,PAYMENT,,CHECK,2024-02-08T18:53:52Z,2024-02-08T19:29:28Z,c96d6792-27a3-3ef4-83f2-bb68e71023df,34043003,,,1,,,,1,1,Dental consultation and report (procedure),0.00,,,620.44,0.00,,0.00,922fb35e-148d-9e82-605c-28ee57b356a1,,922fb35e-148d-9e82-2603-7fd9dad9d654,1,82bc312c-5140-37fe-a179-5ebad3a13196,82bc312c-5140-37fe-a179-5ebad3a13196
bd1f9daa-163f-7012-48fc-feaf801ae426,922fb35e-148d-9e82-82f5-35f52075c7c4,28005,922fb35e-148d-9e82-7e65-bfa05e3b3515,CHARGE,620.44,,2024-02-08T19:29:28Z,2024-02-08T19:50:22Z,c96d6792-27a3-3ef4-83f2-bb68e71023df,225362009,,,1,,,,1,1,Dental care (regime/therapy),620.44,,1,0.00,0.00,,0.00,922fb35e-148d-9e82-605c-28ee57b356a1,,922fb35e-148d-9e82-2603-7fd9dad9d654,1,82bc312c-5140-37fe-a179-5ebad3a13196,82bc312c-5140-37fe-a179-5ebad3a13196
f47e76a8-5aad-c04a-23f3-fabe021b9099,922fb35e-148d-9e82-82f5-35f52075c7c4,28007,922fb35e-148d-9e82-7e65-bfa05e3b3515,TRANSFERIN,620.44,,2024-02-08T19:29:28Z,2024-02-08T19:50:22Z,c96d6792-27a3-3ef4-83f2-bb68e71023df,225362009,,,1,,,,1,1,Dental care (regime/therapy),0.00,28006,p,0.00,0.00,620.44,620.44,922fb35e-148d-9e82-605c-28ee57b356a1,,922fb35e-148d-9e82-2603-7fd9dad9d654,1,82bc312c-5140-37fe-a179-5ebad3a13196,82bc312c-5140-37fe-a179-5ebad3a13196
e8fced50-b65b-8095-47e7-f57c07372132,922fb35e-148d-9e82-82f5-35f52075c7c4,28008,922fb35e-148d-9e82-7e65-bfa05e3b3515,PAYMENT,,CASH,2024-02-08T19:29:28Z,2024-02-08T19:50:22Z,c96d6792-27a3-3ef4-83f2-bb68e71023df,225362009,,,1,,,,1,1,Dental care (regime/therapy),0.00,,,620.44,0.00,,0.00,922fb35e-148d-9e82-605c-28ee57b356a1,,922fb35e-148d-9e82-2603-7fd9dad9d654,1,82bc312c-5140-37fe-a179-5ebad3a13196,82bc312c-5140-37fe-a179-5ebad3a13196
a872a1c0-4af4-7e76-be1a-0f909923f3fa,922fb35e-148d-9e82-82f5-35f52075c7c4,28010,922fb35e-148d-9e82-7e65-bfa05e3b3515,CHARGE,620.44,,2024-02-08T19:50:22Z,2024-02-08T20:16:41Z,c96d6792-27a3-3ef4-83f2-bb68e71023df,1260009003,,,1,,,,1,1,Removal of supragingival plaque and calculus from all teeth using dental instrument (procedure),620.44,,1,0.00,0.00,,0.00,922fb35e-148d-9e82-605c-28ee57b356a1,,922fb35e-148d-9e82-2603-7fd9dad9d654,1,82bc312c-5140-37fe-a179-5ebad3a13196,82bc312c-5140-37fe-a179-5ebad3a13196
50e64380-95e8-fced-7c37-1f213247e7f5,922fb35e-148d-9e82-82f5-35f52075c7c4,28011,922fb35e-148d-9e82-7e65-bfa05e3b3515,TRANSFEROUT,,,2024-02-08T19:50:22Z,2024-02-08T20:16:41Z,c96d6792-27a3-3ef4-83f2-bb68e71023df,1260009003,,,1,,,,1,1,Removal of supragingival plaque and calculus from all teeth using dental instrument (procedure),0.00,,,0.00,0.00,620.44,620.44,922fb35e-148d-9e82-605c-28ee57b356a1,,922fb35e-148d-9e82-2603-7fd9dad9d654,1,82bc312c-5140-37fe-a179-5ebad3a13196,82bc312c-5140-37fe-a179-5ebad3a13196
a1d38701-2bd1-f9da-f871-3e42648fcfea,922fb35e-148d-9e82-82f5-35f52075c7c4,28012,922fb35e-148d-9e82-7e65-bfa05e3b3515,TRANSFERIN,620.44,,2024-02-08T19:50:22Z,2024-02-08T20:16:41Z,c96d6792-27a3-3ef4-83f2-bb68e71023df,1260009003,,,1,,,,1,1,Removal of supragingival plaque and calculus from all teeth using dental instrument (procedure),0.00,28011,p,0.00,0.00,620.44,620.44,922fb35e-148d-9e82-605c-28ee57b356a1,,922fb35e-148d-9e82-2603-7fd9dad9d654,1,82bc312c-5140-37fe-a179-5ebad3a13196,82bc312c-5140-37fe-a179-5ebad3a13196
43ab0e02-57a3-f3b5-f0ee-7c84c91f9fd5,922fb35e-148d-9e82-82f5-35f52075c7c4,28013,922fb35e-148d-9e82-7e65-bfa05e3b3515,PAYMENT,,CC,2024-02-08T19:50:22Z,2024-02-08T20:16:41Z,c96d6792-27a3-3ef4-83f2-bb68e71023df,1260009003,,,1,,,,1,1,Removal of supragingival plaque and calculus from all teeth using dental instrument (procedure),0.00,,,620.44,0.00,,0.00,922fb35e-148d-9e82-605c-28ee57b356a1,,922fb35e-148d-9e82-2603-7fd9dad9d654,1,82bc312c-5140-37fe-a179-5ebad3a13196,82bc312c-5140-37fe-a179-5ebad3a13196
0ee83809-5e8f-ced5-c3f5-f213247e7f57,922fb35e-148d-9e82-82f5-35f52075c7c4,28015,922fb35e-148d-9e82-7e65-bfa05e3b3515,CHARGE,620.44,,2024-02-08T20:16:41Z,2024-02-08T20:40:07Z,c96d6792-27a3-3ef4-83f2-bb68e71023df,1260010008,,,1,,,,1,1,Removal of subgingival plaque and calculus from all teeth using dental instrument (procedure),620.44,,1,0.00,0.00,,0.00,922fb35e-148d-9e82-605c-28ee57b356a1,,922fb35e-148d-9e82-2603-7fd9dad9d654,1,82bc312c-5140-37fe-a179-5ebad3a13196,82bc312c-5140-37fe-a179-5ebad3a13196
1e007012-bd1f-9daa-881b-e42648fcfeaf,922fb35e-148d-9e82-82f5-35f52075c7c4,28016,922fb35e-148d-9e82-7e65-bfa05e3b3515,PAYMENT,,ECHECK,2024-02-08T20:16:41Z,2024-02-08T20:40:07Z,c96d6792-27a3-3ef4-83f2-bb68e71023df,1260010008,,,1,,,,1,1,Removal of subgingival plaque and calculus from all teeth using dental instrument (procedure),0.00,,,125.11,0.00,,495.33,922fb35e-148d-9e82-605c-28ee57b356a1,,922fb35e-148d-9e82-2603-7fd9dad9d654,1,82bc312c-5140-37fe-a179-5ebad3a13196,82bc312c-5140-37fe-a179-5ebad3a13196
3cc0e025-7a3f-3b54-10f7-c84c91f9fd5f,922fb35e-148d-9e82-82f5-35f52075c7c4,28017,922fb35e-148d-9e82-7e65-bfa05e3b3515,TRANSFEROUT,,,2024-02-08T20:16:41Z,2024-02-08T20:40:07Z,c96d6792-27a3-3ef4-83f2-bb68e71023df,1260010008,,,1,,,,1,1,Removal of subgingival plaque and calculus from all teeth using dental instrument (procedure),0.00,,,0.00,0.00,495.33,495.33,922fb35e-148d-9e82-605c-28ee57b356a1,,922fb35e-148d-9e82-2603-7fd9dad9d654,1,82bc312c-5140-37fe-a179-5ebad3a13196,82bc312c-5140-37fe-a179-5ebad3a13196
7ab1c04a-f47e-76a8-221f-909923f3fabe,922fb35e-148d-9e82-82f5-35f52075c7c4,28018,922fb35e-148d-9e82-7e65-bfa05e3b3515,TRANSFERIN,495.33,,2024-02-08T20:16:41Z,2024-02-08T20:40:07Z,c96d6792-27a3-3ef4-83f2-bb68e71023df,1260010008,,,1,,,,1,1,Removal of subgingival plaque and calculus from all teeth using dental instrument (procedure),0.00,28017,p,0.00,0.00,495.33,495.33,922fb35e-148d-9e82-605c-28ee57b356a1,,922fb35e-148d-9e82-2603-7fd9dad9d654,1,82bc312c-5140-37fe-a179-5ebad3a13196,82bc312c-5140-37fe-a179-5ebad3a13196
f6638095-e8fc-ed50-473f-213247e7f57c,922fb35e-148d-9e82-82f5-35f52075c7c4,28019,922fb35e-148d-9e82-7e65-bfa05e3b3515,PAYMENT,,CC,2024-02-08T20:16:41Z,2024-02-08T20:40:07Z,c96d6792-27a3-3ef4-83f2-bb68e71023df,1260010008,,,1,,,,1,1,Removal of subgingival plaque and calculus from all teeth using dental instrument (procedure),0.00,,,495.33,0.00,,0.00,922fb35e-148d-9e82-605c-28ee57b356a1,,922fb35e-148d-9e82-2603-7fd9dad9d654,1,82bc312c-5140-37fe-a179-5ebad3a13196,82bc312c-5140-37fe-a179-5ebad3a13196
4af47e76-a892-9a80-9923-f3fabe3a0850,922fb35e-148d-9e82-82f5-35f52075c7c4,28021,922fb35e-148d-9e82-7e65-bfa05e3b3515,CHARGE,620.44,,2024-02-08T20:40:07Z,2024-02-08T21:10:07Z,c96d6792-27a3-3ef4-83f2-bb68e71023df,241046008,,,1,,,,1,1,Dental plain X-ray bitewing (procedure),620.44,,1,0.00,0.00,,0.00,922fb35e-148d-9e82-605c-28ee57b356a1,,922fb35e-148d-9e82-2603-7fd9dad9d654,1,82bc312c-5140-37fe-a179-5ebad3a13196,82bc312c-5140-37fe-a179-5ebad3a13196
95e8fced-5126-3500-3247-e7f57c7710a1,922fb35e-148d-9e82-82f5-35f52075c7c4,28022,922fb35e-148d-9e82-7e65-bfa05e3b3515,PAYMENT,,ECHECK,2024-02-08T20:40:07Z,2024-02-08T21:10:07Z,c96d6792-27a3-3ef4-83f2-bb68e71023df,241046008,,,1,,,,1,1,Dental plain X-ray bitewing (procedure),0.00,,,372.26,0.00,,248.18,922fb35e-148d-9e82-605c-28ee57b356a1,,922fb35e-148d-9e82-2603-7fd9dad9d654,1,82bc312c-5140-37fe-a179-5ebad3a13196,82bc312c-5140-37fe-a179-5ebad3a13196
2bd1f9da-a253-6a01-648f-cfeaf8f12142,922fb35e-148d-9e82-82f5-35f52075c7c4,28023,922fb35e-148d-9e82-7e65-bfa05e3b3515,TRANSFEROUT,,,2024-02-08T20:40:07Z,2024-02-08T21:10:07Z,c96d6792-27a3-3ef4-83f2-bb68e71023df,241046008,,,1,,,,1,1,Dental plain X-ray bitewing (procedure),0.00,,,0.00,0.00,248.18,248.18,922fb35e-148d-9e82-605c-28ee57b356a1,,922fb35e-148d-9e82-2603-7fd9dad9d654,1,82bc312c-5140-37fe-a179-5ebad3a13196,82bc312c-5140-37fe-a179-5ebad3a13196
57a3f3b5-44aa-d402-c91f-9fd5f1ee4284,922fb35e-148d-9e82-82f5-35f52075c7c4,28024,922fb35e-148d-9e82-7e65-bfa05e3b3515,TRANSFERIN,248.18,,2024-02-08T20:40:07Z,2024-02-08T21:10:07Z,c96d6792-27a3-3ef4-83f2-bb68e71023df,241046008,,,1,,,,1,1,Dental plain X-ray bitewing (procedure),0.00,28023,p,0.00,0.00,248.18,248.18,922fb35e-148d-9e82-605c-28ee57b356a1,,922fb35e-148d-9e82-2603-7fd9dad9d654,1,82bc312c-5140-37fe-a179-5ebad3a13196,82bc312c-5140-37fe-a179-5ebad3a13196
af47e76a-896b-a804-923f-3fabe3e28509,922fb35e-148d-9e82-82f5-35f52075c7c4,28025,922fb35e-148d-9e82-7e65-bfa05e3b3515,PAYMENT,,CC,2024-02-08T20:40:07Z,2024-02-08T21:10:07Z,c96d6792-27a3-3ef4-83f2-bb68e71023df,241046008,,,1,,,,1,1,Dental plain X-ray bitewing (procedure),0.00,,,248.18,0.00,,0.00,922fb35e-148d-9e82-605c-28ee57b356a1,,922fb35e-148d-9e82-2603-7fd9dad9d654,1,82bc312c-5140-37fe-a179-5ebad3a13196,82bc312c-5140-37fe-a179-5ebad3a13196
bd1f9daa-263e-a012-48fc-feaf901a1426,922fb35e-148d-9e82-82f5-35f52075c7c4,28027,922fb35e-148d-9e82-7e65-bfa05e3b3515,CHARGE,620.44,,2024-02-08T20:40:07Z,2024-02-08T21:19:37Z,c96d6792-27a3-3ef4-83f2-bb68e71023df,274788003,,,1,,,,1,1,Examination of gingivae (procedure),620.44,,1,0.00,0.00,,0.00,922fb35e-148d-9e82-605c-28ee57b356a1,,922fb35e-148d-9e82-2603-7fd9dad9d654,1,82bc312c-5140-37fe-a179-5ebad3a13196,82bc312c-5140-37fe-a179-5ebad3a13196
7a3f3b54-4cbd-4025-91f9-fd5f20f4284c,922fb35e-148d-9e82-82f5-35f52075c7c4,28028,922fb35e-148d-9e82-7e65-bfa05e3b3515,PAYMENT,,ECHECK,2024-02-08T20:40:07Z,2024-02-08T21:19:37Z,c96d6792-27a3-3ef4-83f2-bb68e71023df,274788003,,,1,,,,1,1,Examination of gingivae (procedure),0.00,,,372.26,0.00,,248.18,922fb35e-148d-9e82-605c-28ee57b356a1,,922fb35e-148d-9e82-2603-7fd9dad9d654,1,82bc312c-5140-37fe-a179-5ebad3a13196,82bc312c-5140-37fe-a179-5ebad3a13196
f47e76a8-9aaa-804a-23f3-fabe42185099,922fb35e-148d-9e82-82f5-35f52075c7c4,28029,922fb35e-148d-9e82-7e65-bfa05e3b3515,TRANSFEROUT,,,2024-02-08T20:40:07Z,2024-02-08T21:19:37Z,c96d6792-27a3-3ef4-83f2-bb68e71023df,274788003,,,1,,,,1,1,Examination of gingivae (procedure),0.00,,,0,0.00,248.18,248.18,922fb35e-148d-9e82-605c-28ee57b356a1,,922fb35e-148d-9e82-2603-7fd9dad9d654,1,82bc312c-5140-37fe-a179-5ebad3a13196,82bc312c-5140-37fe-a179-5ebad3a13196
aa2c01a0-12bd-1f9d-af96-1d142648fcfe,922fb35e-148d-9e82-82f5-35f52075c7c4,28030,922fb35e-148d-9e82-7e65-bfa05e3b3515,TRANSFERIN,248.18,,2024-02-08T20:40:07Z,2024-02-08T21:19:37Z,c96d6792-27a3-3ef4-83f2-bb68e71023df,274788003,,,1,,,,1,1,Examination of gingivae (procedure),0.00,28029,p,0.00,0.00,248.18,248.18,922fb35e-148d-9e82-605c-28ee57b356a1,,922fb35e-148d-9e82-2603-7fd9dad9d654,1,82bc312c-5140-37fe-a179-5ebad3a13196,82bc312c-5140-37fe-a179-5ebad3a13196
5458c340-257a-3f3b-5f2c-fa284c91f9fd,922fb35e-148d-9e82-82f5-35f52075c7c4,28031,922fb35e-148d-9e82-7e65-bfa05e3b3515,PAYMENT,,CC,2024-02-08T20:40:07Z,2024-02-08T21:19:37Z,c96d6792-27a3-3ef4-83f2-bb68e71023df,274788003,,,1,,,,1,1,Examination of gingivae (procedure),0.00,,,248.18,0.00,,0.00,922fb35e-148d-9e82-605c-28ee57b356a1,,922fb35e-148d-9e82-2603-7fd9dad9d654,1,82bc312c-5140-37fe-a179-5ebad3a13196,82bc312c-5140-37fe-a179-5ebad3a13196
51663d00-95e8-fced-7cb7-18a13247e7f5,922fb35e-148d-9e82-82f5-35f52075c7c4,28033,922fb35e-148d-9e82-7e65-bfa05e3b3515,CHARGE,620.44,,2024-02-08T21:19:37Z,2024-02-08T21:25:01Z,c96d6792-27a3-3ef4-83f2-bb68e71023df,243085009,,,1,,,,1,1,Oral health education (procedure),620.44,,1,0.00,0.00,,0.00,922fb35e-148d-9e82-605c-28ee57b356a1,,922fb35e-148d-9e82-2603-7fd9dad9d654,1,82bc312c-5140-37fe-a179-5ebad3a13196,82bc312c-5140-37fe-a179-5ebad3a13196
a2d37a01-2bd1-f9da-f971-3142648fcfea,922fb35e-148d-9e82-82f5-35f52075c7c4,28034,922fb35e-148d-9e82-7e65-bfa05e3b3515,PAYMENT,,ECHECK,2024-02-08T21:19:37Z,2024-02-08T21:25:01Z,c96d6792-27a3-3ef4-83f2-bb68e71023df,243085009,,,1,,,,1,1,Oral health education (procedure),0.00,,,372.26,0.00,,248.18,922fb35e-148d-9e82-605c-28ee57b356a1,,922fb35e-148d-9e82-2603-7fd9dad9d654,1,82bc312c-5140-37fe-a179-5ebad3a13196,82bc312c-5140-37fe-a179-5ebad3a13196
45aaf402-57a3-f3b5-f2ee-6284c91f9fd5,922fb35e-148d-9e82-82f5-35f52075c7c4,28035,922fb35e-148d-9e82-7e65-bfa05e3b3515,TRANSFEROUT,,,2024-02-08T21:19:37Z,2024-02-08T21:25:01Z,c96d6792-27a3-3ef4-83f2-bb68e71023df,243085009,,,1,,,,1,1,Oral health education (procedure),0.00,,,0.00,0.00,248.18,248.18,922fb35e-148d-9e82-605c-28ee57b356a1,,922fb35e-148d-9e82-2603-7fd9dad9d654,1,82bc312c-5140-37fe-a179-5ebad3a13196,82bc312c-5140-37fe-a179-5ebad3a13196
8b6be804-af47-e76a-e5e2-c509923f3fab,922fb35e-148d-9e82-82f5-35f52075c7c4,28036,922fb35e-148d-9e82-7e65-bfa05e3b3515,TRANSFERIN,248.18,,2024-02-08T21:19:37Z,2024-02-08T21:25:01Z,c96d6792-27a3-3ef4-83f2-bb68e71023df,243085009,,,1,,,,1,1,Oral health education (procedure),0.00,28035,p,0.00,0.00,248.18,248.18,922fb35e-148d-9e82-605c-28ee57b356a1,,922fb35e-148d-9e82-2603-7fd9dad9d654,1,82bc312c-5140-37fe-a179-5ebad3a13196,82bc312c-5140-37fe-a179-5ebad3a13196
16e7d009-5e8f-ced5-cbf5-8a13247e7f57,922fb35e-148d-9e82-82f5-35f52075c7c4,28037,922fb35e-148d-9e82-7e65-bfa05e3b3515,PAYMENT,,CC,2024-02-08T21:19:37Z,2024-02-08T21:25:01Z,c96d6792-27a3-3ef4-83f2-bb68e71023df,243085009,,,1,,,,1,1,Oral health education (procedure),0.00,,,248.18,0.00,,0.00,922fb35e-148d-9e82-605c-28ee57b356a1,,922fb35e-148d-9e82-2603-7fd9dad9d654,1,82bc312c-5140-37fe-a179-5ebad3a13196,82bc312c-5140-37fe-a179-5ebad3a13196
03eaa309-89ea-3f50-1f5e-b695af644cba,922fb35e-148d-9e82-10ba-e8f796efec5c,28039,922fb35e-148d-9e82-7e65-bfa05e3b3515,CHARGE,138.42,,2024-04-04T18:53:52Z,2024-04-04T19:10:12Z,c96d6792-27a3-3ef4-83f2-bb68e71023df,308335008,,,1,,,,1,2,Patient encounter procedure (procedure),138.42,,1,0.00,0.00,,0.00,922fb35e-148d-9e82-1a32-03b60d4100a2,,922fb35e-148d-9e82-2603-7fd9dad9d654,1,82bc312c-5140-37fe-a179-5ebad3a13196,82bc312c-5140-37fe-a179-5ebad3a13196
84c4f51f-aae7-b551-4ad7-b2265ff56f5b,922fb35e-148d-9e82-10ba-e8f796efec5c,28041,922fb35e-148d-9e82-7e65-bfa05e3b3515,TRANSFEROUT,,,2024-04-04T18:53:52Z,2024-04-04T19:10:12Z,c96d6792-27a3-3ef4-83f2-bb68e71023df,308335008,,,1,,,,1,2,Patient encounter procedure (procedure),0.00,,,0.00,0.00,55.37,55.37,922fb35e-148d-9e82-1a32-03b60d4100a2,,922fb35e-148d-9e82-2603-7fd9dad9d654,1,82bc312c-5140-37fe-a179-5ebad3a13196,82bc312c-5140-37fe-a179-5ebad3a13196
0989ea3f-563f-6aa3-95af-644cc01adeb6,922fb35e-148d-9e82-10ba-e8f796efec5c,28042,922fb35e-148d-9e82-7e65-bfa05e3b3515,TRANSFERIN,55.37,,2024-04-04T18:53:52Z,2024-04-04T19:10:12Z,c96d6792-27a3-3ef4-83f2-bb68e71023df,308335008,,,1,,,,1,2,Patient encounter procedure (procedure),0.00,28041,p,0.00,0.00,55.37,55.37,922fb35e-148d-9e82-1a32-03b60d4100a2,,922fb35e-148d-9e82-2603-7fd9dad9d654,1,82bc312c-5140-37fe-a179-5ebad3a13196,82bc312c-5140-37fe-a179-5ebad3a13196
1313d47e-acbe-d546-2b5e-c89980f5bd6d,922fb35e-148d-9e82-10ba-e8f796efec5c,28043,922fb35e-148d-9e82-7e65-bfa05e3b3515,PAYMENT,,CC,2024-04-04T18:53:52Z,2024-04-04T19:10:12Z,c96d6792-27a3-3ef4-83f2-bb68e71023df,308335008,,,1,,,,1,2,Patient encounter procedure (procedure),0.00,,,55.37,0.00,,0.00,922fb35e-148d-9e82-1a32-03b60d4100a2,,922fb35e-148d-9e82-2603-7fd9dad9d654,1,82bc312c-5140-37fe-a179-5ebad3a13196,82bc312c-5140-37fe-a179-5ebad3a13196
4c4f51fa-b65b-5518-ad7b-22660736f5b4,922fb35e-148d-9e82-10ba-e8f796efec5c,28045,922fb35e-148d-9e82-7e65-bfa05e3b3515,CHARGE,5261.9800,,2024-04-04T18:53:52Z,2024-04-04T19:10:12Z,c96d6792-27a3-3ef4-83f2-bb68e71023df,76601001,,,1,,,,1,2,Intramuscular injection (procedure),5261.98,,1,0.00,0.00,,0.00,922fb35e-148d-9e82-1a32-03b60d4100a2,,922fb35e-148d-9e82-2603-7fd9dad9d654,1,82bc312c-5140-37fe-a179-5ebad3a13196,82bc312c-5140-37fe-a179-5ebad3a13196
989ea3f5-73b6-aa30-5af6-44cc116deb69,922fb35e-148d-9e82-10ba-e8f796efec5c,28046,922fb35e-148d-9e82-7e65-bfa05e3b3515,PAYMENT,,ECHECK,2024-04-04T18:53:52Z,2024-04-04T19:10:12Z,c96d6792-27a3-3ef4-83f2-bb68e71023df,76601001,,,1,,,,1,2,Intramuscular injection (procedure),0.00,,,3157.19,0.00,,2104.79,922fb35e-148d-9e82-1a32-03b60d4100a2,,922fb35e-148d-9e82-2603-7fd9dad9d654,1,82bc312c-5140-37fe-a179-5ebad3a13196,82bc312c-5140-37fe-a179-5ebad3a13196
313d47ea-eb6d-5461-b5ec-89982edbd6d2,922fb35e-148d-9e82-10ba-e8f796efec5c,28047,922fb35e-148d-9e82-7e65-bfa05e3b3515,TRANSFEROUT,,,2024-04-04T18:53:52Z,2024-04-04T19:10:12Z,c96d6792-27a3-3ef4-83f2-bb68e71023df,76601001,,,1,,,,1,2,Intramuscular injection (procedure),0.00,,,0.00,0.00,2104.79,2104.79,922fb35e-148d-9e82-1a32-03b60d4100a2,,922fb35e-148d-9e82-2603-7fd9dad9d654,1,82bc312c-5140-37fe-a179-5ebad3a13196,82bc312c-5140-37fe-a179-5ebad3a13196
627a8fd5-ecda-a8c2-6bd9-133063b7ada5,922fb35e-148d-9e82-10ba-e8f796efec5c,28048,922fb35e-148d-9e82-7e65-bfa05e3b3515,TRANSFERIN,2104.79,,2024-04-04T18:53:52Z,2024-04-04T19:10:12Z,c96d6792-27a3-3ef4-83f2-bb68e71023df,76601001,,,1,,,,1,2,Intramuscular injection (procedure),0.00,28047,p,0.00,0.00,2104.79,2104.79,922fb35e-148d-9e82-1a32-03b60d4100a2,,922fb35e-148d-9e82-2603-7fd9dad9d654,1,82bc312c-5140-37fe-a179-5ebad3a13196,82bc312c-5140-37fe-a179-5ebad3a13196
c4f51fab-e9b5-5184-d7b2-2660f76f5b4a,922fb35e-148d-9e82-10ba-e8f796efec5c,28049,922fb35e-148d-9e82-7e65-bfa05e3b3515,PAYMENT,,CC,2024-04-04T18:53:52Z,2024-04-04T19:10:12Z,c96d6792-27a3-3ef4-83f2-bb68e71023df,76601001,,,1,,,,1,2,Intramuscular injection (procedure),0.00,,,2104.79,0.00,,0.00,922fb35e-148d-9e82-1a32-03b60d4100a2,,922fb35e-148d-9e82-2603-7fd9dad9d654,1,82bc312c-5140-37fe-a179-5ebad3a13196,82bc312c-5140-37fe-a179-5ebad3a13196
a0e1d450-f5ee-13d4-b6b5-252c968a78a9,922fb35e-148d-9e82-e816-ca13d0dd3dff,28051,922fb35e-148d-9e82-7e65-bfa05e3b3515,CHARGE,138.42,,2024-07-04T18:53:52Z,2024-07-04T19:10:59Z,c96d6792-27a3-3ef4-83f2-bb68e71023df,308335008,,,1,,,,1,2,Patient encounter procedure (procedure),138.42,,1,0.00,0.00,,0.00,922fb35e-148d-9e82-6407-4a0be5dffd19,,922fb35e-148d-9e82-2603-7fd9dad9d654,1,82bc312c-5140-37fe-a179-5ebad3a13196,82bc312c-5140-37fe-a179-5ebad3a13196
41c3afa1-ebdc-27a9-6d6a-4d592d14f153,922fb35e-148d-9e82-e816-ca13d0dd3dff,28052,922fb35e-148d-9e82-7e65-bfa05e3b3515,PAYMENT,,ECHECK,2024-07-04T18:53:52Z,2024-07-04T19:10:59Z,c96d6792-27a3-3ef4-83f2-bb68e71023df,308335008,,,1,,,,1,2,Patient encounter procedure (procedure),0.00,,,138.42,0.00,,0.00,922fb35e-148d-9e82-6407-4a0be5dffd19,,922fb35e-148d-9e82-2603-7fd9dad9d654,1,82bc312c-5140-37fe-a179-5ebad3a13196,82bc312c-5140-37fe-a179-5ebad3a13196
070edc87-af70-9ea5-b5a9-5364b453c54d,922fb35e-148d-9e82-e816-ca13d0dd3dff,28054,922fb35e-148d-9e82-7e65-bfa05e3b3515,CHARGE,1593.94,,2024-07-04T18:53:52Z,2024-07-04T19:10:59Z,c96d6792-27a3-3ef4-83f2-bb68e71023df,76601001,,,1,,,,1,2,Intramuscular injection (procedure),1593.94,,1,0.00,0.00,,0.00,922fb35e-148d-9e82-6407-4a0be5dffd19,,922fb35e-148d-9e82-2603-7fd9dad9d654,1,82bc312c-5140-37fe-a179-5ebad3a13196,82bc312c-5140-37fe-a179-5ebad3a13196
0e1dc90f-5ee1-3d4a-6b52-d6c968a78a9b,922fb35e-148d-9e82-e816-ca13d0dd3dff,28055,922fb35e-148d-9e82-7e65-bfa05e3b3515,PAYMENT,,ECHECK,2024-07-04T18:53:52Z,2024-07-04T19:10:59Z,c96d6792-27a3-3ef4-83f2-bb68e71023df,76601001,,,1,,,,1,2,Intramuscular injection (procedure),0.00,,,1593.94,0.00,,0.00,922fb35e-148d-9e82-6407-4a0be5dffd19,,922fb35e-148d-9e82-2603-7fd9dad9d654,1,82bc312c-5140-37fe-a179-5ebad3a13196,82bc312c-5140-37fe-a179-5ebad3a13196
ca081c19-3d68-44df-d7c2-25dfc54df894,922fb35e-148d-9e82-bec3-33a384d84943,28057,922fb35e-148d-9e82-7e65-bfa05e3b3515,CHARGE,138.42,,2024-10-03T18:53:52Z,2024-10-03T19:08:52Z,c96d6792-27a3-3ef4-83f2-bb68e71023df,308335008,,,1,,,,1,2,Patient encounter procedure (procedure),138.42,,1,0.00,0.00,,0.00,922fb35e-148d-9e82-7b44-5e903e1a2c48,,922fb35e-148d-9e82-2603-7fd9dad9d654,1,82bc312c-5140-37fe-a179-5ebad3a13196,82bc312c-5140-37fe-a179-5ebad3a13196
c4103832-7ad0-89bf-df84-4bbf8a9bf129,922fb35e-148d-9e82-bec3-33a384d84943,28058,922fb35e-148d-9e82-7e65-bfa05e3b3515,PAYMENT,,ECHECK,2024-10-03T18:53:52Z,2024-10-03T19:08:52Z,c96d6792-27a3-3ef4-83f2-bb68e71023df,308335008,,,1,,,,1,2,Patient encounter procedure (procedure),0.00,,,138.42,0.00,,0.00,922fb35e-148d-9e82-7b44-5e903e1a2c48,,922fb35e-148d-9e82-2603-7fd9dad9d654,1,82bc312c-5140-37fe-a179-5ebad3a13196,82bc312c-5140-37fe-a179-5ebad3a13196
193d6844-e2c7-681c-dfc5-4df897d52225,922fb35e-148d-9e82-bec3-33a384d84943,28060,922fb35e-148d-9e82-7e65-bfa05e3b3515,CHARGE,1593.94,,2024-10-03T18:53:52Z,2024-10-03T19:07:30Z,c96d6792-27a3-3ef4-83f2-bb68e71023df,76601001,,,1,,,,1,2,Intramuscular injection (procedure),1593.94,,1,0.00,0.00,,0.00,922fb35e-148d-9e82-7b44-5e903e1a2c48,,922fb35e-148d-9e82-2603-7fd9dad9d654,1,82bc312c-5140-37fe-a179-5ebad3a13196,82bc312c-5140-37fe-a179-5ebad3a13196
327ad089-c5fe-d038-bf8a-9bf12fda444b,922fb35e-148d-9e82-bec3-33a384d84943,28061,922fb35e-148d-9e82-7e65-bfa05e3b3515,PAYMENT,,ECHECK,2024-10-03T18:53:52Z,2024-10-03T19:07:30Z,c96d6792-27a3-3ef4-83f2-bb68e71023df,76601001,,,1,,,,1,2,Intramuscular injection (procedure),0.00,,,1593.94,0.00,,0.00,922fb35e-148d-9e82-7b44-5e903e1a2c48,,922fb35e-148d-9e82-2603-7fd9dad9d654,1,82bc312c-5140-37fe-a179-5ebad3a13196,82bc312c-5140-37fe-a179-5ebad3a13196
b724d3a5-763f-47ad-44a9-c7b9e01abbc1,922fb35e-148d-9e82-c194-8aec771dc6d1,28063,922fb35e-148d-9e82-7e65-bfa05e3b3515,CHARGE,138.42,,2025-01-02T18:53:52Z,2025-01-02T19:11:36Z,c96d6792-27a3-3ef4-83f2-bb68e71023df,308335008,,,1,,,,1,2,Patient encounter procedure (procedure),138.42,,1,0.00,0.00,,0.00,922fb35e-148d-9e82-6630-813b7d4f72b1,,922fb35e-148d-9e82-5719-5d72a4bbf735,1,82bc312c-5140-37fe-a179-5ebad3a13196,82bc312c-5140-37fe-a179-5ebad3a13196
6e49a74a-ecbe-8f5b-8953-8f73c0f57782,922fb35e-148d-9e82-c194-8aec771dc6d1,28064,922fb35e-148d-9e82-7e65-bfa05e3b3515,TRANSFEROUT,,,2025-01-02T18:53:52Z,2025-01-02T19:11:36Z,c96d6792-27a3-3ef4-83f2-bb68e71023df,308335008,,,1,,,,1,2,Patient encounter procedure (procedure),0.00,,,0.00,0.00,138.42,138.42,922fb35e-148d-9e82-6630-813b7d4f72b1,,922fb35e-148d-9e82-5719-5d72a4bbf735,1,82bc312c-5140-37fe-a179-5ebad3a13196,82bc312c-5140-37fe-a179-5ebad3a13196
dc934e95-daad-1eb6-12a7-1ee7821aef05,922fb35e-148d-9e82-c194-8aec771dc6d1,28065,922fb35e-148d-9e82-7e65-bfa05e3b3515,TRANSFERIN,138.42,,2025-01-02T18:53:52Z,2025-01-02T19:11:36Z,c96d6792-27a3-3ef4-83f2-bb68e71023df,308335008,,,1,,,,1,2,Patient encounter procedure (procedure),0.00,28064,p,0.00,0.00,138.42,138.42,922fb35e-148d-9e82-6630-813b7d4f72b1,,922fb35e-148d-9e82-5719-5d72a4bbf735,1,82bc312c-5140-37fe-a179-5ebad3a13196,82bc312c-5140-37fe-a179-5ebad3a13196
b9269d2b-b65a-3d6d-254e-3dcf0735de0a,922fb35e-148d-9e82-c194-8aec771dc6d1,28066,922fb35e-148d-9e82-7e65-bfa05e3b3515,PAYMENT,,CHECK,2025-01-02T18:53:52Z,2025-01-02T19:11:36Z,c96d6792-27a3-3ef4-83f2-bb68e71023df,308335008,,,1,,,,1,2,Patient encounter procedure (procedure),0.00,,,138.42,0.00,,0.00,922fb35e-148d-9e82-6630-813b7d4f72b1,,922fb35e-148d-9e82-5719-5d72a4bbf735,1,82bc312c-5140-37fe-a179-5ebad3a13196,82bc312c-5140-37fe-a179-5ebad3a13196
e49a74ae-eb68-f5b6-9538-f73c2ed77828,922fb35e-148d-9e82-c194-8aec771dc6d1,28068,922fb35e-148d-9e82-7e65-bfa05e3b3515,CHARGE,3332.69,,2025-01-02T18:53:52Z,2025-01-02T19:11:36Z,c96d6792-27a3-3ef4-83f2-bb68e71023df,76601001,,,1,,,,1,2,Intramuscular injection (procedure),3332.69,,1,0.00,0.00,,0.00,922fb35e-148d-9e82-6630-813b7d4f72b1,,922fb35e-148d-9e82-5719-5d72a4bbf735,1,82bc312c-5140-37fe-a179-5ebad3a13196,82bc312c-5140-37fe-a179-5ebad3a13196
c934e95d-ecd1-eb6d-2a71-ee7863aef051,922fb35e-148d-9e82-c194-8aec771dc6d1,28069,922fb35e-148d-9e82-7e65-bfa05e3b3515,TRANSFEROUT,,,2025-01-02T18:53:52Z,2025-01-02T19:11:36Z,c96d6792-27a3-3ef4-83f2-bb68e71023df,76601001,,,1,,,,1,2,Intramuscular injection (procedure),0.00,,,0.00,0.00,3332.69,3332.69,922fb35e-148d-9e82-6630-813b7d4f72b1,,922fb35e-148d-9e82-5719-5d72a4bbf735,1,82bc312c-5140-37fe-a179-5ebad3a13196,82bc312c-5140-37fe-a179-5ebad3a13196
57d3847a-db72-4d3a-9e71-3bbc144a9c7b,922fb35e-148d-9e82-c194-8aec771dc6d1,28070,922fb35e-148d-9e82-7e65-bfa05e3b3515,TRANSFERIN,"3,332.69",,2025-01-02T18:53:52Z,2025-01-02T19:11:36Z,c96d6792-27a3-3ef4-83f2-bb68e71023df,76601001,,,1,,,,1,2,Intramuscular injection (procedure),0.00,28069,p,0.00,0.00,3332.69,3332.69,922fb35e-148d-9e82-6630-813b7d4f72b1,,922fb35e-148d-9e82-5719-5d72a4bbf735,1,82bc312c-5140-37fe-a179-5ebad3a13196,82bc312c-5140-37fe-a179-5ebad3a13196
afab08f5-b6e4-9a74-3cee-7778289538f7,922fb35e-148d-9e82-c194-8aec771dc6d1,28071,922fb35e-148d-9e82-7e65-bfa05e3b3515,PAYMENT,,CASH,2025-01-02T18:53:52Z,2025-01-02T19:11:36Z,c96d6792-27a3-3ef4-83f2-bb68e71023df,76601001,,,1,,,,1,2,Intramuscular injection (procedure),0.00,,,3332.69,0.00,,0.00,922fb35e-148d-9e82-6630-813b7d4f72b1,,922fb35e-148d-9e82-5719-5d72a4bbf735,1,82bc312c-5140-37fe-a179-5ebad3a13196,82bc312c-5140-37fe-a179-5ebad3a13196
dd0ab0d1-6022-87cf-53e7-b5b4dea9b82a,922fb35e-148d-9e82-b3d6-3003eae368a0,28073,922fb35e-148d-9e82-7e65-bfa05e3b3515,CHARGE,138.42,,2025-04-03T18:53:52Z,2025-04-03T19:10:35Z,c96d6792-27a3-3ef4-83f2-bb68e71023df,308335008,,,1,,,,1,2,Patient encounter procedure (procedure),138.42,,1,0.00,0.00,,0.00,922fb35e-148d-9e82-3a0e-0d81fea91e98,,922fb35e-148d-9e82-5719-5d72a4bbf735,1,82bc312c-5140-37fe-a179-5ebad3a13196,82bc312c-5140-37fe-a179-5ebad3a13196
ca1561a2-c045-0f9f-d7cf-6b69bd537054,922fb35e-148d-9e82-b3d6-3003eae368a0,28074,922fb35e-148d-9e82-7e65-bfa05e3b3515,TRANSFEROUT,,,2025-04-03T18:53:52Z,2025-04-03T19:10:35Z,c96d6792-27a3-3ef4-83f2-bb68e71023df,308335008,,,1,,,,1,2,Patient encounter procedure (procedure),0.00,,,0.00,0.00,138.42,138.42,922fb35e-148d-9e82-3a0e-0d81fea91e98,,922fb35e-148d-9e82-5719-5d72a4bbf735,1,82bc312c-5140-37fe-a179-5ebad3a13196,82bc312c-5140-37fe-a179-5ebad3a13196
c42ac345-808a-1f3f-df9e-d6d37aa6e0a9,922fb35e-148d-9e82-b3d6-3003eae368a0,28075,922fb35e-148d-9e82-7e65-bfa05e3b3515,TRANSFERIN,138.42,,2025-04-03T18:53:52Z,2025-04-03T19:10:35Z,c96d6792-27a3-3ef4-83f2-bb68e71023df,308335008,,,1,,,,1,2,Patient encounter procedure (procedure),0.00,28074,p,0.00,0.00,138.42,138.42,922fb35e-148d-9e82-3a0e-0d81fea91e98,,922fb35e-148d-9e82-5719-5d72a4bbf735,1,82bc312c-5140-37fe-a179-5ebad3a13196,82bc312c-5140-37fe-a179-5ebad3a13196
4855868b-0114-3e80-7f3d-ada6f54dc154,922fb35e-148d-9e82-b3d6-3003eae368a0,28076,922fb35e-148d-9e82-7e65-bfa05e3b3515,PAYMENT,,CC,2025-04-03T18:53:52Z,2025-04-03T19:10:35Z,c96d6792-27a3-3ef4-83f2-bb68e71023df,308335008,,,1,,,,1,2,Patient encounter procedure (procedure),0.00,,,138.42,0.00,,0.00,922fb35e-148d-9e82-3a0e-0d81fea91e98,,922fb35e-148d-9e82-5719-5d72a4bbf735,1,82bc312c-5140-37fe-a179-5ebad3a13196,82bc312c-5140-37fe-a179-5ebad3a13196
27561a2c-0450-fa04-02f6-b69bd5370555,922fb35e-148d-9e82-b3d6-3003eae368a0,28078,922fb35e-148d-9e82-7e65-bfa05e3b3515,CHARGE,1593.94,,2025-04-03T18:53:52Z,2025-04-03T19:10:35Z,c96d6792-27a3-3ef4-83f2-bb68e71023df,76601001,,,1,,,,1,2,Intramuscular injection (procedure),1593.94,,1,0.00,0.00,,0.00,922fb35e-148d-9e82-3a0e-0d81fea91e98,,922fb35e-148d-9e82-5719-5d72a4bbf735,1,82bc312c-5140-37fe-a179-5ebad3a13196,82bc312c-5140-37fe-a179-5ebad3a13196
4eac3458-08a1-f40f-05ed-6d37aa6e0aad,922fb35e-148d-9e82-b3d6-3003eae368a0,28079,922fb35e-148d-9e82-7e65-bfa05e3b3515,TRANSFEROUT,,,2025-04-03T18:53:52Z,2025-04-03T19:10:35Z,c96d6792-27a3-3ef4-83f2-bb68e71023df,76601001,,,1,,,,1,2,Intramuscular injection (procedure),0.00,,,0.00,0.00,1593.94,1593.94,922fb35e-148d-9e82-3a0e-0d81fea91e98,,922fb35e-148d-9e82-5719-5d72a4bbf735,1,82bc312c-5140-37fe-a179-5ebad3a13196,82bc312c-5140-37fe-a179-5ebad3a13196
1602287d-19ab-ab0d-4dea-9b82c1197b5b,922fb35e-148d-9e82-b3d6-3003eae368a0,28080,922fb35e-148d-9e82-7e65-bfa05e3b3515,TRANSFERIN,1593.94,,2025-04-03T18:53:52Z,2025-04-03T19:10:35Z,c96d6792-27a3-3ef4-83f2-bb68e71023df,76601001,,,1,,,,1,2,Intramuscular injection (procedure),0.00,28079,p,0.00,0.00,1593.94,1593.94,922fb35e-148d-9e82-3a0e-0d81fea91e98,,922fb35e-148d-9e82-5719-5d72a4bbf735,1,82bc312c-5140-37fe-a179-5ebad3a13196,82bc312c-5140-37fe-a179-5ebad3a13196
2c0450fa-3457-561a-9bd5-37058532f6b6,922fb35e-148d-9e82-b3d6-3003eae368a0,28081,922fb35e-148d-9e82-7e65-bfa05e3b3515,PAYMENT,,CHECK,2025-04-03T18:53:52Z,2025-04-03T19:10:35Z,c96d6792-27a3-3ef4-83f2-bb68e71023df,76601001,,,1,,,,1,2,Intramuscular injection (procedure),0.00,,,1593.94,0.00,,0.00,922fb35e-148d-9e82-3a0e-0d81fea91e98,,922fb35e-148d-9e82-5719-5d72a4bbf735,1,82bc312c-5140-37fe-a179-5ebad3a13196,82bc312c-5140-37fe-a179-5ebad3a13196
9caeffcc-f197-8439-84d6-1c852f281870,922fb35e-148d-9e82-e19d-19f6794d78a1,28083,922fb35e-148d-9e82-7e65-bfa05e3b3515,CHARGE,83.05,,2025-06-18T21:53:52Z,2025-06-18T22:08:52Z,c96d6792-27a3-3ef4-83f2-bb68e71023df,185345009,,,1,2,,,1,1,Encounter for symptom (procedure),83.05,,1,0.00,0.00,,0.00,922fb35e-148d-9e82-811d-e19b2a8daec2,,922fb35e-148d-9e82-5719-5d72a4bbf735,1,82bc312c-5140-37fe-a179-5ebad3a13196,82bc312c-5140-37fe-a179-5ebad3a13196
395dff99-e32f-09a3-09ac-390a5e503111,922fb35e-148d-9e82-e19d-19f6794d78a1,28084,922fb35e-148d-9e82-7e65-bfa05e3b3515,TRANSFEROUT,,,2025-06-18T21:53:52Z,2025-06-18T22:08:52Z,c96d6792-27a3-3ef4-83f2-bb68e71023df,185345009,,,1,2,,,1,1,Encounter for symptom (procedure),0.00,,,0.00,0.00,83.05,83.05,922fb35e-148d-9e82-811d-e19b2a8daec2,,922fb35e-148d-9e82-5719-5d72a4bbf735,1,82bc312c-5140-37fe-a179-5ebad3a13196,82bc312c-5140-37fe-a179-5ebad3a13196
72bbff33-c65e-1446-1358-7214bca06522,922fb35e-148d-9e82-e19d-19f6794d78a1,28085,922fb35e-148d-9e82-7e65-bfa05e3b3515,TRANSFERIN,83,,2025-06-18T21:53:52Z,2025-06-18T22:08:52Z,c96d6792-27a3-3ef4-83f2-bb68e71023df,185345009,,,1,2,,,1,1,Encounter for symptom (procedure),0.00,28084,p,0.00,0.00,83.05,83.05,922fb35e-148d-9e82-811d-e19b2a8daec2,,922fb35e-148d-9e82-5719-5d72a4bbf735,1,82bc312c-5140-37fe-a179-5ebad3a13196,82bc312c-5140-37fe-a179-5ebad3a13196
e577fe67-8cbc-2f8c-26b0-e4297940cd44,922fb35e-148d-9e82-e19d-19f6794d78a1,28086,922fb35e-148d-9e82-7e65-bfa05e3b3515,PAYMENT,,CASH,2025-06-18T21:53:52Z,2025-06-18T22:08:52Z,c96d6792-27a3-3ef4-83f2-bb68e71023df,185345009,,,1,2,,,1,1,Encounter for symptom (procedure),0.00,,,83.05,0.00,,0.00,922fb35e-148d-9e82-811d-e19b2a8daec2,,922fb35e-148d-9e82-5719-5d72a4bbf735,1,82bc312c-5140-37fe-a179-5ebad3a13196,82bc312c-5140-37fe-a179-5ebad3a13196
5af1a06d-0469-e518-2c99-0e3d52a47a79,922fb35e-148d-9e82-6f90-af0af65f1d05,28088,922fb35e-148d-9e82-7e65-bfa05e3b3515,CHARGE,138.42,,2025-08-14T18:53:52Z,2025-08-14T19:08:52Z,c96d6792-27a3-3ef4-83f2-bb68e71023df,424441002,,,1,2,,,1,1,Prenatal initial visit (regime/therapy),138.42,,1,0.00,0.00,,0.00,922fb35e-148d-9e82-6a72-4001ef191d37,,922fb35e-148d-9e82-5719-5d72a4bbf735,1,82bc312c-5140-37fe-a179-5ebad3a13196,82bc312c-5140-37fe-a179-5ebad3a13196
b5e440da-08d3-ca30-5935-1c7aa548f4f2,922fb35e-148d-9e82-6f90-af0af65f1d05,28089,922fb35e-148d-9e82-7e65-bfa05e3b3515,TRANSFEROUT,,,2025-08-14T18:53:52Z,2025-08-14T19:08:52Z,c96d6792-27a3-3ef4-83f2-bb68e71023df,424441002,,,1,2,,,1,1,Prenatal initial visit (regime/therapy),0.00,,,0.00,0.00,138.42,138.42,922fb35e-148d-9e82-6a72-4001ef191d37,,922fb35e-148d-9e82-5719-5d72a4bbf735,1,82bc312c-5140-37fe-a179-5ebad3a13196,82bc312c-5140-37fe-a179-5ebad3a13196
b68234f2-8c2d-8439-9ea9-523d3c965870,922fb35e-148d-9e82-6f90-af0af65f1d05,28090,922fb35e-148d-9e82-7e65-bfa05e3b3515,TRANSFERIN,138.42,,2025-08-14T18:53:52Z,2025-08-14T19:08:52Z,c96d6792-27a3-3ef4-83f2-bb68e71023df,424441002,,,1,2,,,1,1,Prenatal initial visit (regime/therapy),0.00,28089,p,0.00,0.00,138.42,138.42,922fb35e-148d-9e82-6a72-4001ef191d37,,922fb35e-148d-9e82-5719-5d72a4bbf735,1,82bc312c-5140-37fe-a179-5ebad3a13196,82bc312c-5140-37fe-a179-5ebad3a13196
6d0469e5-185b-09a3-3d52-a47a792cb111,922fb35e-148d-9e82-6f90-af0af65f1d05,28091,922fb35e-148d-9e82-7e65-bfa05e3b3515,PAYMENT,,CC,2025-08-14T18:53:52Z,2025-08-14T19:08:52Z,c96d6792-27a3-3ef4-83f2-bb68e71023df,424441002,,,1,2,,,1,1,Prenatal initial visit (regime/therapy),0.00,,,138.42,0.00,,0.00,922fb35e-148d-9e82-6a72-4001ef191d37,,922fb35e-148d-9e82-5719-5d72a4bbf735,1,82bc312c-5140-37fe-a179-5ebad3a13196,82bc312c-5140-37fe-a179-5ebad3a13196
b411a794-616c-2f8d-f54a-91e9e4b2cd44,922fb35e-148d-9e82-6f90-af0af65f1d05,28093,922fb35e-148d-9e82-7e65-bfa05e3b3515,CHARGE,8231.7600,,2025-08-14T18:53:52Z,2025-08-14T19:08:52Z,c96d6792-27a3-3ef4-83f2-bb68e71023df,252160004,,,1,2,,,1,1,Standard pregnancy test (procedure),8231.76,,1,0.00,0.00,,0.00,922fb35e-148d-9e82-6a72-4001ef191d37,,922fb35e-148d-9e82-5719-5d72a4bbf735,1,82bc312c-5140-37fe-a179-5ebad3a13196,82bc312c-5140-37fe-a179-5ebad3a13196
68234f28-c2d8-631b-ea95-23d3c965a689,922fb35e-148d-9e82-6f90-af0af65f1d05,28094,922fb35e-148d-9e82-7e65-bfa05e3b3515,PAYMENT,,ECHECK,2025-08-14T18:53:52Z,2025-08-14T19:08:52Z,c96d6792-27a3-3ef4-83f2-bb68e71023df,252160004,,,1,2,,,1,1,Standard pregnancy test (procedure),0.00,,,4537.62,0.00,,3694.14,922fb35e-148d-9e82-6a72-4001ef191d37,,922fb35e-148d-9e82-5719-5d72a4bbf735,1,82bc312c-5140-37fe-a179-5ebad3a13196,82bc312c-5140-37fe-a179-5ebad3a13196
d0469e51-85b0-dc36-d52a-47a792cb5313,922fb35e-148d-9e82-6f90-af0af65f1d05,28095,922fb35e-148d-9e82-7e65-bfa05e3b3515,TRANSFEROUT,,,2025-08-14T18:53:52Z,2025-08-14T19:08:52Z,c96d6792-27a3-3ef4-83f2-bb68e71023df,252160004,,,1,2,,,1,1,Standard pregnancy test (procedure),0.00,,,0.00,0.00,3694.14,3694.14,922fb35e-148d-9e82-6a72-4001ef191d37,,922fb35e-148d-9e82-5719-5d72a4bbf735,1,82bc312c-5140-37fe-a179-5ebad3a13196,82bc312c-5140-37fe-a179-5ebad3a13196
a08d3ca3-0b61-c86d-aa54-8f4f2596d627,922fb35e-148d-9e82-6f90-af0af65f1d05,28096,922fb35e-148d-9e82-7e65-bfa05e3b3515,TRANSFERIN,3694.14,,2025-08-14T18:53:52Z,2025-08-14T19:08:52Z,c96d6792-27a3-3ef4-83f2-bb68e71023df,252160004,,,1,2,,,1,1,Standard pregnancy test (procedure),0.00,28095,p,0.00,0.00,3694.14,3694.14,922fb35e-148d-9e82-6a72-4001ef191d37,,922fb35e-148d-9e82-5719-5d72a4bbf735,1,82bc312c-5140-37fe-a179-5ebad3a13196,82bc312c-5140-37fe-a179-5ebad3a13196
411a7946-16c3-c0db-54a9-1e9e4b2ddc4f,922fb35e-148d-9e82-6f90-af0af65f1d05,28097,922fb35e-148d-9e82-7e65-bfa05e3b3515,PAYMENT,,CC,2025-08-14T18:53:52Z,2025-08-14T19:08:52Z,c96d6792-27a3-3ef4-83f2-bb68e71023df,252160004,,,1,2,,,1,1,Standard pregnancy test (procedure),0.00,,,3694.14,0.00,,0.00,922fb35e-148d-9e82-6a72-4001ef191d37,,922fb35e-148d-9e82-5719-5d72a4bbf735,1,82bc312c-5140-37fe-a179-5ebad3a13196,82bc312c-5140-37fe-a179-5ebad3a13196
0469e518-5b11-9b6d-52a4-7a792cb9093d,922fb35e-148d-9e82-6f90-af0af65f1d05,28099,922fb35e-148d-9e82-7e65-bfa05e3b3515,CHARGE,5824.38,,2025-08-14T18:53:52Z,2025-08-14T19:08:52Z,c96d6792-27a3-3ef4-83f2-bb68e71023df,169230002,,,1,2,,,1,1,Ultrasound scan for fetal viability (procedure),5824.38,,1,0.00,0.00,,0.00,922fb35e-148d-9e82-6a72-4001ef191d37,,922fb35e-148d-9e82-5719-5d72a4bbf735,1,82bc312c-5140-37fe-a179-5ebad3a13196,82bc312c-5140-37fe-a179-5ebad3a13196
bb643e5a-08d3-ca30-5eb5-19faa548f4f2,922fb35e-148d-9e82-6f90-af0af65f1d05,28100,922fb35e-148d-9e82-7e65-bfa05e3b3515,PAYMENT,,ECHECK,2025-08-14T18:53:52Z,2025-08-14T19:08:52Z,c96d6792-27a3-3ef4-83f2-bb68e71023df,169230002,,,1,2,,,1,1,Ultrasound scan for fetal viability (procedure),0.00,,,3494.63,0.00,,2329.75,922fb35e-148d-9e82-6a72-4001ef191d37,,922fb35e-148d-9e82-5719-5d72a4bbf735,1,82bc312c-5140-37fe-a179-5ebad3a13196,82bc312c-5140-37fe-a179-5ebad3a13196
76cf7cb4-11a7-9461-bd6d-33f54a91e9e4,922fb35e-148d-9e82-6f90-af0af65f1d05,28101,922fb35e-148d-9e82-7e65-bfa05e3b3515,TRANSFEROUT,,,2025-08-14T18:53:52Z,2025-08-14T19:08:52Z,c96d6792-27a3-3ef4-83f2-bb68e71023df,169230002,,,1,2,,,1,1,Ultrasound scan for fetal viability (procedure),0.00,,,0.00,0.00,2329.75,2329.75,922fb35e-148d-9e82-6a72-4001ef191d37,,922fb35e-148d-9e82-5719-5d72a4bbf735,1,82bc312c-5140-37fe-a179-5ebad3a13196,82bc312c-5140-37fe-a179-5ebad3a13196
eda2f968-234f-28c2-7ae6-67ea9523d3c9,922fb35e-148d-9e82-6f90-af0af65f1d05,28102,922fb35e-148d-9e82-7e65-bfa05e3b3515,TRANSFERIN,2329.75,,2025-08-14T18:53:52Z,2025-08-14T19:08:52Z,c96d6792-27a3-3ef4-83f2-bb68e71023df,169230002,,,1,2,,,1,1,Ultrasound scan for fetal viability (procedure),0.00,28101,p,0.00,0.00,2329.75,2329.75,922fb35e-148d-9e82-6a72-4001ef191d37,,922fb35e-148d-9e82-5719-5d72a4bbf735,1,82bc312c-5140-37fe-a179-5ebad3a13196,82bc312c-5140-37fe-a179-5ebad3a13196
db5bf2d0-469e-5185-f5d2-cfd52a47a792,922fb35e-148d-9e82-6f90-af0af65f1d05,28103,922fb35e-148d-9e82-7e65-bfa05e3b3515,PAYMENT,,CC,2025-08-14T18:53:52Z,2025-08-14T19:08:52Z,c96d6792-27a3-3ef4-83f2-bb68e71023df,169230002,,,1,2,,,1,1,Ultrasound scan for fetal viability (procedure),0.00,,,2329.75,0.00,,0.00,922fb35e-148d-9e82-6a72-4001ef191d37,,922fb35e-148d-9e82-5719-5d72a4bbf735,1,82bc312c-5140-37fe-a179-5ebad3a13196,82bc312c-5140-37fe-a179-5ebad3a13196
6dffcb41-1a79-4617-d7db-3f54a91e9e4b,922fb35e-148d-9e82-6f90-af0af65f1d05,28105,922fb35e-148d-9e82-7e65-bfa05e3b3515,CHARGE,4296.66,,2025-08-14T18:53:52Z,2025-08-14T19:08:52Z,c96d6792-27a3-3ef4-83f2-bb68e71023df,274804006,,,1,2,,,1,1,Evaluation of uterine fundal height (procedure),4296.66,,1,0.00,0.00,,0.00,922fb35e-148d-9e82-6a72-4001ef191d37,,922fb35e-148d-9e82-5719-5d72a4bbf735,1,82bc312c-5140-37fe-a179-5ebad3a13196,82bc312c-5140-37fe-a179-5ebad3a13196
dc3f9682-34f2-8c2e-b076-7ea9523d3c97,922fb35e-148d-9e82-6f90-af0af65f1d05,28106,922fb35e-148d-9e82-7e65-bfa05e3b3515,PAYMENT,,ECHECK,2025-08-14T18:53:52Z,2025-08-14T19:08:52Z,c96d6792-27a3-3ef4-83f2-bb68e71023df,274804006,,,1,2,,,1,1,Evaluation of uterine fundal height (procedure),0.00,,,2578.00,0.00,,1718.66,922fb35e-148d-9e82-6a72-4001ef191d37,,922fb35e-148d-9e82-5719-5d72a4bbf735,1,82bc312c-5140-37fe-a179-5ebad3a13196,82bc312c-5140-37fe-a179-5ebad3a13196
b9af2d04-69e5-185d-611c-fd52a47a792f,922fb35e-148d-9e82-6f90-af0af65f1d05,28107,922fb35e-148d-9e82-7e65-bfa05e3b3515,TRANSFEROUT,,,2025-08-14T18:53:52Z,2025-08-14T19:08:52Z,c96d6792-27a3-3ef4-83f2-bb68e71023df,274804006,,,1,2,,,1,1,Evaluation of uterine fundal height (procedure),0.00,,,0.00,0.00,1718.66,1718.66,922fb35e-148d-9e82-6a72-4001ef191d37,,922fb35e-148d-9e82-5719-5d72a4bbf735,1,82bc312c-5140-37fe-a179-5ebad3a13196,82bc312c-5140-37fe-a179-5ebad3a13196
745e5a08-d3ca-30bb-c539-faa548f4f25e,922fb35e-148d-9e82-6f90-af0af65f1d05,28108,922fb35e-148d-9e82-7e65-bfa05e3b3515,TRANSFERIN,1718.66,,2025-08-14T18:53:52Z,2025-08-14T19:08:52Z,c96d6792-27a3-3ef4-83f2-bb68e71023df,274804006,,,1,2,,,1,1,Evaluation of uterine fundal height (procedure),0.00,28107,p,0.00,0.00,1718.66,1718.66,922fb35e-148d-9e82-6a72-4001ef191d37,,922fb35e-148d-9e82-5719-5d72a4bbf735,1,82bc312c-5140-37fe-a179-5ebad3a13196,82bc312c-5140-37fe-a179-5ebad3a13196
efbcb411-a794-6176-8d73-f54a91e9e4bd,922fb35e-148d-9e82-6f90-af0af65f1d05,28109,922fb35e-148d-9e82-7e65-bfa05e3b3515,PAYMENT,,CC,2025-08-14T18:53:52Z,2025-08-14T19:08:52Z,c96d6792-27a3-3ef4-83f2-bb68e71023df,274804006,,,1,2,,,1,1,Evaluation of uterine fundal height (procedure),0.00,,,1718.66,0.00,,0.00,922fb35e-148d-9e82-6a72-4001ef191d37,,922fb35e-148d-9e82-5719-5d72a4bbf735,1,82bc312c-5140-37fe-a179-5ebad3a13196,82bc312c-5140-37fe-a179-5ebad3a13196
08d3ca30-bba4-3a5a-a548-f4f25ef515fa,922fb35e-148d-9e82-6f90-af0af65f1d05,28111,922fb35e-148d-9e82-7e65-bfa05e3b3515,CHARGE,8599.49,,2025-08-14T18:53:52Z,2025-08-14T19:08:52Z,c96d6792-27a3-3ef4-83f2-bb68e71023df,225158009,,,1,2,,,1,1,Auscultation of the fetal heart (procedure),8599.49,,1,0.00,0.00,,0.00,922fb35e-148d-9e82-6a72-4001ef191d37,,922fb35e-148d-9e82-5719-5d72a4bbf735,1,82bc312c-5140-37fe-a179-5ebad3a13196,82bc312c-5140-37fe-a179-5ebad3a13196
11a79461-774f-74b4-4a91-e9e4bded2bf5,922fb35e-148d-9e82-6f90-af0af65f1d05,28112,922fb35e-148d-9e82-7e65-bfa05e3b3515,PAYMENT,,ECHECK,2025-08-14T18:53:52Z,2025-08-14T19:08:52Z,c96d6792-27a3-3ef4-83f2-bb68e71023df,225158009,,,1,2,,,1,1,Auscultation of the fetal heart (procedure),0.00,,,5159.69,0.00,,3439.80,922fb35e-148d-9e82-6a72-4001ef191d37,,922fb35e-148d-9e82-5719-5d72a4bbf735,1,82bc312c-5140-37fe-a179-5ebad3a13196,82bc312c-5140-37fe-a179-5ebad3a13196
234f28c2-eea2-e968-9523-d3c97be657ea,922fb35e-148d-9e82-6f90-af0af65f1d05,28113,922fb35e-148d-9e82-7e65-bfa05e3b3515,TRANSFEROUT,,,2025-08-14T18:53:52Z,2025-08-14T19:08:52Z,c96d6792-27a3-3ef4-83f2-bb68e71023df,225158009,,,1,2,,,1,1,Auscultation of the fetal heart (procedure),0.00,,,0.00,0.00,3439.80,3439.80,922fb35e-148d-9e82-6a72-4001ef191d37,,922fb35e-148d-9e82-5719-5d72a4bbf735,1,82bc312c-5140-37fe-a179-5ebad3a13196,82bc312c-5140-37fe-a179-5ebad3a13196
469e5185-dd5b-d2d0-2a47-a792f7d2afd5,922fb35e-148d-9e82-6f90-af0af65f1d05,28114,922fb35e-148d-9e82-7e65-bfa05e3b3515,TRANSFERIN,3439.80,,2025-08-14T18:53:52Z,2025-08-14T19:08:52Z,c96d6792-27a3-3ef4-83f2-bb68e71023df,225158009,,,1,2,,,1,1,Auscultation of the fetal heart (procedure),0.00,28113,p,0.00,0.00,3439.80,3439.80,922fb35e-148d-9e82-6a72-4001ef191d37,,922fb35e-148d-9e82-5719-5d72a4bbf735,1,82bc312c-5140-37fe-a179-5ebad3a13196,82bc312c-5140-37fe-a179-5ebad3a13196
8d3ca30b-bac7-a5a0-548f-4f25efd55faa,922fb35e-148d-9e82-6f90-af0af65f1d05,28115,922fb35e-148d-9e82-7e65-bfa05e3b3515,PAYMENT,,CC,2025-08-14T18:53:52Z,2025-08-14T19:08:52Z,c96d6792-27a3-3ef4-83f2-bb68e71023df,225158009,,,1,2,,,1,1,Auscultation of the fetal heart (procedure),0.00,,,3439.80,0.00,,0.00,922fb35e-148d-9e82-6a72-4001ef191d37,,922fb35e-148d-9e82-5719-5d72a4bbf735,1,82bc312c-5140-37fe-a179-5ebad3a13196,82bc312c-5140-37fe-a179-5ebad3a13196
34f28c2e-ec3e-9682-523d-3c97c0757ea9,922fb35e-148d-9e82-6f90-af0af65f1d05,28117,922fb35e-148d-9e82-7e65-bfa05e3b3515,CHARGE,1240.89,,2025-08-14T18:53:52Z,2025-08-14T19:08:52Z,c96d6792-27a3-3ef4-83f2-bb68e71023df,44608003,,,1,2,,,1,1,Blood group typing (procedure),1240.89,,1,0.00,0.00,,0.00,922fb35e-148d-9e82-6a72-4001ef191d37,,922fb35e-148d-9e82-5719-5d72a4bbf735,1,82bc312c-5140-37fe-a179-5ebad3a13196,82bc312c-5140-37fe-a179-5ebad3a13196
69e5185d-d9ad-2d04-a47a-792f811afd52,922fb35e-148d-9e82-6f90-af0af65f1d05,28118,922fb35e-148d-9e82-7e65-bfa05e3b3515,PAYMENT,,ECHECK,2025-08-14T18:53:52Z,2025-08-14T19:08:52Z,c96d6792-27a3-3ef4-83f2-bb68e71023df,44608003,,,1,2,,,1,1,Blood group typing (procedure),0.00,,,744.53,0.00,,496.36,922fb35e-148d-9e82-6a72-4001ef191d37,,922fb35e-148d-9e82-5719-5d72a4bbf735,1,82bc312c-5140-37fe-a179-5ebad3a13196,82bc312c-5140-37fe-a179-5ebad3a13196
d3ca30bb-b45a-5a08-48f4-f25f0535faa5,922fb35e-148d-9e82-6f90-af0af65f1d05,28119,922fb35e-148d-9e82-7e65-bfa05e3b3515,TRANSFEROUT,,,2025-08-14T18:53:52Z,2025-08-14T19:08:52Z,c96d6792-27a3-3ef4-83f2-bb68e71023df,44608003,,,1,2,,,1,1,Blood group typing (procedure),0.00,,,0.00,0.00,496.36,496.36,922fb35e-148d-9e82-6a72-4001ef191d37,,922fb35e-148d-9e82-5719-5d72a4bbf735,1,82bc312c-5140-37fe-a179-5ebad3a13196,82bc312c-5140-37fe-a179-5ebad3a13196
2ef84496-8234-f28c-97cc-7b7ea9523d3c,922fb35e-148d-9e82-6f90-af0af65f1d05,28120,922fb35e-148d-9e82-7e65-bfa05e3b3515,TRANSFERIN,496.36,,2025-08-14T18:53:52Z,2025-08-14T19:08:52Z,c96d6792-27a3-3ef4-83f2-bb68e71023df,44608003,,,1,2,,,1,1,Blood group typing (procedure),0.00,28119,p,0.00,0.00,496.36,496.36,922fb35e-148d-9e82-6a72-4001ef191d37,,922fb35e-148d-9e82-5719-5d72a4bbf735,1,82bc312c-5140-37fe-a179-5ebad3a13196,82bc312c-5140-37fe-a179-5ebad3a13196
5df1a12d-0469-e518-2f99-0efd52a47a79,922fb35e-148d-9e82-6f90-af0af65f1d05,28121,922fb35e-148d-9e82-7e65-bfa05e3b3515,PAYMENT,,CC,2025-08-14T18:53:52Z,2025-08-14T19:08:52Z,c96d6792-27a3-3ef4-83f2-bb68e71023df,44608003,,,1,2,,,1,1,Blood group typing (procedure),0.00,,,496.36,0.00,,0.00,922fb35e-148d-9e82-6a72-4001ef191d37,,922fb35e-148d-9e82-5719-5d72a4bbf735,1,82bc312c-5140-37fe-a179-5ebad3a13196,82bc312c-5140-37fe-a179-5ebad3a13196
77cf84b4-11a7-9461-be6d-3bf54a91e9e4,922fb35e-148d-9e82-6f90-af0af65f1d05,28123,922fb35e-148d-9e82-7e65-bfa05e3b3515,CHARGE,2141.09,,2025-08-14T18:53:52Z,2025-08-14T19:08:52Z,c96d6792-27a3-3ef4-83f2-bb68e71023df,104091002,,,1,2,,,1,1,Hemogram  automated  with red blood cells  white blood cells  hemoglobin  hematocrit  indices  platelet count  and manual white blood cell differential (procedure),2141.09,,1,0.00,0.00,,0.00,922fb35e-148d-9e82-6a72-4001ef191d37,,922fb35e-148d-9e82-5719-5d72a4bbf735,1,82bc312c-5140-37fe-a179-5ebad3a13196,82bc312c-5140-37fe-a179-5ebad3a13196
efa30968-234f-28c2-7ce6-77ea9523d3c9,922fb35e-148d-9e82-6f90-af0af65f1d05,28124,922fb35e-148d-9e82-7e65-bfa05e3b3515,PAYMENT,,ECHECK,2025-08-14T18:53:52Z,2025-08-14T19:08:52Z,c96d6792-27a3-3ef4-83f2-bb68e71023df,104091002,,,1,2,,,1,1,Hemogram  automated  with red blood cells  white blood cells  hemoglobin  hematocrit  indices  platelet count  and manual white blood cell differential (procedure),0.00,,,1284.65,0.00,,856.44,922fb35e-148d-9e82-6a72-4001ef191d37,,922fb35e-148d-9e82-5719-5d72a4bbf735,1,82bc312c-5140-37fe-a179-5ebad3a13196,82bc312c-5140-37fe-a179-5ebad3a13196
df5c12d0-469e-5185-f9d2-efd52a47a792,922fb35e-148d-9e82-6f90-af0af65f1d05,28125,922fb35e-148d-9e82-7e65-bfa05e3b3515,TRANSFEROUT,,,2025-08-14T18:53:52Z,2025-08-14T19:08:52Z,c96d6792-27a3-3ef4-83f2-bb68e71023df,104091002,,,1,2,,,1,1,Hemogram  automated  with red blood cells  white blood cells  hemoglobin  hematocrit  indices  platelet count  and manual white blood cell differential (procedure),0.00,,,0.00,0.00,856.44,856.44,922fb35e-148d-9e82-6a72-4001ef191d37,,922fb35e-148d-9e82-5719-5d72a4bbf735,1,82bc312c-5140-37fe-a179-5ebad3a13196,82bc312c-5140-37fe-a179-5ebad3a13196
bec825a0-8d3c-a30b-f3d5-dfaa548f4f25,922fb35e-148d-9e82-6f90-af0af65f1d05,28126,922fb35e-148d-9e82-7e65-bfa05e3b3515,TRANSFERIN,856.44,,2025-08-14T18:53:52Z,2025-08-14T19:08:52Z,c96d6792-27a3-3ef4-83f2-bb68e71023df,104091002,,,1,2,,,1,1,Hemogram  automated  with red blood cells  white blood cells  hemoglobin  hematocrit  indices  platelet count  and manual white blood cell differential (procedure),0.00,28125,p,0.00,0.00,856.44,856.44,922fb35e-148d-9e82-6a72-4001ef191d37,,922fb35e-148d-9e82-5719-5d72a4bbf735,1,82bc312c-5140-37fe-a179-5ebad3a13196,82bc312c-5140-37fe-a179-5ebad3a13196
7dc04b41-1a79-4617-e7db-bf54a91e9e4b,922fb35e-148d-9e82-6f90-af0af65f1d05,28127,922fb35e-148d-9e82-7e65-bfa05e3b3515,PAYMENT,,CC,2025-08-14T18:53:52Z,2025-08-14T19:08:52Z,c96d6792-27a3-3ef4-83f2-bb68e71023df,104091002,,,1,2,,,1,1,Hemogram  automated  with red blood cells  white blood cells  hemoglobin  hematocrit  indices  platelet count  and manual white blood cell differential (procedure),0.00,,,856.44,0.00,,0.00,922fb35e-148d-9e82-6a72-4001ef191d37,,922fb35e-148d-9e82-5719-5d72a4bbf735,1,82bc312c-5140-37fe-a179-5ebad3a13196,82bc312c-5140-37fe-a179-5ebad3a13196
f9b12d04-69e5-185d-a11e-fd52a47a792f,922fb35e-148d-9e82-6f90-af0af65f1d05,28129,922fb35e-148d-9e82-7e65-bfa05e3b3515,CHARGE,4291.93,,2025-08-14T18:53:52Z,2025-08-14T19:08:52Z,c96d6792-27a3-3ef4-83f2-bb68e71023df,47758006,,,1,2,,,1,1,Hepatitis B surface antigen measurement (procedure),4291.93,,1,0.00,0.00,,0.00,922fb35e-148d-9e82-6a72-4001ef191d37,,922fb35e-148d-9e82-5719-5d72a4bbf735,1,82bc312c-5140-37fe-a179-5ebad3a13196,82bc312c-5140-37fe-a179-5ebad3a13196
411a7946-1783-c10b-54a9-1e9e4beddc7f,922fb35e-148d-9e82-6f90-af0af65f1d05,28130,922fb35e-148d-9e82-7e65-bfa05e3b3515,PAYMENT,,ECHECK,2025-08-14T18:53:52Z,2025-08-14T19:08:52Z,c96d6792-27a3-3ef4-83f2-bb68e71023df,47758006,,,1,2,,,1,1,Hepatitis B surface antigen measurement (procedure),0.00,,,2575.16,0.00,,1716.77,922fb35e-148d-9e82-6a72-4001ef191d37,,922fb35e-148d-9e82-5719-5d72a4bbf735,1,82bc312c-5140-37fe-a179-5ebad3a13196,82bc312c-5140-37fe-a179-5ebad3a13196
8234f28c-2f08-4216-a952-3d3c97dc78fe,922fb35e-148d-9e82-6f90-af0af65f1d05,28131,922fb35e-148d-9e82-7e65-bfa05e3b3515,TRANSFEROUT,,,2025-08-14T18:53:52Z,2025-08-14T19:08:52Z,c96d6792-27a3-3ef4-83f2-bb68e71023df,47758006,,,1,2,,,1,1,Hepatitis B surface antigen measurement (procedure),0.00,,,0.00,0.00,1716.77,1716.77,922fb35e-148d-9e82-6a72-4001ef191d37,,922fb35e-148d-9e82-5719-5d72a4bbf735,1,82bc312c-5140-37fe-a179-5ebad3a13196,82bc312c-5140-37fe-a179-5ebad3a13196
0469e518-5e11-9c2d-52a4-7a792fb909fd,922fb35e-148d-9e82-6f90-af0af65f1d05,28132,922fb35e-148d-9e82-7e65-bfa05e3b3515,TRANSFERIN,1716.77,,2025-08-14T18:53:52Z,2025-08-14T19:08:52Z,c96d6792-27a3-3ef4-83f2-bb68e71023df,47758006,,,1,2,,,1,1,Hepatitis B surface antigen measurement (procedure),0.00,28131,p,0.0000,0.00,1716.77,1716.77,922fb35e-148d-9e82-6a72-4001ef191d37,,922fb35e-148d-9e82-5719-5d72a4bbf735,1,82bc312c-5140-37fe-a179-5ebad3a13196,82bc312c-5140-37fe-a179-5ebad3a13196
08d3ca30-bc24-385a-a548-f4f25f7513fa,922fb35e-148d-9e82-6f90-af0af65f1d05,28133,922fb35e-148d-9e82-7e65-bfa05e3b3515,PAYMENT,,CC,2025-08-14T18:53:52Z,2025-08-14T19:08:52Z,c96d6792-27a3-3ef4-83f2-bb68e71023df,47758006,,,1,2,,,1,1,Hepatitis B surface antigen measurement (procedure),0.00,,,1716.77,0.00,,0.00,922fb35e-148d-9e82-6a72-4001ef191d37,,922fb35e-148d-9e82-5719-5d72a4bbf735,1,82bc312c-5140-37fe-a179-5ebad3a13196,82bc312c-5140-37fe-a179-5ebad3a13196
234f28c2-f0a2-e168-9523-d3c97de64fea,922fb35e-148d-9e82-6f90-af0af65f1d05,28135,922fb35e-148d-9e82-7e65-bfa05e3b3515,CHARGE,"2,562.77",,2025-08-14T18:53:52Z,2025-08-14T19:08:52Z,c96d6792-27a3-3ef4-83f2-bb68e71023df,31676001,,,1,2,,,1,1,Human immunodeficiency virus antigen test (procedure),2562.77,,1,0.00,0.00,,0.00,922fb35e-148d-9e82-6a72-4001ef191d37,,922fb35e-148d-9e82-5719-5d72a4bbf735,1,82bc312c-5140-37fe-a179-5ebad3a13196,82bc312c-5140-37fe-a179-5ebad3a13196
469e5185-e15b-c2d0-2a47-a792fbd29fd5,922fb35e-148d-9e82-6f90-af0af65f1d05,28136,922fb35e-148d-9e82-7e65-bfa05e3b3515,PAYMENT,,ECHECK,2025-08-14T18:53:52Z,2025-08-14T19:08:52Z,c96d6792-27a3-3ef4-83f2-bb68e71023df,31676001,,,1,2,,,1,1,Human immunodeficiency virus antigen test (procedure),0.00,,,1537.66,0.00,,1025.11,922fb35e-148d-9e82-6a72-4001ef191d37,,922fb35e-148d-9e82-5719-5d72a4bbf735,1,82bc312c-5140-37fe-a179-5ebad3a13196,82bc312c-5140-37fe-a179-5ebad3a13196
8d3ca30b-c2c7-85a0-548f-4f25f7d53faa,922fb35e-148d-9e82-6f90-af0af65f1d05,28137,922fb35e-148d-9e82-7e65-bfa05e3b3515,TRANSFEROUT,,,2025-08-14T18:53:52Z,2025-08-14T19:08:52Z,c96d6792-27a3-3ef4-83f2-bb68e71023df,31676001,,,1,2,,,1,1,Human immunodeficiency virus antigen test (procedure),0.00,,,0,0.00,1025.11,1025.11,922fb35e-148d-9e82-6a72-4001ef191d37,,922fb35e-148d-9e82-5719-5d72a4bbf735,1,82bc312c-5140-37fe-a179-5ebad3a13196,82bc312c-5140-37fe-a179-5ebad3a13196
1a794617-85ff-0b41-a91e-9e4befda7f54,922fb35e-148d-9e82-6f90-af0af65f1d05,28138,922fb35e-148d-9e82-7e65-bfa05e3b3515,TRANSFERIN,1025.11,,2025-08-14T18:53:52Z,2025-08-14T19:08:52Z,c96d6792-27a3-3ef4-83f2-bb68e71023df,31676001,,,1,2,,,1,1,Human immunodeficiency virus antigen test (procedure),0.00,28137,p,0.00,0.00,1025.11,1025.11,922fb35e-148d-9e82-6a72-4001ef191d37,,922fb35e-148d-9e82-5719-5d72a4bbf735,1,82bc312c-5140-37fe-a179-5ebad3a13196,82bc312c-5140-37fe-a179-5ebad3a13196
34f28c2f-0c3e-1682-523d-3c97e074fea9,922fb35e-148d-9e82-6f90-af0af65f1d05,28139,922fb35e-148d-9e82-7e65-bfa05e3b3515,PAYMENT,,CC,2025-08-14T18:53:52Z,2025-08-14T19:08:52Z,c96d6792-27a3-3ef4-83f2-bb68e71023df,31676001,,,1,2,,,1,1,Human immunodeficiency virus antigen test (procedure),0.00,,,1025.11,0.00,,0.00,922fb35e-148d-9e82-6a72-4001ef191d37,,922fb35e-148d-9e82-5719-5d72a4bbf735,1,82bc312c-5140-37fe-a179-5ebad3a13196,82bc312c-5140-37fe-a179-5ebad3a13196
178bc20b-411a-7946-4bf5-dd7f54a91e9e,922fb35e-148d-9e82-6f90-af0af65f1d05,28141,922fb35e-148d-9e82-7e65-bfa05e3b3515,CHARGE,1240.8900,,2025-08-14T18:53:52Z,2025-08-14T19:08:52Z,c96d6792-27a3-3ef4-83f2-bb68e71023df,310861008,,,1,2,,,1,1,Chlamydia antigen test (procedure),1240.89,,1,0.00,0.00,,0.00,922fb35e-148d-9e82-6a72-4001ef191d37,,922fb35e-148d-9e82-5719-5d72a4bbf735,1,82bc312c-5140-37fe-a179-5ebad3a13196,82bc312c-5140-37fe-a179-5ebad3a13196
2f184416-8234-f28c-97ec-7afea9523d3c,922fb35e-148d-9e82-6f90-af0af65f1d05,28142,922fb35e-148d-9e82-7e65-bfa05e3b3515,PAYMENT,,ECHECK,2025-08-14T18:53:52Z,2025-08-14T19:08:52Z,c96d6792-27a3-3ef4-83f2-bb68e71023df,310861008,,,1,2,,,1,1,Chlamydia antigen test (procedure),0.00,,,744.53,0.00,,496.36,922fb35e-148d-9e82-6a72-4001ef191d37,,922fb35e-148d-9e82-5719-5d72a4bbf735,1,82bc312c-5140-37fe-a179-5ebad3a13196,82bc312c-5140-37fe-a179-5ebad3a13196
5e31a02d-0469-e518-2fd9-0dfd52a47a79,922fb35e-148d-9e82-6f90-af0af65f1d05,28143,922fb35e-148d-9e82-7e65-bfa05e3b3515,TRANSFEROUT,,,2025-08-14T18:53:52Z,2025-08-14T19:08:52Z,c96d6792-27a3-3ef4-83f2-bb68e71023df,310861008,,,1,2,,,1,1,Chlamydia antigen test (procedure),0.00,,,0.00,0.00,496.36,496.36,922fb35e-148d-9e82-6a72-4001ef191d37,,922fb35e-148d-9e82-5719-5d72a4bbf735,1,82bc312c-5140-37fe-a179-5ebad3a13196,82bc312c-5140-37fe-a179-5ebad3a13196
bc64405a-08d3-ca30-5fb5-1bfaa548f4f2,922fb35e-148d-9e82-6f90-af0af65f1d05,28144,922fb35e-148d-9e82-7e65-bfa05e3b3515,TRANSFERIN,496.36,,2025-08-14T18:53:52Z,2025-08-14T19:08:52Z,c96d6792-27a3-3ef4-83f2-bb68e71023df,310861008,,,1,2,,,1,1,Chlamydia antigen test (procedure),0.00,28143,p,0.00,0.00,496.36,496.36,922fb35e-148d-9e82-6a72-4001ef191d37,,922fb35e-148d-9e82-5719-5d72a4bbf735,1,82bc312c-5140-37fe-a179-5ebad3a13196,82bc312c-5140-37fe-a179-5ebad3a13196
78cf80b4-11a7-9461-bf6d-37f54a91e9e4,922fb35e-148d-9e82-6f90-af0af65f1d05,28145,922fb35e-148d-9e82-7e65-bfa05e3b3515,PAYMENT,,CC,2025-08-14T18:53:52Z,2025-08-14T19:08:52Z,c96d6792-27a3-3ef4-83f2-bb68e71023df,310861008,,,1,2,,,1,1,Chlamydia antigen test (procedure),0.00,,,496.36,0.00,,0.00,922fb35e-148d-9e82-6a72-4001ef191d37,,922fb35e-148d-9e82-5719-5d72a4bbf735,1,82bc312c-5140-37fe-a179-5ebad3a13196,82bc312c-5140-37fe-a179-5ebad3a13196
e35c02d0-469e-5185-fdd2-dfd52a47a792,922fb35e-148d-9e82-6f90-af0af65f1d05,28147,922fb35e-148d-9e82-7e65-bfa05e3b3515,CHARGE,1944.57,,2025-08-14T18:53:52Z,2025-08-14T19:08:52Z,c96d6792-27a3-3ef4-83f2-bb68e71023df,165829005,,,1,2,,,1,1,Gonorrhea infection titer test (procedure),1944.57,,1,0.00,0.00,,0.00,922fb35e-148d-9e82-6a72-4001ef191d37,,922fb35e-148d-9e82-5719-5d72a4bbf735,1,82bc312c-5140-37fe-a179-5ebad3a13196,82bc312c-5140-37fe-a179-5ebad3a13196
c6c805a0-8d3c-a30b-fbd5-bfaa548f4f25,922fb35e-148d-9e82-6f90-af0af65f1d05,28148,922fb35e-148d-9e82-7e65-bfa05e3b3515,PAYMENT,,ECHECK,2025-08-14T18:53:52Z,2025-08-14T19:08:52Z,c96d6792-27a3-3ef4-83f2-bb68e71023df,165829005,,,1,2,,,1,1,Gonorrhea infection titer test (procedure),0.00,,,1166.74,0.00,,777.83,922fb35e-148d-9e82-6a72-4001ef191d37,,922fb35e-148d-9e82-5719-5d72a4bbf735,1,82bc312c-5140-37fe-a179-5ebad3a13196,82bc312c-5140-37fe-a179-5ebad3a13196
8dc00b41-1a79-4617-f7db-7f54a91e9e4b,922fb35e-148d-9e82-6f90-af0af65f1d05,28149,922fb35e-148d-9e82-7e65-bfa05e3b3515,TRANSFEROUT,,,2025-08-14T18:53:52Z,2025-08-14T19:08:52Z,c96d6792-27a3-3ef4-83f2-bb68e71023df,165829005,,,1,2,,,1,1,Gonorrhea infection titer test (procedure),0.00,,,0.00,0.00,777.83,777.83,922fb35e-148d-9e82-6a72-4001ef191d37,,922fb35e-148d-9e82-5719-5d72a4bbf735,1,82bc312c-5140-37fe-a179-5ebad3a13196,82bc312c-5140-37fe-a179-5ebad3a13196
d0469e51-85e4-dc62-d52a-47a792ff533f,922fb35e-148d-9e82-6f90-af0af65f1d05,28150,922fb35e-148d-9e82-7e65-bfa05e3b3515,TRANSFERIN,777.83,,2025-08-14T18:53:52Z,2025-08-14T19:08:52Z,c96d6792-27a3-3ef4-83f2-bb68e71023df,165829005,,,1,2,,,1,1,Gonorrhea infection titer test (procedure),0.00,28149,p,0.00,0.00,777.83,777.83,922fb35e-148d-9e82-6a72-4001ef191d37,,922fb35e-148d-9e82-5719-5d72a4bbf735,1,82bc312c-5140-37fe-a179-5ebad3a13196,82bc312c-5140-37fe-a179-5ebad3a13196
a08d3ca3-0bc9-c8c5-aa54-8f4f25fed67f,922fb35e-148d-9e82-6f90-af0af65f1d05,28151,922fb35e-148d-9e82-7e65-bfa05e3b3515,PAYMENT,,CC,2025-08-14T18:53:52Z,2025-08-14T19:08:52Z,c96d6792-27a3-3ef4-83f2-bb68e71023df,165829005,,,1,2,,,1,1,Gonorrhea infection titer test (procedure),0.00,,,777.83,0.00,,0.00,922fb35e-148d-9e82-6a72-4001ef191d37,,922fb35e-148d-9e82-5719-5d72a4bbf735,1,82bc312c-5140-37fe-a179-5ebad3a13196,82bc312c-5140-37fe-a179-5ebad3a13196
8234f28c-2f28-4316-a952-3d3c97fc79fe,922fb35e-148d-9e82-6f90-af0af65f1d05,28153,922fb35e-148d-9e82-7e65-bfa05e3b3515,CHARGE,1240.89,,2025-08-14T18:53:52Z,2025-08-14T19:08:52Z,c96d6792-27a3-3ef4-83f2-bb68e71023df,269828009,,,1,2,,,1,1,Syphilis infectious titer test (procedure),1240.89,,1,0.00,0.00,,0.00,922fb35e-148d-9e82-6a72-4001ef191d37,,922fb35e-148d-9e82-5719-5d72a4bbf735,1,82bc312c-5140-37fe-a179-5ebad3a13196,82bc312c-5140-37fe-a179-5ebad3a13196
0469e518-5e51-9e2d-52a4-7a792ff90bfd,922fb35e-148d-9e82-6f90-af0af65f1d05,28154,922fb35e-148d-9e82-7e65-bfa05e3b3515,PAYMENT,,ECHECK,2025-08-14T18:53:52Z,2025-08-14T19:08:52Z,c96d6792-27a3-3ef4-83f2-bb68e71023df,269828009,,,1,2,,,1,1,Syphilis infectious titer test (procedure),0.00,,,744.53,0.00,,496.36,922fb35e-148d-9e82-6a72-4001ef191d37,,922fb35e-148d-9e82-5719-5d72a4bbf735,1,82bc312c-5140-37fe-a179-5ebad3a13196,82bc312c-5140-37fe-a179-5ebad3a13196
08d3ca30-bca4-3c5a-a548-f4f25ff517fa,922fb35e-148d-9e82-6f90-af0af65f1d05,28155,922fb35e-148d-9e82-7e65-bfa05e3b3515,TRANSFEROUT,,,2025-08-14T18:53:52Z,2025-08-14T19:08:52Z,c96d6792-27a3-3ef4-83f2-bb68e71023df,269828009,,,1,2,,,1,1,Syphilis infectious titer test (procedure),0.00,,,0.00,0.00,496.36,496.36,922fb35e-148d-9e82-6a72-4001ef191d37,,922fb35e-148d-9e82-5719-5d72a4bbf735,1,82bc312c-5140-37fe-a179-5ebad3a13196,82bc312c-5140-37fe-a179-5ebad3a13196
11a79461-794f-78b4-4a91-e9e4bfed2ff5,922fb35e-148d-9e82-6f90-af0af65f1d05,28156,922fb35e-148d-9e82-7e65-bfa05e3b3515,TRANSFERIN,496.36,,2025-08-14T18:53:52Z,2025-08-14T19:08:52Z,c96d6792-27a3-3ef4-83f2-bb68e71023df,269828009,,,1,2,,,1,1,Syphilis infectious titer test (procedure),0.00,28155,p,0.00,0.00,496.36,496.36,922fb35e-148d-9e82-6a72-4001ef191d37,,922fb35e-148d-9e82-5719-5d72a4bbf735,1,82bc312c-5140-37fe-a179-5ebad3a13196,82bc312c-5140-37fe-a179-5ebad3a13196
234f28c2-f2a2-f168-9523-d3c97fe65fea,922fb35e-148d-9e82-6f90-af0af65f1d05,28157,922fb35e-148d-9e82-7e65-bfa05e3b3515,PAYMENT,,CC,2025-08-14T18:53:52Z,2025-08-14T19:08:52Z,c96d6792-27a3-3ef4-83f2-bb68e71023df,269828009,,,1,2,,,1,1,Syphilis infectious titer test (procedure),0.00,,,496.36,0.00,,0.00,922fb35e-148d-9e82-6a72-4001ef191d37,,922fb35e-148d-9e82-5719-5d72a4bbf735,1,82bc312c-5140-37fe-a179-5ebad3a13196,82bc312c-5140-37fe-a179-5ebad3a13196
8d3ca30b-cac7-c5a0-548f-4f25ffd57faa,922fb35e-148d-9e82-6f90-af0af65f1d05,28159,922fb35e-148d-9e82-7e65-bfa05e3b3515,CHARGE,3826.19,,2025-08-14T18:53:52Z,2025-08-14T19:08:52Z,c96d6792-27a3-3ef4-83f2-bb68e71023df,117010004,,,1,2,,,1,1,Urine culture (procedure),3826.19,,1,0.00,0.00,,0.00,922fb35e-148d-9e82-6a72-4001ef191d37,,922fb35e-148d-9e82-5719-5d72a4bbf735,1,82bc312c-5140-37fe-a179-5ebad3a13196,82bc312c-5140-37fe-a179-5ebad3a13196
c2f36351-6823-4f28-c980-a6bfea9523d3,922fb35e-148d-9e82-6f90-af0af65f1d05,28160,922fb35e-148d-9e82-7e65-bfa05e3b3515,PAYMENT,,ECHECK,2025-08-14T18:53:52Z,2025-08-14T19:08:52Z,c96d6792-27a3-3ef4-83f2-bb68e71023df,117010004,,,1,2,,,1,1,Urine culture (procedure),0.00,,,2295.71,0.00,,1530.48,922fb35e-148d-9e82-6a72-4001ef191d37,,922fb35e-148d-9e82-5719-5d72a4bbf735,1,82bc312c-5140-37fe-a179-5ebad3a13196,82bc312c-5140-37fe-a179-5ebad3a13196
85e6dca2-d046-9e51-9301-537fd52a47a7,922fb35e-148d-9e82-6f90-af0af65f1d05,28161,922fb35e-148d-9e82-7e65-bfa05e3b3515,TRANSFEROUT,,,2025-08-14T18:53:52Z,2025-08-14T19:08:52Z,c96d6792-27a3-3ef4-83f2-bb68e71023df,117010004,,,1,2,,,1,1,Urine culture (procedure),0.00,,,0.00,0.00,1530.48,1530.48,922fb35e-148d-9e82-6a72-4001ef191d37,,922fb35e-148d-9e82-5719-5d72a4bbf735,1,82bc312c-5140-37fe-a179-5ebad3a13196,82bc312c-5140-37fe-a179-5ebad3a13196
0bcdc945-a08d-3ca3-2602-d6ffaa548f4f,922fb35e-148d-9e82-6f90-af0af65f1d05,28162,922fb35e-148d-9e82-7e65-bfa05e3b3515,TRANSFERIN,1530.48,,2025-08-14T18:53:52Z,2025-08-14T19:08:52Z,c96d6792-27a3-3ef4-83f2-bb68e71023df,117010004,,,1,2,,,1,1,Urine culture (procedure),0.00,28161,p,0.00,0.00,1530.48,1530.48,922fb35e-148d-9e82-6a72-4001ef191d37,,922fb35e-148d-9e82-5719-5d72a4bbf735,1,82bc312c-5140-37fe-a179-5ebad3a13196,82bc312c-5140-37fe-a179-5ebad3a13196
179bc28b-411a-7946-4c05-ddff54a91e9e,922fb35e-148d-9e82-6f90-af0af65f1d05,28163,922fb35e-148d-9e82-7e65-bfa05e3b3515,PAYMENT,,CC,2025-08-14T18:53:52Z,2025-08-14T19:08:52Z,c96d6792-27a3-3ef4-83f2-bb68e71023df,117010004,,,1,2,,,1,1,Urine culture (procedure),0.00,,,1530.48,0.00,,0.00,922fb35e-148d-9e82-6a72-4001ef191d37,,922fb35e-148d-9e82-5719-5d72a4bbf735,1,82bc312c-5140-37fe-a179-5ebad3a13196,82bc312c-5140-37fe-a179-5ebad3a13196
5e71a22d-0469-e518-3019-0ffd52a47a79,922fb35e-148d-9e82-6f90-af0af65f1d05,28165,922fb35e-148d-9e82-7e65-bfa05e3b3515,CHARGE,1241,,2025-08-14T18:53:52Z,2025-08-14T19:08:52Z,c96d6792-27a3-3ef4-83f2-bb68e71023df,90226004,,,1,2,,,1,1,Cytopathology procedure  preparation of smear  genital source (procedure),1240.89,,1,0.00,0.00,,0.00,922fb35e-148d-9e82-6a72-4001ef191d37,,922fb35e-148d-9e82-5719-5d72a4bbf735,1,82bc312c-5140-37fe-a179-5ebad3a13196,82bc312c-5140-37fe-a179-5ebad3a13196
bce4445a-08d3-ca30-6035-1ffaa548f4f2,922fb35e-148d-9e82-6f90-af0af65f1d05,28166,922fb35e-148d-9e82-7e65-bfa05e3b3515,PAYMENT,,ECHECK,2025-08-14T18:53:52Z,2025-08-14T19:08:52Z,c96d6792-27a3-3ef4-83f2-bb68e71023df,90226004,,,1,2,,,1,1,Cytopathology procedure  preparation of smear  genital source (procedure),0.00,,,745,0.00,,496.36,922fb35e-148d-9e82-6a72-4001ef191d37,,922fb35e-148d-9e82-5719-5d72a4bbf735,1,82bc312c-5140-37fe-a179-5ebad3a13196,82bc312c-5140-37fe-a179-5ebad3a13196
79cf88b4-11a7-9461-c06d-3ff54a91e9e4,922fb35e-148d-9e82-6f90-af0af65f1d05,28167,922fb35e-148d-9e82-7e65-bfa05e3b3515,TRANSFEROUT,,,2025-08-14T18:53:52Z,2025-08-14T19:08:52Z,c96d6792-27a3-3ef4-83f2-bb68e71023df,90226004,,,1,2,,,1,1,Cytopathology procedure  preparation of smear  genital source (procedure),0.00,,,0.00,0.00,496.36,496.36,922fb35e-148d-9e82-6a72-4001ef191d37,,922fb35e-148d-9e82-5719-5d72a4bbf735,1,82bc312c-5140-37fe-a179-5ebad3a13196,82bc312c-5140-37fe-a179-5ebad3a13196
f3a31168-234f-28c2-80e6-7fea9523d3c9,922fb35e-148d-9e82-6f90-af0af65f1d05,28168,922fb35e-148d-9e82-7e65-bfa05e3b3515,TRANSFERIN,496,,2025-08-14T18:53:52Z,2025-08-14T19:08:52Z,c96d6792-27a3-3ef4-83f2-bb68e71023df,90226004,,,1,2,,,1,1,Cytopathology procedure  preparation of smear  genital source (procedure),0.00,28167,p,0.00,0.00,496.36,496.36,922fb35e-148d-9e82-6a72-4001ef191d37,,922fb35e-148d-9e82-5719-5d72a4bbf735,1,82bc312c-5140-37fe-a179-5ebad3a13196,82bc312c-5140-37fe-a179-5ebad3a13196
e75c22d0-469e-5185-01d2-ffd52a47a793,922fb35e-148d-9e82-6f90-af0af65f1d05,28169,922fb35e-148d-9e82-7e65-bfa05e3b3515,PAYMENT,,CC,2025-08-14T18:53:52Z,2025-08-14T19:08:52Z,c96d6792-27a3-3ef4-83f2-bb68e71023df,90226004,,,1,2,,,1,1,Cytopathology procedure  preparation of smear  genital source (procedure),0.00,,,496.36,0.00,,0.00,922fb35e-148d-9e82-6a72-4001ef191d37,,922fb35e-148d-9e82-5719-5d72a4bbf735,1,82bc312c-5140-37fe-a179-5ebad3a13196,82bc312c-5140-37fe-a179-5ebad3a13196
98234f28-c2f4-6311-1a95-23d3c981a680,922fb35e-148d-9e82-6f90-af0af65f1d05,28171,922fb35e-148d-9e82-7e65-bfa05e3b3515,CHARGE,4963.59,,2025-08-14T18:53:52Z,2025-08-14T19:08:52Z,c96d6792-27a3-3ef4-83f2-bb68e71023df,395123002,,,1,2,,,1,1,Urine screening test for diabetes (procedure),4963.59,,1,0.00,0.00,,0.00,922fb35e-148d-9e82-6a72-4001ef191d37,,922fb35e-148d-9e82-5719-5d72a4bbf735,1,82bc312c-5140-37fe-a179-5ebad3a13196,82bc312c-5140-37fe-a179-5ebad3a13196
30469e51-85e8-dc23-352a-47a793035300,922fb35e-148d-9e82-6f90-af0af65f1d05,28172,922fb35e-148d-9e82-7e65-bfa05e3b3515,PAYMENT,,ECHECK,2025-08-14T18:53:52Z,2025-08-14T19:08:52Z,c96d6792-27a3-3ef4-83f2-bb68e71023df,395123002,,,1,2,,,1,1,Urine screening test for diabetes (procedure),0.00,,,2978.15,0.00,,1985.44,922fb35e-148d-9e82-6a72-4001ef191d37,,922fb35e-148d-9e82-5719-5d72a4bbf735,1,82bc312c-5140-37fe-a179-5ebad3a13196,82bc312c-5140-37fe-a179-5ebad3a13196
608d3ca3-0bd1-c846-6a54-8f4f2606d600,922fb35e-148d-9e82-6f90-af0af65f1d05,28173,922fb35e-148d-9e82-7e65-bfa05e3b3515,TRANSFEROUT,,,2025-08-14T18:53:52Z,2025-08-14T19:08:52Z,c96d6792-27a3-3ef4-83f2-bb68e71023df,395123002,,,1,2,,,1,1,Urine screening test for diabetes (procedure),0.00,,,0.00,0.00,1985.44,1985.44,922fb35e-148d-9e82-6a72-4001ef191d37,,922fb35e-148d-9e82-5719-5d72a4bbf735,1,82bc312c-5140-37fe-a179-5ebad3a13196,82bc312c-5140-37fe-a179-5ebad3a13196
c11a7946-17a3-c08c-d4a9-1e9e4c0ddc00,922fb35e-148d-9e82-6f90-af0af65f1d05,28174,922fb35e-148d-9e82-7e65-bfa05e3b3515,TRANSFERIN,1985.44,,2025-08-14T18:53:52Z,2025-08-14T19:08:52Z,c96d6792-27a3-3ef4-83f2-bb68e71023df,395123002,,,1,2,,,1,1,Urine screening test for diabetes (procedure),0.00,28173,p,0.00,0.00,1985.44,1985.44,922fb35e-148d-9e82-6a72-4001ef191d37,,922fb35e-148d-9e82-5719-5d72a4bbf735,1,82bc312c-5140-37fe-a179-5ebad3a13196,82bc312c-5140-37fe-a179-5ebad3a13196
8234f28c-2f48-4119-a952-3d3c981c7801,922fb35e-148d-9e82-6f90-af0af65f1d05,28175,922fb35e-148d-9e82-7e65-bfa05e3b3515,PAYMENT,,CC,2025-08-14T18:53:52Z,2025-08-14T19:08:52Z,c96d6792-27a3-3ef4-83f2-bb68e71023df,395123002,,,1,2,,,1,1,Urine screening test for diabetes (procedure),0.00,,,1985.44,0.00,,0.00,922fb35e-148d-9e82-6a72-4001ef191d37,,922fb35e-148d-9e82-5719-5d72a4bbf735,1,82bc312c-5140-37fe-a179-5ebad3a13196,82bc312c-5140-37fe-a179-5ebad3a13196
08d3ca30-bd24-3466-a548-f4f260751006,922fb35e-148d-9e82-6f90-af0af65f1d05,28177,922fb35e-148d-9e82-7e65-bfa05e3b3515,CHARGE,1890.92,,2025-08-14T18:53:52Z,2025-08-14T19:08:52Z,c96d6792-27a3-3ef4-83f2-bb68e71023df,104375008,,,1,2,,,1,1,Hepatitis C antibody  confirmatory test (procedure),1890.92,,1,0.00,0.00,,0.00,922fb35e-148d-9e82-6a72-4001ef191d37,,922fb35e-148d-9e82-5719-5d72a4bbf735,1,82bc312c-5140-37fe-a179-5ebad3a13196,82bc312c-5140-37fe-a179-5ebad3a13196
11a79461-7a4f-68cc-4a91-e9e4c0ed200d,922fb35e-148d-9e82-6f90-af0af65f1d05,28178,922fb35e-148d-9e82-7e65-bfa05e3b3515,PAYMENT,,ECHECK,2025-08-14T18:53:52Z,2025-08-14T19:08:52Z,c96d6792-27a3-3ef4-83f2-bb68e71023df,104375008,,,1,2,,,1,1,Hepatitis C antibody  confirmatory test (procedure),0.00,,,1134.55,0.00,,756.37,922fb35e-148d-9e82-6a72-4001ef191d37,,922fb35e-148d-9e82-5719-5d72a4bbf735,1,82bc312c-5140-37fe-a179-5ebad3a13196,82bc312c-5140-37fe-a179-5ebad3a13196
234f28c2-f4a2-d198-9523-d3c981e6401a,922fb35e-148d-9e82-6f90-af0af65f1d05,28179,922fb35e-148d-9e82-7e65-bfa05e3b3515,TRANSFEROUT,,,2025-08-14T18:53:52Z,2025-08-14T19:08:52Z,c96d6792-27a3-3ef4-83f2-bb68e71023df,104375008,,,1,2,,,1,1,Hepatitis C antibody  confirmatory test (procedure),0.00,,,0.00,0.00,756.37,756.37,922fb35e-148d-9e82-6a72-4001ef191d37,,922fb35e-148d-9e82-5719-5d72a4bbf735,1,82bc312c-5140-37fe-a179-5ebad3a13196,82bc312c-5140-37fe-a179-5ebad3a13196
30bd544c-6608-d3ca-f260-a52806a548f4,922fb35e-148d-9e82-6f90-af0af65f1d05,28180,922fb35e-148d-9e82-7e65-bfa05e3b3515,TRANSFERIN,756.3700,,2025-08-14T18:53:52Z,2025-08-14T19:08:52Z,c96d6792-27a3-3ef4-83f2-bb68e71023df,104375008,,,1,2,,,1,1,Hepatitis C antibody  confirmatory test (procedure),0.00,28179,p,0.00,0.00,756.37,756.37,922fb35e-148d-9e82-6a72-4001ef191d37,,922fb35e-148d-9e82-5719-5d72a4bbf735,1,82bc312c-5140-37fe-a179-5ebad3a13196,82bc312c-5140-37fe-a179-5ebad3a13196
617aaf98-cc11-a794-e4c1-4d500d4a91e9,922fb35e-148d-9e82-6f90-af0af65f1d05,28181,922fb35e-148d-9e82-7e65-bfa05e3b3515,PAYMENT,,CC,2025-08-14T18:53:52Z,2025-08-14T19:08:52Z,c96d6792-27a3-3ef4-83f2-bb68e71023df,104375008,,,1,2,,,1,1,Hepatitis C antibody  confirmatory test (procedure),0.00,,,756.37,0.00,,0.00,922fb35e-148d-9e82-6a72-4001ef191d37,,922fb35e-148d-9e82-5719-5d72a4bbf735,1,82bc312c-5140-37fe-a179-5ebad3a13196,82bc312c-5140-37fe-a179-5ebad3a13196
85eadc63-3046-9e51-9305-5340352a47a7,922fb35e-148d-9e82-6f90-af0af65f1d05,28183,922fb35e-148d-9e82-7e65-bfa05e3b3515,CHARGE,620.44,,2025-08-14T18:53:52Z,2025-08-14T19:08:52Z,c96d6792-27a3-3ef4-83f2-bb68e71023df,314098000,,,1,2,,,1,1,Rubella screening test (procedure),620.44,,1,0.00,0.00,,0.00,922fb35e-148d-9e82-6a72-4001ef191d37,,922fb35e-148d-9e82-5719-5d72a4bbf735,1,82bc312c-5140-37fe-a179-5ebad3a13196,82bc312c-5140-37fe-a179-5ebad3a13196
0bd5c8c6-608d-3ca3-260a-d6806a548f4f,922fb35e-148d-9e82-6f90-af0af65f1d05,28184,922fb35e-148d-9e82-7e65-bfa05e3b3515,PAYMENT,,ECHECK,2025-08-14T18:53:52Z,2025-08-14T19:08:52Z,c96d6792-27a3-3ef4-83f2-bb68e71023df,314098000,,,1,2,,,1,1,Rubella screening test (procedure),0.00,,,372.26,0.00,,248.18,922fb35e-148d-9e82-6a72-4001ef191d37,,922fb35e-148d-9e82-5719-5d72a4bbf735,1,82bc312c-5140-37fe-a179-5ebad3a13196,82bc312c-5140-37fe-a179-5ebad3a13196
17abc18c-c11a-7946-4c15-dd00d4a91e9e,922fb35e-148d-9e82-6f90-af0af65f1d05,28185,922fb35e-148d-9e82-7e65-bfa05e3b3515,TRANSFEROUT,,,2025-08-14T18:53:52Z,2025-08-14T19:08:52Z,c96d6792-27a3-3ef4-83f2-bb68e71023df,314098000,,,1,2,,,1,1,Rubella screening test (procedure),0.00,,,0.00,0.00,248.18,248.18,922fb35e-148d-9e82-6a72-4001ef191d37,,922fb35e-148d-9e82-5719-5d72a4bbf735,1,82bc312c-5140-37fe-a179-5ebad3a13196,82bc312c-5140-37fe-a179-5ebad3a13196
2f584319-8234-f28c-982c-7a01a9523d3c,922fb35e-148d-9e82-6f90-af0af65f1d05,28186,922fb35e-148d-9e82-7e65-bfa05e3b3515,TRANSFERIN,248.18,,2025-08-14T18:53:52Z,2025-08-14T19:08:52Z,c96d6792-27a3-3ef4-83f2-bb68e71023df,314098000,,,1,2,,,1,1,Rubella screening test (procedure),0.00,28185,p,0.00,0.00,248.18,248.18,922fb35e-148d-9e82-6a72-4001ef191d37,,922fb35e-148d-9e82-5719-5d72a4bbf735,1,82bc312c-5140-37fe-a179-5ebad3a13196,82bc312c-5140-37fe-a179-5ebad3a13196
5eb19e33-0469-e518-3059-0c0352a47a79,922fb35e-148d-9e82-6f90-af0af65f1d05,28187,922fb35e-148d-9e82-7e65-bfa05e3b3515,PAYMENT,,CC,2025-08-14T18:53:52Z,2025-08-14T19:08:52Z,c96d6792-27a3-3ef4-83f2-bb68e71023df,314098000,,,1,2,,,1,1,Rubella screening test (procedure),0.00,,,248.18,0.00,,0.00,922fb35e-148d-9e82-6a72-4001ef191d37,,922fb35e-148d-9e82-5719-5d72a4bbf735,1,82bc312c-5140-37fe-a179-5ebad3a13196,82bc312c-5140-37fe-a179-5ebad3a13196
7acf78cc-11a7-9461-c16d-300d4a91e9e4,922fb35e-148d-9e82-6f90-af0af65f1d05,28189,922fb35e-148d-9e82-7e65-bfa05e3b3515,CHARGE,1760.06,,2025-08-14T18:53:52Z,2025-08-14T19:08:52Z,c96d6792-27a3-3ef4-83f2-bb68e71023df,104326007,,,1,2,,,1,1,Measurement of Varicella-zoster virus antibody (procedure),1760.06,,1,0.00,0.00,,0.00,922fb35e-148d-9e82-6a72-4001ef191d37,,922fb35e-148d-9e82-5719-5d72a4bbf735,1,82bc312c-5140-37fe-a179-5ebad3a13196,82bc312c-5140-37fe-a179-5ebad3a13196
330469e5-185e-c9a4-0352-a47a79307112,922fb35e-148d-9e82-6f90-af0af65f1d05,28190,922fb35e-148d-9e82-7e65-bfa05e3b3515,PAYMENT,,ECHECK,2025-08-14T18:53:52Z,2025-08-14T19:08:52Z,c96d6792-27a3-3ef4-83f2-bb68e71023df,104326007,,,1,2,,,1,1,Measurement of Varicella-zoster virus antibody (procedure),0.00,,,1056.04,0.00,,704.02,922fb35e-148d-9e82-6a72-4001ef191d37,,922fb35e-148d-9e82-5719-5d72a4bbf735,1,82bc312c-5140-37fe-a179-5ebad3a13196,82bc312c-5140-37fe-a179-5ebad3a13196
6608d3ca-30bd-9448-06a5-48f4f260e524,922fb35e-148d-9e82-6f90-af0af65f1d05,28191,922fb35e-148d-9e82-7e65-bfa05e3b3515,TRANSFEROUT,,,2025-08-14T18:53:52Z,2025-08-14T19:08:52Z,c96d6792-27a3-3ef4-83f2-bb68e71023df,104326007,,,1,2,,,1,1,Measurement of Varicella-zoster virus antibody (procedure),0.00,,,0.00,0.00,704.02,704.02,922fb35e-148d-9e82-6a72-4001ef191d37,,922fb35e-148d-9e82-5719-5d72a4bbf735,1,82bc312c-5140-37fe-a179-5ebad3a13196,82bc312c-5140-37fe-a179-5ebad3a13196
cc11a794-617b-2f90-0d4a-91e9e4c1cd48,922fb35e-148d-9e82-6f90-af0af65f1d05,28192,922fb35e-148d-9e82-7e65-bfa05e3b3515,TRANSFERIN,704.02,,2025-08-14T18:53:52Z,2025-08-14T19:08:52Z,c96d6792-27a3-3ef4-83f2-bb68e71023df,104326007,,,1,2,,,1,1,Measurement of Varicella-zoster virus antibody (procedure),0.00,28191,p,0.00,0.00,704.02,704.02,922fb35e-148d-9e82-6a72-4001ef191d37,,922fb35e-148d-9e82-5719-5d72a4bbf735,1,82bc312c-5140-37fe-a179-5ebad3a13196,82bc312c-5140-37fe-a179-5ebad3a13196
98234f28-c2f6-6321-1a95-23d3c983a690,922fb35e-148d-9e82-6f90-af0af65f1d05,28193,922fb35e-148d-9e82-7e65-bfa05e3b3515,PAYMENT,,CC,2025-08-14T18:53:52Z,2025-08-14T19:08:52Z,c96d6792-27a3-3ef4-83f2-bb68e71023df,104326007,,,1,2,,,1,1,Measurement of Varicella-zoster virus antibody (procedure),0.00,,,704.02,0.00,,0.00,922fb35e-148d-9e82-6a72-4001ef191d37,,922fb35e-148d-9e82-5719-5d72a4bbf735,1,82bc312c-5140-37fe-a179-5ebad3a13196,82bc312c-5140-37fe-a179-5ebad3a13196
608d3ca3-0bd9-c886-6a54-8f4f260ed640,922fb35e-148d-9e82-6f90-af0af65f1d05,28195,922fb35e-148d-9e82-7e65-bfa05e3b3515,CHARGE,1240.89,,2025-08-14T18:53:52Z,2025-08-14T19:08:52Z,c96d6792-27a3-3ef4-83f2-bb68e71023df,28163009,,,1,2,,,1,1,Skin test for tuberculosis  Tine test (procedure),1240.89,,1,0.00,0.00,,0.00,922fb35e-148d-9e82-6a72-4001ef191d37,,922fb35e-148d-9e82-5719-5d72a4bbf735,1,82bc312c-5140-37fe-a179-5ebad3a13196,82bc312c-5140-37fe-a179-5ebad3a13196
c11a7946-17b3-c10c-d4a9-1e9e4c1ddc80,922fb35e-148d-9e82-6f90-af0af65f1d05,28196,922fb35e-148d-9e82-7e65-bfa05e3b3515,PAYMENT,,ECHECK,2025-08-14T18:53:52Z,2025-08-14T19:08:52Z,c96d6792-27a3-3ef4-83f2-bb68e71023df,28163009,,,1,2,,,1,1,Skin test for tuberculosis  Tine test (procedure),0.00,,,744.53,0.00,,496.36,922fb35e-148d-9e82-6a72-4001ef191d37,,922fb35e-148d-9e82-5719-5d72a4bbf735,1,82bc312c-5140-37fe-a179-5ebad3a13196,82bc312c-5140-37fe-a179-5ebad3a13196
8234f28c-2f68-4219-a952-3d3c983c7901,922fb35e-148d-9e82-6f90-af0af65f1d05,28197,922fb35e-148d-9e82-7e65-bfa05e3b3515,TRANSFEROUT,,,2025-08-14T18:53:52Z,2025-08-14T19:08:52Z,c96d6792-27a3-3ef4-83f2-bb68e71023df,28163009,,,1,2,,,1,1,Skin test for tuberculosis  Tine test (procedure),0.00,,,0.00,0.00,496.36,496.36,922fb35e-148d-9e82-6a72-4001ef191d37,,922fb35e-148d-9e82-5719-5d72a4bbf735,1,82bc312c-5140-37fe-a179-5ebad3a13196,82bc312c-5140-37fe-a179-5ebad3a13196
0469e518-5ed1-9c33-52a4-7a7930790a03,922fb35e-148d-9e82-6f90-af0af65f1d05,28198,922fb35e-148d-9e82-7e65-bfa05e3b3515,TRANSFERIN,496.36,,2025-08-14T18:53:52Z,2025-08-14T19:08:52Z,c96d6792-27a3-3ef4-83f2-bb68e71023df,28163009,,,1,2,,,1,1,Skin test for tuberculosis  Tine test (procedure),0.00,28197,p,0.00,0.00,496.36,496.36,922fb35e-148d-9e82-6a72-4001ef191d37,,922fb35e-148d-9e82-5719-5d72a4bbf735,1,82bc312c-5140-37fe-a179-5ebad3a13196,82bc312c-5140-37fe-a179-5ebad3a13196
08d3ca30-bda4-3866-a548-f4f260f51406,922fb35e-148d-9e82-6f90-af0af65f1d05,28199,922fb35e-148d-9e82-7e65-bfa05e3b3515,PAYMENT,,CC,2025-08-14T18:53:52Z,2025-08-14T19:08:52Z,c96d6792-27a3-3ef4-83f2-bb68e71023df,28163009,,,1,2,,,1,1,Skin test for tuberculosis  Tine test (procedure),0.00,,,496.36,0.00,,0.00,922fb35e-148d-9e82-6a72-4001ef191d37,,922fb35e-148d-9e82-5719-5d72a4bbf735,1,82bc312c-5140-37fe-a179-5ebad3a13196,82bc312c-5140-37fe-a179-5ebad3a13196
0ba30b98-234f-28c3-98e6-7a1a9523d3c9,922fb35e-148d-9e82-6f90-af0af65f1d05,28201,922fb35e-148d-9e82-7e65-bfa05e3b3515,CHARGE,620.44,,2025-08-14T18:53:52Z,2025-08-14T19:08:52Z,c96d6792-27a3-3ef4-83f2-bb68e71023df,60218003,,,1,2,,,1,1,Urinalysis  protein  qualitative (procedure),620.44,,1,0.00,0.00,,0.00,922fb35e-148d-9e82-6a72-4001ef191d37,,922fb35e-148d-9e82-5719-5d72a4bbf735,1,82bc312c-5140-37fe-a179-5ebad3a13196,82bc312c-5140-37fe-a179-5ebad3a13196
175c1730-469e-5186-31d2-f4352a47a793,922fb35e-148d-9e82-6f90-af0af65f1d05,28202,922fb35e-148d-9e82-7e65-bfa05e3b3515,PAYMENT,,ECHECK,2025-08-14T18:53:52Z,2025-08-14T19:08:52Z,c96d6792-27a3-3ef4-83f2-bb68e71023df,60218003,,,1,2,,,1,1,Urinalysis  protein  qualitative (procedure),0.00,,,372.26,0.00,,248.18,922fb35e-148d-9e82-6a72-4001ef191d37,,922fb35e-148d-9e82-5719-5d72a4bbf735,1,82bc312c-5140-37fe-a179-5ebad3a13196,82bc312c-5140-37fe-a179-5ebad3a13196
2ec82e60-8d3c-a30c-63d5-e86a548f4f26,922fb35e-148d-9e82-6f90-af0af65f1d05,28203,922fb35e-148d-9e82-7e65-bfa05e3b3515,TRANSFEROUT,,,2025-08-14T18:53:52Z,2025-08-14T19:08:52Z,c96d6792-27a3-3ef4-83f2-bb68e71023df,60218003,,,1,2,,,1,1,Urinalysis  protein  qualitative (procedure),0.00,,,0.00,0.00,248.18,248.18,922fb35e-148d-9e82-6a72-4001ef191d37,,922fb35e-148d-9e82-5719-5d72a4bbf735,1,82bc312c-5140-37fe-a179-5ebad3a13196,82bc312c-5140-37fe-a179-5ebad3a13196
5dc05cc1-1a79-4618-c7db-d0d4a91e9e4c,922fb35e-148d-9e82-6f90-af0af65f1d05,28204,922fb35e-148d-9e82-7e65-bfa05e3b3515,TRANSFERIN,248.18,,2025-08-14T18:53:52Z,2025-08-14T19:08:52Z,c96d6792-27a3-3ef4-83f2-bb68e71023df,60218003,,,1,2,,,1,1,Urinalysis  protein  qualitative (procedure),0.00,28203,p,0.00,0.00,248.18,248.18,922fb35e-148d-9e82-6a72-4001ef191d37,,922fb35e-148d-9e82-5719-5d72a4bbf735,1,82bc312c-5140-37fe-a179-5ebad3a13196,82bc312c-5140-37fe-a179-5ebad3a13196
bc40b982-34f2-8c30-9077-a1a9523d3c99,922fb35e-148d-9e82-6f90-af0af65f1d05,28205,922fb35e-148d-9e82-7e65-bfa05e3b3515,PAYMENT,,CC,2025-08-14T18:53:52Z,2025-08-14T19:08:52Z,c96d6792-27a3-3ef4-83f2-bb68e71023df,60218003,,,1,2,,,1,1,Urinalysis  protein  qualitative (procedure),0.00,,,248.18,0.00,,0.00,922fb35e-148d-9e82-6a72-4001ef191d37,,922fb35e-148d-9e82-5719-5d72a4bbf735,1,82bc312c-5140-37fe-a179-5ebad3a13196,82bc312c-5140-37fe-a179-5ebad3a13196
f462e608-d3ca-30c2-453e-86a548f4f266,922fb35e-148d-9e82-6f90-af0af65f1d05,28207,922fb35e-148d-9e82-7e65-bfa05e3b3515,CHARGE,620.44,,2025-08-14T18:53:52Z,2025-08-14T19:08:52Z,c96d6792-27a3-3ef4-83f2-bb68e71023df,5880005,,,1,2,,,1,1,Physical examination procedure (procedure),620.44,,1,0.00,0.00,,0.00,922fb35e-148d-9e82-6a72-4001ef191d37,,922fb35e-148d-9e82-5719-5d72a4bbf735,1,82bc312c-5140-37fe-a179-5ebad3a13196,82bc312c-5140-37fe-a179-5ebad3a13196
efc5cc11-a794-6185-8d7d-0d4a91e9e4cc,922fb35e-148d-9e82-6f90-af0af65f1d05,28208,922fb35e-148d-9e82-7e65-bfa05e3b3515,PAYMENT,,ECHECK,2025-08-14T18:53:52Z,2025-08-14T19:08:52Z,c96d6792-27a3-3ef4-83f2-bb68e71023df,5880005,,,1,2,,,1,1,Physical examination procedure (procedure),0.00,,,372.26,0.00,,248.18,922fb35e-148d-9e82-6a72-4001ef191d37,,922fb35e-148d-9e82-5719-5d72a4bbf735,1,82bc312c-5140-37fe-a179-5ebad3a13196,82bc312c-5140-37fe-a179-5ebad3a13196
e38b9823-4f28-c30b-26fa-1a9523d3c999,922fb35e-148d-9e82-6f90-af0af65f1d05,28209,922fb35e-148d-9e82-7e65-bfa05e3b3515,TRANSFEROUT,,,2025-08-14T18:53:52Z,2025-08-14T19:08:52Z,c96d6792-27a3-3ef4-83f2-bb68e71023df,5880005,,,1,2,,,1,1,Physical examination procedure (procedure),0.00,,,0.00,0.00,248.18,248.18,922fb35e-148d-9e82-6a72-4001ef191d37,,922fb35e-148d-9e82-5719-5d72a4bbf735,1,82bc312c-5140-37fe-a179-5ebad3a13196,82bc312c-5140-37fe-a179-5ebad3a13196
08d3ca30-c324-35e6-a548-f4f266751186,922fb35e-148d-9e82-6f90-af0af65f1d05,28210,922fb35e-148d-9e82-7e65-bfa05e3b3515,TRANSFERIN,248.18,,2025-08-14T18:53:52Z,2025-08-14T19:08:52Z,c96d6792-27a3-3ef4-83f2-bb68e71023df,5880005,,,1,2,,,1,1,Physical examination procedure (procedure),0.00,28209,p,0.00,0.00,248.18,248.18,922fb35e-148d-9e82-6a72-4001ef191d37,,922fb35e-148d-9e82-5719-5d72a4bbf735,1,82bc312c-5140-37fe-a179-5ebad3a13196,82bc312c-5140-37fe-a179-5ebad3a13196
11a79461-864f-6bcc-4a91-e9e4cced230d,922fb35e-148d-9e82-6f90-af0af65f1d05,28211,922fb35e-148d-9e82-7e65-bfa05e3b3515,PAYMENT,,CC,2025-08-14T18:53:52Z,2025-08-14T19:08:52Z,c96d6792-27a3-3ef4-83f2-bb68e71023df,5880005,,,1,2,,,1,1,Physical examination procedure (procedure),0.00,,,248.18,0.00,,0.00,922fb35e-148d-9e82-6a72-4001ef191d37,,922fb35e-148d-9e82-5719-5d72a4bbf735,1,82bc312c-5140-37fe-a179-5ebad3a13196,82bc312c-5140-37fe-a179-5ebad3a13196
c9c3465b-9d92-37bc-22f1-60d27a971b6f,922fb35e-148d-9e82-8af0-17bfc4a2de20,28213,922fb35e-148d-9e82-7e65-bfa05e3b3515,CHARGE,138.42,,2025-09-11T18:53:52Z,2025-09-11T19:08:52Z,c96d6792-27a3-3ef4-83f2-bb68e71023df,424619006,,,1,,,,1,1,Prenatal visit (regime/therapy),138.42,,1,0.00,0.00,,0.00,922fb35e-148d-9e82-a9c9-16ea4d153946,,922fb35e-148d-9e82-5719-5d72a4bbf735,1,82bc312c-5140-37fe-a179-5ebad3a13196,82bc312c-5140-37fe-a179-5ebad3a13196
93868cc7-3b24-6f79-45e2-c1d4f52e36de,922fb35e-148d-9e82-8af0-17bfc4a2de20,28214,922fb35e-148d-9e82-7e65-bfa05e3b3515,PAYMENT,,ECHECK,2025-09-11T18:53:52Z,2025-09-11T19:08:52Z,c96d6792-27a3-3ef4-83f2-bb68e71023df,424619006,,,1,,,,1,1,Prenatal visit (regime/therapy),0.00,,,138.42,0.00,,0.00,922fb35e-148d-9e82-a9c9-16ea4d153946,,922fb35e-148d-9e82-5719-5d72a4bbf735,1,82bc312c-5140-37fe-a179-5ebad3a13196,82bc312c-5140-37fe-a179-5ebad3a13196
4e1a343c-ec91-bde6-178b-0873d4b8db79,922fb35e-148d-9e82-8af0-17bfc4a2de20,28216,922fb35e-148d-9e82-7e65-bfa05e3b3515,CHARGE,3252.82,,2025-09-11T18:53:52Z,2025-09-11T19:08:52Z,c96d6792-27a3-3ef4-83f2-bb68e71023df,274804006,,,1,,,,1,1,Evaluation of uterine fundal height (procedure),3252.82,,1,0.00,0.00,,0.00,922fb35e-148d-9e82-a9c9-16ea4d153946,,922fb35e-148d-9e82-5719-5d72a4bbf735,1,82bc312c-5140-37fe-a179-5ebad3a13196,82bc312c-5140-37fe-a179-5ebad3a13196
9c3469a9-d923-7bcc-2f16-1117a971b6f2,922fb35e-148d-9e82-8af0-17bfc4a2de20,28217,922fb35e-148d-9e82-7e65-bfa05e3b3515,PAYMENT,,ECHECK,2025-09-11T18:53:52Z,2025-09-11T19:08:52Z,c96d6792-27a3-3ef4-83f2-bb68e71023df,274804006,,,1,,,,1,1,Evaluation of uterine fundal height (procedure),0.00,,,3252.82,0.00,,0.00,922fb35e-148d-9e82-a9c9-16ea4d153946,,922fb35e-148d-9e82-5719-5d72a4bbf735,1,82bc312c-5140-37fe-a179-5ebad3a13196,82bc312c-5140-37fe-a179-5ebad3a13196
70d1afa7-648d-ef32-bc58-4d5ea5c6dbc8,922fb35e-148d-9e82-8af0-17bfc4a2de20,28219,922fb35e-148d-9e82-7e65-bfa05e3b3515,CHARGE,3582.63,,2025-09-11T18:53:52Z,2025-09-11T19:08:52Z,c96d6792-27a3-3ef4-83f2-bb68e71023df,225158009,,,1,,,,1,1,Auscultation of the fetal heart (procedure),3582.63,,1,0.00,0.00,,0.00,922fb35e-148d-9e82-a9c9-16ea4d153946,,922fb35e-148d-9e82-5719-5d72a4bbf735,1,82bc312c-5140-37fe-a179-5ebad3a13196,82bc312c-5140-37fe-a179-5ebad3a13196
9299237b-cc9c-3481-0069-71b6f22f1629,922fb35e-148d-9e82-8af0-17bfc4a2de20,28220,922fb35e-148d-9e82-7e65-bfa05e3b3515,PAYMENT,,ECHECK,2025-09-11T18:53:52Z,2025-09-11T19:08:52Z,c96d6792-27a3-3ef4-83f2-bb68e71023df,225158009,,,1,,,,1,1,Auscultation of the fetal heart (procedure),0.00,,,3582.63,0.00,,0.00,922fb35e-148d-9e82-a9c9-16ea4d153946,,922fb35e-148d-9e82-5719-5d72a4bbf735,1,82bc312c-5140-37fe-a179-5ebad3a13196,82bc312c-5140-37fe-a179-5ebad3a13196
4a648def-3270-d20f-01a5-c6dbc8bc58ad,922fb35e-148d-9e82-8af0-17bfc4a2de20,28222,922fb35e-148d-9e82-7e65-bfa05e3b3515,CHARGE,1240.89,,2025-09-11T18:53:52Z,2025-09-11T19:08:52Z,c96d6792-27a3-3ef4-83f2-bb68e71023df,443529005,,,1,,,,1,1,Detection of chromosomal aneuploidy in prenatal amniotic fluid specimen using fluorescence in situ hybridization screening technique (procedure),1240.89,,1,0.00,0.00,,0.00,922fb35e-148d-9e82-a9c9-16ea4d153946,,922fb35e-148d-9e82-5719-5d72a4bbf735,1,82bc312c-5140-37fe-a179-5ebad3a13196,82bc312c-5140-37fe-a179-5ebad3a13196
94c91bde-64e1-a422-034b-8db79178b166,922fb35e-148d-9e82-8af0-17bfc4a2de20,28223,922fb35e-148d-9e82-7e65-bfa05e3b3515,PAYMENT,,ECHECK,2025-09-11T18:53:52Z,2025-09-11T19:08:52Z,c96d6792-27a3-3ef4-83f2-bb68e71023df,443529005,,,1,,,,1,1,Detection of chromosomal aneuploidy in prenatal amniotic fluid specimen using fluorescence in situ hybridization screening technique (procedure),0.00,,,1240.89,0.00,,0.00,922fb35e-148d-9e82-a9c9-16ea4d153946,,922fb35e-148d-9e82-5719-5d72a4bbf735,1,82bc312c-5140-37fe-a179-5ebad3a13196,82bc312c-5140-37fe-a179-5ebad3a13196
efbcafb0-4786-a776-8d73-f0e9365dbb3d,922fb35e-148d-9e82-64a6-47f5be5099e5,28225,922fb35e-148d-9e82-7e65-bfa05e3b3515,CHARGE,138.4200,,2025-10-09T18:53:52Z,2025-10-09T19:08:52Z,c96d6792-27a3-3ef4-83f2-bb68e71023df,424619006,,,1,,,,1,1,Prenatal visit (regime/therapy),138.42,,1,0.00,0.00,,0.00,922fb35e-148d-9e82-d540-03b3b5966ca7,,922fb35e-148d-9e82-5719-5d72a4bbf735,1,82bc312c-5140-37fe-a179-5ebad3a13196,82bc312c-5140-37fe-a179-5ebad3a13196
e3795f60-8f0d-4eed-26e7-e1d26cbb767b,922fb35e-148d-9e82-64a6-47f5be5099e5,28226,922fb35e-148d-9e82-7e65-bfa05e3b3515,PAYMENT,,ECHECK,2025-10-09T18:53:52Z,2025-10-09T19:08:52Z,c96d6792-27a3-3ef4-83f2-bb68e71023df,424619006,,,1,,,,1,1,Prenatal visit (regime/therapy),0.00,,,138.42,0.00,,0.00,922fb35e-148d-9e82-d540-03b3b5966ca7,,922fb35e-148d-9e82-5719-5d72a4bbf735,1,82bc312c-5140-37fe-a179-5ebad3a13196,82bc312c-5140-37fe-a179-5ebad3a13196
c9e57d82-3c35-3bb7-d79f-8749b2edd9ec,922fb35e-148d-9e82-64a6-47f5be5099e5,28228,922fb35e-148d-9e82-7e65-bfa05e3b3515,CHARGE,620.44,,2025-10-09T18:53:52Z,2025-10-09T19:08:52Z,c96d6792-27a3-3ef4-83f2-bb68e71023df,271442007,,,1,,,,1,1,Fetal anatomy study (procedure),620.44,,1,0.00,0.00,,0.00,922fb35e-148d-9e82-d540-03b3b5966ca7,,922fb35e-148d-9e82-5719-5d72a4bbf735,1,82bc312c-5140-37fe-a179-5ebad3a13196,82bc312c-5140-37fe-a179-5ebad3a13196
c3cafb04-786a-776f-df3f-0e9365dbb3d9,922fb35e-148d-9e82-64a6-47f5be5099e5,28229,922fb35e-148d-9e82-7e65-bfa05e3b3515,PAYMENT,,ECHECK,2025-10-09T18:53:52Z,2025-10-09T19:08:52Z,c96d6792-27a3-3ef4-83f2-bb68e71023df,271442007,,,1,,,,1,1,Fetal anatomy study (procedure),0.00,,,620.44,0.00,,0.00,922fb35e-148d-9e82-d540-03b3b5966ca7,,922fb35e-148d-9e82-5719-5d72a4bbf735,1,82bc312c-5140-37fe-a179-5ebad3a13196,82bc312c-5140-37fe-a179-5ebad3a13196
823c353b-bac7-a57d-49b2-edd9efd55f87,922fb35e-148d-9e82-64a6-47f5be5099e5,28231,922fb35e-148d-9e82-7e65-bfa05e3b3515,CHARGE,1305.16,,2025-10-09T18:53:52Z,2025-10-09T19:08:52Z,c96d6792-27a3-3ef4-83f2-bb68e71023df,275833003,,,1,,,,1,1,Alpha-fetoprotein test - antenatal (procedure),1305.16,,1,0.00,0.00,,0.00,922fb35e-148d-9e82-d540-03b3b5966ca7,,922fb35e-148d-9e82-5719-5d72a4bbf735,1,82bc312c-5140-37fe-a179-5ebad3a13196,82bc312c-5140-37fe-a179-5ebad3a13196
04786a77-75ff-4afb-9365-dbb3dfdabf0e,922fb35e-148d-9e82-64a6-47f5be5099e5,28232,922fb35e-148d-9e82-7e65-bfa05e3b3515,PAYMENT,,ECHECK,2025-10-09T18:53:52Z,2025-10-09T19:08:52Z,c96d6792-27a3-3ef4-83f2-bb68e71023df,275833003,,,1,,,,1,1,Alpha-fetoprotein test - antenatal (procedure),0.00,,,1305.16,0.00,,0.00,922fb35e-148d-9e82-d540-03b3b5966ca7,,922fb35e-148d-9e82-5719-5d72a4bbf735,1,82bc312c-5140-37fe-a179-5ebad3a13196,82bc312c-5140-37fe-a179-5ebad3a13196
11e1a9dd-d9ad-2bec-4d97-6ecf811afc3a,922fb35e-148d-9e82-64a6-47f5be5099e5,28234,922fb35e-148d-9e82-7e65-bfa05e3b3515,CHARGE,3306.06,,2025-10-09T18:53:52Z,2025-10-09T19:08:52Z,c96d6792-27a3-3ef4-83f2-bb68e71023df,274804006,,,1,,,,1,1,Evaluation of uterine fundal height (procedure),3306.06,,1,0.00,0.00,,0.00,922fb35e-148d-9e82-d540-03b3b5966ca7,,922fb35e-148d-9e82-5719-5d72a4bbf735,1,82bc312c-5140-37fe-a179-5ebad3a13196,82bc312c-5140-37fe-a179-5ebad3a13196
23c353bb-b45a-57d8-9b2e-dd9f0535f874,922fb35e-148d-9e82-64a6-47f5be5099e5,28235,922fb35e-148d-9e82-7e65-bfa05e3b3515,PAYMENT,,ECHECK,2025-10-09T18:53:52Z,2025-10-09T19:08:52Z,c96d6792-27a3-3ef4-83f2-bb68e71023df,274804006,,,1,,,,1,1,Evaluation of uterine fundal height (procedure),0.00,,,3306.0600,0.00,,0.00,922fb35e-148d-9e82-d540-03b3b5966ca7,,922fb35e-148d-9e82-5719-5d72a4bbf735,1,82bc312c-5140-37fe-a179-5ebad3a13196,82bc312c-5140-37fe-a179-5ebad3a13196
8f0d4eee-e369-5f60-6cbb-767c26d7e1d2,922fb35e-148d-9e82-64a6-47f5be5099e5,28237,922fb35e-148d-9e82-7e65-bfa05e3b3515,CHARGE,9379.89,,2025-10-09T18:53:52Z,2025-10-09T19:08:52Z,c96d6792-27a3-3ef4-83f2-bb68e71023df,225158009,,,1,,,,1,1,Auscultation of the fetal heart (procedure),9379.89,,1,0.00,0.00,,0.00,922fb35e-148d-9e82-d540-03b3b5966ca7,,922fb35e-148d-9e82-5719-5d72a4bbf735,1,82bc312c-5140-37fe-a179-5ebad3a13196,82bc312c-5140-37fe-a179-5ebad3a13196
1e1a9ddd-dcd2-bec1-d976-ecf853afc3a4,922fb35e-148d-9e82-64a6-47f5be5099e5,28238,922fb35e-148d-9e82-7e65-bfa05e3b3515,PAYMENT,,ECHECK,2025-10-09T18:53:52Z,2025-10-09T19:08:52Z,c96d6792-27a3-3ef4-83f2-bb68e71023df,225158009,,,1,,,,1,1,Auscultation of the fetal heart (procedure),0.00,,,9379.89,0.00,,0.00,922fb35e-148d-9e82-d540-03b3b5966ca7,,922fb35e-148d-9e82-5719-5d72a4bbf735,1,82bc312c-5140-37fe-a179-5ebad3a13196,82bc312c-5140-37fe-a179-5ebad3a13196
9925e8f0-9402-9038-795a-f6aa9dca18f7,922fb35e-148d-9e82-15ca-0c5fe6ce71a9,28240,922fb35e-148d-9e82-7e65-bfa05e3b3515,CHARGE,138.42,,2025-11-06T18:53:52Z,2025-11-06T19:08:52Z,c96d6792-27a3-3ef4-83f2-bb68e71023df,424619006,,,1,,,,1,1,Prenatal visit (regime/therapy),138.42,,1,0.00,0.00,,0.00,922fb35e-148d-9e82-d705-529d59e54213,,922fb35e-148d-9e82-8be3-90ed17a02a58,1,82bc312c-5140-37fe-a179-5ebad3a13196,82bc312c-5140-37fe-a179-5ebad3a13196
324c01e1-2805-2071-f2b6-1d553b9431ee,922fb35e-148d-9e82-15ca-0c5fe6ce71a9,28241,922fb35e-148d-9e82-7e65-bfa05e3b3515,TRANSFEROUT,,,2025-11-06T18:53:52Z,2025-11-06T19:08:52Z,c96d6792-27a3-3ef4-83f2-bb68e71023df,424619006,,,1,,,,1,1,Prenatal visit (regime/therapy),0.00,,,0.00,0.00,138.42,138.42,922fb35e-148d-9e82-d705-529d59e54213,,922fb35e-148d-9e82-8be3-90ed17a02a58,1,82bc312c-5140-37fe-a179-5ebad3a13196,82bc312c-5140-37fe-a179-5ebad3a13196
6498c3c2-500a-40e2-e56c-faaa772863dd,922fb35e-148d-9e82-15ca-0c5fe6ce71a9,28242,922fb35e-148d-9e82-7e65-bfa05e3b3515,TRANSFERIN,138.42,,2025-11-06T18:53:52Z,2025-11-06T19:08:52Z,c96d6792-27a3-3ef4-83f2-bb68e71023df,424619006,,,1,,,,1,1,Prenatal visit (regime/therapy),0.00,28241,p,0.00,0.00,138.42,138.42,922fb35e-148d-9e82-d705-529d59e54213,,922fb35e-148d-9e82-8be3-90ed17a02a58,1,82bc312c-5140-37fe-a179-5ebad3a13196,82bc312c-5140-37fe-a179-5ebad3a13196
c9329f84-a014-81c4-cada-0d54ee50c7bb,922fb35e-148d-9e82-15ca-0c5fe6ce71a9,28243,922fb35e-148d-9e82-7e65-bfa05e3b3515,PAYMENT,,CHECK,2025-11-06T18:53:52Z,2025-11-06T19:08:52Z,c96d6792-27a3-3ef4-83f2-bb68e71023df,424619006,,,1,,,,1,1,Prenatal visit (regime/therapy),0.00,,,138.42,0.00,,0.00,922fb35e-148d-9e82-d705-529d59e54213,,922fb35e-148d-9e82-8be3-90ed17a02a58,1,82bc312c-5140-37fe-a179-5ebad3a13196,82bc312c-5140-37fe-a179-5ebad3a13196
24d37e12-8052-0713-2b71-3553b9431eef,922fb35e-148d-9e82-15ca-0c5fe6ce71a9,28245,922fb35e-148d-9e82-7e65-bfa05e3b3515,CHARGE,3252.82,,2025-11-06T18:53:52Z,2025-11-06T19:08:52Z,c96d6792-27a3-3ef4-83f2-bb68e71023df,274804006,,,1,,,,1,1,Evaluation of uterine fundal height (procedure),3252.82,,1,0.00,0.00,,0.00,922fb35e-148d-9e82-d705-529d59e54213,,922fb35e-148d-9e82-8be3-90ed17a02a58,1,82bc312c-5140-37fe-a179-5ebad3a13196,82bc312c-5140-37fe-a179-5ebad3a13196
49aafc25-00a4-0e26-56ee-6aa772863dde,922fb35e-148d-9e82-15ca-0c5fe6ce71a9,28246,922fb35e-148d-9e82-7e65-bfa05e3b3515,TRANSFEROUT,,,2025-11-06T18:53:52Z,2025-11-06T19:08:52Z,c96d6792-27a3-3ef4-83f2-bb68e71023df,274804006,,,1,,,,1,1,Evaluation of uterine fundal height (procedure),0.00,,,0.00,0.00,3252.82,3252.82,922fb35e-148d-9e82-d705-529d59e54213,,922fb35e-148d-9e82-8be3-90ed17a02a58,1,82bc312c-5140-37fe-a179-5ebad3a13196,82bc312c-5140-37fe-a179-5ebad3a13196
936bf84a-0148-1c4c-ade2-d54ee50c7bbc,922fb35e-148d-9e82-15ca-0c5fe6ce71a9,28247,922fb35e-148d-9e82-7e65-bfa05e3b3515,TRANSFERIN,3252.82,,2025-11-06T18:53:52Z,2025-11-06T19:08:52Z,c96d6792-27a3-3ef4-83f2-bb68e71023df,274804006,,,1,,,,1,1,Evaluation of uterine fundal height (procedure),0.00,28246,p,0.00,0.00,3252.82,3252.82,922fb35e-148d-9e82-d705-529d59e54213,,922fb35e-148d-9e82-8be3-90ed17a02a58,1,82bc312c-5140-37fe-a179-5ebad3a13196,82bc312c-5140-37fe-a179-5ebad3a13196
26e7f094-0290-3899-5bf5-aa9dca18f779,922fb35e-148d-9e82-15ca-0c5fe6ce71a9,28248,922fb35e-148d-9e82-7e65-bfa05e3b3515,PAYMENT,,CASH,2025-11-06T18:53:52Z,2025-11-06T19:08:52Z,c96d6792-27a3-3ef4-83f2-bb68e71023df,274804006,,,1,,,,1,1,Evaluation of uterine fundal height (procedure),0.00,,,3252.82,0.00,,0.00,922fb35e-148d-9e82-d705-529d59e54213,,922fb35e-148d-9e82-8be3-90ed17a02a58,1,82bc312c-5140-37fe-a179-5ebad3a13196,82bc312c-5140-37fe-a179-5ebad3a13196
4a01481c-4c94-ec58-4ee5-0c7bbcaf6335,922fb35e-148d-9e82-15ca-0c5fe6ce71a9,28250,922fb35e-148d-9e82-7e65-bfa05e3b3515,CHARGE,13011.27,,2025-11-06T18:53:52Z,2025-11-06T19:08:52Z,c96d6792-27a3-3ef4-83f2-bb68e71023df,225158009,,,1,,,,1,1,Auscultation of the fetal heart (procedure),13011.27,,1,0.00,0.00,,0.00,922fb35e-148d-9e82-d705-529d59e54213,,922fb35e-148d-9e82-8be3-90ed17a02a58,1,82bc312c-5140-37fe-a179-5ebad3a13196,82bc312c-5140-37fe-a179-5ebad3a13196
94029038-9929-e8b0-9dca-18f7795ef66a,922fb35e-148d-9e82-15ca-0c5fe6ce71a9,28251,922fb35e-148d-9e82-7e65-bfa05e3b3515,PAYMENT,,ECHECK,2025-11-06T18:53:52Z,2025-11-06T19:08:52Z,c96d6792-27a3-3ef4-83f2-bb68e71023df,225158009,,,1,,,,1,1,Auscultation of the fetal heart (procedure),0.00,,,6185.11,0.00,,6826.16,922fb35e-148d-9e82-d705-529d59e54213,,922fb35e-148d-9e82-8be3-90ed17a02a58,1,82bc312c-5140-37fe-a179-5ebad3a13196,82bc312c-5140-37fe-a179-5ebad3a13196
28052071-3254-0161-3b94-31eef2be1cd5,922fb35e-148d-9e82-15ca-0c5fe6ce71a9,28252,922fb35e-148d-9e82-7e65-bfa05e3b3515,TRANSFEROUT,,,2025-11-06T18:53:52Z,2025-11-06T19:08:52Z,c96d6792-27a3-3ef4-83f2-bb68e71023df,225158009,,,1,,,,1,1,Auscultation of the fetal heart (procedure),0.00,,,0.00,0.00,6826.16,6826.16,922fb35e-148d-9e82-d705-529d59e54213,,922fb35e-148d-9e82-8be3-90ed17a02a58,1,82bc312c-5140-37fe-a179-5ebad3a13196,82bc312c-5140-37fe-a179-5ebad3a13196
500a40e2-64a8-c2c2-7728-63dde57cf9aa,922fb35e-148d-9e82-15ca-0c5fe6ce71a9,28253,922fb35e-148d-9e82-7e65-bfa05e3b3515,TRANSFERIN,6826.16,,2025-11-06T18:53:52Z,2025-11-06T19:08:52Z,c96d6792-27a3-3ef4-83f2-bb68e71023df,225158009,,,1,,,,1,1,Auscultation of the fetal heart (procedure),0.00,28252,p,0.00,0.00,6826.16,6826.16,922fb35e-148d-9e82-d705-529d59e54213,,922fb35e-148d-9e82-8be3-90ed17a02a58,1,82bc312c-5140-37fe-a179-5ebad3a13196,82bc312c-5140-37fe-a179-5ebad3a13196
a01481c4-c952-9d84-ee50-c7bbcafa0b54,922fb35e-148d-9e82-15ca-0c5fe6ce71a9,28254,922fb35e-148d-9e82-7e65-bfa05e3b3515,PAYMENT,,CASH,2025-11-06T18:53:52Z,2025-11-06T19:08:52Z,c96d6792-27a3-3ef4-83f2-bb68e71023df,225158009,,,1,,,,1,1,Auscultation of the fetal heart (procedure),0.00,,,6826.16,0.00,,0.00,922fb35e-148d-9e82-d705-529d59e54213,,922fb35e-148d-9e82-8be3-90ed17a02a58,1,82bc312c-5140-37fe-a179-5ebad3a13196,82bc312c-5140-37fe-a179-5ebad3a13196
48c95611-dbd6-72c0-7fb1-7d3046eafb94,922fb35e-148d-9e82-5e5f-8c8cb29bdc18,28256,922fb35e-148d-9e82-7e65-bfa05e3b3515,CHARGE,138.42,,2025-12-04T18:53:52Z,2025-12-04T19:08:52Z,c96d6792-27a3-3ef4-83f2-bb68e71023df,424619006,,,1,,,,1,1,Prenatal visit (regime/therapy),138.42,,1,0.00,0.00,,0.00,922fb35e-148d-9e82-8aeb-1cd53fc6fdcd,,922fb35e-148d-9e82-8be3-90ed17a02a58,1,82bc312c-5140-37fe-a179-5ebad3a13196,82bc312c-5140-37fe-a179-5ebad3a13196
9312ac23-b7ac-e581-00e2-fa608dd5f729,922fb35e-148d-9e82-5e5f-8c8cb29bdc18,28257,922fb35e-148d-9e82-7e65-bfa05e3b3515,PAYMENT,,ECHECK,2025-12-04T18:53:52Z,2025-12-04T19:08:52Z,c96d6792-27a3-3ef4-83f2-bb68e71023df,424619006,,,1,,,,1,1,Prenatal visit (regime/therapy),0.00,,,138.42,0.00,,0.00,922fb35e-148d-9e82-8aeb-1cd53fc6fdcd,,922fb35e-148d-9e82-8be3-90ed17a02a58,1,82bc312c-5140-37fe-a179-5ebad3a13196,82bc312c-5140-37fe-a179-5ebad3a13196
4c4ab08e-deb3-960f-038b-e9823757dcad,922fb35e-148d-9e82-5e5f-8c8cb29bdc18,28259,922fb35e-148d-9e82-7e65-bfa05e3b3515,CHARGE,3252.82,,2025-12-04T18:53:52Z,2025-12-04T19:08:52Z,c96d6792-27a3-3ef4-83f2-bb68e71023df,274804006,,,1,,,,1,1,Evaluation of uterine fundal height (procedure),3252.82,,1,0.00,0.00,,0.00,922fb35e-148d-9e82-8aeb-1cd53fc6fdcd,,922fb35e-148d-9e82-8be3-90ed17a02a58,1,82bc312c-5140-37fe-a179-5ebad3a13196,82bc312c-5140-37fe-a179-5ebad3a13196
23b7ace5-99ab-12ac-608d-d5f74118e2fa,922fb35e-148d-9e82-5e5f-8c8cb29bdc18,28260,922fb35e-148d-9e82-7e65-bfa05e3b3515,PAYMENT,,ECHECK,2025-12-04T18:53:52Z,2025-12-04T19:08:52Z,c96d6792-27a3-3ef4-83f2-bb68e71023df,274804006,,,1,,,,1,1,Evaluation of uterine fundal height (procedure),0.00,,,3252.82,0.00,,0.00,922fb35e-148d-9e82-8aeb-1cd53fc6fdcd,,922fb35e-148d-9e82-8be3-90ed17a02a58,1,82bc312c-5140-37fe-a179-5ebad3a13196,82bc312c-5140-37fe-a179-5ebad3a13196
8edeb396-6fac-4ab0-8237-57dd0d638be9,922fb35e-148d-9e82-5e5f-8c8cb29bdc18,28262,922fb35e-148d-9e82-7e65-bfa05e3b3515,CHARGE,13011.27,,2025-12-04T18:53:52Z,2025-12-04T19:08:52Z,c96d6792-27a3-3ef4-83f2-bb68e71023df,225158009,,,1,,,,1,1,Auscultation of the fetal heart (procedure),13011.27,,1,0.00,0.00,,0.00,922fb35e-148d-9e82-8aeb-1cd53fc6fdcd,,922fb35e-148d-9e82-8be3-90ed17a02a58,1,82bc312c-5140-37fe-a179-5ebad3a13196,82bc312c-5140-37fe-a179-5ebad3a13196
1dbd672c-e358-9561-046e-afba26c717d3,922fb35e-148d-9e82-5e5f-8c8cb29bdc18,28263,922fb35e-148d-9e82-7e65-bfa05e3b3515,PAYMENT,,ECHECK,2025-12-04T18:53:52Z,2025-12-04T19:08:52Z,c96d6792-27a3-3ef4-83f2-bb68e71023df,225158009,,,1,,,,1,1,Auscultation of the fetal heart (procedure),0.00,,,13011.27,0.00,,0.00,922fb35e-148d-9e82-8aeb-1cd53fc6fdcd,,922fb35e-148d-9e82-8be3-90ed17a02a58,1,82bc312c-5140-37fe-a179-5ebad3a13196,82bc312c-5140-37fe-a179-5ebad3a13196
7fc59cc7-1418-48bf-4b29-d1d4ce22106c,922fb35e-148d-9e82-01f5-73ef4974611c,28265,922fb35e-148d-9e82-7e65-bfa05e3b3515,CHARGE,138.42,,2026-01-01T18:53:52Z,2026-01-01T19:08:52Z,c96d6792-27a3-3ef4-83f2-bb68e71023df,424619006,,,1,,,,1,1,Prenatal visit (regime/therapy),138.42,,1,0.00,0.00,,0.00,922fb35e-148d-9e82-5829-72b172451ed6,,922fb35e-148d-9e82-8be3-90ed17a02a58,1,82bc312c-5140-37fe-a179-5ebad3a13196,82bc312c-5140-37fe-a179-5ebad3a13196
ff8b39fe-2830-917e-9653-a3d99c4420d8,922fb35e-148d-9e82-01f5-73ef4974611c,28266,922fb35e-148d-9e82-7e65-bfa05e3b3515,PAYMENT,,ECHECK,2026-01-01T18:53:52Z,2026-01-01T19:08:52Z,c96d6792-27a3-3ef4-83f2-bb68e71023df,424619006,,,1,,,,1,1,Prenatal visit (regime/therapy),0.00,,,138.42,0.00,,0.00,922fb35e-148d-9e82-5829-72b172451ed6,,922fb35e-148d-9e82-8be3-90ed17a02a58,1,82bc312c-5140-37fe-a179-5ebad3a13196,82bc312c-5140-37fe-a179-5ebad3a13196
fe2ce9a8-a0c2-45fb-594e-911671108362,922fb35e-148d-9e82-01f5-73ef4974611c,28268,922fb35e-148d-9e82-7e65-bfa05e3b3515,CHARGE,1321.72,,2026-01-01T18:53:52Z,2026-01-01T19:08:52Z,c96d6792-27a3-3ef4-83f2-bb68e71023df,104091002,,,1,,,,1,1,Hemogram  automated  with red blood cells  white blood cells  hemoglobin  hematocrit  indices  platelet count  and manual white blood cell differential (procedure),1321.72,,1,0.00,0.00,,0.00,922fb35e-148d-9e82-5829-72b172451ed6,,922fb35e-148d-9e82-8be3-90ed17a02a58,1,82bc312c-5140-37fe-a179-5ebad3a13196,82bc312c-5140-37fe-a179-5ebad3a13196
fc59d451-4184-8bf7-b29d-252ce22106c4,922fb35e-148d-9e82-01f5-73ef4974611c,28269,922fb35e-148d-9e82-7e65-bfa05e3b3515,PAYMENT,,ECHECK,2026-01-01T18:53:52Z,2026-01-01T19:08:52Z,c96d6792-27a3-3ef4-83f2-bb68e71023df,104091002,,,1,,,,1,1,Hemogram  automated  with red blood cells  white blood cells  hemoglobin  hematocrit  indices  platelet count  and manual white blood cell differential (procedure),0.00,,,1321.72,0.00,,0.00,922fb35e-148d-9e82-5829-72b172451ed6,,922fb35e-148d-9e82-8be3-90ed17a02a58,1,82bc312c-5140-37fe-a179-5ebad3a13196,82bc312c-5140-37fe-a179-5ebad3a13196
93a0c245-fbfe-2d01-0171-108362594ea9,922fb35e-148d-9e82-01f5-73ef4974611c,28271,922fb35e-148d-9e82-7e65-bfa05e3b3515,CHARGE,1593.94,,2026-01-01T18:53:52Z,2026-01-01T19:08:52Z,c96d6792-27a3-3ef4-83f2-bb68e71023df,399014008,,,1,,,,1,1,Administration of vaccine product containing only Bordetella pertussis and Clostridium tetani and Corynebacterium diphtheriae antigens (procedure),1593.94,,1,0.00,0.00,,0.00,922fb35e-148d-9e82-5829-72b172451ed6,,922fb35e-148d-9e82-8be3-90ed17a02a58,1,82bc312c-5140-37fe-a179-5ebad3a13196,82bc312c-5140-37fe-a179-5ebad3a13196
2741848b-f7fc-5a04-02e2-2106c4b29d55,922fb35e-148d-9e82-01f5-73ef4974611c,28272,922fb35e-148d-9e82-7e65-bfa05e3b3515,PAYMENT,,ECHECK,2026-01-01T18:53:52Z,2026-01-01T19:08:52Z,c96d6792-27a3-3ef4-83f2-bb68e71023df,399014008,,,1,,,,1,1,Administration of vaccine product containing only Bordetella pertussis and Clostridium tetani and Corynebacterium diphtheriae antigens (procedure),0.00,,,1593.94,0.00,,0.00,922fb35e-148d-9e82-5829-72b172451ed6,,922fb35e-148d-9e82-8be3-90ed17a02a58,1,82bc312c-5140-37fe-a179-5ebad3a13196,82bc312c-5140-37fe-a179-5ebad3a13196
9d06122f-dff1-6822-0b88-841b12ca7566,922fb35e-148d-9e82-01f5-73ef4974611c,28274,922fb35e-148d-9e82-7e65-bfa05e3b3515,CHARGE,1240.89,,2026-01-01T18:53:52Z,2026-01-01T19:08:52Z,c96d6792-27a3-3ef4-83f2-bb68e71023df,268556000,,,1,,,,1,1,Urine screening for glucose (procedure),1240.89,,1,0.00,0.00,,0.00,922fb35e-148d-9e82-5829-72b172451ed6,,922fb35e-148d-9e82-8be3-90ed17a02a58,1,82bc312c-5140-37fe-a179-5ebad3a13196,82bc312c-5140-37fe-a179-5ebad3a13196
3a0c245f-bfe2-d05b-1711-08362594ead2,922fb35e-148d-9e82-01f5-73ef4974611c,28275,922fb35e-148d-9e82-7e65-bfa05e3b3515,PAYMENT,,ECHECK,2026-01-01T18:53:52Z,2026-01-01T19:08:52Z,c96d6792-27a3-3ef4-83f2-bb68e71023df,268556000,,,1,,,,1,1,Urine screening for glucose (procedure),0.00,,,1240.89,0.00,,0.00,922fb35e-148d-9e82-5829-72b172451ed6,,922fb35e-148d-9e82-8be3-90ed17a02a58,1,82bc312c-5140-37fe-a179-5ebad3a13196,82bc312c-5140-37fe-a179-5ebad3a13196
e830917e-ff8b-41fc-5c44-20d89653abd8,922fb35e-148d-9e82-01f5-73ef4974611c,28277,922fb35e-148d-9e82-7e65-bfa05e3b3515,CHARGE,13011.27,,2026-01-01T18:53:52Z,2026-01-01T19:08:52Z,c96d6792-27a3-3ef4-83f2-bb68e71023df,274804006,,,1,,,,1,1,Evaluation of uterine fundal height (procedure),13011.27,,1,0.00,0.00,,0.00,922fb35e-148d-9e82-5829-72b172451ed6,,922fb35e-148d-9e82-8be3-90ed17a02a58,1,82bc312c-5140-37fe-a179-5ebad3a13196,82bc312c-5140-37fe-a179-5ebad3a13196
d06122fd-ff16-8439-b888-41b12ca75870,922fb35e-148d-9e82-01f5-73ef4974611c,28278,922fb35e-148d-9e82-7e65-bfa05e3b3515,PAYMENT,,ECHECK,2026-01-01T18:53:52Z,2026-01-01T19:08:52Z,c96d6792-27a3-3ef4-83f2-bb68e71023df,274804006,,,1,,,,1,1,Evaluation of uterine fundal height (procedure),0.00,,,13011.27,0.00,,0.00,922fb35e-148d-9e82-5829-72b172451ed6,,922fb35e-148d-9e82-8be3-90ed17a02a58,1,82bc312c-5140-37fe-a179-5ebad3a13196,82bc312c-5140-37fe-a179-5ebad3a13196
7eff8b47-c2e8-3091-d896-53b1de5c4420,922fb35e-148d-9e82-01f5-73ef4974611c,28280,922fb35e-148d-9e82-7e65-bfa05e3b3515,CHARGE,3252.82,,2026-01-01T18:53:52Z,2026-01-01T19:08:52Z,c96d6792-27a3-3ef4-83f2-bb68e71023df,225158009,,,1,,,,1,1,Auscultation of the fetal heart (procedure),3252.82,,1,0.00,0.00,,0.00,922fb35e-148d-9e82-5829-72b172451ed6,,922fb35e-148d-9e82-8be3-90ed17a02a58,1,82bc312c-5140-37fe-a179-5ebad3a13196,82bc312c-5140-37fe-a179-5ebad3a13196
fdff1690-45d0-6122-b12c-a7647cb88841,922fb35e-148d-9e82-01f5-73ef4974611c,28281,922fb35e-148d-9e82-7e65-bfa05e3b3515,PAYMENT,,ECHECK,2026-01-01T18:53:52Z,2026-01-01T19:08:52Z,c96d6792-27a3-3ef4-83f2-bb68e71023df,225158009,,,1,,,,1,1,Auscultation of the fetal heart (procedure),0.00,,,3252.82,0.00,,0.00,922fb35e-148d-9e82-5829-72b172451ed6,,922fb35e-148d-9e82-8be3-90ed17a02a58,1,82bc312c-5140-37fe-a179-5ebad3a13196,82bc312c-5140-37fe-a179-5ebad3a13196
a9f446d8-e9a1-e874-b3bc-05aa8fd6f62e,922fb35e-148d-9e82-2eb4-1e80366202dd,28283,922fb35e-148d-9e82-7e65-bfa05e3b3515,CHARGE,138.42,,2026-01-29T18:53:52Z,2026-01-29T19:08:52Z,c96d6792-27a3-3ef4-83f2-bb68e71023df,424619006,,,1,2,,,1,1,Prenatal visit (regime/therapy),138.42,,1,0.00,0.00,,0.00,922fb35e-148d-9e82-b8cf-ba4446b318eb,,922fb35e-148d-9e82-8be3-90ed17a02a58,1,82bc312c-5140-37fe-a179-5ebad3a13196,82bc312c-5140-37fe-a179-5ebad3a13196
53e88db1-d344-00e9-6778-0b551fae1c5d,922fb35e-148d-9e82-2eb4-1e80366202dd,28284,922fb35e-148d-9e82-7e65-bfa05e3b3515,PAYMENT,,ECHECK,2026-01-29T18:53:52Z,2026-01-29T19:08:52Z,c96d6792-27a3-3ef4-83f2-bb68e71023df,424619006,,,1,2,,,1,1,Prenatal visit (regime/therapy),0.00,,,138.42,0.00,,0.00,922fb35e-148d-9e82-b8cf-ba4446b318eb,,922fb35e-148d-9e82-8be3-90ed17a02a58,1,82bc312c-5140-37fe-a179-5ebad3a13196,82bc312c-5140-37fe-a179-5ebad3a13196
4fa236c7-4d12-9ba5-9de0-2d547eba0975,922fb35e-148d-9e82-2eb4-1e80366202dd,28286,922fb35e-148d-9e82-7e65-bfa05e3b3515,CHARGE,3252.82,,2026-01-29T18:53:52Z,2026-01-29T19:08:52Z,c96d6792-27a3-3ef4-83f2-bb68e71023df,274804006,,,1,2,,,1,1,Evaluation of uterine fundal height (procedure),3252.82,,1,0.00,0.00,,0.00,922fb35e-148d-9e82-b8cf-ba4446b318eb,,922fb35e-148d-9e82-8be3-90ed17a02a58,1,82bc312c-5140-37fe-a179-5ebad3a13196,82bc312c-5140-37fe-a179-5ebad3a13196
9f446d8e-9a26-374a-3bc0-5aa8fd7712eb,922fb35e-148d-9e82-2eb4-1e80366202dd,28287,922fb35e-148d-9e82-7e65-bfa05e3b3515,PAYMENT,,ECHECK,2026-01-29T18:53:52Z,2026-01-29T19:08:52Z,c96d6792-27a3-3ef4-83f2-bb68e71023df,274804006,,,1,2,,,1,1,Evaluation of uterine fundal height (procedure),0.00,,,3252.82,0.00,,0.00,922fb35e-148d-9e82-b8cf-ba4446b318eb,,922fb35e-148d-9e82-8be3-90ed17a02a58,1,82bc312c-5140-37fe-a179-5ebad3a13196,82bc312c-5140-37fe-a179-5ebad3a13196
7d11b63a-68aa-dd2a-ef01-6aa3f5ee4bac,922fb35e-148d-9e82-2eb4-1e80366202dd,28289,922fb35e-148d-9e82-7e65-bfa05e3b3515,CHARGE,12774.95,,2026-01-29T18:53:52Z,2026-01-29T19:08:52Z,c96d6792-27a3-3ef4-83f2-bb68e71023df,225158009,,,1,2,,,1,1,Auscultation of the fetal heart (procedure),12774.95,,1,0.00,0.00,,0.00,922fb35e-148d-9e82-b8cf-ba4446b318eb,,922fb35e-148d-9e82-8be3-90ed17a02a58,1,82bc312c-5140-37fe-a179-5ebad3a13196,82bc312c-5140-37fe-a179-5ebad3a13196
8e9a564f-4a9f-446d-a8fd-a72aeb3bc05a,922fb35e-148d-9e82-2eb4-1e80366202dd,28290,922fb35e-148d-9e82-7e65-bfa05e3b3515,PAYMENT,,ECHECK,2026-01-29T18:53:52Z,2026-01-29T19:08:52Z,c96d6792-27a3-3ef4-83f2-bb68e71023df,225158009,,,1,2,,,1,1,Auscultation of the fetal heart (procedure),0.00,,,12774.95,0.00,,0.00,922fb35e-148d-9e82-b8cf-ba4446b318eb,,922fb35e-148d-9e82-8be3-90ed17a02a58,1,82bc312c-5140-37fe-a179-5ebad3a13196,82bc312c-5140-37fe-a179-5ebad3a13196
9bfd6335-babb-bd65-960a-a6a43d2db19b,922fb35e-148d-9e82-7077-0fbb4ad42cda,28292,922fb35e-148d-9e82-7e65-bfa05e3b3515,CHARGE,138.42,,2026-02-26T18:53:52Z,2026-02-26T19:08:52Z,c96d6792-27a3-3ef4-83f2-bb68e71023df,424619006,,,1,,,,1,1,Prenatal visit (regime/therapy),138.42,,1,0.00,0.00,,0.00,922fb35e-148d-9e82-3598-d2297bfd9ad3,,922fb35e-148d-9e82-8be3-90ed17a02a58,1,82bc312c-5140-37fe-a179-5ebad3a13196,82bc312c-5140-37fe-a179-5ebad3a13196
37fadc6b-7577-7acb-2c15-53487a5b6337,922fb35e-148d-9e82-7077-0fbb4ad42cda,28293,922fb35e-148d-9e82-7e65-bfa05e3b3515,PAYMENT,,ECHECK,2026-02-26T18:53:52Z,2026-02-26T19:08:52Z,c96d6792-27a3-3ef4-83f2-bb68e71023df,424619006,,,1,,,,1,1,Prenatal visit (regime/therapy),0.00,,,138.42,0.00,,0.00,922fb35e-148d-9e82-3598-d2297bfd9ad3,,922fb35e-148d-9e82-8be3-90ed17a02a58,1,82bc312c-5140-37fe-a179-5ebad3a13196,82bc312c-5140-37fe-a179-5ebad3a13196
dfebc1ad-d5dd-eb2c-b055-dd21e96d8cdc,922fb35e-148d-9e82-7077-0fbb4ad42cda,28295,922fb35e-148d-9e82-7e65-bfa05e3b3515,CHARGE,1240.89,,2026-02-26T18:53:52Z,2026-02-26T19:08:52Z,c96d6792-27a3-3ef4-83f2-bb68e71023df,118001005,,,1,,,,1,1,Streptococcus pneumoniae group B antigen assay (procedure),1240.89,,1,0.00,0.00,,0.00,922fb35e-148d-9e82-3598-d2297bfd9ad3,,922fb35e-148d-9e82-8be3-90ed17a02a58,1,82bc312c-5140-37fe-a179-5ebad3a13196,82bc312c-5140-37fe-a179-5ebad3a13196
bfd8435b-abbb-d659-60ac-7a43d2db19b9,922fb35e-148d-9e82-7077-0fbb4ad42cda,28296,922fb35e-148d-9e82-7e65-bfa05e3b3515,PAYMENT,,ECHECK,2026-02-26T18:53:52Z,2026-02-26T19:08:52Z,c96d6792-27a3-3ef4-83f2-bb68e71023df,118001005,,,1,,,,1,1,Streptococcus pneumoniae group B antigen assay (procedure),0.00,,,1240.89,0.00,,0.00,922fb35e-148d-9e82-3598-d2297bfd9ad3,,922fb35e-148d-9e82-8be3-90ed17a02a58,1,82bc312c-5140-37fe-a179-5ebad3a13196,82bc312c-5140-37fe-a179-5ebad3a13196
ff643d6e-aeef-5966-82b5-190f4b6c66e5,922fb35e-148d-9e82-7077-0fbb4ad42cda,28298,922fb35e-148d-9e82-7e65-bfa05e3b3515,CHARGE,9512.08,,2026-02-26T18:53:52Z,2026-02-26T19:08:52Z,c96d6792-27a3-3ef4-83f2-bb68e71023df,274804006,,,1,,,,1,1,Evaluation of uterine fundal height (procedure),9512.08,,1,0.00,0.00,,0.00,922fb35e-148d-9e82-3598-d2297bfd9ad3,,922fb35e-148d-9e82-8be3-90ed17a02a58,1,82bc312c-5140-37fe-a179-5ebad3a13196,82bc312c-5140-37fe-a179-5ebad3a13196
fecf7add-5dde-b2cd-056d-321e96d8cdcb,922fb35e-148d-9e82-7077-0fbb4ad42cda,28299,922fb35e-148d-9e82-7e65-bfa05e3b3515,PAYMENT,,ECHECK,2026-02-26T18:53:52Z,2026-02-26T19:08:52Z,c96d6792-27a3-3ef4-83f2-bb68e71023df,274804006,,,1,,,,1,1,Evaluation of uterine fundal height (procedure),0.00,,,9512.08,0.00,,0.00,922fb35e-148d-9e82-3598-d2297bfd9ad3,,922fb35e-148d-9e82-8be3-90ed17a02a58,1,82bc312c-5140-37fe-a179-5ebad3a13196,82bc312c-5140-37fe-a179-5ebad3a13196
777acb38-255b-df75-5b63-372c3fd2bc7a,922fb35e-148d-9e82-7077-0fbb4ad42cda,28301,922fb35e-148d-9e82-7e65-bfa05e3b3515,CHARGE,13011.27,,2026-02-26T18:53:52Z,2026-02-26T19:08:52Z,c96d6792-27a3-3ef4-83f2-bb68e71023df,225158009,,,1,,,,1,1,Auscultation of the fetal heart (procedure),13011.27,,1,0.00,0.00,,0.00,922fb35e-148d-9e82-3598-d2297bfd9ad3,,922fb35e-148d-9e82-8be3-90ed17a02a58,1,82bc312c-5140-37fe-a179-5ebad3a13196,82bc312c-5140-37fe-a179-5ebad3a13196
eef59670-4ac7-beea-b6c6-6e587fd578f4,922fb35e-148d-9e82-7077-0fbb4ad42cda,28302,922fb35e-148d-9e82-7e65-bfa05e3b3515,PAYMENT,,ECHECK,2026-02-26T18:53:52Z,2026-02-26T19:08:52Z,c96d6792-27a3-3ef4-83f2-bb68e71023df,225158009,,,1,,,,1,1,Auscultation of the fetal heart (procedure),0.00,,,13011.27,0.00,,0.00,922fb35e-148d-9e82-3598-d2297bfd9ad3,,922fb35e-148d-9e82-8be3-90ed17a02a58,1,82bc312c-5140-37fe-a179-5ebad3a13196,82bc312c-5140-37fe-a179-5ebad3a13196
3913d24a-7e24-366b-d591-6ffb1175120b,922fb35e-148d-9e82-69bd-4d73467fa91c,28304,922fb35e-148d-9e82-7e65-bfa05e3b3515,CHARGE,138.42,,2026-03-12T18:53:52Z,2026-03-12T19:08:52Z,c96d6792-27a3-3ef4-83f2-bb68e71023df,424619006,,,1,,,,1,1,Prenatal visit (regime/therapy),138.42,,1,0.00,0.00,,0.00,922fb35e-148d-9e82-b791-55e85e142e61,,922fb35e-148d-9e82-8be3-90ed17a02a58,1,82bc312c-5140-37fe-a179-5ebad3a13196,82bc312c-5140-37fe-a179-5ebad3a13196
7227a494-fc4f-6cd6-ab22-dff622ed2417,922fb35e-148d-9e82-69bd-4d73467fa91c,28305,922fb35e-148d-9e82-7e65-bfa05e3b3515,PAYMENT,,ECHECK,2026-03-12T18:53:52Z,2026-03-12T19:08:52Z,c96d6792-27a3-3ef4-83f2-bb68e71023df,424619006,,,1,,,,1,1,Prenatal visit (regime/therapy),0.00,,,138.42,0.00,,0.00,922fb35e-148d-9e82-b791-55e85e142e61,,922fb35e-148d-9e82-8be3-90ed17a02a58,1,82bc312c-5140-37fe-a179-5ebad3a13196,82bc312c-5140-37fe-a179-5ebad3a13196
c89e9253-f15b-b359-ac8b-7fd88bd2905e,922fb35e-148d-9e82-69bd-4d73467fa91c,28307,922fb35e-148d-9e82-7e65-bfa05e3b3515,CHARGE,3559,,2026-03-12T18:53:52Z,2026-03-12T19:08:52Z,c96d6792-27a3-3ef4-83f2-bb68e71023df,274804006,,,1,,,,1,1,Evaluation of uterine fundal height (procedure),3558.76,,1,0.00,0.00,,0.00,922fb35e-148d-9e82-b791-55e85e142e61,,922fb35e-148d-9e82-8be3-90ed17a02a58,1,82bc312c-5140-37fe-a179-5ebad3a13196,82bc312c-5140-37fe-a179-5ebad3a13196
913d24a7-e2c7-66b3-5916-ffb117d520bd,922fb35e-148d-9e82-69bd-4d73467fa91c,28308,922fb35e-148d-9e82-7e65-bfa05e3b3515,PAYMENT,,ECHECK,2026-03-12T18:53:52Z,2026-03-12T19:08:52Z,c96d6792-27a3-3ef4-83f2-bb68e71023df,274804006,,,1,,,,1,1,Evaluation of uterine fundal height (procedure),0.00,,,3558.76,0.00,,0.00,922fb35e-148d-9e82-b791-55e85e142e61,,922fb35e-148d-9e82-8be3-90ed17a02a58,1,82bc312c-5140-37fe-a179-5ebad3a13196,82bc312c-5140-37fe-a179-5ebad3a13196
53f2dc73-59c8-9e92-d88d-53505eac8b7f,922fb35e-148d-9e82-69bd-4d73467fa91c,28310,922fb35e-148d-9e82-7e65-bfa05e3b3515,CHARGE,3819.25,,2026-03-12T18:53:52Z,2026-03-12T19:08:52Z,c96d6792-27a3-3ef4-83f2-bb68e71023df,225158009,,,1,,,,1,1,Auscultation of the fetal heart (procedure),3819.25,,1,0.00,0.00,,0.00,922fb35e-148d-9e82-b791-55e85e142e61,,922fb35e-148d-9e82-8be3-90ed17a02a58,1,82bc312c-5140-37fe-a179-5ebad3a13196,82bc312c-5140-37fe-a179-5ebad3a13196
a7e5c8e6-b391-3d24-b11a-d6a0bd5916ff,922fb35e-148d-9e82-69bd-4d73467fa91c,28311,922fb35e-148d-9e82-7e65-bfa05e3b3515,PAYMENT,,ECHECK,2026-03-12T18:53:52Z,2026-03-12T19:08:52Z,c96d6792-27a3-3ef4-83f2-bb68e71023df,225158009,,,1,,,,1,1,Auscultation of the fetal heart (procedure),0.00,,,3819.25,0.00,,0.00,922fb35e-148d-9e82-b791-55e85e142e61,,922fb35e-148d-9e82-8be3-90ed17a02a58,1,82bc312c-5140-37fe-a179-5ebad3a13196,82bc312c-5140-37fe-a179-5ebad3a13196
9ee812e2-5847-7110-53f5-ccec2025cdaa,922fb35e-148d-9e82-72e8-b2eadf61d496,28313,922fb35e-148d-9e82-7e65-bfa05e3b3515,CHARGE,165.00,,2026-03-19T18:53:52Z,2026-03-19T19:53:52Z,91ce0760-d028-3e0f-ab22-17cc23334533,183460006,,,1,,,,1,4,Obstetric emergency hospital admission (procedure),165.00,,1,0.00,0.00,,0.00,922fb35e-148d-9e82-6e39-02a9b04e435f,,922fb35e-148d-9e82-8be3-90ed17a02a58,1,889de383-8473-33f5-a918-1b822a56bead,889de383-8473-33f5-a918-1b822a56bead
3e0025c4-b08e-e221-a81b-99d8404b9b54,922fb35e-148d-9e82-72e8-b2eadf61d496,28314,922fb35e-148d-9e82-7e65-bfa05e3b3515,PAYMENT,,ECHECK,2026-03-19T18:53:52Z,2026-03-19T19:53:52Z,91ce0760-d028-3e0f-ab22-17cc23334533,183460006,,,1,,,,1,4,Obstetric emergency hospital admission (procedure),0.00,,,165.00,0.00,,0.00,922fb35e-148d-9e82-6e39-02a9b04e435f,,922fb35e-148d-9e82-8be3-90ed17a02a58,1,889de383-8473-33f5-a918-1b822a56bead,889de383-8473-33f5-a918-1b822a56bead
fab09712-c23b-8884-a21e-6761012e6d52,922fb35e-148d-9e82-72e8-b2eadf61d496,28316,922fb35e-148d-9e82-7e65-bfa05e3b3515,CHARGE,2525.04,,2026-03-19T18:53:52Z,2026-03-19T19:08:52Z,91ce0760-d028-3e0f-ab22-17cc23334533,237001001,,,1,,,,1,4,Augmentation of labor (procedure),2525.04,,1,0.00,0.00,,0.00,922fb35e-148d-9e82-6e39-02a9b04e435f,,922fb35e-148d-9e82-8be3-90ed17a02a58,1,889de383-8473-33f5-a918-1b822a56bead,889de383-8473-33f5-a918-1b822a56bead
f6612e25-8477-1109-473c-cec2025cdaa5,922fb35e-148d-9e82-72e8-b2eadf61d496,28317,922fb35e-148d-9e82-7e65-bfa05e3b3515,PAYMENT,,ECHECK,2026-03-19T18:53:52Z,2026-03-19T19:08:52Z,91ce0760-d028-3e0f-ab22-17cc23334533,237001001,,,1,,,,1,4,Augmentation of labor (procedure),0.00,,,2525.04,0.00,,0.00,922fb35e-148d-9e82-6e39-02a9b04e435f,,922fb35e-148d-9e82-8be3-90ed17a02a58,1,889de383-8473-33f5-a918-1b822a56bead,889de383-8473-33f5-a918-1b822a56bead
eb84b896-11dc-4427-2ef3-3b0809736a95,922fb35e-148d-9e82-72e8-b2eadf61d496,28319,922fb35e-148d-9e82-7e65-bfa05e3b3515,CHARGE,620.44,,2026-03-19T18:53:52Z,2026-03-19T19:08:52Z,91ce0760-d028-3e0f-ab22-17cc23334533,386216000,,,1,,,,1,4,Human parturition  function (observable entity),620.44,,1,0.00,0.00,,0.00,922fb35e-148d-9e82-6e39-02a9b04e435f,,922fb35e-148d-9e82-8be3-90ed17a02a58,1,889de383-8473-33f5-a918-1b822a56bead,889de383-8473-33f5-a918-1b822a56bead
25847711-0a26-372e-c202-5cdaa57712ce,922fb35e-148d-9e82-72e8-b2eadf61d496,28320,922fb35e-148d-9e82-7e65-bfa05e3b3515,PAYMENT,,ECHECK,2026-03-19T18:53:52Z,2026-03-19T19:08:52Z,91ce0760-d028-3e0f-ab22-17cc23334533,386216000,,,1,,,,1,4,Human parturition  function (observable entity),0.00,,,620.44,0.00,,0.00,922fb35e-148d-9e82-6e39-02a9b04e435f,,922fb35e-148d-9e82-8be3-90ed17a02a58,1,889de383-8473-33f5-a918-1b822a56bead,889de383-8473-33f5-a918-1b822a56bead
c3ac2bd2-f31b-27ef-df20-3f62e5e72159,922fb35e-148d-9e82-ba03-b0ca43bea31f,28322,922fb35e-148d-9e82-7e65-bfa05e3b3515,CHARGE,138.42,,2026-04-30T18:53:52Z,2026-04-30T19:08:52Z,c96d6792-27a3-3ef4-83f2-bb68e71023df,169762003,,,1,,,,1,1,Postnatal visit (regime/therapy),138.42,,1,0.00,0.00,,0.00,922fb35e-148d-9e82-ddb4-dbbda85d5406,,922fb35e-148d-9e82-8be3-90ed17a02a58,1,82bc312c-5140-37fe-a179-5ebad3a13196,82bc312c-5140-37fe-a179-5ebad3a13196
475857a5-e636-4fe0-7e40-7ec5cbce42b4,f9a277ac-e8a5-4a90-9083-e9d2bc9dec1f,28323,922fb35e-148d-9e82-7e65-bfa05e3b3515,PAYMENT,,ECHECK,2026-04-30T18:53:52Z,2026-04-30T19:08:52Z,c96d6792-27a3-3ef4-83f2-bb68e71023df,169762003,,,1,,,,1,1,Postnatal visit (regime/therapy),0.00,,,138.42,0.00,,0.00,922fb35e-148d-9e82-ddb4-dbbda85d5406,,922fb35e-148d-9e82-8be3-90ed17a02a58,1,82bc312c-5140-37fe-a179-5ebad3a13196,82bc312c-5140-37fe-a179-5ebad3a13196
29615e97-98d9-3f84-0501-fb172f390ad5,922fb35e-148d-9e82-ba03-b0ca43bea31f,28325,922fb35e-148d-9e82-7e65-bfa05e3b3515,CHARGE,620.44,,2026-04-30T18:53:52Z,2026-04-30T19:08:52Z,c96d6792-27a3-3ef4-83f2-bb68e71023df,5880005,,,1,,,,1,1,Physical examination procedure (procedure),620.44,,1,0.00,0.00,,0.00,922fb35e-148d-9e82-ddb4-dbbda85d5406,,922fb35e-148d-9e82-8be3-90ed17a02a58,1,82bc312c-5140-37fe-a179-5ebad3a13196,82bc312c-5140-37fe-a179-5ebad3a13196
52c2bd2f-31b2-7f0f-0a03-f62e5e7215ad,922fb35e-148d-9e82-ba03-b0ca43bea31f,28326,922fb35e-148d-9e82-7e65-bfa05e3b3515,PAYMENT,,ECHECK,2026-04-30T18:53:52Z,2026-04-30T19:08:52Z,c96d6792-27a3-3ef4-83f2-bb68e71023df,5880005,,,1,,,,1,1,Physical examination procedure (procedure),0.00,,,620.44,0.00,,0.00,922fb35e-148d-9e82-ddb4-dbbda85d5406,,922fb35e-148d-9e82-8be3-90ed17a02a58,1,82bc312c-5140-37fe-a179-5ebad3a13196,82bc312c-5140-37fe-a179-5ebad3a13196
4b0af4bc-c6c9-fc5b-280f-d8b979c856d2,922fb35e-148d-9e82-ba03-b0ca43bea31f,28328,922fb35e-148d-9e82-7e65-bfa05e3b3515,CHARGE,620.44,,2026-04-30T18:53:52Z,2026-04-30T19:08:52Z,c96d6792-27a3-3ef4-83f2-bb68e71023df,171207006,,,1,,,,1,1,Depression screening (procedure),620.44,,1,0.00,0.00,,0.00,922fb35e-148d-9e82-ddb4-dbbda85d5406,,922fb35e-148d-9e82-8be3-90ed17a02a58,1,82bc312c-5140-37fe-a179-5ebad3a13196,82bc312c-5140-37fe-a179-5ebad3a13196
9615e979-8d93-f8c6-501f-b172f390add4,922fb35e-148d-9e82-ba03-b0ca43bea31f,28329,922fb35e-148d-9e82-7e65-bfa05e3b3515,PAYMENT,,ECHECK,2026-04-30T18:53:52Z,2026-04-30T19:08:52Z,c96d6792-27a3-3ef4-83f2-bb68e71023df,171207006,,,1,,,,1,1,Depression screening (procedure),0.00,,,620.44,0.00,,0.00,922fb35e-148d-9e82-ddb4-dbbda85d5406,,922fb35e-148d-9e82-8be3-90ed17a02a58,1,82bc312c-5140-37fe-a179-5ebad3a13196,82bc312c-5140-37fe-a179-5ebad3a13196
ca1c7387-c1f4-ad7f-d7d6-7d4fbfdc3ab4,922fb35e-148d-9e82-5844-d2be402d182c,28331,922fb35e-148d-9e82-7e65-bfa05e3b3515,CHARGE,138.42,,2026-05-07T18:53:52Z,2026-05-07T19:12:53Z,c96d6792-27a3-3ef4-83f2-bb68e71023df,698314001,,,1,,,,1,2,Consultation for treatment (procedure),138.42,,1,0.00,0.00,,0.00,922fb35e-148d-9e82-5393-4584c15b19dd,,922fb35e-148d-9e82-8be3-90ed17a02a58,1,82bc312c-5140-37fe-a179-5ebad3a13196,82bc312c-5140-37fe-a179-5ebad3a13196
c438e70f-83e9-5aff-dfac-fa9f7fb87569,922fb35e-148d-9e82-5844-d2be402d182c,28332,922fb35e-148d-9e82-7e65-bfa05e3b3515,PAYMENT,,ECHECK,2026-05-07T18:53:52Z,2026-05-07T19:12:53Z,c96d6792-27a3-3ef4-83f2-bb68e71023df,698314001,,,1,,,,1,2,Consultation for treatment (procedure),0.00,,,138.42,0.00,,0.00,922fb35e-148d-9e82-5393-4584c15b19dd,,922fb35e-148d-9e82-8be3-90ed17a02a58,1,82bc312c-5140-37fe-a179-5ebad3a13196,82bc312c-5140-37fe-a179-5ebad3a13196
93e39c3e-0fa5-6c01-01b3-ea7dfee1d5a9,922fb35e-148d-9e82-5844-d2be402d182c,28334,922fb35e-148d-9e82-7e65-bfa05e3b3515,CHARGE,6375.80,,2026-05-07T18:53:52Z,2026-05-07T19:12:53Z,c96d6792-27a3-3ef4-83f2-bb68e71023df,76601001,,,1,,,,1,2,Intramuscular injection (procedure),6375.80,,1,0.00,0.00,,0.00,922fb35e-148d-9e82-5393-4584c15b19dd,,922fb35e-148d-9e82-8be3-90ed17a02a58,1,82bc312c-5140-37fe-a179-5ebad3a13196,82bc312c-5140-37fe-a179-5ebad3a13196
27c7387c-1f4a-d804-0367-d4fbfdc3ab55,922fb35e-148d-9e82-5844-d2be402d182c,28335,922fb35e-148d-9e82-7e65-bfa05e3b3515,PAYMENT,,ECHECK,2026-05-07T18:53:52Z,2026-05-07T19:12:53Z,c96d6792-27a3-3ef4-83f2-bb68e71023df,76601001,,,1,,,,1,2,Intramuscular injection (procedure),0.00,,,6375.80,0.00,,0.00,922fb35e-148d-9e82-5393-4584c15b19dd,,922fb35e-148d-9e82-8be3-90ed17a02a58,1,82bc312c-5140-37fe-a179-5ebad3a13196,82bc312c-5140-37fe-a179-5ebad3a13196
515345c9-38f4-5c6b-2e58-29c82cbaf6e2,922fb35e-148d-9e82-7c7d-147e34ec0c8c,28337,922fb35e-148d-9e82-7e65-bfa05e3b3515,CHARGE,19.29,,2026-05-07T18:53:52Z,2026-05-07T18:53:52Z,c96d6792-27a3-3ef4-83f2-bb68e71023df,1000126,,,1,,,,1,2,1 ML medroxyprogesterone acetate 150 MG/ML Injection,19.29,,1,0.00,0.00,,0.00,922fb35e-148d-9e82-5393-4584c15b19dd,,922fb35e-148d-9e82-8be3-90ed17a02a58,1,82bc312c-5140-37fe-a179-5ebad3a13196,82bc312c-5140-37fe-a179-5ebad3a13196
a2a68b92-71e8-b8e6-5cb0-53905975edf4,922fb35e-148d-9e82-7c7d-147e34ec0c8c,28338,922fb35e-148d-9e82-7e65-bfa05e3b3515,PAYMENT,,ECHECK,2026-05-07T18:53:52Z,2026-05-07T18:53:52Z,c96d6792-27a3-3ef4-83f2-bb68e71023df,1000126,,,1,,,,1,2,1 ML medroxyprogesterone acetate 150 MG/ML Injection,0.00,,,19.29,0.00,,0.00,922fb35e-148d-9e82-5393-4584c15b19dd,,922fb35e-148d-9e82-8be3-90ed17a02a58,1,82bc312c-5140-37fe-a179-5ebad3a13196,82bc312c-5140-37fe-a179-5ebad3a13196
e9fde0ee-2bef-41fc-5e11-716826d7abd8,922fb35e-148d-9e82-8be4-597d285ee248,28340,922fb35e-148d-9e82-7e65-bfa05e3b3515,CHARGE,138.42,,2026-08-13T18:53:52Z,2026-08-13T19:08:52Z,c96d6792-27a3-3ef4-83f2-bb68e71023df,308335008,,,1,,,,1,2,Patient encounter procedure (procedure),138.42,,1,0.00,0.00,,0.00,922fb35e-148d-9e82-ce6e-97ea2cf9d3fa,,922fb35e-148d-9e82-8be3-90ed17a02a58,1,82bc312c-5140-37fe-a179-5ebad3a13196,82bc312c-5140-37fe-a179-5ebad3a13196
d3fbc1dc-57de-8439-bc22-e2d04daf5870,922fb35e-148d-9e82-8be4-597d285ee248,28341,922fb35e-148d-9e82-7e65-bfa05e3b3515,PAYMENT,,ECHECK,2026-08-13T18:53:52Z,2026-08-13T19:08:52Z,c96d6792-27a3-3ef4-83f2-bb68e71023df,308335008,,,1,,,,1,2,Patient encounter procedure (procedure),0.00,,,138.42,0.00,,0.00,922fb35e-148d-9e82-ce6e-97ea2cf9d3fa,,922fb35e-148d-9e82-8be3-90ed17a02a58,1,82bc312c-5140-37fe-a179-5ebad3a13196,82bc312c-5140-37fe-a179-5ebad3a13196
4fef0771-5f7a-1447-f08b-8b4136bd6522,922fb35e-148d-9e82-8be4-597d285ee248,28343,922fb35e-148d-9e82-7e65-bfa05e3b3515,CHARGE,3132.93,,2026-08-13T18:53:52Z,2026-08-13T19:06:52Z,c96d6792-27a3-3ef4-83f2-bb68e71023df,76601001,,,1,,,,1,2,Intramuscular injection (procedure),3132.93,,1,0.00,0.00,,0.00,922fb35e-148d-9e82-ce6e-97ea2cf9d3fa,,922fb35e-148d-9e82-8be3-90ed17a02a58,1,82bc312c-5140-37fe-a179-5ebad3a13196,82bc312c-5140-37fe-a179-5ebad3a13196
9fde0ee2-bef4-2f8e-e117-16826d7acd45,922fb35e-148d-9e82-8be4-597d285ee248,28344,922fb35e-148d-9e82-7e65-bfa05e3b3515,PAYMENT,,ECHECK,2026-08-13T18:53:52Z,2026-08-13T19:06:52Z,c96d6792-27a3-3ef4-83f2-bb68e71023df,76601001,,,1,,,,1,2,Intramuscular injection (procedure),0.00,,,3132.93,0.00,,0.00,922fb35e-148d-9e82-ce6e-97ea2cf9d3fa,,922fb35e-148d-9e82-8be3-90ed17a02a58,1,82bc312c-5140-37fe-a179-5ebad3a13196,82bc312c-5140-37fe-a179-5ebad3a13196
acf1e1d9-ad9e-d5da-013b-9b83aed9313d,6aed9210-c500-4375-93d4-5e2e7c3ccca3,30145,6aed9210-c500-4375-b0fc-3374c40b8591,CHARGE,83.05,,1986-10-11T19:42:53Z,1986-10-11T19:57:53Z,99204b0a-62e2-34dc-b3f6-290819949428,185347001,,,1,,,,1,1,Encounter for problem (procedure),83.05,,1,0.00,0.00,,0.00,6aed9210-c500-4375-5752-ffa68a5e9ac6,,6aed9210-c500-4375-c5ad-3c844dcaa784,1,5aabe8ce-ac28-3172-a0af-663137c7f5f5,5aabe8ce-ac28-3172-a0af-663137c7f5f5
59e3c3b3-5b3d-abb9-0277-37075db26286,6aed9210-c500-4375-93d4-5e2e7c3ccca3,30146,6aed9210-c500-4375-b0fc-3374c40b8591,TRANSFEROUT,,,1986-10-11T19:42:53Z,1986-10-11T19:57:53Z,99204b0a-62e2-34dc-b3f6-290819949428,185347001,,,1,,,,1,1,Encounter for problem (procedure),0.00,,,0.00,0.00,83.05,83.05,6aed9210-c500-4375-5752-ffa68a5e9ac6,,6aed9210-c500-4375-c5ad-3c844dcaa784,1,5aabe8ce-ac28-3172-a0af-663137c7f5f5,5aabe8ce-ac28-3172-a0af-663137c7f5f5
b3c78766-b67b-5788-04ee-6e0ebb64c512,6aed9210-c500-4375-93d4-5e2e7c3ccca3,30147,6aed9210-c500-4375-b0fc-3374c40b8591,TRANSFERIN,83.05,,1986-10-11T19:42:53Z,1986-10-11T19:57:53Z,99204b0a-62e2-34dc-b3f6-290819949428,185347001,,,1,,,,1,1,Encounter for problem (procedure),0.00,30146,p,0.00,0.00,83.05,83.05,6aed9210-c500-4375-5752-ffa68a5e9ac6,,6aed9210-c500-4375-c5ad-3c844dcaa784,1,5aabe8ce-ac28-3172-a0af-663137c7f5f5,5aabe8ce-ac28-3172-a0af-663137c7f5f5
678f0ecd-6cf6-af21-09dc-dc1d76c98a54,6aed9210-c500-4375-93d4-5e2e7c3ccca3,30148,6aed9210-c500-4375-b0fc-3374c40b8591,PAYMENT,,CHECK,1986-10-11T19:42:53Z,1986-10-11T19:57:53Z,99204b0a-62e2-34dc-b3f6-290819949428,185347001,,,1,,,,1,1,Encounter for problem (procedure),0.00,,,83.05,0.00,,0.00,6aed9210-c500-4375-5752-ffa68a5e9ac6,,6aed9210-c500-4375-c5ad-3c844dcaa784,1,5aabe8ce-ac28-3172-a0af-663137c7f5f5,5aabe8ce-ac28-3172-a0af-663137c7f5f5
d6cdf5a4-7f69-d56a-fe7f-1fc95c3fce14,6aed9210-c500-4375-b09d-23b165409cdd,30150,6aed9210-c500-4375-b0fc-3374c40b8591,CHARGE,83.05,,1986-11-04T21:42:53Z,1986-11-04T22:16:41Z,99204b0a-62e2-34dc-b3f6-290819949428,185347001,,,1,,,,1,1,Encounter for problem (procedure),83.05,,1,0.00,0.00,,0.00,6aed9210-c500-4375-319c-0afc9416b3fd,,6aed9210-c500-4375-c5ad-3c844dcaa784,1,5aabe8ce-ac28-3172-a0af-663137c7f5f5,5aabe8ce-ac28-3172-a0af-663137c7f5f5
ad9eeb48-fed3-aad5-fd01-3f92b87f9c29,6aed9210-c500-4375-b09d-23b165409cdd,30151,6aed9210-c500-4375-b0fc-3374c40b8591,TRANSFEROUT,,,1986-11-04T21:42:53Z,1986-11-04T22:16:41Z,99204b0a-62e2-34dc-b3f6-290819949428,185347001,,,1,,,,1,1,Encounter for problem (procedure),0.00,,,0.00,0.00,83.05,83.05,6aed9210-c500-4375-319c-0afc9416b3fd,,6aed9210-c500-4375-c5ad-3c844dcaa784,1,5aabe8ce-ac28-3172-a0af-663137c7f5f5,5aabe8ce-ac28-3172-a0af-663137c7f5f5
5b41d691-fda7-55ab-fa0e-7f2570ff3853,6aed9210-c500-4375-b09d-23b165409cdd,30152,6aed9210-c500-4375-b0fc-3374c40b8591,TRANSFERIN,83.05,,1986-11-04T21:42:53Z,1986-11-04T22:16:41Z,99204b0a-62e2-34dc-b3f6-290819949428,185347001,,,1,,,,1,1,Encounter for problem (procedure),0.00,30151,p,0.00,0.00,83.05,83.05,6aed9210-c500-4375-319c-0afc9416b3fd,,6aed9210-c500-4375-c5ad-3c844dcaa784,1,5aabe8ce-ac28-3172-a0af-663137c7f5f5,5aabe8ce-ac28-3172-a0af-663137c7f5f5
b699ad23-fb4e-ab56-f422-fe4ae1fe70a7,6aed9210-c500-4375-b09d-23b165409cdd,30153,6aed9210-c500-4375-b0fc-3374c40b8591,PAYMENT,,CASH,1986-11-04T21:42:53Z,1986-11-04T22:16:41Z,99204b0a-62e2-34dc-b3f6-290819949428,185347001,,,1,,,,1,1,Encounter for problem (procedure),0.00,,,83.05,0.00,,0.00,6aed9210-c500-4375-319c-0afc9416b3fd,,6aed9210-c500-4375-c5ad-3c844dcaa784,1,5aabe8ce-ac28-3172-a0af-663137c7f5f5,5aabe8ce-ac28-3172-a0af-663137c7f5f5
75acd648-ef3c-7fe0-6277-5f8024baaa6a,6aed9210-c500-4375-bfe8-ccab852a06de,30155,6aed9210-c500-4375-b0fc-3374c40b8591,CHARGE,347.25,,1986-11-04T22:16:41Z,1970-01-01T00:00:00Z,99204b0a-62e2-34dc-b3f6-290819949428,197378,,,1,,,,1,1,Astemizole 10 MG Oral Tablet,347.25,,1,0.00,0.00,,0.00,6aed9210-c500-4375-319c-0afc9416b3fd,,6aed9210-c500-4375-c5ad-3c844dcaa784,1,5aabe8ce-ac28-3172-a0af-663137c7f5f5,5aabe8ce-ac28-3172-a0af-663137c7f5f5
ec89ac91-de78-ffc0-c51e-bf00497554d4,6aed9210-c500-4375-bfe8-ccab852a06de,30156,6aed9210-c500-4375-b0fc-3374c40b8591,TRANSFEROUT,,,1986-11-04T22:16:41Z,1970-01-01T00:00:00Z,99204b0a-62e2-34dc-b3f6-290819949428,197378,,,1,,,,1,1,Astemizole 10 MG Oral Tablet,0.00,,,0.00,0.00,347.25,347.25,6aed9210-c500-4375-319c-0afc9416b3fd,,6aed9210-c500-4375-c5ad-3c844dcaa784,1,5aabe8ce-ac28-3172-a0af-663137c7f5f5,5aabe8ce-ac28-3172-a0af-663137c7f5f5
da135923-bcf1-ff81-8d3d-7e0092eaa9a9,6aed9210-c500-4375-bfe8-ccab852a06de,30157,6aed9210-c500-4375-b0fc-3374c40b8591,TRANSFERIN,347.25,,1986-11-04T22:16:41Z,1970-01-01T00:00:00Z,99204b0a-62e2-34dc-b3f6-290819949428,197378,,,1,,,,1,1,Astemizole 10 MG Oral Tablet,0.00,30156,p,0.00,0.00,347.25,347.25,6aed9210-c500-4375-319c-0afc9416b3fd,,6aed9210-c500-4375-c5ad-3c844dcaa784,1,5aabe8ce-ac28-3172-a0af-663137c7f5f5,5aabe8ce-ac28-3172-a0af-663137c7f5f5
bb26b247-79e3-ff03-1d7a-fc0125d55353,6aed9210-c500-4375-bfe8-ccab852a06de,30158,6aed9210-c500-4375-b0fc-3374c40b8591,PAYMENT,,CC,1986-11-04T22:16:41Z,1970-01-01T00:00:00Z,99204b0a-62e2-34dc-b3f6-290819949428,197378,,,1,,,,1,1,Astemizole 10 MG Oral Tablet,0.00,,,347.25,0.00,,0.00,6aed9210-c500-4375-319c-0afc9416b3fd,,6aed9210-c500-4375-c5ad-3c844dcaa784,1,5aabe8ce-ac28-3172-a0af-663137c7f5f5,5aabe8ce-ac28-3172-a0af-663137c7f5f5
e550cca2-7e33-3c7e-f7bf-9be1a2671513,6aed9210-c500-4375-0cd7-d0ee0783339e,30160,6aed9210-c500-4375-b0fc-3374c40b8591,CHARGE,171.78,,2000-06-27T21:42:53Z,2000-06-27T21:57:53Z,c958be17-14d8-3fc0-995a-9b952974be91,410620009,,,1,,,,1,10,Well child visit (procedure),171.78,,1,0.00,0.00,,0.00,6aed9210-c500-4375-0b52-604cc6c71918,,6aed9210-c500-4375-c5ad-3c844dcaa784,1,39b1cdc4-1ebb-35a1-bba7-2c9614175d2c,39b1cdc4-1ebb-35a1-bba7-2c9614175d2c
caa19944-fc66-7bfd-ef7f-37c344ce2d27,6aed9210-c500-4375-0cd7-d0ee0783339e,30161,6aed9210-c500-4375-b0fc-3374c40b8591,PAYMENT,,ECHECK,2000-06-27T21:42:53Z,2000-06-27T21:57:53Z,c958be17-14d8-3fc0-995a-9b952974be91,410620009,,,1,,,,1,10,Well child visit (procedure),0.00,,,120.25,0.00,,51.53,6aed9210-c500-4375-0b52-604cc6c71918,,6aed9210-c500-4375-c5ad-3c844dcaa784,1,39b1cdc4-1ebb-35a1-bba7-2c9614175d2c,39b1cdc4-1ebb-35a1-bba7-2c9614175d2c
95433289-f8cc-fafb-defe-6f86899c5d4f,6aed9210-c500-4375-0cd7-d0ee0783339e,30162,6aed9210-c500-4375-b0fc-3374c40b8591,TRANSFEROUT,,,2000-06-27T21:42:53Z,2000-06-27T21:57:53Z,c958be17-14d8-3fc0-995a-9b952974be91,410620009,,,1,,,,1,10,Well child visit (procedure),0.00,,,0.00,0.00,51.53,51.53,6aed9210-c500-4375-0b52-604cc6c71918,,6aed9210-c500-4375-c5ad-3c844dcaa784,1,39b1cdc4-1ebb-35a1-bba7-2c9614175d2c,39b1cdc4-1ebb-35a1-bba7-2c9614175d2c
2a866513-f199-f9f7-bdfc-df0d1338c69f,6aed9210-c500-4375-0cd7-d0ee0783339e,30163,6aed9210-c500-4375-b0fc-3374c40b8591,TRANSFERIN,51.53,,2000-06-27T21:42:53Z,2000-06-27T21:57:53Z,c958be17-14d8-3fc0-995a-9b952974be91,410620009,,,1,,,,1,10,Well child visit (procedure),0.00,30162,p,0.00,0.00,51.53,51.53,6aed9210-c500-4375-0b52-604cc6c71918,,6aed9210-c500-4375-c5ad-3c844dcaa784,1,39b1cdc4-1ebb-35a1-bba7-2c9614175d2c,39b1cdc4-1ebb-35a1-bba7-2c9614175d2c
550cca27-e334-09ee-7bf9-be1a2671933f,6aed9210-c500-4375-0cd7-d0ee0783339e,30164,6aed9210-c500-4375-b0fc-3374c40b8591,PAYMENT,,CC,2000-06-27T21:42:53Z,2000-06-27T21:57:53Z,c958be17-14d8-3fc0-995a-9b952974be91,410620009,,,1,,,,1,10,Well child visit (procedure),0.00,,,51.53,0.00,,0.00,6aed9210-c500-4375-0b52-604cc6c71918,,6aed9210-c500-4375-c5ad-3c844dcaa784,1,39b1cdc4-1ebb-35a1-bba7-2c9614175d2c,39b1cdc4-1ebb-35a1-bba7-2c9614175d2c
b9caf984-3132-afec-df0f-953977a261e2,6aed9210-c500-4375-2fd8-b40567e0d9e9,30166,6aed9210-c500-4375-b0fc-3374c40b8591,CHARGE,99.00,,2001-04-14T21:42:53Z,2001-04-14T22:42:53Z,b2b940c3-17f1-305c-9b52-6a35d1487360,183452005,,,1,2,,,1,4,Emergency hospital admission (procedure),99.00,,1,0.00,0.00,,0.00,6aed9210-c500-4375-dc77-f75de95bb9b6,,6aed9210-c500-4375-c5ad-3c844dcaa784,1,9f45f4ef-645a-37f8-a7c9-759b9ad559b5,9f45f4ef-645a-37f8-a7c9-759b9ad559b5
b395f308-6265-5fd9-7e1f-2a72ef44c3c6,6aed9210-c500-4375-2fd8-b40567e0d9e9,30167,6aed9210-c500-4375-b0fc-3374c40b8591,PAYMENT,,ECHECK,2001-04-14T21:42:53Z,2001-04-14T22:42:53Z,b2b940c3-17f1-305c-9b52-6a35d1487360,183452005,,,1,2,,,1,4,Emergency hospital admission (procedure),0.00,,,99.00,0.00,,0.00,6aed9210-c500-4375-dc77-f75de95bb9b6,,6aed9210-c500-4375-c5ad-3c844dcaa784,1,9f45f4ef-645a-37f8-a7c9-759b9ad559b5,9f45f4ef-645a-37f8-a7c9-759b9ad559b5
6d9c8780-d3af-b8b5-02ae-f6667699e88e,6aed9210-c500-4375-d467-40cade699582,30169,6aed9210-c500-4375-b0fc-3374c40b8591,CHARGE,171.78,,2003-07-15T21:42:53Z,2003-07-15T22:32:58Z,c958be17-14d8-3fc0-995a-9b952974be91,162673000,,,1,,,,1,20,General examination of patient (procedure),171.78,,1,0.00,0.00,,0.00,6aed9210-c500-4375-95c8-10ba83e6d6b8,,6aed9210-c500-4375-c5ad-3c844dcaa784,1,39b1cdc4-1ebb-35a1-bba7-2c9614175d2c,39b1cdc4-1ebb-35a1-bba7-2c9614175d2c
e034ebee-32f5-6721-999d-a67a291aabbd,6aed9210-c500-4375-d467-40cade699582,30170,6aed9210-c500-4375-b0fc-3374c40b8591,TRANSFEROUT,,,2003-07-15T21:42:53Z,2003-07-15T22:32:58Z,c958be17-14d8-3fc0-995a-9b952974be91,162673000,,,1,,,,1,20,General examination of patient (procedure),0.00,,,0.00,0.00,171.78,171.78,6aed9210-c500-4375-95c8-10ba83e6d6b8,,6aed9210-c500-4375-c5ad-3c844dcaa784,1,39b1cdc4-1ebb-35a1-bba7-2c9614175d2c,39b1cdc4-1ebb-35a1-bba7-2c9614175d2c
c069d7dc-662a-ce43-333b-4cf452f5577b,6aed9210-c500-4375-d467-40cade699582,30171,6aed9210-c500-4375-b0fc-3374c40b8591,TRANSFERIN,171.78,,2003-07-15T21:42:53Z,2003-07-15T22:32:58Z,c958be17-14d8-3fc0-995a-9b952974be91,162673000,,,1,,,,1,20,General examination of patient (procedure),0.00,30170,p,0.00,0.00,171.78,171.78,6aed9210-c500-4375-95c8-10ba83e6d6b8,,6aed9210-c500-4375-c5ad-3c844dcaa784,1,39b1cdc4-1ebb-35a1-bba7-2c9614175d2c,39b1cdc4-1ebb-35a1-bba7-2c9614175d2c
80d3afb8-cd85-9c87-6676-99e8a61aaef6,6aed9210-c500-4375-d467-40cade699582,30172,6aed9210-c500-4375-b0fc-3374c40b8591,PAYMENT,,CHECK,2003-07-15T21:42:53Z,2003-07-15T22:32:58Z,c958be17-14d8-3fc0-995a-9b952974be91,162673000,,,1,,,,1,20,General examination of patient (procedure),0.00,,,171.78,0.00,,0.00,6aed9210-c500-4375-95c8-10ba83e6d6b8,,6aed9210-c500-4375-c5ad-3c844dcaa784,1,39b1cdc4-1ebb-35a1-bba7-2c9614175d2c,39b1cdc4-1ebb-35a1-bba7-2c9614175d2c
3e394da7-f0e8-833a-8269-3a727a201af0,6aed9210-c500-4375-7cb2-6003262e8143,30174,6aed9210-c500-4375-b0fc-3374c40b8591,CHARGE,171.78,,2013-07-30T21:42:53Z,2013-07-30T22:39:38Z,c958be17-14d8-3fc0-995a-9b952974be91,162673000,,,1,,,,1,20,General examination of patient (procedure),171.78,,1,0.00,0.00,,0.00,6aed9210-c500-4375-9b43-542753f09cff,,6aed9210-c500-4375-c56b-df1ff085374c,1,39b1cdc4-1ebb-35a1-bba7-2c9614175d2c,39b1cdc4-1ebb-35a1-bba7-2c9614175d2c
7c729c7f-e1d1-0674-04d2-7514f44035e1,6aed9210-c500-4375-7cb2-6003262e8143,30175,6aed9210-c500-4375-b0fc-3374c40b8591,TRANSFEROUT,,,2013-07-30T21:42:53Z,2013-07-30T22:39:38Z,c958be17-14d8-3fc0-995a-9b952974be91,162673000,,,1,,,,1,20,General examination of patient (procedure),0.00,,,0.00,0.00,171.78,171.78,6aed9210-c500-4375-9b43-542753f09cff,,6aed9210-c500-4375-c56b-df1ff085374c,1,39b1cdc4-1ebb-35a1-bba7-2c9614175d2c,39b1cdc4-1ebb-35a1-bba7-2c9614175d2c
f8e53bff-c3a2-0ce8-09a4-ed29e8806bc2,6aed9210-c500-4375-7cb2-6003262e8143,30176,6aed9210-c500-4375-b0fc-3374c40b8591,TRANSFERIN,171.78,,2013-07-30T21:42:53Z,2013-07-30T22:39:38Z,c958be17-14d8-3fc0-995a-9b952974be91,162673000,,,1,,,,1,20,General examination of patient (procedure),0.00,30175,p,0.00,0.00,171.78,171.78,6aed9210-c500-4375-9b43-542753f09cff,,6aed9210-c500-4375-c56b-df1ff085374c,1,39b1cdc4-1ebb-35a1-bba7-2c9614175d2c,39b1cdc4-1ebb-35a1-bba7-2c9614175d2c
f1ca7aff-8744-19d1-1349-dd53d100d784,6aed9210-c500-4375-7cb2-6003262e8143,30177,6aed9210-c500-4375-b0fc-3374c40b8591,PAYMENT,,CASH,2013-07-30T21:42:53Z,2013-07-30T22:39:38Z,c958be17-14d8-3fc0-995a-9b952974be91,162673000,,,1,,,,1,20,General examination of patient (procedure),0.00,,,171.78,0.00,,0.00,6aed9210-c500-4375-9b43-542753f09cff,,6aed9210-c500-4375-c56b-df1ff085374c,1,39b1cdc4-1ebb-35a1-bba7-2c9614175d2c,39b1cdc4-1ebb-35a1-bba7-2c9614175d2c
484e5cfb-535f-fbf8-6d2c-c383a167ad22,6aed9210-c500-4375-89d0-c05a4d0611f1,30179,6aed9210-c500-4375-b0fc-3374c40b8591,CHARGE,83.05,,2014-02-06T21:42:53Z,2014-02-06T21:57:53Z,99204b0a-62e2-34dc-b3f6-290819949428,185347001,,,1,2,,,1,2,Encounter for problem (procedure),83.05,,1,0.00,0.00,,0.00,6aed9210-c500-4375-04df-a35299f3ab1e,,6aed9210-c500-4375-c56b-df1ff085374c,1,5aabe8ce-ac28-3172-a0af-663137c7f5f5,5aabe8ce-ac28-3172-a0af-663137c7f5f5
3ed4d809-b212-1397-e0e8-59f67c9b4b30,6aed9210-c500-4375-89d0-c05a4d0611f1,30180,6aed9210-c500-4375-b0fc-3374c40b8591,PAYMENT,,ECHECK,2014-02-06T21:42:53Z,2014-02-06T21:57:53Z,99204b0a-62e2-34dc-b3f6-290819949428,185347001,,,1,2,,,1,2,Encounter for problem (procedure),0.00,,,58.14,0.00,,24.91,6aed9210-c500-4375-04df-a35299f3ab1e,,6aed9210-c500-4375-c56b-df1ff085374c,1,5aabe8ce-ac28-3172-a0af-663137c7f5f5,5aabe8ce-ac28-3172-a0af-663137c7f5f5
7da9b014-7024-272e-c1d0-b3ed05369661,6aed9210-c500-4375-89d0-c05a4d0611f1,30181,6aed9210-c500-4375-b0fc-3374c40b8591,TRANSFEROUT,,,2014-02-06T21:42:53Z,2014-02-06T21:57:53Z,99204b0a-62e2-34dc-b3f6-290819949428,185347001,,,1,2,,,1,2,Encounter for problem (procedure),0.00,,,0.00,0.00,24.91,24.91,6aed9210-c500-4375-04df-a35299f3ab1e,,6aed9210-c500-4375-c56b-df1ff085374c,1,5aabe8ce-ac28-3172-a0af-663137c7f5f5,5aabe8ce-ac28-3172-a0af-663137c7f5f5
fb53602b-e048-4e5c-83a1-67dd0a6d2cc3,6aed9210-c500-4375-89d0-c05a4d0611f1,30182,6aed9210-c500-4375-b0fc-3374c40b8591,TRANSFERIN,24.91,,2014-02-06T21:42:53Z,2014-02-06T21:57:53Z,99204b0a-62e2-34dc-b3f6-290819949428,185347001,,,1,2,,,1,2,Encounter for problem (procedure),0.00,30181,p,0,0.00,24.91,24.91,6aed9210-c500-4375-04df-a35299f3ab1e,,6aed9210-c500-4375-c56b-df1ff085374c,1,5aabe8ce-ac28-3172-a0af-663137c7f5f5,5aabe8ce-ac28-3172-a0af-663137c7f5f5
f6a6c05a-c090-9cb9-0742-cfbd14da5987,6aed9210-c500-4375-89d0-c05a4d0611f1,30183,6aed9210-c500-4375-b0fc-3374c40b8591,PAYMENT,,CASH,2014-02-06T21:42:53Z,2014-02-06T21:57:53Z,99204b0a-62e2-34dc-b3f6-290819949428,185347001,,,1,2,,,1,2,Encounter for problem (procedure),0.00,,,24.91,0.00,,0.00,6aed9210-c500-4375-04df-a35299f3ab1e,,6aed9210-c500-4375-c56b-df1ff085374c,1,5aabe8ce-ac28-3172-a0af-663137c7f5f5,5aabe8ce-ac28-3172-a0af-663137c7f5f5
1aa87d1f-b1cf-c9d7-a3f9-a412fb3bdc24,6aed9210-c500-4375-597c-c8d3dd2b6986,30185,6aed9210-c500-4375-b0fc-3374c40b8591,CHARGE,83.05,,2014-04-13T15:42:53Z,2014-04-13T15:57:53Z,99204b0a-62e2-34dc-b3f6-290819949428,390906007,,,1,,,,1,1,Follow-up encounter (procedure),83.05,,1,0.00,0.00,,0.00,6aed9210-c500-4375-7fb8-580a30520f0e,,6aed9210-c500-4375-c56b-df1ff085374c,1,5aabe8ce-ac28-3172-a0af-663137c7f5f5,5aabe8ce-ac28-3172-a0af-663137c7f5f5
4550fa3f-639f-93ae-77f3-4825f677b849,6aed9210-c500-4375-597c-c8d3dd2b6986,30186,6aed9210-c500-4375-b0fc-3374c40b8591,PAYMENT,,ECHECK,2014-04-13T15:42:53Z,2014-04-13T15:57:53Z,99204b0a-62e2-34dc-b3f6-290819949428,390906007,,,1,,,,1,1,Follow-up encounter (procedure),0.00,,,58.14,0.00,,24.91,6aed9210-c500-4375-7fb8-580a30520f0e,,6aed9210-c500-4375-c56b-df1ff085374c,1,5aabe8ce-ac28-3172-a0af-663137c7f5f5,5aabe8ce-ac28-3172-a0af-663137c7f5f5
faa1f47e-c73f-275c-1fe6-904becef7093,6aed9210-c500-4375-597c-c8d3dd2b6986,30187,6aed9210-c500-4375-b0fc-3374c40b8591,TRANSFEROUT,,,2014-04-13T15:42:53Z,2014-04-13T15:57:53Z,99204b0a-62e2-34dc-b3f6-290819949428,390906007,,,1,,,,1,1,Follow-up encounter (procedure),0.00,,,0.00,0.00,24.91,24.91,6aed9210-c500-4375-7fb8-580a30520f0e,,6aed9210-c500-4375-c56b-df1ff085374c,1,5aabe8ce-ac28-3172-a0af-663137c7f5f5,5aabe8ce-ac28-3172-a0af-663137c7f5f5
3543e8fd-8e7e-4eba-ffcd-2097d9dee126,6aed9210-c500-4375-597c-c8d3dd2b6986,30188,6aed9210-c500-4375-b0fc-3374c40b8591,TRANSFERIN,24.91,,2014-04-13T15:42:53Z,2014-04-13T15:57:53Z,99204b0a-62e2-34dc-b3f6-290819949428,390906007,,,1,,,,1,1,Follow-up encounter (procedure),0.00,30187,p,0.00,0.00,24.91,24.91,6aed9210-c500-4375-7fb8-580a30520f0e,,6aed9210-c500-4375-c56b-df1ff085374c,1,5aabe8ce-ac28-3172-a0af-663137c7f5f5,5aabe8ce-ac28-3172-a0af-663137c7f5f5
6b47d1fb-1cfc-9d75-005a-412fb3bdc24e,6aed9210-c500-4375-597c-c8d3dd2b6986,30189,6aed9210-c500-4375-b0fc-3374c40b8591,PAYMENT,,CASH,2014-04-13T15:42:53Z,2014-04-13T15:57:53Z,99204b0a-62e2-34dc-b3f6-290819949428,390906007,,,1,,,,1,1,Follow-up encounter (procedure),0.00,,,24.91,0.00,,0.00,6aed9210-c500-4375-7fb8-580a30520f0e,,6aed9210-c500-4375-c56b-df1ff085374c,1,5aabe8ce-ac28-3172-a0af-663137c7f5f5,5aabe8ce-ac28-3172-a0af-663137c7f5f5
55e57936-43cf-428d-b5be-0e48b307b236,6aed9210-c500-4375-cbb8-af2767c5c999,30191,6aed9210-c500-4375-b0fc-3374c40b8591,CHARGE,138.42,,2014-10-21T21:42:53Z,2014-10-21T22:39:42Z,4e154441-6b56-369c-8001-c6aa0499a3af,702927004,,,1,,,,1,5,Urgent care clinic (environment),138.42,,1,0.00,0.00,,0.00,6aed9210-c500-4375-62c9-f7a0dd542764,,6aed9210-c500-4375-44f9-d279253d8482,1,9d25b9ed-2f7c-3d50-ba26-5cdc7212151c,9d25b9ed-2f7c-3d50-ba26-5cdc7212151c
abcdf26c-879e-851a-6b7f-1c91660f646d,6aed9210-c500-4375-cbb8-af2767c5c999,30192,6aed9210-c500-4375-b0fc-3374c40b8591,TRANSFEROUT,,,2014-10-21T21:42:53Z,2014-10-21T22:39:42Z,4e154441-6b56-369c-8001-c6aa0499a3af,702927004,,,1,,,,1,5,Urgent care clinic (environment),0.00,,,0.00,0.00,138.42,138.42,6aed9210-c500-4375-62c9-f7a0dd542764,,6aed9210-c500-4375-44f9-d279253d8482,1,9d25b9ed-2f7c-3d50-ba26-5cdc7212151c,9d25b9ed-2f7c-3d50-ba26-5cdc7212151c
579ee4d9-0f3d-0a35-d701-3922cc1ec8da,6aed9210-c500-4375-cbb8-af2767c5c999,30193,6aed9210-c500-4375-b0fc-3374c40b8591,TRANSFERIN,138.42,,2014-10-21T21:42:53Z,2014-10-21T22:39:42Z,4e154441-6b56-369c-8001-c6aa0499a3af,702927004,,,1,,,,1,5,Urgent care clinic (environment),0.00,30192,p,0.00,0.00,138.42,138.42,6aed9210-c500-4375-62c9-f7a0dd542764,,6aed9210-c500-4375-44f9-d279253d8482,1,9d25b9ed-2f7c-3d50-ba26-5cdc7212151c,9d25b9ed-2f7c-3d50-ba26-5cdc7212151c
af41c9b2-1e7a-146a-ae0e-7245983d91b5,6aed9210-c500-4375-cbb8-af2767c5c999,30194,6aed9210-c500-4375-b0fc-3374c40b8591,PAYMENT,,CC,2014-10-21T21:42:53Z,2014-10-21T22:39:42Z,4e154441-6b56-369c-8001-c6aa0499a3af,702927004,,,1,,,,1,5,Urgent care clinic (environment),0.00,,,138.42,0.00,,0.00,6aed9210-c500-4375-62c9-f7a0dd542764,,6aed9210-c500-4375-44f9-d279253d8482,1,9d25b9ed-2f7c-3d50-ba26-5cdc7212151c,9d25b9ed-2f7c-3d50-ba26-5cdc7212151c
bb3be71c-4c38-43ac-0924-a12617b3764f,6aed9210-c500-4375-2da0-9f07eb20ae37,30196,6aed9210-c500-4375-b0fc-3374c40b8591,CHARGE,171.78,,2016-08-16T21:42:53Z,2016-08-16T22:26:37Z,c958be17-14d8-3fc0-995a-9b952974be91,162673000,,,1,,,,1,20,General examination of patient (procedure),171.78,,1,0.00,0.00,,0.00,6aed9210-c500-4375-4681-3583dd0a0fae,,6aed9210-c500-4375-2e79-2008116e4725,1,39b1cdc4-1ebb-35a1-bba7-2c9614175d2c,39b1cdc4-1ebb-35a1-bba7-2c9614175d2c
7677ce38-9870-f759-1249-424c2f671c9e,6aed9210-c500-4375-2da0-9f07eb20ae37,30197,6aed9210-c500-4375-b0fc-3374c40b8591,TRANSFEROUT,,,2016-08-16T21:42:53Z,2016-08-16T22:26:37Z,c958be17-14d8-3fc0-995a-9b952974be91,162673000,,,1,,,,1,20,General examination of patient (procedure),0.00,,,0.00,0.00,171.78,171.78,6aed9210-c500-4375-4681-3583dd0a0fae,,6aed9210-c500-4375-2e79-2008116e4725,1,39b1cdc4-1ebb-35a1-bba7-2c9614175d2c,39b1cdc4-1ebb-35a1-bba7-2c9614175d2c
ecef9c71-30e2-2eb2-2492-84985ecef93c,6aed9210-c500-4375-2da0-9f07eb20ae37,30198,6aed9210-c500-4375-b0fc-3374c40b8591,TRANSFERIN,171.78,,2016-08-16T21:42:53Z,2016-08-16T22:26:37Z,c958be17-14d8-3fc0-995a-9b952974be91,162673000,,,1,,,,1,20,General examination of patient (procedure),0.00,30197,p,0.00,0.00,171.78,171.78,6aed9210-c500-4375-4681-3583dd0a0fae,,6aed9210-c500-4375-2e79-2008116e4725,1,39b1cdc4-1ebb-35a1-bba7-2c9614175d2c,39b1cdc4-1ebb-35a1-bba7-2c9614175d2c
d9df38e2-61c5-7565-4925-0930bd9e0a78,6aed9210-c500-4375-2da0-9f07eb20ae37,30199,6aed9210-c500-4375-b0fc-3374c40b8591,PAYMENT,,CHECK,2016-08-16T21:42:53Z,2016-08-16T22:26:37Z,c958be17-14d8-3fc0-995a-9b952974be91,162673000,,,1,,,,1,20,General examination of patient (procedure),0.00,,,171.78,0.00,,0.00,6aed9210-c500-4375-4681-3583dd0a0fae,,6aed9210-c500-4375-2e79-2008116e4725,1,39b1cdc4-1ebb-35a1-bba7-2c9614175d2c,39b1cdc4-1ebb-35a1-bba7-2c9614175d2c
d1ea3e5e-bc7f-c413-1323-adc110c9812b,6aed9210-c500-4375-24c4-2e50e4c680f7,30201,6aed9210-c500-4375-b0fc-3374c40b8591,CHARGE,245.97,,2016-08-16T21:42:53Z,2017-08-22T21:42:53Z,c958be17-14d8-3fc0-995a-9b952974be91,206905,,,1,,,,1,20,Ibuprofen 400 MG Oral Tablet [Ibu],245.97,,1,0.00,0.00,,0.00,6aed9210-c500-4375-4681-3583dd0a0fae,,6aed9210-c500-4375-2e79-2008116e4725,1,39b1cdc4-1ebb-35a1-bba7-2c9614175d2c,39b1cdc4-1ebb-35a1-bba7-2c9614175d2c
a3d47cc1-78ff-8827-2647-5b8e21930256,6aed9210-c500-4375-24c4-2e50e4c680f7,30202,6aed9210-c500-4375-b0fc-3374c40b8591,TRANSFEROUT,,,2016-08-16T21:42:53Z,2017-08-22T21:42:53Z,c958be17-14d8-3fc0-995a-9b952974be91,206905,,,1,,,,1,20,Ibuprofen 400 MG Oral Tablet [Ibu],0.00,,,0.00,0.00,245.97,245.97,6aed9210-c500-4375-4681-3583dd0a0fae,,6aed9210-c500-4375-2e79-2008116e4725,1,39b1cdc4-1ebb-35a1-bba7-2c9614175d2c,39b1cdc4-1ebb-35a1-bba7-2c9614175d2c
47a8f998-f1ff-104f-4c8e-b722432604ac,6aed9210-c500-4375-24c4-2e50e4c680f7,30203,6aed9210-c500-4375-b0fc-3374c40b8591,TRANSFERIN,245.97,,2016-08-16T21:42:53Z,2017-08-22T21:42:53Z,c958be17-14d8-3fc0-995a-9b952974be91,206905,,,1,,,,1,20,Ibuprofen 400 MG Oral Tablet [Ibu],0.00,30202,p,0.00,0.00,245.97,245.97,6aed9210-c500-4375-4681-3583dd0a0fae,,6aed9210-c500-4375-2e79-2008116e4725,1,39b1cdc4-1ebb-35a1-bba7-2c9614175d2c,39b1cdc4-1ebb-35a1-bba7-2c9614175d2c
8f51f341-e3fe-209e-991d-6e74864c0958,6aed9210-c500-4375-24c4-2e50e4c680f7,30204,6aed9210-c500-4375-b0fc-3374c40b8591,PAYMENT,,CASH,2016-08-16T21:42:53Z,2017-08-22T21:42:53Z,c958be17-14d8-3fc0-995a-9b952974be91,206905,,,1,,,,1,20,Ibuprofen 400 MG Oral Tablet [Ibu],0.00,,,245.97,0.00,,0.00,6aed9210-c500-4375-4681-3583dd0a0fae,,6aed9210-c500-4375-2e79-2008116e4725,1,39b1cdc4-1ebb-35a1-bba7-2c9614175d2c,39b1cdc4-1ebb-35a1-bba7-2c9614175d2c
769add18-9e79-daa5-35fd-31625baef63c,6aed9210-c500-4375-8e7c-cd30543b8973,30207,6aed9210-c500-4375-b0fc-3374c40b8591,TRANSFEROUT,,,2017-08-22T21:42:53Z,2017-08-22T22:14:22Z,c958be17-14d8-3fc0-995a-9b952974be91,162673000,,,1,2,3,,1,20,General examination of patient (procedure),0.00,,,0.00,0.00,171.78,171.78,6aed9210-c500-4375-3842-8b8fcbeac34d,,6aed9210-c500-4375-a9b9-8c5e64745f3f,1,39b1cdc4-1ebb-35a1-bba7-2c9614175d2c,39b1cdc4-1ebb-35a1-bba7-2c9614175d2c
ed39ba31-3cf3-b54a-6c06-62c4b75dec78,6aed9210-c500-4375-8e7c-cd30543b8973,30208,6aed9210-c500-4375-b0fc-3374c40b8591,TRANSFERIN,171.78,,2017-08-22T21:42:53Z,2017-08-22T22:14:22Z,c958be17-14d8-3fc0-995a-9b952974be91,162673000,,,1,2,3,,1,20,General examination of patient (procedure),0.00,30207,p,0.00,0.00,171.78,171.78,6aed9210-c500-4375-3842-8b8fcbeac34d,,6aed9210-c500-4375-a9b9-8c5e64745f3f,1,39b1cdc4-1ebb-35a1-bba7-2c9614175d2c,39b1cdc4-1ebb-35a1-bba7-2c9614175d2c
da897462-79e7-6a95-d812-c5896ebbd8f0,6aed9210-c500-4375-8e7c-cd30543b8973,30209,6aed9210-c500-4375-b0fc-3374c40b8591,PAYMENT,,CC,2017-08-22T21:42:53Z,2017-08-22T22:14:22Z,c958be17-14d8-3fc0-995a-9b952974be91,162673000,,,1,2,3,,1,20,General examination of patient (procedure),0.00,,,171.78,0.00,,0.00,6aed9210-c500-4375-3842-8b8fcbeac34d,,6aed9210-c500-4375-a9b9-8c5e64745f3f,1,39b1cdc4-1ebb-35a1-bba7-2c9614175d2c,39b1cdc4-1ebb-35a1-bba7-2c9614175d2c
313cf3b5-4aed-f9ea-c4b7-5dec786cc692,6aed9210-c500-4375-8e7c-cd30543b8973,30211,6aed9210-c500-4375-b0fc-3374c40b8591,CHARGE,136.00,,2017-08-22T21:42:53Z,1970-01-01T00:00:00Z,c958be17-14d8-3fc0-995a-9b952974be91,140,,,1,2,3,,1,20,Influenza  split virus  trivalent  PF,136.00,,1,0.00,0.00,,0.00,6aed9210-c500-4375-3842-8b8fcbeac34d,,6aed9210-c500-4375-a9b9-8c5e64745f3f,1,39b1cdc4-1ebb-35a1-bba7-2c9614175d2c,39b1cdc4-1ebb-35a1-bba7-2c9614175d2c
6279e76a-95dc-09d4-896e-bbd8f0d99325,6aed9210-c500-4375-8e7c-cd30543b8973,30212,6aed9210-c500-4375-b0fc-3374c40b8591,TRANSFEROUT,,,2017-08-22T21:42:53Z,1970-01-01T00:00:00Z,c958be17-14d8-3fc0-995a-9b952974be91,140,,,1,2,3,,1,20,Influenza  split virus  trivalent  PF,0.00,,,0.00,0.00,136.00,136.00,6aed9210-c500-4375-3842-8b8fcbeac34d,,6aed9210-c500-4375-a9b9-8c5e64745f3f,1,39b1cdc4-1ebb-35a1-bba7-2c9614175d2c,39b1cdc4-1ebb-35a1-bba7-2c9614175d2c
c4f3ced5-2bb8-23a8-12dd-77b1e1b3564b,6aed9210-c500-4375-8e7c-cd30543b8973,30213,6aed9210-c500-4375-b0fc-3374c40b8591,TRANSFERIN,136.00,,2017-08-22T21:42:53Z,1970-01-01T00:00:00Z,c958be17-14d8-3fc0-995a-9b952974be91,140,,,1,2,3,,1,20,Influenza  split virus  trivalent  PF,0.00,30212,p,0.00,0.00,136.00,136.00,6aed9210-c500-4375-3842-8b8fcbeac34d,,6aed9210-c500-4375-a9b9-8c5e64745f3f,1,39b1cdc4-1ebb-35a1-bba7-2c9614175d2c,39b1cdc4-1ebb-35a1-bba7-2c9614175d2c
89e79daa-5770-b751-25ba-ef63c366dc96,6aed9210-c500-4375-8e7c-cd30543b8973,30214,6aed9210-c500-4375-b0fc-3374c40b8591,PAYMENT,,CHECK,2017-08-22T21:42:53Z,1970-01-01T00:00:00Z,c958be17-14d8-3fc0-995a-9b952974be91,140,,,1,2,3,,1,20,Influenza  split virus  trivalent  PF,0.00,,,136.00,0.00,,0.00,6aed9210-c500-4375-3842-8b8fcbeac34d,,6aed9210-c500-4375-a9b9-8c5e64745f3f,1,39b1cdc4-1ebb-35a1-bba7-2c9614175d2c,39b1cdc4-1ebb-35a1-bba7-2c9614175d2c
279e76a9-5dc4-7546-96eb-bd8f0d9d0a58,6aed9210-c500-4375-8e7c-cd30543b8973,30216,6aed9210-c500-4375-b0fc-3374c40b8591,CHARGE,955.74,,2017-08-22T21:42:53Z,2017-08-22T21:57:53Z,c958be17-14d8-3fc0-995a-9b952974be91,430193006,,,1,2,3,,1,20,Medication reconciliation (procedure),955.74,,1,0.00,0.00,,0.00,6aed9210-c500-4375-3842-8b8fcbeac34d,,6aed9210-c500-4375-a9b9-8c5e64745f3f,1,39b1cdc4-1ebb-35a1-bba7-2c9614175d2c,39b1cdc4-1ebb-35a1-bba7-2c9614175d2c
4f3ced52-bb8b-ea8c-2dd7-7b1e1b3d14b1,6aed9210-c500-4375-8e7c-cd30543b8973,30217,6aed9210-c500-4375-b0fc-3374c40b8591,TRANSFEROUT,,,2017-08-22T21:42:53Z,2017-08-22T21:57:53Z,c958be17-14d8-3fc0-995a-9b952974be91,430193006,,,1,2,3,,1,20,Medication reconciliation (procedure),0.00,,,0.00,0.00,955.74,955.74,6aed9210-c500-4375-3842-8b8fcbeac34d,,6aed9210-c500-4375-a9b9-8c5e64745f3f,1,39b1cdc4-1ebb-35a1-bba7-2c9614175d2c,39b1cdc4-1ebb-35a1-bba7-2c9614175d2c
9e79daa5-771a-d518-5bae-f63c367d2962,6aed9210-c500-4375-8e7c-cd30543b8973,30218,6aed9210-c500-4375-b0fc-3374c40b8591,TRANSFERIN,955.74,,2017-08-22T21:42:53Z,2017-08-22T21:57:53Z,c958be17-14d8-3fc0-995a-9b952974be91,430193006,,,1,2,3,,1,20,Medication reconciliation (procedure),0.00,30217,p,0.0000,0.00,955.74,955.74,6aed9210-c500-4375-3842-8b8fcbeac34d,,6aed9210-c500-4375-a9b9-8c5e64745f3f,1,39b1cdc4-1ebb-35a1-bba7-2c9614175d2c,39b1cdc4-1ebb-35a1-bba7-2c9614175d2c
3cf3b54a-ee39-aa31-b75d-ec786d0652c4,6aed9210-c500-4375-8e7c-cd30543b8973,30219,6aed9210-c500-4375-b0fc-3374c40b8591,PAYMENT,,CASH,2017-08-22T21:42:53Z,2017-08-22T21:57:53Z,c958be17-14d8-3fc0-995a-9b952974be91,430193006,,,1,2,3,,1,20,Medication reconciliation (procedure),0.00,,,955.74,0.00,,0.00,6aed9210-c500-4375-3842-8b8fcbeac34d,,6aed9210-c500-4375-a9b9-8c5e64745f3f,1,39b1cdc4-1ebb-35a1-bba7-2c9614175d2c,39b1cdc4-1ebb-35a1-bba7-2c9614175d2c
a5777b05-189e-79da-3c36-dd59625baef6,6aed9210-c500-4375-8e7c-cd30543b8973,30221,6aed9210-c500-4375-b0fc-3374c40b8591,CHARGE,620.44,,2017-08-22T21:42:53Z,2017-08-22T22:14:22Z,c958be17-14d8-3fc0-995a-9b952974be91,710824005,,,1,2,3,,1,20,Assessment of health and social care needs (procedure),620.44,,1,0.00,0.00,,0.00,6aed9210-c500-4375-3842-8b8fcbeac34d,,6aed9210-c500-4375-a9b9-8c5e64745f3f,1,39b1cdc4-1ebb-35a1-bba7-2c9614175d2c,39b1cdc4-1ebb-35a1-bba7-2c9614175d2c
4aeefa0a-313c-f3b5-786d-c6b2c4b75dec,6aed9210-c500-4375-8e7c-cd30543b8973,30222,6aed9210-c500-4375-b0fc-3374c40b8591,TRANSFEROUT,,,2017-08-22T21:42:53Z,2017-08-22T22:14:22Z,c958be17-14d8-3fc0-995a-9b952974be91,710824005,,,1,2,3,,1,20,Assessment of health and social care needs (procedure),0.00,,,0.00,0.00,620.44,620.44,6aed9210-c500-4375-3842-8b8fcbeac34d,,6aed9210-c500-4375-a9b9-8c5e64745f3f,1,39b1cdc4-1ebb-35a1-bba7-2c9614175d2c,39b1cdc4-1ebb-35a1-bba7-2c9614175d2c
95de0a14-6279-e76a-f0db-9365896ebbd8,6aed9210-c500-4375-8e7c-cd30543b8973,30223,6aed9210-c500-4375-b0fc-3374c40b8591,TRANSFERIN,620.44,,2017-08-22T21:42:53Z,2017-08-22T22:14:22Z,c958be17-14d8-3fc0-995a-9b952974be91,710824005,,,1,2,3,,1,20,Assessment of health and social care needs (procedure),0.00,30222,p,0.00,0.00,620.44,620.44,6aed9210-c500-4375-3842-8b8fcbeac34d,,6aed9210-c500-4375-a9b9-8c5e64745f3f,1,39b1cdc4-1ebb-35a1-bba7-2c9614175d2c,39b1cdc4-1ebb-35a1-bba7-2c9614175d2c
2bbc2428-c4f3-ced5-e1b7-56cb12dd77b1,6aed9210-c500-4375-8e7c-cd30543b8973,30224,6aed9210-c500-4375-b0fc-3374c40b8591,PAYMENT,,CC,2017-08-22T21:42:53Z,2017-08-22T22:14:22Z,c958be17-14d8-3fc0-995a-9b952974be91,710824005,,,1,2,3,,1,20,Assessment of health and social care needs (procedure),0.00,,,620.44,0.00,,0.00,6aed9210-c500-4375-3842-8b8fcbeac34d,,6aed9210-c500-4375-a9b9-8c5e64745f3f,1,39b1cdc4-1ebb-35a1-bba7-2c9614175d2c,39b1cdc4-1ebb-35a1-bba7-2c9614175d2c
aef1b0a3-13cf-3b54-86de-7b2c4b75dec7,6aed9210-c500-4375-8e7c-cd30543b8973,30226,6aed9210-c500-4375-b0fc-3374c40b8591,CHARGE,0.00,,2017-08-22T22:14:22Z,2017-08-22T22:40:38Z,c958be17-14d8-3fc0-995a-9b952974be91,710841007,,,1,2,3,,1,20,Assessment of anxiety (procedure),0.00,,1,0.00,0.00,,0.00,6aed9210-c500-4375-3842-8b8fcbeac34d,,6aed9210-c500-4375-a9b9-8c5e64745f3f,1,39b1cdc4-1ebb-35a1-bba7-2c9614175d2c,39b1cdc4-1ebb-35a1-bba7-2c9614175d2c
bbcbf28c-4f3c-ed52-1b7d-1cb12dd77b1e,6aed9210-c500-4375-8e7c-cd30543b8973,30228,6aed9210-c500-4375-b0fc-3374c40b8591,CHARGE,0.00,,2017-08-22T22:40:38Z,2017-08-22T23:15:55Z,c958be17-14d8-3fc0-995a-9b952974be91,866148006,,,1,2,3,,1,20,Screening for domestic abuse (procedure),0.00,,1,0.00,0.00,,0.00,6aed9210-c500-4375-3842-8b8fcbeac34d,,6aed9210-c500-4375-a9b9-8c5e64745f3f,1,39b1cdc4-1ebb-35a1-bba7-2c9614175d2c,39b1cdc4-1ebb-35a1-bba7-2c9614175d2c
46279e76-a95d-fc7c-5896-ebbd8f0dd511,6aed9210-c500-4375-8e7c-cd30543b8973,30230,6aed9210-c500-4375-b0fc-3374c40b8591,CHARGE,0.00,,2017-08-22T23:15:55Z,2017-08-22T23:30:36Z,c958be17-14d8-3fc0-995a-9b952974be91,171207006,,,1,2,3,,1,20,Depression screening (procedure),0.00,,1,0.00,0.00,,0.00,6aed9210-c500-4375-3842-8b8fcbeac34d,,6aed9210-c500-4375-a9b9-8c5e64745f3f,1,39b1cdc4-1ebb-35a1-bba7-2c9614175d2c,39b1cdc4-1ebb-35a1-bba7-2c9614175d2c
189e79da-a577-faf1-625b-aef63c375d45,6aed9210-c500-4375-8e7c-cd30543b8973,30232,6aed9210-c500-4375-b0fc-3374c40b8591,CHARGE,0.00,,2017-08-22T23:30:36Z,2017-08-22T23:54:07Z,c958be17-14d8-3fc0-995a-9b952974be91,171207006,,,1,2,3,,1,20,Depression screening (procedure),0.00,,1,0.00,0.00,,0.00,6aed9210-c500-4375-3842-8b8fcbeac34d,,6aed9210-c500-4375-a9b9-8c5e64745f3f,1,39b1cdc4-1ebb-35a1-bba7-2c9614175d2c,39b1cdc4-1ebb-35a1-bba7-2c9614175d2c
6279e76a-95e0-09c4-896e-bbd8f0dd9315,6aed9210-c500-4375-8e7c-cd30543b8973,30234,6aed9210-c500-4375-b0fc-3374c40b8591,CHARGE,0.00,,2017-08-22T23:54:07Z,2017-08-23T00:06:38Z,c958be17-14d8-3fc0-995a-9b952974be91,428211000124100,,,1,2,3,,1,20,Assessment of substance use (procedure),0.00,,1,0.00,0.00,,0.00,6aed9210-c500-4375-3842-8b8fcbeac34d,,6aed9210-c500-4375-a9b9-8c5e64745f3f,1,39b1cdc4-1ebb-35a1-bba7-2c9614175d2c,39b1cdc4-1ebb-35a1-bba7-2c9614175d2c
89e79daa-5780-b711-25ba-ef63c376dc56,6aed9210-c500-4375-8e7c-cd30543b8973,30236,6aed9210-c500-4375-b0fc-3374c40b8591,CHARGE,0.00,,2017-08-23T00:06:38Z,2017-08-23T00:29:18Z,c958be17-14d8-3fc0-995a-9b952974be91,763302001,,,1,2,3,,1,20,Assessment using Alcohol Use Disorders Identification Test - Consumption (procedure),0.00,,1,0.00,0.00,,0.00,6aed9210-c500-4375-3842-8b8fcbeac34d,,6aed9210-c500-4375-a9b9-8c5e64745f3f,1,39b1cdc4-1ebb-35a1-bba7-2c9614175d2c,39b1cdc4-1ebb-35a1-bba7-2c9614175d2c
279e76a9-5e04-7446-96eb-bd8f0ddd0958,6aed9210-c500-4375-8e7c-cd30543b8973,30238,6aed9210-c500-4375-b0fc-3374c40b8591,CHARGE,0.00,,2017-08-23T00:29:18Z,2017-08-23T00:35:48Z,c958be17-14d8-3fc0-995a-9b952974be91,103697008,,,1,2,3,,1,20,Patient referral for dental care (procedure),0.00,,1,0.00,0.00,,0.00,6aed9210-c500-4375-3842-8b8fcbeac34d,,6aed9210-c500-4375-a9b9-8c5e64745f3f,1,39b1cdc4-1ebb-35a1-bba7-2c9614175d2c,39b1cdc4-1ebb-35a1-bba7-2c9614175d2c
b506b91c-c4e1-b6de-0950-7651e0787641,6aed9210-c500-4375-70a7-32e882bb228f,30240,6aed9210-c500-4375-b0fc-3374c40b8591,CHARGE,245.97,,2017-08-22T21:42:53Z,2018-08-28T21:42:53Z,c958be17-14d8-3fc0-995a-9b952974be91,206905,,,1,2,3,,1,20,Ibuprofen 400 MG Oral Tablet [Ibu],245.97,,1,0.0000,0.00,,0.00,6aed9210-c500-4375-3842-8b8fcbeac34d,,6aed9210-c500-4375-a9b9-8c5e64745f3f,1,39b1cdc4-1ebb-35a1-bba7-2c9614175d2c,39b1cdc4-1ebb-35a1-bba7-2c9614175d2c
6a0d7239-89c3-6dc1-12a0-eca3c0f0ec8e,6aed9210-c500-4375-70a7-32e882bb228f,30241,6aed9210-c500-4375-b0fc-3374c40b8591,TRANSFEROUT,,,2017-08-22T21:42:53Z,2018-08-28T21:42:53Z,c958be17-14d8-3fc0-995a-9b952974be91,206905,,,1,2,3,,1,20,Ibuprofen 400 MG Oral Tablet [Ibu],0.00,,,0.00,0.00,245.97,245.97,6aed9210-c500-4375-3842-8b8fcbeac34d,,6aed9210-c500-4375-a9b9-8c5e64745f3f,1,39b1cdc4-1ebb-35a1-bba7-2c9614175d2c,39b1cdc4-1ebb-35a1-bba7-2c9614175d2c
d41ae473-1386-db98-2541-d94781e1d922,6aed9210-c500-4375-70a7-32e882bb228f,30242,6aed9210-c500-4375-b0fc-3374c40b8591,TRANSFERIN,245.97,,2017-08-22T21:42:53Z,2018-08-28T21:42:53Z,c958be17-14d8-3fc0-995a-9b952974be91,206905,,,1,2,3,,1,20,Ibuprofen 400 MG Oral Tablet [Ibu],0.00,30241,p,0.00,0.00,245.97,245.97,6aed9210-c500-4375-3842-8b8fcbeac34d,,6aed9210-c500-4375-a9b9-8c5e64745f3f,1,39b1cdc4-1ebb-35a1-bba7-2c9614175d2c,39b1cdc4-1ebb-35a1-bba7-2c9614175d2c
a835c8e6-270d-b741-4a83-b28f03c3b274,6aed9210-c500-4375-70a7-32e882bb228f,30243,6aed9210-c500-4375-b0fc-3374c40b8591,PAYMENT,,CASH,2017-08-22T21:42:53Z,2018-08-28T21:42:53Z,c958be17-14d8-3fc0-995a-9b952974be91,206905,,,1,2,3,,1,20,Ibuprofen 400 MG Oral Tablet [Ibu],0.00,,,245.97,0.00,,0.00,6aed9210-c500-4375-3842-8b8fcbeac34d,,6aed9210-c500-4375-a9b9-8c5e64745f3f,1,39b1cdc4-1ebb-35a1-bba7-2c9614175d2c,39b1cdc4-1ebb-35a1-bba7-2c9614175d2c
ce7e9cea-24d6-5830-805e-73e55778a61a,6aed9210-c500-4375-7621-e670c2e9c3ac,30245,6aed9210-c500-4375-b0fc-3374c40b8591,CHARGE,83.05,,2017-09-05T21:42:53Z,2017-09-06T01:02:28Z,99204b0a-62e2-34dc-b3f6-290819949428,185349003,,,1,,,,1,1,Encounter for check up (procedure),83.05,,1,0.00,0.00,,0.00,6aed9210-c500-4375-7f49-aca9bafd8545,,6aed9210-c500-4375-a9b9-8c5e64745f3f,1,5aabe8ce-ac28-3172-a0af-663137c7f5f5,5aabe8ce-ac28-3172-a0af-663137c7f5f5
9cfd39d4-b9ac-b061-00bc-e7cadef14c35,6aed9210-c500-4375-7621-e670c2e9c3ac,30246,6aed9210-c500-4375-b0fc-3374c40b8591,TRANSFEROUT,,,2017-09-05T21:42:53Z,2017-09-06T01:02:28Z,99204b0a-62e2-34dc-b3f6-290819949428,185349003,,,1,,,,1,1,Encounter for check up (procedure),0.00,,,0.00,0.00,83.05,83.05,6aed9210-c500-4375-7f49-aca9bafd8545,,6aed9210-c500-4375-a9b9-8c5e64745f3f,1,5aabe8ce-ac28-3172-a0af-663137c7f5f5,5aabe8ce-ac28-3172-a0af-663137c7f5f5
39fa73a9-b359-60c3-0179-cf967de2986a,6aed9210-c500-4375-7621-e670c2e9c3ac,30247,6aed9210-c500-4375-b0fc-3374c40b8591,TRANSFERIN,83.05,,2017-09-05T21:42:53Z,2017-09-06T01:02:28Z,99204b0a-62e2-34dc-b3f6-290819949428,185349003,,,1,,,,1,1,Encounter for check up (procedure),0.00,30246,p,0.00,0.00,83.05,83.05,6aed9210-c500-4375-7f49-aca9bafd8545,,6aed9210-c500-4375-a9b9-8c5e64745f3f,1,5aabe8ce-ac28-3172-a0af-663137c7f5f5,5aabe8ce-ac28-3172-a0af-663137c7f5f5
73f4e754-72b2-c186-02f3-9f2d07c530d4,6aed9210-c500-4375-7621-e670c2e9c3ac,30248,6aed9210-c500-4375-b0fc-3374c40b8591,PAYMENT,,CC,2017-09-05T21:42:53Z,2017-09-06T01:02:28Z,99204b0a-62e2-34dc-b3f6-290819949428,185349003,,,1,,,,1,1,Encounter for check up (procedure),0.00,,,83.05,0.00,,0.00,6aed9210-c500-4375-7f49-aca9bafd8545,,6aed9210-c500-4375-a9b9-8c5e64745f3f,1,5aabe8ce-ac28-3172-a0af-663137c7f5f5,5aabe8ce-ac28-3172-a0af-663137c7f5f5
b5ad5960-c339-fa73-a277-e2986a0179cf,6aed9210-c500-4375-7621-e670c2e9c3ac,30250,6aed9210-c500-4375-b0fc-3374c40b8591,CHARGE,620.44,,2017-09-05T21:42:53Z,2017-09-05T22:07:08Z,99204b0a-62e2-34dc-b3f6-290819949428,34043003,,,1,,,,1,1,Dental consultation and report (procedure),620.44,,1,0.00,0.00,,0.00,6aed9210-c500-4375-7f49-aca9bafd8545,,6aed9210-c500-4375-a9b9-8c5e64745f3f,1,5aabe8ce-ac28-3172-a0af-663137c7f5f5,5aabe8ce-ac28-3172-a0af-663137c7f5f5
6c8ab2c1-8673-f4e7-451f-c530d402f39f,6aed9210-c500-4375-7621-e670c2e9c3ac,30251,6aed9210-c500-4375-b0fc-3374c40b8591,TRANSFEROUT,,,2017-09-05T21:42:53Z,2017-09-05T22:07:08Z,99204b0a-62e2-34dc-b3f6-290819949428,34043003,,,1,,,,1,1,Dental consultation and report (procedure),0.00,,,0.00,0.00,620.44,620.44,6aed9210-c500-4375-7f49-aca9bafd8545,,6aed9210-c500-4375-a9b9-8c5e64745f3f,1,5aabe8ce-ac28-3172-a0af-663137c7f5f5,5aabe8ce-ac28-3172-a0af-663137c7f5f5
da156583-0ce7-e9ce-8d3f-8a61a805e73e,6aed9210-c500-4375-7621-e670c2e9c3ac,30252,6aed9210-c500-4375-b0fc-3374c40b8591,TRANSFERIN,620.44,,2017-09-05T21:42:53Z,2017-09-05T22:07:08Z,99204b0a-62e2-34dc-b3f6-290819949428,34043003,,,1,,,,1,1,Dental consultation and report (procedure),0.00,30251,p,0.00,0.00,620.44,620.44,6aed9210-c500-4375-7f49-aca9bafd8545,,6aed9210-c500-4375-a9b9-8c5e64745f3f,1,5aabe8ce-ac28-3172-a0af-663137c7f5f5,5aabe8ce-ac28-3172-a0af-663137c7f5f5
bb2acb06-19cf-d39d-1d7f-14c3500bce7d,6aed9210-c500-4375-7621-e670c2e9c3ac,30253,6aed9210-c500-4375-b0fc-3374c40b8591,PAYMENT,,CHECK,2017-09-05T21:42:53Z,2017-09-05T22:07:08Z,99204b0a-62e2-34dc-b3f6-290819949428,34043003,,,1,,,,1,1,Dental consultation and report (procedure),0.00,,,620.44,0.00,,0.00,6aed9210-c500-4375-7f49-aca9bafd8545,,6aed9210-c500-4375-a9b9-8c5e64745f3f,1,5aabe8ce-ac28-3172-a0af-663137c7f5f5,5aabe8ce-ac28-3172-a0af-663137c7f5f5
0aab2c18-673f-4e77-93fc-530d402f39f4,6aed9210-c500-4375-7621-e670c2e9c3ac,30255,6aed9210-c500-4375-b0fc-3374c40b8591,CHARGE,620.44,,2017-09-05T22:07:08Z,2017-09-05T22:35:48Z,99204b0a-62e2-34dc-b3f6-290819949428,225362009,,,1,,,,1,1,Dental care (regime/therapy),620.44,,1,0.00,0.00,,0.00,6aed9210-c500-4375-7f49-aca9bafd8545,,6aed9210-c500-4375-a9b9-8c5e64745f3f,1,5aabe8ce-ac28-3172-a0af-663137c7f5f5,5aabe8ce-ac28-3172-a0af-663137c7f5f5
25565830-ce7e-9cee-57f8-a61a805e73e9,6aed9210-c500-4375-7621-e670c2e9c3ac,30256,6aed9210-c500-4375-b0fc-3374c40b8591,TRANSFEROUT,,,2017-09-05T22:07:08Z,2017-09-05T22:35:48Z,99204b0a-62e2-34dc-b3f6-290819949428,225362009,,,1,,,,1,1,Dental care (regime/therapy),0.00,,,0.00,0.00,620.44,620.44,6aed9210-c500-4375-7f49-aca9bafd8545,,6aed9210-c500-4375-a9b9-8c5e64745f3f,1,5aabe8ce-ac28-3172-a0af-663137c7f5f5,5aabe8ce-ac28-3172-a0af-663137c7f5f5
baacb061-9cfd-39dc-dff1-4c3500bce7d2,6aed9210-c500-4375-7621-e670c2e9c3ac,30257,6aed9210-c500-4375-b0fc-3374c40b8591,TRANSFERIN,620.44,,2017-09-05T22:07:08Z,2017-09-05T22:35:48Z,99204b0a-62e2-34dc-b3f6-290819949428,225362009,,,1,,,,1,1,Dental care (regime/therapy),0.00,30256,p,0.00,0.00,620.44,620.44,6aed9210-c500-4375-7f49-aca9bafd8545,,6aed9210-c500-4375-a9b9-8c5e64745f3f,1,5aabe8ce-ac28-3172-a0af-663137c7f5f5,5aabe8ce-ac28-3172-a0af-663137c7f5f5
b55960c3-39fa-73b9-7fe2-986a0179cfa6,6aed9210-c500-4375-7621-e670c2e9c3ac,30258,6aed9210-c500-4375-b0fc-3374c40b8591,PAYMENT,,CASH,2017-09-05T22:07:08Z,2017-09-05T22:35:48Z,99204b0a-62e2-34dc-b3f6-290819949428,225362009,,,1,,,,1,1,Dental care (regime/therapy),0.00,,,620.44,0.00,,0.00,6aed9210-c500-4375-7f49-aca9bafd8545,,6aed9210-c500-4375-a9b9-8c5e64745f3f,1,5aabe8ce-ac28-3172-a0af-663137c7f5f5,5aabe8ce-ac28-3172-a0af-663137c7f5f5
619cfd39-e2b4-c4b0-3500-bce7d8da094c,6aed9210-c500-4375-7621-e670c2e9c3ac,30260,6aed9210-c500-4375-b0fc-3374c40b8591,CHARGE,620.44,,2017-09-05T22:35:48Z,2017-09-05T23:04:00Z,99204b0a-62e2-34dc-b3f6-290819949428,1260009003,,,1,,,,1,1,Removal of supragingival plaque and calculus from all teeth using dental instrument (procedure),620.44,,1,0.00,0.00,,0.00,6aed9210-c500-4375-7f49-aca9bafd8545,,6aed9210-c500-4375-a9b9-8c5e64745f3f,1,5aabe8ce-ac28-3172-a0af-663137c7f5f5,5aabe8ce-ac28-3172-a0af-663137c7f5f5
c339fa73-c5a9-8960-6a01-79cfb2741298,6aed9210-c500-4375-7621-e670c2e9c3ac,30261,6aed9210-c500-4375-b0fc-3374c40b8591,TRANSFEROUT,,,2017-09-05T22:35:48Z,2017-09-05T23:04:00Z,99204b0a-62e2-34dc-b3f6-290819949428,1260009003,,,1,,,,1,1,Removal of supragingival plaque and calculus from all teeth using dental instrument (procedure),0.00,,,0.00,0.00,620.44,620.44,6aed9210-c500-4375-7f49-aca9bafd8545,,6aed9210-c500-4375-a9b9-8c5e64745f3f,1,5aabe8ce-ac28-3172-a0af-663137c7f5f5,5aabe8ce-ac28-3172-a0af-663137c7f5f5
8673f4e7-8c83-12c1-d402-f39f65182530,6aed9210-c500-4375-7621-e670c2e9c3ac,30262,6aed9210-c500-4375-b0fc-3374c40b8591,TRANSFERIN,620.4400,,2017-09-05T22:35:48Z,2017-09-05T23:04:00Z,99204b0a-62e2-34dc-b3f6-290819949428,1260009003,,,1,,,,1,1,Removal of supragingival plaque and calculus from all teeth using dental instrument (procedure),0.00,30261,p,0.00,0.00,620.44,620.44,6aed9210-c500-4375-7f49-aca9bafd8545,,6aed9210-c500-4375-a9b9-8c5e64745f3f,1,5aabe8ce-ac28-3172-a0af-663137c7f5f5,5aabe8ce-ac28-3172-a0af-663137c7f5f5
0ce7e9cf-1a06-2583-a805-e73ecd304a61,6aed9210-c500-4375-7621-e670c2e9c3ac,30263,6aed9210-c500-4375-b0fc-3374c40b8591,PAYMENT,,CC,2017-09-05T22:35:48Z,2017-09-05T23:04:00Z,99204b0a-62e2-34dc-b3f6-290819949428,1260009003,,,1,,,,1,1,Removal of supragingival plaque and calculus from all teeth using dental instrument (procedure),0.00,,,620.44,0.00,,0.00,6aed9210-c500-4375-7f49-aca9bafd8545,,6aed9210-c500-4375-a9b9-8c5e64745f3f,1,5aabe8ce-ac28-3172-a0af-663137c7f5f5,5aabe8ce-ac28-3172-a0af-663137c7f5f5
339fa73c-7a18-960c-a017-9cfb46c12986,6aed9210-c500-4375-7621-e670c2e9c3ac,30265,6aed9210-c500-4375-b0fc-3374c40b8591,CHARGE,620.44,,2017-09-05T23:04:00Z,2017-09-05T23:38:35Z,99204b0a-62e2-34dc-b3f6-290819949428,1260010008,,,1,,,,1,1,Removal of subgingival plaque and calculus from all teeth using dental instrument (procedure),620.44,,1,0.00,0.00,,0.00,6aed9210-c500-4375-7f49-aca9bafd8545,,6aed9210-c500-4375-a9b9-8c5e64745f3f,1,5aabe8ce-ac28-3172-a0af-663137c7f5f5,5aabe8ce-ac28-3172-a0af-663137c7f5f5
673f4e79-0a31-2c18-402f-39f69382530d,6aed9210-c500-4375-7621-e670c2e9c3ac,30266,6aed9210-c500-4375-b0fc-3374c40b8591,PAYMENT,,ECHECK,2017-09-05T23:04:00Z,2017-09-05T23:38:35Z,99204b0a-62e2-34dc-b3f6-290819949428,1260010008,,,1,,,,1,1,Removal of subgingival plaque and calculus from all teeth using dental instrument (procedure),0.00,,,308.50,0.00,,311.94,6aed9210-c500-4375-7f49-aca9bafd8545,,6aed9210-c500-4375-a9b9-8c5e64745f3f,1,5aabe8ce-ac28-3172-a0af-663137c7f5f5,5aabe8ce-ac28-3172-a0af-663137c7f5f5
ce7e9cf2-2462-5830-805e-73ed5704a61a,6aed9210-c500-4375-7621-e670c2e9c3ac,30267,6aed9210-c500-4375-b0fc-3374c40b8591,TRANSFEROUT,,,2017-09-05T23:04:00Z,2017-09-05T23:38:35Z,99204b0a-62e2-34dc-b3f6-290819949428,1260010008,,,1,,,,1,1,Removal of subgingival plaque and calculus from all teeth using dental instrument (procedure),0.00,,,0.00,0.00,311.94,311.94,6aed9210-c500-4375-7f49-aca9bafd8545,,6aed9210-c500-4375-a9b9-8c5e64745f3f,1,5aabe8ce-ac28-3172-a0af-663137c7f5f5,5aabe8ce-ac28-3172-a0af-663137c7f5f5
9cfd39e4-b8c4-b061-00bc-e7dade094c35,6aed9210-c500-4375-7621-e670c2e9c3ac,30268,6aed9210-c500-4375-b0fc-3374c40b8591,TRANSFERIN,311.94,,2017-09-05T23:04:00Z,2017-09-05T23:38:35Z,99204b0a-62e2-34dc-b3f6-290819949428,1260010008,,,1,,,,1,1,Removal of subgingival plaque and calculus from all teeth using dental instrument (procedure),0.00,30267,p,0.00,0.00,311.94,311.94,6aed9210-c500-4375-7f49-aca9bafd8545,,6aed9210-c500-4375-a9b9-8c5e64745f3f,1,5aabe8ce-ac28-3172-a0af-663137c7f5f5,5aabe8ce-ac28-3172-a0af-663137c7f5f5
39fa73c9-b189-60c3-0179-cfb67c12986a,6aed9210-c500-4375-7621-e670c2e9c3ac,30269,6aed9210-c500-4375-b0fc-3374c40b8591,PAYMENT,,CC,2017-09-05T23:04:00Z,2017-09-05T23:38:35Z,99204b0a-62e2-34dc-b3f6-290819949428,1260010008,,,1,,,,1,1,Removal of subgingival plaque and calculus from all teeth using dental instrument (procedure),0.00,,,311.94,0.00,,0.00,6aed9210-c500-4375-7f49-aca9bafd8545,,6aed9210-c500-4375-a9b9-8c5e64745f3f,1,5aabe8ce-ac28-3172-a0af-663137c7f5f5,5aabe8ce-ac28-3172-a0af-663137c7f5f5
eab5c4b0-619c-fd39-e0db-094c3500bce7,6aed9210-c500-4375-7621-e670c2e9c3ac,30271,6aed9210-c500-4375-b0fc-3374c40b8591,CHARGE,620.44,,2017-09-05T23:38:35Z,2017-09-06T00:10:45Z,99204b0a-62e2-34dc-b3f6-290819949428,274788003,,,1,,,,1,1,Examination of gingivae (procedure),620.44,,1,0.00,0.00,,0.00,6aed9210-c500-4375-7f49-aca9bafd8545,,6aed9210-c500-4375-a9b9-8c5e64745f3f,1,5aabe8ce-ac28-3172-a0af-663137c7f5f5,5aabe8ce-ac28-3172-a0af-663137c7f5f5
d5ab8960-c339-fa73-c276-12986a0179cf,6aed9210-c500-4375-7621-e670c2e9c3ac,30272,6aed9210-c500-4375-b0fc-3374c40b8591,PAYMENT,,ECHECK,2017-09-05T23:38:35Z,2017-09-06T00:10:45Z,99204b0a-62e2-34dc-b3f6-290819949428,274788003,,,1,,,,1,1,Examination of gingivae (procedure),0.00,,,434.31,0.00,,186.13,6aed9210-c500-4375-7f49-aca9bafd8545,,6aed9210-c500-4375-a9b9-8c5e64745f3f,1,5aabe8ce-ac28-3172-a0af-663137c7f5f5,5aabe8ce-ac28-3172-a0af-663137c7f5f5
ac8712c1-8673-f4e7-851c-2530d402f39f,6aed9210-c500-4375-7621-e670c2e9c3ac,30273,6aed9210-c500-4375-b0fc-3374c40b8591,TRANSFEROUT,,,2017-09-05T23:38:35Z,2017-09-06T00:10:45Z,99204b0a-62e2-34dc-b3f6-290819949428,274788003,,,1,,,,1,1,Examination of gingivae (procedure),0.00,,,0.00,0.00,186.13,186.13,6aed9210-c500-4375-7f49-aca9bafd8545,,6aed9210-c500-4375-a9b9-8c5e64745f3f,1,5aabe8ce-ac28-3172-a0af-663137c7f5f5,5aabe8ce-ac28-3172-a0af-663137c7f5f5
5a0e2583-0ce7-e9cf-0d38-4a61a805e73f,6aed9210-c500-4375-7621-e670c2e9c3ac,30274,6aed9210-c500-4375-b0fc-3374c40b8591,TRANSFERIN,186.13,,2017-09-05T23:38:35Z,2017-09-06T00:10:45Z,99204b0a-62e2-34dc-b3f6-290819949428,274788003,,,1,,,,1,1,Examination of gingivae (procedure),0.00,30273,p,0.00,0.00,186.13,186.13,6aed9210-c500-4375-7f49-aca9bafd8545,,6aed9210-c500-4375-a9b9-8c5e64745f3f,1,5aabe8ce-ac28-3172-a0af-663137c7f5f5,5aabe8ce-ac28-3172-a0af-663137c7f5f5
bb1c4b06-19cf-d39e-1d70-94c3500bce7e,6aed9210-c500-4375-7621-e670c2e9c3ac,30275,6aed9210-c500-4375-b0fc-3374c40b8591,PAYMENT,,CC,2017-09-05T23:38:35Z,2017-09-06T00:10:45Z,99204b0a-62e2-34dc-b3f6-290819949428,274788003,,,1,,,,1,1,Examination of gingivae (procedure),0.00,,,186.13,0.00,,0.00,6aed9210-c500-4375-7f49-aca9bafd8545,,6aed9210-c500-4375-a9b9-8c5e64745f3f,1,5aabe8ce-ac28-3172-a0af-663137c7f5f5,5aabe8ce-ac28-3172-a0af-663137c7f5f5
0a712c18-673f-4e7b-93c2-530d402f39f8,6aed9210-c500-4375-7621-e670c2e9c3ac,30277,6aed9210-c500-4375-b0fc-3374c40b8591,CHARGE,620.44,,2017-09-06T00:10:45Z,2017-09-06T00:43:44Z,99204b0a-62e2-34dc-b3f6-290819949428,68071007,,,1,,,,1,1,Dental fluoride treatment (procedure),620.44,,1,0.00,0.00,,0.00,6aed9210-c500-4375-7f49-aca9bafd8545,,6aed9210-c500-4375-a9b9-8c5e64745f3f,1,5aabe8ce-ac28-3172-a0af-663137c7f5f5,5aabe8ce-ac28-3172-a0af-663137c7f5f5
24e25830-ce7e-9cf6-5784-a61a805e73f1,6aed9210-c500-4375-7621-e670c2e9c3ac,30278,6aed9210-c500-4375-b0fc-3374c40b8591,PAYMENT,,ECHECK,2017-09-06T00:10:45Z,2017-09-06T00:43:44Z,99204b0a-62e2-34dc-b3f6-290819949428,68071007,,,1,,,,1,1,Dental fluoride treatment (procedure),0.00,,,434.31,0.00,,186.13,6aed9210-c500-4375-7f49-aca9bafd8545,,6aed9210-c500-4375-a9b9-8c5e64745f3f,1,5aabe8ce-ac28-3172-a0af-663137c7f5f5,5aabe8ce-ac28-3172-a0af-663137c7f5f5
b9c4b061-9cfd-39ec-df09-4c3500bce7e2,6aed9210-c500-4375-7621-e670c2e9c3ac,30279,6aed9210-c500-4375-b0fc-3374c40b8591,TRANSFEROUT,,,2017-09-06T00:10:45Z,2017-09-06T00:43:44Z,99204b0a-62e2-34dc-b3f6-290819949428,68071007,,,1,,,,1,1,Dental fluoride treatment (procedure),0.00,,,0.00,0.00,186.13,186.13,6aed9210-c500-4375-7f49-aca9bafd8545,,6aed9210-c500-4375-a9b9-8c5e64745f3f,1,5aabe8ce-ac28-3172-a0af-663137c7f5f5,5aabe8ce-ac28-3172-a0af-663137c7f5f5
18673f4e-7c89-512c-0d40-2f39fa12a253,6aed9210-c500-4375-7621-e670c2e9c3ac,30280,6aed9210-c500-4375-b0fc-3374c40b8591,TRANSFERIN,186.13,,2017-09-06T00:10:45Z,2017-09-06T00:43:44Z,99204b0a-62e2-34dc-b3f6-290819949428,68071007,,,1,,,,1,1,Dental fluoride treatment (procedure),0.00,30279,p,0.00,0.00,186.13,186.13,6aed9210-c500-4375-7f49-aca9bafd8545,,6aed9210-c500-4375-a9b9-8c5e64745f3f,1,5aabe8ce-ac28-3172-a0af-663137c7f5f5,5aabe8ce-ac28-3172-a0af-663137c7f5f5
30ce7e9c-f922-a258-1a80-5e73f45544a6,6aed9210-c500-4375-7621-e670c2e9c3ac,30281,6aed9210-c500-4375-b0fc-3374c40b8591,PAYMENT,,CC,2017-09-06T00:10:45Z,2017-09-06T00:43:44Z,99204b0a-62e2-34dc-b3f6-290819949428,68071007,,,1,,,,1,1,Dental fluoride treatment (procedure),0.00,,,186.13,0.00,,0.00,6aed9210-c500-4375-7f49-aca9bafd8545,,6aed9210-c500-4375-a9b9-8c5e64745f3f,1,5aabe8ce-ac28-3172-a0af-663137c7f5f5,5aabe8ce-ac28-3172-a0af-663137c7f5f5
c339fa73-e5aa-8960-6a01-79cfd2751298,6aed9210-c500-4375-7621-e670c2e9c3ac,30283,6aed9210-c500-4375-b0fc-3374c40b8591,CHARGE,620.44,,2017-09-06T00:43:44Z,2017-09-06T01:02:28Z,99204b0a-62e2-34dc-b3f6-290819949428,243085009,,,1,,,,1,1,Oral health education (procedure),620.44,,1,0.00,0.00,,0.00,6aed9210-c500-4375-7f49-aca9bafd8545,,6aed9210-c500-4375-a9b9-8c5e64745f3f,1,5aabe8ce-ac28-3172-a0af-663137c7f5f5,5aabe8ce-ac28-3172-a0af-663137c7f5f5
8673f4e7-cc85-12c1-d402-f39fa51a2530,6aed9210-c500-4375-7621-e670c2e9c3ac,30284,6aed9210-c500-4375-b0fc-3374c40b8591,PAYMENT,,ECHECK,2017-09-06T00:43:44Z,2017-09-06T01:02:28Z,99204b0a-62e2-34dc-b3f6-290819949428,243085009,,,1,,,,1,1,Oral health education (procedure),0.00,,,434.31,0.00,,186.13,6aed9210-c500-4375-7f49-aca9bafd8545,,6aed9210-c500-4375-a9b9-8c5e64745f3f,1,5aabe8ce-ac28-3172-a0af-663137c7f5f5,5aabe8ce-ac28-3172-a0af-663137c7f5f5
0ce7e9cf-9a0a-2583-a805-e73f4d344a61,6aed9210-c500-4375-7621-e670c2e9c3ac,30285,6aed9210-c500-4375-b0fc-3374c40b8591,TRANSFEROUT,,,2017-09-06T00:43:44Z,2017-09-06T01:02:28Z,99204b0a-62e2-34dc-b3f6-290819949428,243085009,,,1,,,,1,1,Oral health education (procedure),0.00,,,0.00,0.00,186.13,186.13,6aed9210-c500-4375-7f49-aca9bafd8545,,6aed9210-c500-4375-a9b9-8c5e64745f3f,1,5aabe8ce-ac28-3172-a0af-663137c7f5f5,5aabe8ce-ac28-3172-a0af-663137c7f5f5
19cfd39f-3b14-4b06-500b-ce7e9d6894c3,6aed9210-c500-4375-7621-e670c2e9c3ac,30286,6aed9210-c500-4375-b0fc-3374c40b8591,TRANSFERIN,186.13,,2017-09-06T00:43:44Z,2017-09-06T01:02:28Z,99204b0a-62e2-34dc-b3f6-290819949428,243085009,,,1,,,,1,1,Oral health education (procedure),0.00,30285,p,0.00,0.00,186.13,186.13,6aed9210-c500-4375-7f49-aca9bafd8545,,6aed9210-c500-4375-a9b9-8c5e64745f3f,1,5aabe8ce-ac28-3172-a0af-663137c7f5f5,5aabe8ce-ac28-3172-a0af-663137c7f5f5
339fa73e-7a28-960c-a017-9cfd46d12986,6aed9210-c500-4375-7621-e670c2e9c3ac,30287,6aed9210-c500-4375-b0fc-3374c40b8591,PAYMENT,,CC,2017-09-06T00:43:44Z,2017-09-06T01:02:28Z,99204b0a-62e2-34dc-b3f6-290819949428,243085009,,,1,,,,1,1,Oral health education (procedure),0.00,,,186.13,0.00,,0.00,6aed9210-c500-4375-7f49-aca9bafd8545,,6aed9210-c500-4375-a9b9-8c5e64745f3f,1,5aabe8ce-ac28-3172-a0af-663137c7f5f5,5aabe8ce-ac28-3172-a0af-663137c7f5f5
57cce132-4c8b-ec69-3667-ff2fbc3d168e,6aed9210-c500-4375-0c39-a2c5869ea34c,30289,6aed9210-c500-4375-b0fc-3374c40b8591,CHARGE,245.97,,2017-09-06T00:10:45Z,2017-09-06T00:10:45Z,99204b0a-62e2-34dc-b3f6-290819949428,1535362,,,1,,,,1,1,sodium fluoride 0.0272 MG/MG Oral Gel,245.97,,1,0.00,0.00,,0.00,6aed9210-c500-4375-7f49-aca9bafd8545,,6aed9210-c500-4375-a9b9-8c5e64745f3f,1,5aabe8ce-ac28-3172-a0af-663137c7f5f5,5aabe8ce-ac28-3172-a0af-663137c7f5f5
4c932da9-1a55-f338-cbef-1a73a38d99ff,6aed9210-c500-4375-0c39-a2c5869ea34c,30290,6aed9210-c500-4375-b0fc-3374c40b8591,TRANSFEROUT,,,2017-09-06T00:10:45Z,2017-09-06T00:10:45Z,99204b0a-62e2-34dc-b3f6-290819949428,1535362,,,1,,,,1,1,sodium fluoride 0.0272 MG/MG Oral Gel,0.00,,,0.00,0.00,245.97,245.97,6aed9210-c500-4375-7f49-aca9bafd8545,,6aed9210-c500-4375-a9b9-8c5e64745f3f,1,5aabe8ce-ac28-3172-a0af-663137c7f5f5,5aabe8ce-ac28-3172-a0af-663137c7f5f5
99265c82-34ab-e670-97de-3517471b33ff,6aed9210-c500-4375-0c39-a2c5869ea34c,30291,6aed9210-c500-4375-b0fc-3374c40b8591,TRANSFERIN,245.97,,2017-09-06T00:10:45Z,2017-09-06T00:10:45Z,99204b0a-62e2-34dc-b3f6-290819949428,1535362,,,1,,,,1,1,sodium fluoride 0.0272 MG/MG Oral Gel,0.00,30290,p,0.00,0.00,245.97,245.97,6aed9210-c500-4375-7f49-aca9bafd8545,,6aed9210-c500-4375-a9b9-8c5e64745f3f,1,5aabe8ce-ac28-3172-a0af-663137c7f5f5,5aabe8ce-ac28-3172-a0af-663137c7f5f5
324cba04-6957-cce1-2fbc-6d2e8e3667ff,6aed9210-c500-4375-0c39-a2c5869ea34c,30292,6aed9210-c500-4375-b0fc-3374c40b8591,PAYMENT,,CHECK,2017-09-06T00:10:45Z,2017-09-06T00:10:45Z,99204b0a-62e2-34dc-b3f6-290819949428,1535362,,,1,,,,1,1,sodium fluoride 0.0272 MG/MG Oral Gel,0.00,,,245.97,0.00,,0.00,6aed9210-c500-4375-7f49-aca9bafd8545,,6aed9210-c500-4375-a9b9-8c5e64745f3f,1,5aabe8ce-ac28-3172-a0af-663137c7f5f5,5aabe8ce-ac28-3172-a0af-663137c7f5f5
e188fa05-2b7f-a465-099f-c6adbefa266b,6aed9210-c500-4375-8710-79d8cd6dbbe3,30294,6aed9210-c500-4375-b0fc-3374c40b8591,CHARGE,83.05,,2018-01-17T19:42:53Z,2018-01-17T19:57:53Z,99204b0a-62e2-34dc-b3f6-290819949428,185345009,,,1,2,,,1,1,Encounter for symptom (procedure),83.05,,1,0.00,0.00,,0.00,6aed9210-c500-4375-a405-b2db585cbd1b,,6aed9210-c500-4375-a9b9-8c5e64745f3f,1,5aabe8ce-ac28-3172-a0af-663137c7f5f5,5aabe8ce-ac28-3172-a0af-663137c7f5f5
c3120a0a-56ff-48cb-133f-935b7df44cd6,6aed9210-c500-4375-8710-79d8cd6dbbe3,30295,6aed9210-c500-4375-b0fc-3374c40b8591,PAYMENT,,ECHECK,2018-01-17T19:42:53Z,2018-01-17T19:57:53Z,99204b0a-62e2-34dc-b3f6-290819949428,185345009,,,1,2,,,1,1,Encounter for symptom (procedure),0.00,,,58.14,0.00,,24.91,6aed9210-c500-4375-a405-b2db585cbd1b,,6aed9210-c500-4375-a9b9-8c5e64745f3f,1,5aabe8ce-ac28-3172-a0af-663137c7f5f5,5aabe8ce-ac28-3172-a0af-663137c7f5f5
86242414-adfe-9197-267f-56b6fbe899ac,6aed9210-c500-4375-8710-79d8cd6dbbe3,30296,6aed9210-c500-4375-b0fc-3374c40b8591,TRANSFEROUT,,,2018-01-17T19:42:53Z,2018-01-17T19:57:53Z,99204b0a-62e2-34dc-b3f6-290819949428,185345009,,,1,2,,,1,1,Encounter for symptom (procedure),0.00,,,0.00,0.00,24.91,24.91,6aed9210-c500-4375-a405-b2db585cbd1b,,6aed9210-c500-4375-a9b9-8c5e64745f3f,1,5aabe8ce-ac28-3172-a0af-663137c7f5f5,5aabe8ce-ac28-3172-a0af-663137c7f5f5
0c48b829-5bfd-232f-4cfe-dd6df7d13358,6aed9210-c500-4375-8710-79d8cd6dbbe3,30297,6aed9210-c500-4375-b0fc-3374c40b8591,TRANSFERIN,24.9100,,2018-01-17T19:42:53Z,2018-01-17T19:57:53Z,99204b0a-62e2-34dc-b3f6-290819949428,185345009,,,1,2,,,1,1,Encounter for symptom (procedure),0.00,30296,p,0.00,0.00,24.91,24.91,6aed9210-c500-4375-a405-b2db585cbd1b,,6aed9210-c500-4375-a9b9-8c5e64745f3f,1,5aabe8ce-ac28-3172-a0af-663137c7f5f5,5aabe8ce-ac28-3172-a0af-663137c7f5f5
1891b052-b7fa-465e-99fe-7adbefa266b0,6aed9210-c500-4375-8710-79d8cd6dbbe3,30298,6aed9210-c500-4375-b0fc-3374c40b8591,PAYMENT,,CHECK,2018-01-17T19:42:53Z,2018-01-17T19:57:53Z,99204b0a-62e2-34dc-b3f6-290819949428,185345009,,,1,2,,,1,1,Encounter for symptom (procedure),0.00,,,24.91,0.00,,0.00,6aed9210-c500-4375-a405-b2db585cbd1b,,6aed9210-c500-4375-a9b9-8c5e64745f3f,1,5aabe8ce-ac28-3172-a0af-663137c7f5f5,5aabe8ce-ac28-3172-a0af-663137c7f5f5
ba91bc5a-2bfe-b79c-dfd6-582e3c27f852,6aed9210-c500-4375-ff22-19c2a4b95941,30300,6aed9210-c500-4375-b0fc-3374c40b8591,CHARGE,86.81,,2018-01-17T19:42:53Z,2018-02-09T19:42:53Z,99204b0a-62e2-34dc-b3f6-290819949428,562251,,,1,2,,,1,1,Amoxicillin 250 MG / Clavulanate 125 MG Oral Tablet,86.81,,1,0.00,0.00,,0.00,6aed9210-c500-4375-a405-b2db585cbd1b,,6aed9210-c500-4375-a9b9-8c5e64745f3f,1,5aabe8ce-ac28-3172-a0af-663137c7f5f5,5aabe8ce-ac28-3172-a0af-663137c7f5f5
b52378b4-57fd-6f39-7fac-b05c784ff0a6,6aed9210-c500-4375-ff22-19c2a4b95941,30301,6aed9210-c500-4375-b0fc-3374c40b8591,PAYMENT,,ECHECK,2018-01-17T19:42:53Z,2018-02-09T19:42:53Z,99204b0a-62e2-34dc-b3f6-290819949428,562251,,,1,2,,,1,1,Amoxicillin 250 MG / Clavulanate 125 MG Oral Tablet,0.00,,,60.77,0.00,,26.04,6aed9210-c500-4375-a405-b2db585cbd1b,,6aed9210-c500-4375-a9b9-8c5e64745f3f,1,5aabe8ce-ac28-3172-a0af-663137c7f5f5,5aabe8ce-ac28-3172-a0af-663137c7f5f5
6bc6f168-affa-de74-00d9-60b8f09fe14d,6aed9210-c500-4375-ff22-19c2a4b95941,30302,6aed9210-c500-4375-b0fc-3374c40b8591,TRANSFEROUT,,,2018-01-17T19:42:53Z,2018-02-09T19:42:53Z,99204b0a-62e2-34dc-b3f6-290819949428,562251,,,1,2,,,1,1,Amoxicillin 250 MG / Clavulanate 125 MG Oral Tablet,0.00,,,0.00,0.00,26.04,26.04,6aed9210-c500-4375-a405-b2db585cbd1b,,6aed9210-c500-4375-a9b9-8c5e64745f3f,1,5aabe8ce-ac28-3172-a0af-663137c7f5f5,5aabe8ce-ac28-3172-a0af-663137c7f5f5
d78de2d1-5ff5-bceb-01b2-c171e13fc29d,6aed9210-c500-4375-ff22-19c2a4b95941,30303,6aed9210-c500-4375-b0fc-3374c40b8591,TRANSFERIN,26.04,,2018-01-17T19:42:53Z,2018-02-09T19:42:53Z,99204b0a-62e2-34dc-b3f6-290819949428,562251,,,1,2,,,1,1,Amoxicillin 250 MG / Clavulanate 125 MG Oral Tablet,0.00,30302,p,0.00,0.00,26.04,26.04,6aed9210-c500-4375-a405-b2db585cbd1b,,6aed9210-c500-4375-a9b9-8c5e64745f3f,1,5aabe8ce-ac28-3172-a0af-663137c7f5f5,5aabe8ce-ac28-3172-a0af-663137c7f5f5
af1bc5a2-bfeb-79da-0365-82e3c27f853d,6aed9210-c500-4375-ff22-19c2a4b95941,30304,6aed9210-c500-4375-b0fc-3374c40b8591,PAYMENT,,CHECK,2018-01-17T19:42:53Z,2018-02-09T19:42:53Z,99204b0a-62e2-34dc-b3f6-290819949428,562251,,,1,2,,,1,1,Amoxicillin 250 MG / Clavulanate 125 MG Oral Tablet,0.00,,,26.04,0.00,,0.00,6aed9210-c500-4375-a405-b2db585cbd1b,,6aed9210-c500-4375-a9b9-8c5e64745f3f,1,5aabe8ce-ac28-3172-a0af-663137c7f5f5,5aabe8ce-ac28-3172-a0af-663137c7f5f5
e6f9fd1a-44b2-70ab-7ea9-9d957754be96,6aed9210-c500-4375-3afa-d05b75fb1c87,30306,6aed9210-c500-4375-b0fc-3374c40b8591,CHARGE,171.78,,2018-08-28T21:42:53Z,2018-08-28T22:37:45Z,c958be17-14d8-3fc0-995a-9b952974be91,162673000,,,1,2,3,,1,20,General examination of patient (procedure),171.78,,1,0.00,0.00,,0.00,6aed9210-c500-4375-aa67-7f659b12e262,,6aed9210-c500-4375-c47f-edec4466b19a,1,39b1cdc4-1ebb-35a1-bba7-2c9614175d2c,39b1cdc4-1ebb-35a1-bba7-2c9614175d2c
cdf3fa34-f964-e157-fd53-3b2b1ea97d2c,6aed9210-c500-4375-3afa-d05b75fb1c87,30307,6aed9210-c500-4375-b0fc-3374c40b8591,TRANSFEROUT,,,2018-08-28T21:42:53Z,2018-08-28T22:37:45Z,c958be17-14d8-3fc0-995a-9b952974be91,162673000,,,1,2,3,,1,20,General examination of patient (procedure),0.00,,,0.00,0.00,171.78,171.78,6aed9210-c500-4375-aa67-7f659b12e262,,6aed9210-c500-4375-c47f-edec4466b19a,1,39b1cdc4-1ebb-35a1-bba7-2c9614175d2c,39b1cdc4-1ebb-35a1-bba7-2c9614175d2c
9be7f46a-32c9-c2af-faa6-7656fd52fa59,6aed9210-c500-4375-3afa-d05b75fb1c87,30308,6aed9210-c500-4375-b0fc-3374c40b8591,TRANSFERIN,171.78,,2018-08-28T21:42:53Z,2018-08-28T22:37:45Z,c958be17-14d8-3fc0-995a-9b952974be91,162673000,,,1,2,3,,1,20,General examination of patient (procedure),0.00,30307,p,0.00,0.00,171.78,171.78,6aed9210-c500-4375-aa67-7f659b12e262,,6aed9210-c500-4375-c47f-edec4466b19a,1,39b1cdc4-1ebb-35a1-bba7-2c9614175d2c,39b1cdc4-1ebb-35a1-bba7-2c9614175d2c
37cfe8d5-7193-855f-f54c-ecae06a5f4b3,6aed9210-c500-4375-3afa-d05b75fb1c87,30309,6aed9210-c500-4375-b0fc-3374c40b8591,PAYMENT,,CASH,2018-08-28T21:42:53Z,2018-08-28T22:37:45Z,c958be17-14d8-3fc0-995a-9b952974be91,162673000,,,1,2,3,,1,20,General examination of patient (procedure),0.00,,,171.78,0.00,,0.00,6aed9210-c500-4375-aa67-7f659b12e262,,6aed9210-c500-4375-c47f-edec4466b19a,1,39b1cdc4-1ebb-35a1-bba7-2c9614175d2c,39b1cdc4-1ebb-35a1-bba7-2c9614175d2c
762cc9c2-af9b-e7f4-62f7-52fa59faa676,6aed9210-c500-4375-3afa-d05b75fb1c87,30311,6aed9210-c500-4375-b0fc-3374c40b8591,CHARGE,136.00,,2018-08-28T21:42:53Z,1970-01-01T00:00:00Z,c958be17-14d8-3fc0-995a-9b952974be91,140,,,1,2,3,,1,20,Influenza  split virus  trivalent  PF,136.00,,1,0.00,0.00,,0.00,6aed9210-c500-4375-aa67-7f659b12e262,,6aed9210-c500-4375-c47f-edec4466b19a,1,39b1cdc4-1ebb-35a1-bba7-2c9614175d2c,39b1cdc4-1ebb-35a1-bba7-2c9614175d2c
ed899385-5f37-cfe8-c61e-a5f4b3f54cec,6aed9210-c500-4375-3afa-d05b75fb1c87,30312,6aed9210-c500-4375-b0fc-3374c40b8591,TRANSFEROUT,,,2018-08-28T21:42:53Z,1970-01-01T00:00:00Z,c958be17-14d8-3fc0-995a-9b952974be91,140,,,1,2,3,,1,20,Influenza  split virus  trivalent  PF,0.00,,,0.00,0.00,136.00,136.00,6aed9210-c500-4375-aa67-7f659b12e262,,6aed9210-c500-4375-c47f-edec4466b19a,1,39b1cdc4-1ebb-35a1-bba7-2c9614175d2c,39b1cdc4-1ebb-35a1-bba7-2c9614175d2c
dc13270a-be6f-9fd1-8f3d-4be967ea99d9,6aed9210-c500-4375-3afa-d05b75fb1c87,30313,6aed9210-c500-4375-b0fc-3374c40b8591,TRANSFERIN,136.00,,2018-08-28T21:42:53Z,1970-01-01T00:00:00Z,c958be17-14d8-3fc0-995a-9b952974be91,140,,,1,2,3,,1,20,Influenza  split virus  trivalent  PF,0.00,30312,p,0.00,0.00,136.00,136.00,6aed9210-c500-4375-aa67-7f659b12e262,,6aed9210-c500-4375-c47f-edec4466b19a,1,39b1cdc4-1ebb-35a1-bba7-2c9614175d2c,39b1cdc4-1ebb-35a1-bba7-2c9614175d2c
bf264e15-7cdf-3fa3-217a-97d2cfd533b3,6aed9210-c500-4375-3afa-d05b75fb1c87,30314,6aed9210-c500-4375-b0fc-3374c40b8591,PAYMENT,,CC,2018-08-28T21:42:53Z,1970-01-01T00:00:00Z,c958be17-14d8-3fc0-995a-9b952974be91,140,,,1,2,3,,1,20,Influenza  split virus  trivalent  PF,0.00,,,136.00,0.00,,0.00,6aed9210-c500-4375-aa67-7f659b12e262,,6aed9210-c500-4375-c47f-edec4466b19a,1,39b1cdc4-1ebb-35a1-bba7-2c9614175d2c,39b1cdc4-1ebb-35a1-bba7-2c9614175d2c
1a993855-f37c-fe8f-a3ea-5f4b3f54cecc,6aed9210-c500-4375-3afa-d05b75fb1c87,30316,6aed9210-c500-4375-b0fc-3374c40b8591,CHARGE,620.44,,2018-08-28T21:42:53Z,2018-08-28T22:37:45Z,c958be17-14d8-3fc0-995a-9b952974be91,710824005,,,1,2,3,,1,20,Assessment of health and social care needs (procedure),620.44,,1,0.00,0.00,,0.00,6aed9210-c500-4375-aa67-7f659b12e262,,6aed9210-c500-4375-c47f-edec4466b19a,1,39b1cdc4-1ebb-35a1-bba7-2c9614175d2c,39b1cdc4-1ebb-35a1-bba7-2c9614175d2c
453270ab-e6f9-fd1e-77d4-be967ea99d99,6aed9210-c500-4375-3afa-d05b75fb1c87,30317,6aed9210-c500-4375-b0fc-3374c40b8591,TRANSFEROUT,,,2018-08-28T21:42:53Z,2018-08-28T22:37:45Z,c958be17-14d8-3fc0-995a-9b952974be91,710824005,,,1,2,3,,1,20,Assessment of health and social care needs (procedure),0.00,,,0.00,0.00,620.44,620.44,6aed9210-c500-4375-aa67-7f659b12e262,,6aed9210-c500-4375-c47f-edec4466b19a,1,39b1cdc4-1ebb-35a1-bba7-2c9614175d2c,39b1cdc4-1ebb-35a1-bba7-2c9614175d2c
fa64e157-cdf3-fa3c-1fa9-7d2cfd533b33,6aed9210-c500-4375-3afa-d05b75fb1c87,30318,6aed9210-c500-4375-b0fc-3374c40b8591,TRANSFERIN,620.44,,2018-08-28T21:42:53Z,2018-08-28T22:37:45Z,c958be17-14d8-3fc0-995a-9b952974be91,710824005,,,1,2,3,,1,20,Assessment of health and social care needs (procedure),0.00,30317,p,0.00,0.00,620.44,620.44,6aed9210-c500-4375-aa67-7f659b12e262,,6aed9210-c500-4375-c47f-edec4466b19a,1,39b1cdc4-1ebb-35a1-bba7-2c9614175d2c,39b1cdc4-1ebb-35a1-bba7-2c9614175d2c
34c9c2af-9be7-f47a-ff52-fa59faa67666,6aed9210-c500-4375-3afa-d05b75fb1c87,30319,6aed9210-c500-4375-b0fc-3374c40b8591,PAYMENT,,CHECK,2018-08-28T21:42:53Z,2018-08-28T22:37:45Z,c958be17-14d8-3fc0-995a-9b952974be91,710824005,,,1,2,3,,1,20,Assessment of health and social care needs (procedure),0.00,,,620.44,0.00,,0.00,6aed9210-c500-4375-aa67-7f659b12e262,,6aed9210-c500-4375-c47f-edec4466b19a,1,39b1cdc4-1ebb-35a1-bba7-2c9614175d2c,39b1cdc4-1ebb-35a1-bba7-2c9614175d2c
57cdf3fa-42f5-24e1-2cfd-533b391a697d,6aed9210-c500-4375-3afa-d05b75fb1c87,30321,6aed9210-c500-4375-b0fc-3374c40b8591,CHARGE,0.00,,2018-08-28T22:37:45Z,2018-08-28T22:54:30Z,c958be17-14d8-3fc0-995a-9b952974be91,710841007,,,1,2,3,,1,20,Assessment of anxiety (procedure),0.00,,1,0.00,0.00,,0.00,6aed9210-c500-4375-aa67-7f659b12e262,,6aed9210-c500-4375-c47f-edec4466b19a,1,39b1cdc4-1ebb-35a1-bba7-2c9614175d2c,39b1cdc4-1ebb-35a1-bba7-2c9614175d2c
5f37cfe9-0d84-9385-b3f5-4cece619a5f4,6aed9210-c500-4375-3afa-d05b75fb1c87,30323,6aed9210-c500-4375-b0fc-3374c40b8591,CHARGE,0.00,,2018-08-28T22:54:30Z,2018-08-28T23:04:32Z,c958be17-14d8-3fc0-995a-9b952974be91,428211000124100,,,1,2,3,,1,20,Assessment of substance use (procedure),0.00,,1,0.00,0.00,,0.00,6aed9210-c500-4375-aa67-7f659b12e262,,6aed9210-c500-4375-c47f-edec4466b19a,1,39b1cdc4-1ebb-35a1-bba7-2c9614175d2c,39b1cdc4-1ebb-35a1-bba7-2c9614175d2c
7cdf3fa4-3f12-4e15-cfd5-33b3a16697d2,6aed9210-c500-4375-3afa-d05b75fb1c87,30325,6aed9210-c500-4375-b0fc-3374c40b8591,CHARGE,0.00,,2018-08-28T23:04:32Z,2018-08-28T23:26:24Z,c958be17-14d8-3fc0-995a-9b952974be91,713106006,,,1,2,3,,1,20,Screening for drug abuse (procedure),0.00,,1,0.00,0.00,,0.00,6aed9210-c500-4375-aa67-7f659b12e262,,6aed9210-c500-4375-c47f-edec4466b19a,1,39b1cdc4-1ebb-35a1-bba7-2c9614175d2c,39b1cdc4-1ebb-35a1-bba7-2c9614175d2c
0046818a-2fc5-fe26-897e-2be8ee47eaf0,6aed9210-c500-4375-5cbe-b21be6995879,30327,6aed9210-c500-4375-b0fc-3374c40b8591,CHARGE,245.97,,2018-08-28T21:42:53Z,2019-09-03T21:42:53Z,c958be17-14d8-3fc0-995a-9b952974be91,206905,,,1,2,3,,1,20,Ibuprofen 400 MG Oral Tablet [Ibu],245.97,,1,0.00,0.00,,0.00,6aed9210-c500-4375-aa67-7f659b12e262,,6aed9210-c500-4375-c47f-edec4466b19a,1,39b1cdc4-1ebb-35a1-bba7-2c9614175d2c,39b1cdc4-1ebb-35a1-bba7-2c9614175d2c
008d0314-5f8b-fd7c-12fc-57d1dc8fd611,6aed9210-c500-4375-5cbe-b21be6995879,30328,6aed9210-c500-4375-b0fc-3374c40b8591,TRANSFEROUT,,,2018-08-28T21:42:53Z,2019-09-03T21:42:53Z,c958be17-14d8-3fc0-995a-9b952974be91,206905,,,1,2,3,,1,20,Ibuprofen 400 MG Oral Tablet [Ibu],0.00,,,0.00,0.00,245.97,245.97,6aed9210-c500-4375-aa67-7f659b12e262,,6aed9210-c500-4375-c47f-edec4466b19a,1,39b1cdc4-1ebb-35a1-bba7-2c9614175d2c,39b1cdc4-1ebb-35a1-bba7-2c9614175d2c
011a0628-bf17-fdf8-25f8-afa3b91faf22,6aed9210-c500-4375-5cbe-b21be6995879,30329,6aed9210-c500-4375-b0fc-3374c40b8591,TRANSFERIN,245.97,,2018-08-28T21:42:53Z,2019-09-03T21:42:53Z,c958be17-14d8-3fc0-995a-9b952974be91,206905,,,1,2,3,,1,20,Ibuprofen 400 MG Oral Tablet [Ibu],0.00,30328,p,0.00,0.00,245.97,245.97,6aed9210-c500-4375-aa67-7f659b12e262,,6aed9210-c500-4375-c47f-edec4466b19a,1,39b1cdc4-1ebb-35a1-bba7-2c9614175d2c,39b1cdc4-1ebb-35a1-bba7-2c9614175d2c
8a2fc60a-3200-4681-e8ee-47f6fc897e2b,6aed9210-c500-4375-5cbe-b21be6995879,30330,6aed9210-c500-4375-b0fc-3374c40b8591,PAYMENT,,CASH,2018-08-28T21:42:53Z,2019-09-03T21:42:53Z,c958be17-14d8-3fc0-995a-9b952974be91,206905,,,1,2,3,,1,20,Ibuprofen 400 MG Oral Tablet [Ibu],0.00,,,245.97,0.00,,0.00,6aed9210-c500-4375-aa67-7f659b12e262,,6aed9210-c500-4375-c47f-edec4466b19a,1,39b1cdc4-1ebb-35a1-bba7-2c9614175d2c,39b1cdc4-1ebb-35a1-bba7-2c9614175d2c
fc58b8a8-de37-2619-124e-dded7a0e331f,6aed9210-c500-4375-cacc-adf957d0b175,30332,6aed9210-c500-4375-b0fc-3374c40b8591,CHARGE,171.78,,2019-09-03T21:42:53Z,2019-09-03T22:38:19Z,c958be17-14d8-3fc0-995a-9b952974be91,162673000,,,1,2,,,1,20,General examination of patient (procedure),171.78,,1,0.00,0.00,,0.00,6aed9210-c500-4375-a8cd-28febfe1b892,,6aed9210-c500-4375-fded-cdead47957f1,1,39b1cdc4-1ebb-35a1-bba7-2c9614175d2c,39b1cdc4-1ebb-35a1-bba7-2c9614175d2c
f8b1b151-bc6e-4c33-249e-7bdaf41c663e,6aed9210-c500-4375-cacc-adf957d0b175,30333,6aed9210-c500-4375-b0fc-3374c40b8591,TRANSFEROUT,,,2019-09-03T21:42:53Z,2019-09-03T22:38:19Z,c958be17-14d8-3fc0-995a-9b952974be91,162673000,,,1,2,,,1,20,General examination of patient (procedure),0.00,,,0.00,0.00,171.78,171.78,6aed9210-c500-4375-a8cd-28febfe1b892,,6aed9210-c500-4375-fded-cdead47957f1,1,39b1cdc4-1ebb-35a1-bba7-2c9614175d2c,39b1cdc4-1ebb-35a1-bba7-2c9614175d2c
f1647aa3-78dc-9867-493d-0fb5e838cc7c,6aed9210-c500-4375-cacc-adf957d0b175,30334,6aed9210-c500-4375-b0fc-3374c40b8591,TRANSFERIN,171.78,,2019-09-03T21:42:53Z,2019-09-03T22:38:19Z,c958be17-14d8-3fc0-995a-9b952974be91,162673000,,,1,2,,,1,20,General examination of patient (procedure),0.00,30333,p,0.00,0.00,171.78,171.78,6aed9210-c500-4375-a8cd-28febfe1b892,,6aed9210-c500-4375-fded-cdead47957f1,1,39b1cdc4-1ebb-35a1-bba7-2c9614175d2c,39b1cdc4-1ebb-35a1-bba7-2c9614175d2c
e2cbf546-f1b9-30cf-927d-1f6bd07198f8,6aed9210-c500-4375-cacc-adf957d0b175,30335,6aed9210-c500-4375-b0fc-3374c40b8591,PAYMENT,,CC,2019-09-03T21:42:53Z,2019-09-03T22:38:19Z,c958be17-14d8-3fc0-995a-9b952974be91,162673000,,,1,2,,,1,20,General examination of patient (procedure),0.00,,,171.78,0.00,,0.00,6aed9210-c500-4375-a8cd-28febfe1b892,,6aed9210-c500-4375-fded-cdead47957f1,1,39b1cdc4-1ebb-35a1-bba7-2c9614175d2c,39b1cdc4-1ebb-35a1-bba7-2c9614175d2c
8b39d51b-c6e4-c33f-4a06-7daf41c663e2,6aed9210-c500-4375-cacc-adf957d0b175,30337,6aed9210-c500-4375-b0fc-3374c40b8591,CHARGE,136.00,,2019-09-03T21:42:53Z,1970-01-01T00:00:00Z,c958be17-14d8-3fc0-995a-9b952974be91,140,,,1,2,,,1,20,Influenza  split virus  trivalent  PF,136.00,,1,0.00,0.00,,0.00,6aed9210-c500-4375-a8cd-28febfe1b892,,6aed9210-c500-4375-fded-cdead47957f1,1,39b1cdc4-1ebb-35a1-bba7-2c9614175d2c,39b1cdc4-1ebb-35a1-bba7-2c9614175d2c
1689aa37-8dc9-867f-9412-fb5e838cc7c4,6aed9210-c500-4375-cacc-adf957d0b175,30338,6aed9210-c500-4375-b0fc-3374c40b8591,TRANSFEROUT,,,2019-09-03T21:42:53Z,1970-01-01T00:00:00Z,c958be17-14d8-3fc0-995a-9b952974be91,140,,,1,2,,,1,20,Influenza  split virus  trivalent  PF,0.00,,,0.00,0.00,136.00,136.00,6aed9210-c500-4375-a8cd-28febfe1b892,,6aed9210-c500-4375-fded-cdead47957f1,1,39b1cdc4-1ebb-35a1-bba7-2c9614175d2c,39b1cdc4-1ebb-35a1-bba7-2c9614175d2c
2d23546f-1b93-0cfe-2855-f6bd07198f89,6aed9210-c500-4375-cacc-adf957d0b175,30339,6aed9210-c500-4375-b0fc-3374c40b8591,TRANSFERIN,136.00,,2019-09-03T21:42:53Z,1970-01-01T00:00:00Z,c958be17-14d8-3fc0-995a-9b952974be91,140,,,1,2,,,1,20,Influenza  split virus  trivalent  PF,0.00,30338,p,0.00,0.00,136.00,136.00,6aed9210-c500-4375-a8cd-28febfe1b892,,6aed9210-c500-4375-fded-cdead47957f1,1,39b1cdc4-1ebb-35a1-bba7-2c9614175d2c,39b1cdc4-1ebb-35a1-bba7-2c9614175d2c
1bc6e4c3-3f8b-f9db-af41-c663e24ac683,6aed9210-c500-4375-cacc-adf957d0b175,30340,6aed9210-c500-4375-b0fc-3374c40b8591,PAYMENT,,CHECK,2019-09-03T21:42:53Z,1970-01-01T00:00:00Z,c958be17-14d8-3fc0-995a-9b952974be91,140,,,1,2,,,1,20,Influenza  split virus  trivalent  PF,0.00,,,136.00,0.00,,0.00,6aed9210-c500-4375-a8cd-28febfe1b892,,6aed9210-c500-4375-fded-cdead47957f1,1,39b1cdc4-1ebb-35a1-bba7-2c9614175d2c,39b1cdc4-1ebb-35a1-bba7-2c9614175d2c
6f1b930c-fe30-236c-bd07-198f892b560e,6aed9210-c500-4375-cacc-adf957d0b175,30342,6aed9210-c500-4375-b0fc-3374c40b8591,CHARGE,620.44,,2019-09-03T21:42:53Z,2019-09-03T22:38:19Z,c958be17-14d8-3fc0-995a-9b952974be91,710824005,,,1,2,,,1,20,Assessment of health and social care needs (procedure),620.44,,1,0.00,0.00,,0.00,6aed9210-c500-4375-a8cd-28febfe1b892,,6aed9210-c500-4375-fded-cdead47957f1,1,39b1cdc4-1ebb-35a1-bba7-2c9614175d2c,39b1cdc4-1ebb-35a1-bba7-2c9614175d2c
de372619-fc60-b6d8-7a0e-331f1256dc1d,6aed9210-c500-4375-cacc-adf957d0b175,30343,6aed9210-c500-4375-b0fc-3374c40b8591,TRANSFEROUT,,,2019-09-03T21:42:53Z,2019-09-03T22:38:19Z,c958be17-14d8-3fc0-995a-9b952974be91,710824005,,,1,2,,,1,20,Assessment of health and social care needs (procedure),0.00,,,0.00,0.00,620.44,620.44,6aed9210-c500-4375-a8cd-28febfe1b892,,6aed9210-c500-4375-fded-cdead47957f1,1,39b1cdc4-1ebb-35a1-bba7-2c9614175d2c,39b1cdc4-1ebb-35a1-bba7-2c9614175d2c
bc6e4c33-f8c1-adb1-f41c-663e24ae783a,6aed9210-c500-4375-cacc-adf957d0b175,30344,6aed9210-c500-4375-b0fc-3374c40b8591,TRANSFERIN,620.44,,2019-09-03T21:42:53Z,2019-09-03T22:38:19Z,c958be17-14d8-3fc0-995a-9b952974be91,710824005,,,1,2,,,1,20,Assessment of health and social care needs (procedure),0.00,30343,p,0.0000,0.00,620.44,620.44,6aed9210-c500-4375-a8cd-28febfe1b892,,6aed9210-c500-4375-fded-cdead47957f1,1,39b1cdc4-1ebb-35a1-bba7-2c9614175d2c,39b1cdc4-1ebb-35a1-bba7-2c9614175d2c
78dc9867-f184-7363-e838-cc7c495d0875,6aed9210-c500-4375-cacc-adf957d0b175,30345,6aed9210-c500-4375-b0fc-3374c40b8591,PAYMENT,,CASH,2019-09-03T21:42:53Z,2019-09-03T22:38:19Z,c958be17-14d8-3fc0-995a-9b952974be91,710824005,,,1,2,,,1,20,Assessment of health and social care needs (procedure),0.00,,,620.44,0.00,,0.00,6aed9210-c500-4375-a8cd-28febfe1b892,,6aed9210-c500-4375-fded-cdead47957f1,1,39b1cdc4-1ebb-35a1-bba7-2c9614175d2c,39b1cdc4-1ebb-35a1-bba7-2c9614175d2c
e372619f-c61a-cd8d-a0e3-31f1257d21d7,6aed9210-c500-4375-cacc-adf957d0b175,30347,6aed9210-c500-4375-b0fc-3374c40b8591,CHARGE,0.00,,2019-09-03T22:38:19Z,2019-09-03T22:50:16Z,c958be17-14d8-3fc0-995a-9b952974be91,171207006,,,1,2,,,1,20,Depression screening (procedure),0.00,,1,0.00,0.00,,0.00,6aed9210-c500-4375-a8cd-28febfe1b892,,6aed9210-c500-4375-fded-cdead47957f1,1,39b1cdc4-1ebb-35a1-bba7-2c9614175d2c,39b1cdc4-1ebb-35a1-bba7-2c9614175d2c
8dc9867f-1889-3637-838c-c7c49612875e,6aed9210-c500-4375-cacc-adf957d0b175,30349,6aed9210-c500-4375-b0fc-3374c40b8591,CHARGE,0.00,,2019-09-03T22:50:16Z,2019-09-03T23:14:03Z,c958be17-14d8-3fc0-995a-9b952974be91,171207006,,,1,2,,,1,20,Depression screening (procedure),0.00,,1,0.00,0.00,,0.00,6aed9210-c500-4375-a8cd-28febfe1b892,,6aed9210-c500-4375-fded-cdead47957f1,1,39b1cdc4-1ebb-35a1-bba7-2c9614175d2c,39b1cdc4-1ebb-35a1-bba7-2c9614175d2c
3f8cf9fb-1bc6-e4c3-e24b-c6a3af41c663,6aed9210-c500-4375-cacc-adf957d0b175,30351,6aed9210-c500-4375-b0fc-3374c40b8591,CHARGE,0.00,,2019-09-03T23:14:03Z,2019-09-03T23:24:46Z,c958be17-14d8-3fc0-995a-9b952974be91,428211000124100,,,1,2,,,1,20,Assessment of substance use (procedure),0.00,,1,0.00,0.00,,0.00,6aed9210-c500-4375-a8cd-28febfe1b892,,6aed9210-c500-4375-fded-cdead47957f1,1,39b1cdc4-1ebb-35a1-bba7-2c9614175d2c,39b1cdc4-1ebb-35a1-bba7-2c9614175d2c
fe3423ec-6f1b-930c-892f-568ebd07198f,6aed9210-c500-4375-cacc-adf957d0b175,30353,6aed9210-c500-4375-b0fc-3374c40b8591,CHARGE,0.00,,2019-09-03T23:24:46Z,2019-09-03T23:53:26Z,c958be17-14d8-3fc0-995a-9b952974be91,763302001,,,1,2,,,1,20,Assessment using Alcohol Use Disorders Identification Test - Consumption (procedure),0.00,,1,0.00,0.00,,0.00,6aed9210-c500-4375-a8cd-28febfe1b892,,6aed9210-c500-4375-fded-cdead47957f1,1,39b1cdc4-1ebb-35a1-bba7-2c9614175d2c,39b1cdc4-1ebb-35a1-bba7-2c9614175d2c
f8d1afb1-bc6e-4c33-24be-7a3af41c663e,6aed9210-c500-4375-cacc-adf957d0b175,30355,6aed9210-c500-4375-b0fc-3374c40b8591,CHARGE,0.00,,2019-09-03T23:53:26Z,2019-09-03T23:58:55Z,c958be17-14d8-3fc0-995a-9b952974be91,103697008,,,1,2,,,1,20,Patient referral for dental care (procedure),0.00,,1,0.00,0.00,,0.00,6aed9210-c500-4375-a8cd-28febfe1b892,,6aed9210-c500-4375-fded-cdead47957f1,1,39b1cdc4-1ebb-35a1-bba7-2c9614175d2c,39b1cdc4-1ebb-35a1-bba7-2c9614175d2c
6408f808-04c1-cd00-79ff-1d4ca098da05,6aed9210-c500-4375-c0a0-fca85f48eb28,30357,6aed9210-c500-4375-b0fc-3374c40b8591,CHARGE,245.97,,2019-09-03T21:42:53Z,2020-09-08T21:42:53Z,c958be17-14d8-3fc0-995a-9b952974be91,206905,,,1,2,,,1,20,Ibuprofen 400 MG Oral Tablet [Ibu],245.97,,1,0.00,0.00,,0.00,6aed9210-c500-4375-a8cd-28febfe1b892,,6aed9210-c500-4375-fded-cdead47957f1,1,39b1cdc4-1ebb-35a1-bba7-2c9614175d2c,39b1cdc4-1ebb-35a1-bba7-2c9614175d2c
c8123010-0983-9a00-f3fe-fa994131b40a,6aed9210-c500-4375-c0a0-fca85f48eb28,30358,6aed9210-c500-4375-b0fc-3374c40b8591,TRANSFEROUT,,,2019-09-03T21:42:53Z,2020-09-08T21:42:53Z,c958be17-14d8-3fc0-995a-9b952974be91,206905,,,1,2,,,1,20,Ibuprofen 400 MG Oral Tablet [Ibu],0.00,,,0.00,0.00,245.97,245.97,6aed9210-c500-4375-a8cd-28febfe1b892,,6aed9210-c500-4375-fded-cdead47957f1,1,39b1cdc4-1ebb-35a1-bba7-2c9614175d2c,39b1cdc4-1ebb-35a1-bba7-2c9614175d2c
90257820-1307-3401-e7fe-0d3282636815,6aed9210-c500-4375-c0a0-fca85f48eb28,30359,6aed9210-c500-4375-b0fc-3374c40b8591,TRANSFERIN,245.97,,2019-09-03T21:42:53Z,2020-09-08T21:42:53Z,c958be17-14d8-3fc0-995a-9b952974be91,206905,,,1,2,,,1,20,Ibuprofen 400 MG Oral Tablet [Ibu],0.00,30358,p,0.00,0.00,245.97,245.97,6aed9210-c500-4375-a8cd-28febfe1b892,,6aed9210-c500-4375-fded-cdead47957f1,1,39b1cdc4-1ebb-35a1-bba7-2c9614175d2c,39b1cdc4-1ebb-35a1-bba7-2c9614175d2c
8804c1cd-0064-0ef3-cca0-98da057a0518,6aed9210-c500-4375-c0a0-fca85f48eb28,30360,6aed9210-c500-4375-b0fc-3374c40b8591,PAYMENT,,CASH,2019-09-03T21:42:53Z,2020-09-08T21:42:53Z,c958be17-14d8-3fc0-995a-9b952974be91,206905,,,1,2,,,1,20,Ibuprofen 400 MG Oral Tablet [Ibu],0.00,,,245.97,0.00,,0.00,6aed9210-c500-4375-a8cd-28febfe1b892,,6aed9210-c500-4375-fded-cdead47957f1,1,39b1cdc4-1ebb-35a1-bba7-2c9614175d2c,39b1cdc4-1ebb-35a1-bba7-2c9614175d2c
2f334444-b928-3180-4e3e-9c3ade6ccd57,6aed9210-c500-4375-0a1e-551141bc83d6,30362,6aed9210-c500-4375-b0fc-3374c40b8591,CHARGE,83.05,,2019-09-17T21:42:53Z,2019-09-18T01:27:35Z,99204b0a-62e2-34dc-b3f6-290819949428,185349003,,,1,2,,,1,1,Encounter for check up (procedure),83.05,,1,0.00,0.00,,0.00,6aed9210-c500-4375-cd1a-abd5b300b910,,6aed9210-c500-4375-fded-cdead47957f1,1,5aabe8ce-ac28-3172-a0af-663137c7f5f5,5aabe8ce-ac28-3172-a0af-663137c7f5f5
5e668889-b250-6300-9c7d-38767cd99aae,6aed9210-c500-4375-0a1e-551141bc83d6,30363,6aed9210-c500-4375-b0fc-3374c40b8591,TRANSFEROUT,,,2019-09-17T21:42:53Z,2019-09-18T01:27:35Z,99204b0a-62e2-34dc-b3f6-290819949428,185349003,,,1,2,,,1,1,Encounter for check up (procedure),0.00,,,0.00,0.00,83.05,83.05,6aed9210-c500-4375-cd1a-abd5b300b910,,6aed9210-c500-4375-fded-cdead47957f1,1,5aabe8ce-ac28-3172-a0af-663137c7f5f5,5aabe8ce-ac28-3172-a0af-663137c7f5f5
bccd1114-70a0-c600-38fa-70ed05b3355d,6aed9210-c500-4375-0a1e-551141bc83d6,30364,6aed9210-c500-4375-b0fc-3374c40b8591,TRANSFERIN,83.0500,,2019-09-17T21:42:53Z,2019-09-18T01:27:35Z,99204b0a-62e2-34dc-b3f6-290819949428,185349003,,,1,2,,,1,1,Encounter for check up (procedure),0.00,30363,p,0.00,0.00,83.05,83.05,6aed9210-c500-4375-cd1a-abd5b300b910,,6aed9210-c500-4375-fded-cdead47957f1,1,5aabe8ce-ac28-3172-a0af-663137c7f5f5,5aabe8ce-ac28-3172-a0af-663137c7f5f5
799a222b-e141-8c01-71f4-e1dd0b666aba,6aed9210-c500-4375-0a1e-551141bc83d6,30365,6aed9210-c500-4375-b0fc-3374c40b8591,PAYMENT,,CC,2019-09-17T21:42:53Z,2019-09-18T01:27:35Z,99204b0a-62e2-34dc-b3f6-290819949428,185349003,,,1,2,,,1,1,Encounter for check up (procedure),0.00,,,83.05,0.00,,0.00,6aed9210-c500-4375-cd1a-abd5b300b910,,6aed9210-c500-4375-fded-cdead47957f1,1,5aabe8ce-ac28-3172-a0af-663137c7f5f5,5aabe8ce-ac28-3172-a0af-663137c7f5f5
e66888b9-8506-3005-c7d3-87862d99aae9,6aed9210-c500-4375-0a1e-551141bc83d6,30367,6aed9210-c500-4375-b0fc-3374c40b8591,CHARGE,620.44,,2019-09-17T21:42:53Z,2019-09-17T22:03:25Z,99204b0a-62e2-34dc-b3f6-290819949428,34043003,,,1,2,,,1,1,Dental consultation and report (procedure),620.44,,1,0.00,0.00,,0.00,6aed9210-c500-4375-cd1a-abd5b300b910,,6aed9210-c500-4375-fded-cdead47957f1,1,5aabe8ce-ac28-3172-a0af-663137c7f5f5,5aabe8ce-ac28-3172-a0af-663137c7f5f5
ccd11189-0a0c-600b-8fa7-0f125b3355d3,6aed9210-c500-4375-0a1e-551141bc83d6,30368,6aed9210-c500-4375-b0fc-3374c40b8591,TRANSFEROUT,,,2019-09-17T21:42:53Z,2019-09-17T22:03:25Z,99204b0a-62e2-34dc-b3f6-290819949428,34043003,,,1,2,,,1,1,Dental consultation and report (procedure),0.00,,,0.00,0.00,620.44,620.44,6aed9210-c500-4375-cd1a-abd5b300b910,,6aed9210-c500-4375-fded-cdead47957f1,1,5aabe8ce-ac28-3172-a0af-663137c7f5f5,5aabe8ce-ac28-3172-a0af-663137c7f5f5
99a22322-1418-c017-1f4e-1e54b666aba7,6aed9210-c500-4375-0a1e-551141bc83d6,30369,6aed9210-c500-4375-b0fc-3374c40b8591,TRANSFERIN,620.44,,2019-09-17T21:42:53Z,2019-09-17T22:03:25Z,99204b0a-62e2-34dc-b3f6-290819949428,34043003,,,1,2,,,1,1,Dental consultation and report (procedure),0.00,30368,p,0.00,0.00,620.44,620.44,6aed9210-c500-4375-cd1a-abd5b300b910,,6aed9210-c500-4375-fded-cdead47957f1,1,5aabe8ce-ac28-3172-a0af-663137c7f5f5,5aabe8ce-ac28-3172-a0af-663137c7f5f5
7a450630-05e6-6889-46ed-99aae9c7d388,6aed9210-c500-4375-0a1e-551141bc83d6,30370,6aed9210-c500-4375-b0fc-3374c40b8591,PAYMENT,,CHECK,2019-09-17T21:42:53Z,2019-09-17T22:03:25Z,99204b0a-62e2-34dc-b3f6-290819949428,34043003,,,1,2,,,1,1,Dental consultation and report (procedure),0.00,,,620.44,0.00,,0.00,6aed9210-c500-4375-cd1a-abd5b300b910,,6aed9210-c500-4375-fded-cdead47957f1,1,5aabe8ce-ac28-3172-a0af-663137c7f5f5,5aabe8ce-ac28-3172-a0af-663137c7f5f5
251418c0-1799-a226-57b6-66aba71f4e21,6aed9210-c500-4375-0a1e-551141bc83d6,30372,6aed9210-c500-4375-b0fc-3374c40b8591,CHARGE,620.44,,2019-09-17T22:03:25Z,2019-09-17T22:35:22Z,99204b0a-62e2-34dc-b3f6-290819949428,225362009,,,1,2,,,1,1,Dental care (regime/therapy),620.44,,1,0.00,0.00,,0.00,6aed9210-c500-4375-cd1a-abd5b300b910,,6aed9210-c500-4375-fded-cdead47957f1,1,5aabe8ce-ac28-3172-a0af-663137c7f5f5,5aabe8ce-ac28-3172-a0af-663137c7f5f5
ba283180-2f33-444c-df6c-cd574e3e9c42,6aed9210-c500-4375-0a1e-551141bc83d6,30373,6aed9210-c500-4375-b0fc-3374c40b8591,TRANSFEROUT,,,2019-09-17T22:03:25Z,2019-09-17T22:35:22Z,99204b0a-62e2-34dc-b3f6-290819949428,225362009,,,1,2,,,1,1,Dental care (regime/therapy),0.00,,,0.00,0.00,620.44,620.44,6aed9210-c500-4375-cd1a-abd5b300b910,,6aed9210-c500-4375-fded-cdead47957f1,1,5aabe8ce-ac28-3172-a0af-663137c7f5f5,5aabe8ce-ac28-3172-a0af-663137c7f5f5
b4506300-5e66-8899-7ed9-9aae9c7d3886,6aed9210-c500-4375-0a1e-551141bc83d6,30374,6aed9210-c500-4375-b0fc-3374c40b8591,TRANSFERIN,620.44,,2019-09-17T22:03:25Z,2019-09-17T22:35:22Z,99204b0a-62e2-34dc-b3f6-290819949428,225362009,,,1,2,,,1,1,Dental care (regime/therapy),0.00,30373,p,0.00,0.00,620.44,620.44,6aed9210-c500-4375-cd1a-abd5b300b910,,6aed9210-c500-4375-fded-cdead47957f1,1,5aabe8ce-ac28-3172-a0af-663137c7f5f5,5aabe8ce-ac28-3172-a0af-663137c7f5f5
6ea0c600-bccd-1134-03b3-355d38fa710d,6aed9210-c500-4375-0a1e-551141bc83d6,30375,6aed9210-c500-4375-b0fc-3374c40b8591,PAYMENT,,CASH,2019-09-17T22:03:25Z,2019-09-17T22:35:22Z,99204b0a-62e2-34dc-b3f6-290819949428,225362009,,,1,2,,,1,1,Dental care (regime/therapy),0.00,,,620.44,0.00,,0.00,6aed9210-c500-4375-cd1a-abd5b300b910,,6aed9210-c500-4375-fded-cdead47957f1,1,5aabe8ce-ac28-3172-a0af-663137c7f5f5,5aabe8ce-ac28-3172-a0af-663137c7f5f5
75063005-e668-89b9-1d99-aae9c7d38886,6aed9210-c500-4375-0a1e-551141bc83d6,30378,6aed9210-c500-4375-b0fc-3374c40b8591,TRANSFEROUT,,,2019-09-17T22:35:22Z,2019-09-17T23:16:44Z,99204b0a-62e2-34dc-b3f6-290819949428,1260009003,,,1,2,,,1,1,Removal of supragingival plaque and calculus from all teeth using dental instrument (procedure),0.00,,,0.00,0.00,620.44,620.44,6aed9210-c500-4375-cd1a-abd5b300b910,,6aed9210-c500-4375-fded-cdead47957f1,1,5aabe8ce-ac28-3172-a0af-663137c7f5f5,5aabe8ce-ac28-3172-a0af-663137c7f5f5
ea0c600b-ccd1-1388-3b33-55d38fa71112,6aed9210-c500-4375-0a1e-551141bc83d6,30379,6aed9210-c500-4375-b0fc-3374c40b8591,TRANSFERIN,620.44,,2019-09-17T22:35:22Z,2019-09-17T23:16:44Z,99204b0a-62e2-34dc-b3f6-290819949428,1260009003,,,1,2,,,1,1,Removal of supragingival plaque and calculus from all teeth using dental instrument (procedure),0.00,30378,p,0.00,0.00,620.44,620.44,6aed9210-c500-4375-cd1a-abd5b300b910,,6aed9210-c500-4375-fded-cdead47957f1,1,5aabe8ce-ac28-3172-a0af-663137c7f5f5,5aabe8ce-ac28-3172-a0af-663137c7f5f5
02f33445-3b1a-8318-74e3-e9c49d6eccd5,6aed9210-c500-4375-0a1e-551141bc83d6,30380,6aed9210-c500-4375-b0fc-3374c40b8591,PAYMENT,,CC,2019-09-17T22:35:22Z,2019-09-17T23:16:44Z,99204b0a-62e2-34dc-b3f6-290819949428,1260009003,,,1,2,,,1,1,Removal of supragingival plaque and calculus from all teeth using dental instrument (procedure),0.00,,,620.44,0.00,,0.00,6aed9210-c500-4375-cd1a-abd5b300b910,,6aed9210-c500-4375-fded-cdead47957f1,1,5aabe8ce-ac28-3172-a0af-663137c7f5f5,5aabe8ce-ac28-3172-a0af-663137c7f5f5
0bccd115-0a6a-0c60-d38f-a71293bb3355,6aed9210-c500-4375-0a1e-551141bc83d6,30382,6aed9210-c500-4375-b0fc-3374c40b8591,CHARGE,620.44,,2019-09-17T23:16:44Z,2019-09-17T23:40:29Z,99204b0a-62e2-34dc-b3f6-290819949428,1260010008,,,1,2,,,1,1,Removal of subgingival plaque and calculus from all teeth using dental instrument (procedure),620.44,,1,0.00,0.00,,0.00,6aed9210-c500-4375-cd1a-abd5b300b910,,6aed9210-c500-4375-fded-cdead47957f1,1,5aabe8ce-ac28-3172-a0af-663137c7f5f5,5aabe8ce-ac28-3172-a0af-663137c7f5f5
1799a22a-24d4-18c0-a71f-4e25577666ab,6aed9210-c500-4375-0a1e-551141bc83d6,30383,6aed9210-c500-4375-b0fc-3374c40b8591,TRANSFEROUT,,,2019-09-17T23:16:44Z,2019-09-17T23:40:29Z,99204b0a-62e2-34dc-b3f6-290819949428,1260010008,,,1,2,,,1,1,Removal of subgingival plaque and calculus from all teeth using dental instrument (procedure),0.00,,,0.00,0.00,620.44,620.44,6aed9210-c500-4375-cd1a-abd5b300b910,,6aed9210-c500-4375-fded-cdead47957f1,1,5aabe8ce-ac28-3172-a0af-663137c7f5f5,5aabe8ce-ac28-3172-a0af-663137c7f5f5
2f334454-b9a8-3180-4e3e-9c4adeeccd57,6aed9210-c500-4375-0a1e-551141bc83d6,30384,6aed9210-c500-4375-b0fc-3374c40b8591,TRANSFERIN,620.44,,2019-09-17T23:16:44Z,2019-09-17T23:40:29Z,99204b0a-62e2-34dc-b3f6-290819949428,1260010008,,,1,2,,,1,1,Removal of subgingival plaque and calculus from all teeth using dental instrument (procedure),0.00,30383,p,0.00,0.00,620.44,620.44,6aed9210-c500-4375-cd1a-abd5b300b910,,6aed9210-c500-4375-fded-cdead47957f1,1,5aabe8ce-ac28-3172-a0af-663137c7f5f5,5aabe8ce-ac28-3172-a0af-663137c7f5f5
5e6688a9-b350-6300-9c7d-38967dd99aae,6aed9210-c500-4375-0a1e-551141bc83d6,30385,6aed9210-c500-4375-b0fc-3374c40b8591,PAYMENT,,CHECK,2019-09-17T23:16:44Z,2019-09-17T23:40:29Z,99204b0a-62e2-34dc-b3f6-290819949428,1260010008,,,1,2,,,1,1,Removal of subgingival plaque and calculus from all teeth using dental instrument (procedure),0.00,,,620.44,0.00,,0.00,6aed9210-c500-4375-cd1a-abd5b300b910,,6aed9210-c500-4375-fded-cdead47957f1,1,5aabe8ce-ac28-3172-a0af-663137c7f5f5,5aabe8ce-ac28-3172-a0af-663137c7f5f5
799a22ab-e541-8c01-71f4-e25d0f666aba,6aed9210-c500-4375-0a1e-551141bc83d6,30387,6aed9210-c500-4375-b0fc-3374c40b8591,CHARGE,620.44,,2019-09-17T23:40:29Z,2019-09-18T00:18:18Z,99204b0a-62e2-34dc-b3f6-290819949428,274788003,,,1,2,,,1,1,Examination of gingivae (procedure),620.44,,1,0.00,0.00,,0.00,6aed9210-c500-4375-cd1a-abd5b300b910,,6aed9210-c500-4375-fded-cdead47957f1,1,5aabe8ce-ac28-3172-a0af-663137c7f5f5,5aabe8ce-ac28-3172-a0af-663137c7f5f5
f334455a-ca83-1802-e3e9-c4bd1eccd574,6aed9210-c500-4375-0a1e-551141bc83d6,30388,6aed9210-c500-4375-b0fc-3374c40b8591,PAYMENT,,ECHECK,2019-09-17T23:40:29Z,2019-09-18T00:18:18Z,99204b0a-62e2-34dc-b3f6-290819949428,274788003,,,1,2,,,1,1,Examination of gingivae (procedure),0.00,,,73.79,0.00,,546.65,6aed9210-c500-4375-cd1a-abd5b300b910,,6aed9210-c500-4375-fded-cdead47957f1,1,5aabe8ce-ac28-3172-a0af-663137c7f5f5,5aabe8ce-ac28-3172-a0af-663137c7f5f5
e6688ab9-9506-3005-c7d3-89863d99aae9,6aed9210-c500-4375-0a1e-551141bc83d6,30389,6aed9210-c500-4375-b0fc-3374c40b8591,TRANSFEROUT,,,2019-09-17T23:40:29Z,2019-09-18T00:18:18Z,99204b0a-62e2-34dc-b3f6-290819949428,274788003,,,1,2,,,1,1,Examination of gingivae (procedure),0.00,,,0.00,0.00,546.65,546.65,6aed9210-c500-4375-cd1a-abd5b300b910,,6aed9210-c500-4375-fded-cdead47957f1,1,5aabe8ce-ac28-3172-a0af-663137c7f5f5,5aabe8ce-ac28-3172-a0af-663137c7f5f5
da15418c-0179-9a22-8d3f-666aba71f4e2,6aed9210-c500-4375-0a1e-551141bc83d6,30390,6aed9210-c500-4375-b0fc-3374c40b8591,TRANSFERIN,546.65,,2019-09-17T23:40:29Z,2019-09-18T00:18:18Z,99204b0a-62e2-34dc-b3f6-290819949428,274788003,,,1,2,,,1,1,Examination of gingivae (procedure),0.00,30389,p,0.00,0.00,546.65,546.65,6aed9210-c500-4375-cd1a-abd5b300b910,,6aed9210-c500-4375-fded-cdead47957f1,1,5aabe8ce-ac28-3172-a0af-663137c7f5f5,5aabe8ce-ac28-3172-a0af-663137c7f5f5
bb2a8318-02f3-3445-1d7e-ccd574e3e9c5,6aed9210-c500-4375-0a1e-551141bc83d6,30391,6aed9210-c500-4375-b0fc-3374c40b8591,PAYMENT,,CHECK,2019-09-17T23:40:29Z,2019-09-18T00:18:18Z,99204b0a-62e2-34dc-b3f6-290819949428,274788003,,,1,2,,,1,1,Examination of gingivae (procedure),0.00,,,546.65,0.00,,0.00,6aed9210-c500-4375-cd1a-abd5b300b910,,6aed9210-c500-4375-fded-cdead47957f1,1,5aabe8ce-ac28-3172-a0af-663137c7f5f5,5aabe8ce-ac28-3172-a0af-663137c7f5f5
0aaa0c60-0bcc-d117-93fb-3355d38fa714,6aed9210-c500-4375-0a1e-551141bc83d6,30393,6aed9210-c500-4375-b0fc-3374c40b8591,CHARGE,620.44,,2019-09-18T00:18:18Z,2019-09-18T00:43:22Z,99204b0a-62e2-34dc-b3f6-290819949428,1256042007,,,1,2,,,1,1,Restoration of tooth with coverage of all cusps using dental filling material (procedure),620.44,,1,0.00,0.00,,0.00,6aed9210-c500-4375-cd1a-abd5b300b910,,6aed9210-c500-4375-fded-cdead47957f1,1,5aabe8ce-ac28-3172-a0af-663137c7f5f5,5aabe8ce-ac28-3172-a0af-663137c7f5f5
255418c0-1799-a22e-57f6-66aba71f4e29,6aed9210-c500-4375-0a1e-551141bc83d6,30394,6aed9210-c500-4375-b0fc-3374c40b8591,PAYMENT,,ECHECK,2019-09-18T00:18:18Z,2019-09-18T00:43:22Z,99204b0a-62e2-34dc-b3f6-290819949428,1256042007,,,1,2,,,1,1,Restoration of tooth with coverage of all cusps using dental filling material (procedure),0.00,,,434.31,0.00,,186.13,6aed9210-c500-4375-cd1a-abd5b300b910,,6aed9210-c500-4375-fded-cdead47957f1,1,5aabe8ce-ac28-3172-a0af-663137c7f5f5,5aabe8ce-ac28-3172-a0af-663137c7f5f5
baa83180-2f33-445c-dfec-cd574e3e9c52,6aed9210-c500-4375-0a1e-551141bc83d6,30395,6aed9210-c500-4375-b0fc-3374c40b8591,TRANSFEROUT,,,2019-09-18T00:18:18Z,2019-09-18T00:43:22Z,99204b0a-62e2-34dc-b3f6-290819949428,1256042007,,,1,2,,,1,1,Restoration of tooth with coverage of all cusps using dental filling material (procedure),0.00,,,0.00,0.00,186.13,186.13,6aed9210-c500-4375-cd1a-abd5b300b910,,6aed9210-c500-4375-fded-cdead47957f1,1,5aabe8ce-ac28-3172-a0af-663137c7f5f5,5aabe8ce-ac28-3172-a0af-663137c7f5f5
b5506300-5e66-88b9-7fd9-9aae9c7d38a6,6aed9210-c500-4375-0a1e-551141bc83d6,30396,6aed9210-c500-4375-b0fc-3374c40b8591,TRANSFERIN,186.13,,2019-09-18T00:18:18Z,2019-09-18T00:43:22Z,99204b0a-62e2-34dc-b3f6-290819949428,1256042007,,,1,2,,,1,1,Restoration of tooth with coverage of all cusps using dental filling material (procedure),0.00,30395,p,0.00,0.00,186.13,186.13,6aed9210-c500-4375-cd1a-abd5b300b910,,6aed9210-c500-4375-fded-cdead47957f1,1,5aabe8ce-ac28-3172-a0af-663137c7f5f5,5aabe8ce-ac28-3172-a0af-663137c7f5f5
6b60c600-bccd-1174-0073-355d38fa714d,6aed9210-c500-4375-0a1e-551141bc83d6,30397,6aed9210-c500-4375-b0fc-3374c40b8591,PAYMENT,,CHECK,2019-09-18T00:18:18Z,2019-09-18T00:43:22Z,99204b0a-62e2-34dc-b3f6-290819949428,1256042007,,,1,2,,,1,1,Restoration of tooth with coverage of all cusps using dental filling material (procedure),0.00,,,186.13,0.00,,0.00,6aed9210-c500-4375-cd1a-abd5b300b910,,6aed9210-c500-4375-fded-cdead47957f1,1,5aabe8ce-ac28-3172-a0af-663137c7f5f5,5aabe8ce-ac28-3172-a0af-663137c7f5f5
ad831802-f334-45da-01cc-d574e3e9c53d,6aed9210-c500-4375-0a1e-551141bc83d6,30399,6aed9210-c500-4375-b0fc-3374c40b8591,CHARGE,620.44,,2019-09-18T00:43:22Z,2019-09-18T01:13:16Z,99204b0a-62e2-34dc-b3f6-290819949428,68071007,,,1,2,,,1,1,Dental fluoride treatment (procedure),620.44,,1,0.00,0.00,,0.00,6aed9210-c500-4375-cd1a-abd5b300b910,,6aed9210-c500-4375-fded-cdead47957f1,1,5aabe8ce-ac28-3172-a0af-663137c7f5f5,5aabe8ce-ac28-3172-a0af-663137c7f5f5
e668a0b9-7fc6-3005-c7d3-9f862859aae9,6aed9210-c500-4375-0a1e-551141bc83d6,30400,6aed9210-c500-4375-b0fc-3374c40b8591,PAYMENT,,ECHECK,2019-09-18T00:43:22Z,2019-09-18T01:13:16Z,99204b0a-62e2-34dc-b3f6-290819949428,68071007,,,1,2,,,1,1,Dental fluoride treatment (procedure),0.00,,,434.31,0.00,,186.13,6aed9210-c500-4375-cd1a-abd5b300b910,,6aed9210-c500-4375-fded-cdead47957f1,1,5aabe8ce-ac28-3172-a0af-663137c7f5f5,5aabe8ce-ac28-3172-a0af-663137c7f5f5
ccd14188-ff8c-600b-8fa7-3f1250b355d3,6aed9210-c500-4375-0a1e-551141bc83d6,30401,6aed9210-c500-4375-b0fc-3374c40b8591,TRANSFEROUT,,,2019-09-18T00:43:22Z,2019-09-18T01:13:16Z,99204b0a-62e2-34dc-b3f6-290819949428,68071007,,,1,2,,,1,1,Dental fluoride treatment (procedure),0.00,,,0.00,0.00,186.13,186.13,6aed9210-c500-4375-cd1a-abd5b300b910,,6aed9210-c500-4375-fded-cdead47957f1,1,5aabe8ce-ac28-3172-a0af-663137c7f5f5,5aabe8ce-ac28-3172-a0af-663137c7f5f5
99a28321-ff18-c017-1f4e-7e54a166aba7,6aed9210-c500-4375-0a1e-551141bc83d6,30402,6aed9210-c500-4375-b0fc-3374c40b8591,TRANSFERIN,186.13,,2019-09-18T00:43:22Z,2019-09-18T01:13:16Z,99204b0a-62e2-34dc-b3f6-290819949428,68071007,,,1,2,,,1,1,Dental fluoride treatment (procedure),0.00,30401,p,0.00,0.00,186.13,186.13,6aed9210-c500-4375-cd1a-abd5b300b910,,6aed9210-c500-4375-fded-cdead47957f1,1,5aabe8ce-ac28-3172-a0af-663137c7f5f5,5aabe8ce-ac28-3172-a0af-663137c7f5f5
334506b3-fe31-802f-3e9c-fcd942cd574e,6aed9210-c500-4375-0a1e-551141bc83d6,30403,6aed9210-c500-4375-b0fc-3374c40b8591,PAYMENT,,CHECK,2019-09-18T00:43:22Z,2019-09-18T01:13:16Z,99204b0a-62e2-34dc-b3f6-290819949428,68071007,,,1,2,,,1,1,Dental fluoride treatment (procedure),0.00,,,186.13,0.00,,0.00,6aed9210-c500-4375-cd1a-abd5b300b910,,6aed9210-c500-4375-fded-cdead47957f1,1,5aabe8ce-ac28-3172-a0af-663137c7f5f5,5aabe8ce-ac28-3172-a0af-663137c7f5f5
cd141c7f-f8c6-00bc-fa73-f5150b355d38,6aed9210-c500-4375-0a1e-551141bc83d6,30405,6aed9210-c500-4375-b0fc-3374c40b8591,CHARGE,620.44,,2019-09-18T01:13:16Z,2019-09-18T01:27:35Z,99204b0a-62e2-34dc-b3f6-290819949428,243085009,,,1,2,,,1,1,Oral health education (procedure),620.44,,1,0.00,0.00,,0.00,6aed9210-c500-4375-cd1a-abd5b300b910,,6aed9210-c500-4375-fded-cdead47957f1,1,5aabe8ce-ac28-3172-a0af-663137c7f5f5,5aabe8ce-ac28-3172-a0af-663137c7f5f5
9a283bff-f18c-0179-f4e7-ed2a166aba71,6aed9210-c500-4375-0a1e-551141bc83d6,30406,6aed9210-c500-4375-b0fc-3374c40b8591,PAYMENT,,ECHECK,2019-09-18T01:13:16Z,2019-09-18T01:27:35Z,99204b0a-62e2-34dc-b3f6-290819949428,243085009,,,1,2,,,1,1,Oral health education (procedure),0.00,,,434.31,0.00,,186.13,6aed9210-c500-4375-cd1a-abd5b300b910,,6aed9210-c500-4375-fded-cdead47957f1,1,5aabe8ce-ac28-3172-a0af-663137c7f5f5,5aabe8ce-ac28-3172-a0af-663137c7f5f5
34507aff-e318-02f3-e9cf-dd542cd574e3,6aed9210-c500-4375-0a1e-551141bc83d6,30407,6aed9210-c500-4375-b0fc-3374c40b8591,TRANSFEROUT,,,2019-09-18T01:13:16Z,2019-09-18T01:27:35Z,99204b0a-62e2-34dc-b3f6-290819949428,243085009,,,1,2,,,1,1,Oral health education (procedure),0.00,,,0.00,0.00,186.13,186.13,6aed9210-c500-4375-cd1a-abd5b300b910,,6aed9210-c500-4375-fded-cdead47957f1,1,5aabe8ce-ac28-3172-a0af-663137c7f5f5,5aabe8ce-ac28-3172-a0af-663137c7f5f5
68a0f9ff-c630-05e6-d39f-c6a859aae9c7,6aed9210-c500-4375-0a1e-551141bc83d6,30408,6aed9210-c500-4375-b0fc-3374c40b8591,TRANSFERIN,186.13,,2019-09-18T01:13:16Z,2019-09-18T01:27:35Z,99204b0a-62e2-34dc-b3f6-290819949428,243085009,,,1,2,,,1,1,Oral health education (procedure),0.00,30407,p,0.00,0.00,186.13,186.13,6aed9210-c500-4375-cd1a-abd5b300b910,,6aed9210-c500-4375-fded-cdead47957f1,1,5aabe8ce-ac28-3172-a0af-663137c7f5f5,5aabe8ce-ac28-3172-a0af-663137c7f5f5
d14209ff-8c60-0bcc-a73f-9350b355d38f,6aed9210-c500-4375-0a1e-551141bc83d6,30409,6aed9210-c500-4375-b0fc-3374c40b8591,PAYMENT,,CHECK,2019-09-18T01:13:16Z,2019-09-18T01:27:35Z,99204b0a-62e2-34dc-b3f6-290819949428,243085009,,,1,2,,,1,1,Oral health education (procedure),0.00,,,186.13,0.00,,0.00,6aed9210-c500-4375-cd1a-abd5b300b910,,6aed9210-c500-4375-fded-cdead47957f1,1,5aabe8ce-ac28-3172-a0af-663137c7f5f5,5aabe8ce-ac28-3172-a0af-663137c7f5f5
ceae2972-60b0-2f98-1fd5-1f3a23862d22,6aed9210-c500-4375-b49f-9c4523a83820,30411,6aed9210-c500-4375-b0fc-3374c40b8591,CHARGE,245.97,,2019-09-18T00:43:22Z,2019-09-18T00:43:22Z,99204b0a-62e2-34dc-b3f6-290819949428,1535362,,,1,2,,,1,1,sodium fluoride 0.0272 MG/MG Oral Gel,245.97,,1,0.00,0.00,,0.00,6aed9210-c500-4375-cd1a-abd5b300b910,,6aed9210-c500-4375-fded-cdead47957f1,1,5aabe8ce-ac28-3172-a0af-663137c7f5f5,5aabe8ce-ac28-3172-a0af-663137c7f5f5
9d5c52e4-c160-5f41-3faa-3e74470c5a74,6aed9210-c500-4375-b49f-9c4523a83820,30412,6aed9210-c500-4375-b0fc-3374c40b8591,TRANSFEROUT,,,2019-09-18T00:43:22Z,2019-09-18T00:43:22Z,99204b0a-62e2-34dc-b3f6-290819949428,1535362,,,1,2,,,1,1,sodium fluoride 0.0272 MG/MG Oral Gel,0.00,,,0.00,0.00,245.97,245.97,6aed9210-c500-4375-cd1a-abd5b300b910,,6aed9210-c500-4375-fded-cdead47957f1,1,5aabe8ce-ac28-3172-a0af-663137c7f5f5,5aabe8ce-ac28-3172-a0af-663137c7f5f5
3ab8a5c9-82c0-bef3-7f54-7ce88e18b518,6aed9210-c500-4375-b49f-9c4523a83820,30413,6aed9210-c500-4375-b0fc-3374c40b8591,TRANSFERIN,245.97,,2019-09-18T00:43:22Z,2019-09-18T00:43:22Z,99204b0a-62e2-34dc-b3f6-290819949428,1535362,,,1,2,,,1,1,sodium fluoride 0.0272 MG/MG Oral Gel,0.00,30412,p,0.00,0.00,245.97,245.97,6aed9210-c500-4375-cd1a-abd5b300b910,,6aed9210-c500-4375-fded-cdead47957f1,1,5aabe8ce-ac28-3172-a0af-663137c7f5f5,5aabe8ce-ac28-3172-a0af-663137c7f5f5
75714b93-0581-7e26-fea8-f9d11c316af0,6aed9210-c500-4375-b49f-9c4523a83820,30414,6aed9210-c500-4375-b0fc-3374c40b8591,PAYMENT,,CASH,2019-09-18T00:43:22Z,2019-09-18T00:43:22Z,99204b0a-62e2-34dc-b3f6-290819949428,1535362,,,1,2,,,1,1,sodium fluoride 0.0272 MG/MG Oral Gel,0.00,,,245.97,0.00,,0.00,6aed9210-c500-4375-cd1a-abd5b300b910,,6aed9210-c500-4375-fded-cdead47957f1,1,5aabe8ce-ac28-3172-a0af-663137c7f5f5,5aabe8ce-ac28-3172-a0af-663137c7f5f5
1d233546-7a18-50b0-9855-d794668da625,6aed9210-c500-4375-8b70-a583591377ab,30416,6aed9210-c500-4375-b0fc-3374c40b8591,CHARGE,171.78,,2020-09-08T21:42:53Z,2020-09-08T22:38:20Z,c958be17-14d8-3fc0-995a-9b952974be91,162673000,,,1,2,3,,1,20,General examination of patient (procedure),171.78,,1,0.00,0.00,,0.00,6aed9210-c500-4375-1ea7-678e450a81e9,,6aed9210-c500-4375-d31e-6e4b9d82c4ed,1,39b1cdc4-1ebb-35a1-bba7-2c9614175d2c,39b1cdc4-1ebb-35a1-bba7-2c9614175d2c
3ab66a8c-f430-a160-30db-af28cd1b4c4b,6aed9210-c500-4375-8b70-a583591377ab,30417,6aed9210-c500-4375-b0fc-3374c40b8591,TRANSFEROUT,,,2020-09-08T21:42:53Z,2020-09-08T22:38:20Z,c958be17-14d8-3fc0-995a-9b952974be91,162673000,,,1,2,3,,1,20,General examination of patient (procedure),0.00,,,0.00,0.00,171.78,171.78,6aed9210-c500-4375-1ea7-678e450a81e9,,6aed9210-c500-4375-d31e-6e4b9d82c4ed,1,39b1cdc4-1ebb-35a1-bba7-2c9614175d2c,39b1cdc4-1ebb-35a1-bba7-2c9614175d2c
75acd519-e861-42c0-6277-5e519a369896,6aed9210-c500-4375-8b70-a583591377ab,30418,6aed9210-c500-4375-b0fc-3374c40b8591,TRANSFERIN,171.78,,2020-09-08T21:42:53Z,2020-09-08T22:38:20Z,c958be17-14d8-3fc0-995a-9b952974be91,162673000,,,1,2,3,,1,20,General examination of patient (procedure),0.00,30417,p,0.00,0.00,171.78,171.78,6aed9210-c500-4375-1ea7-678e450a81e9,,6aed9210-c500-4375-d31e-6e4b9d82c4ed,1,39b1cdc4-1ebb-35a1-bba7-2c9614175d2c,39b1cdc4-1ebb-35a1-bba7-2c9614175d2c
ec89aa33-d0c2-8580-c51e-bca3346d312c,6aed9210-c500-4375-8b70-a583591377ab,30419,6aed9210-c500-4375-b0fc-3374c40b8591,PAYMENT,,CC,2020-09-08T21:42:53Z,2020-09-08T22:38:20Z,c958be17-14d8-3fc0-995a-9b952974be91,162673000,,,1,2,3,,1,20,General examination of patient (procedure),0.00,,,171.78,0.00,,0.00,6aed9210-c500-4375-1ea7-678e450a81e9,,6aed9210-c500-4375-d31e-6e4b9d82c4ed,1,39b1cdc4-1ebb-35a1-bba7-2c9614175d2c,39b1cdc4-1ebb-35a1-bba7-2c9614175d2c
19e86142-c081-ae55-519a-3698966e78de,6aed9210-c500-4375-8b70-a583591377ab,30421,6aed9210-c500-4375-b0fc-3374c40b8591,CHARGE,136.00,,2020-09-08T21:42:53Z,1970-01-01T00:00:00Z,c958be17-14d8-3fc0-995a-9b952974be91,140,,,1,2,3,,1,20,Influenza  split virus  trivalent  PF,136.00,,1,0.00,0.00,,0.00,6aed9210-c500-4375-1ea7-678e450a81e9,,6aed9210-c500-4375-d31e-6e4b9d82c4ed,1,39b1cdc4-1ebb-35a1-bba7-2c9614175d2c,39b1cdc4-1ebb-35a1-bba7-2c9614175d2c
33d0c285-8104-74aa-a334-6d312cdd09bc,6aed9210-c500-4375-8b70-a583591377ab,30422,6aed9210-c500-4375-b0fc-3374c40b8591,TRANSFEROUT,,,2020-09-08T21:42:53Z,1970-01-01T00:00:00Z,c958be17-14d8-3fc0-995a-9b952974be91,140,,,1,2,3,,1,20,Influenza  split virus  trivalent  PF,0.00,,,0.00,0.00,136.00,136.00,6aed9210-c500-4375-1ea7-678e450a81e9,,6aed9210-c500-4375-d31e-6e4b9d82c4ed,1,39b1cdc4-1ebb-35a1-bba7-2c9614175d2c,39b1cdc4-1ebb-35a1-bba7-2c9614175d2c
67a1850b-020b-e954-4668-da6259bd1379,6aed9210-c500-4375-8b70-a583591377ab,30423,6aed9210-c500-4375-b0fc-3374c40b8591,TRANSFERIN,136.00,,2020-09-08T21:42:53Z,1970-01-01T00:00:00Z,c958be17-14d8-3fc0-995a-9b952974be91,140,,,1,2,3,,1,20,Influenza  split virus  trivalent  PF,0.00,30422,p,0.00,0.00,136.00,136.00,6aed9210-c500-4375-1ea7-678e450a81e9,,6aed9210-c500-4375-d31e-6e4b9d82c4ed,1,39b1cdc4-1ebb-35a1-bba7-2c9614175d2c,39b1cdc4-1ebb-35a1-bba7-2c9614175d2c
cf430a16-041a-d2a8-8cd1-b4c4b37d26f2,6aed9210-c500-4375-8b70-a583591377ab,30424,6aed9210-c500-4375-b0fc-3374c40b8591,PAYMENT,,CHECK,2020-09-08T21:42:53Z,1970-01-01T00:00:00Z,c958be17-14d8-3fc0-995a-9b952974be91,140,,,1,2,3,,1,20,Influenza  split virus  trivalent  PF,0.00,,,136.00,0.00,,0.00,6aed9210-c500-4375-1ea7-678e450a81e9,,6aed9210-c500-4375-d31e-6e4b9d82c4ed,1,39b1cdc4-1ebb-35a1-bba7-2c9614175d2c,39b1cdc4-1ebb-35a1-bba7-2c9614175d2c
3d0c2858-1089-4aa3-3346-d312ce129bca,6aed9210-c500-4375-8b70-a583591377ab,30426,6aed9210-c500-4375-b0fc-3374c40b8591,CHARGE,620.44,,2020-09-08T21:42:53Z,2020-09-08T22:38:20Z,c958be17-14d8-3fc0-995a-9b952974be91,710824005,,,1,2,3,,1,20,Assessment of health and social care needs (procedure),620.44,,1,0.0000,0.00,,0.00,6aed9210-c500-4375-1ea7-678e450a81e9,,6aed9210-c500-4375-d31e-6e4b9d82c4ed,1,39b1cdc4-1ebb-35a1-bba7-2c9614175d2c,39b1cdc4-1ebb-35a1-bba7-2c9614175d2c
7a1850b0-2122-9546-668d-a6259c553794,6aed9210-c500-4375-8b70-a583591377ab,30427,6aed9210-c500-4375-b0fc-3374c40b8591,TRANSFEROUT,,,2020-09-08T21:42:53Z,2020-09-08T22:38:20Z,c958be17-14d8-3fc0-995a-9b952974be91,710824005,,,1,2,3,,1,20,Assessment of health and social care needs (procedure),0.00,,,0.00,0.00,620.44,620.44,6aed9210-c500-4375-1ea7-678e450a81e9,,6aed9210-c500-4375-d31e-6e4b9d82c4ed,1,39b1cdc4-1ebb-35a1-bba7-2c9614175d2c,39b1cdc4-1ebb-35a1-bba7-2c9614175d2c
f430a160-42b5-2a8c-cd1b-4c4b38da6f28,6aed9210-c500-4375-8b70-a583591377ab,30428,6aed9210-c500-4375-b0fc-3374c40b8591,TRANSFERIN,620.44,,2020-09-08T21:42:53Z,2020-09-08T22:38:20Z,c958be17-14d8-3fc0-995a-9b952974be91,710824005,,,1,2,3,,1,20,Assessment of health and social care needs (procedure),0.00,30427,p,0.00,0.00,620.44,620.44,6aed9210-c500-4375-1ea7-678e450a81e9,,6aed9210-c500-4375-d31e-6e4b9d82c4ed,1,39b1cdc4-1ebb-35a1-bba7-2c9614175d2c,39b1cdc4-1ebb-35a1-bba7-2c9614175d2c
e86142c0-85aa-5519-9a36-98967274de51,6aed9210-c500-4375-8b70-a583591377ab,30429,6aed9210-c500-4375-b0fc-3374c40b8591,PAYMENT,,CASH,2020-09-08T21:42:53Z,2020-09-08T22:38:20Z,c958be17-14d8-3fc0-995a-9b952974be91,710824005,,,1,2,3,,1,20,Assessment of health and social care needs (procedure),0.00,,,620.4400,0.00,,0.00,6aed9210-c500-4375-1ea7-678e450a81e9,,6aed9210-c500-4375-d31e-6e4b9d82c4ed,1,39b1cdc4-1ebb-35a1-bba7-2c9614175d2c,39b1cdc4-1ebb-35a1-bba7-2c9614175d2c
6048b82a-8cf4-30a1-4b3e-dd6f28cd1b4c,6aed9210-c500-4375-8b70-a583591377ab,30431,6aed9210-c500-4375-b0fc-3374c40b8591,CHARGE,0.00,,2020-09-08T22:38:20Z,2020-09-08T22:56:22Z,c958be17-14d8-3fc0-995a-9b952974be91,710841007,,,1,2,3,,1,20,Assessment of anxiety (procedure),0.00,,1,0.00,0.00,,0.00,6aed9210-c500-4375-1ea7-678e450a81e9,,6aed9210-c500-4375-d31e-6e4b9d82c4ed,1,39b1cdc4-1ebb-35a1-bba7-2c9614175d2c,39b1cdc4-1ebb-35a1-bba7-2c9614175d2c
812478aa-33d0-c285-2cfd-0dbca3346d31,6aed9210-c500-4375-8b70-a583591377ab,30433,6aed9210-c500-4375-b0fc-3374c40b8591,CHARGE,0.00,,2020-09-08T22:56:22Z,2020-09-08T23:08:53Z,c958be17-14d8-3fc0-995a-9b952974be91,171207006,,,1,2,3,,1,20,Depression screening (procedure),0.00,,1,0.00,0.00,,0.00,6aed9210-c500-4375-1ea7-678e450a81e9,,6aed9210-c500-4375-d31e-6e4b9d82c4ed,1,39b1cdc4-1ebb-35a1-bba7-2c9614175d2c,39b1cdc4-1ebb-35a1-bba7-2c9614175d2c
049ae2a8-cf43-0a16-b3fd-36f28cd1b4c4,6aed9210-c500-4375-8b70-a583591377ab,30435,6aed9210-c500-4375-b0fc-3374c40b8591,CHARGE,0.00,,2020-09-08T23:08:53Z,2020-09-08T23:33:43Z,c958be17-14d8-3fc0-995a-9b952974be91,171207006,,,1,2,3,,1,20,Depression screening (procedure),0.00,,1,0.00,0.00,,0.00,6aed9210-c500-4375-1ea7-678e450a81e9,,6aed9210-c500-4375-d31e-6e4b9d82c4ed,1,39b1cdc4-1ebb-35a1-bba7-2c9614175d2c,39b1cdc4-1ebb-35a1-bba7-2c9614175d2c
12898aa3-3d0c-2858-d012-dbca3346d312,6aed9210-c500-4375-8b70-a583591377ab,30437,6aed9210-c500-4375-b0fc-3374c40b8591,CHARGE,0.00,,2020-09-08T23:33:43Z,2020-09-08T23:45:09Z,c958be17-14d8-3fc0-995a-9b952974be91,428211000124100,,,1,2,3,,1,20,Assessment of substance use (procedure),0.00,,1,0.00,0.00,,0.00,6aed9210-c500-4375-1ea7-678e450a81e9,,6aed9210-c500-4375-d31e-6e4b9d82c4ed,1,39b1cdc4-1ebb-35a1-bba7-2c9614175d2c,39b1cdc4-1ebb-35a1-bba7-2c9614175d2c
4ab62a8c-f430-a160-40db-6f28cd1b4c4b,6aed9210-c500-4375-8b70-a583591377ab,30439,6aed9210-c500-4375-b0fc-3374c40b8591,CHARGE,0.00,,2020-09-08T23:45:09Z,2020-09-09T00:06:19Z,c958be17-14d8-3fc0-995a-9b952974be91,713106006,,,1,2,3,,1,20,Screening for drug abuse (procedure),0.00,,1,0.00,0.00,,0.00,6aed9210-c500-4375-1ea7-678e450a81e9,,6aed9210-c500-4375-d31e-6e4b9d82c4ed,1,39b1cdc4-1ebb-35a1-bba7-2c9614175d2c,39b1cdc4-1ebb-35a1-bba7-2c9614175d2c
d9027148-5a98-8b88-2a29-678305534912,6aed9210-c500-4375-459e-22a3168778dd,30441,6aed9210-c500-4375-b0fc-3374c40b8591,CHARGE,245.97,,2020-09-08T21:42:53Z,2021-09-14T21:42:53Z,c958be17-14d8-3fc0-995a-9b952974be91,206905,,,1,2,3,,1,20,Ibuprofen 400 MG Oral Tablet [Ibu],245.97,,1,0,0.00,,0.00,6aed9210-c500-4375-1ea7-678e450a81e9,,6aed9210-c500-4375-d31e-6e4b9d82c4ed,1,39b1cdc4-1ebb-35a1-bba7-2c9614175d2c,39b1cdc4-1ebb-35a1-bba7-2c9614175d2c
b204e290-b531-1721-5452-cf060aa69254,6aed9210-c500-4375-459e-22a3168778dd,30442,6aed9210-c500-4375-b0fc-3374c40b8591,TRANSFEROUT,,,2020-09-08T21:42:53Z,2021-09-14T21:42:53Z,c958be17-14d8-3fc0-995a-9b952974be91,206905,,,1,2,3,,1,20,Ibuprofen 400 MG Oral Tablet [Ibu],0.00,,,0.00,0.00,245.97,245.97,6aed9210-c500-4375-1ea7-678e450a81e9,,6aed9210-c500-4375-d31e-6e4b9d82c4ed,1,39b1cdc4-1ebb-35a1-bba7-2c9614175d2c,39b1cdc4-1ebb-35a1-bba7-2c9614175d2c
6409c521-6a62-2eb3-a8a5-9e0c154d24d8,6aed9210-c500-4375-459e-22a3168778dd,30443,6aed9210-c500-4375-b0fc-3374c40b8591,TRANSFERIN,245.97,,2020-09-08T21:42:53Z,2021-09-14T21:42:53Z,c958be17-14d8-3fc0-995a-9b952974be91,206905,,,1,2,3,,1,20,Ibuprofen 400 MG Oral Tablet [Ibu],0.00,30442,p,0.00,0.00,245.97,245.97,6aed9210-c500-4375-1ea7-678e450a81e9,,6aed9210-c500-4375-d31e-6e4b9d82c4ed,1,39b1cdc4-1ebb-35a1-bba7-2c9614175d2c,39b1cdc4-1ebb-35a1-bba7-2c9614175d2c
c8138a42-d4c4-5da6-514b-3c182a9a4a71,6aed9210-c500-4375-459e-22a3168778dd,30444,6aed9210-c500-4375-b0fc-3374c40b8591,PAYMENT,,CASH,2020-09-08T21:42:53Z,2021-09-14T21:42:53Z,c958be17-14d8-3fc0-995a-9b952974be91,206905,,,1,2,3,,1,20,Ibuprofen 400 MG Oral Tablet [Ibu],0.00,,,245.97,0.00,,0.00,6aed9210-c500-4375-1ea7-678e450a81e9,,6aed9210-c500-4375-d31e-6e4b9d82c4ed,1,39b1cdc4-1ebb-35a1-bba7-2c9614175d2c,39b1cdc4-1ebb-35a1-bba7-2c9614175d2c
e75cb4ae-7147-7bf9-0c3b-7c4be1a72d24,6aed9210-c500-4375-ac35-5a8c20839865,30446,6aed9210-c500-4375-b0fc-3374c40b8591,CHARGE,83.05,,2020-09-15T21:42:53Z,2020-09-15T22:47:25Z,99204b0a-62e2-34dc-b3f6-290819949428,185347001,,,1,,,,1,1,Encounter for problem (procedure),83.05,,1,0.00,0.00,,0.00,6aed9210-c500-4375-be24-1cb99fc1ab80,,6aed9210-c500-4375-d31e-6e4b9d82c4ed,1,5aabe8ce-ac28-3172-a0af-663137c7f5f5,5aabe8ce-ac28-3172-a0af-663137c7f5f5
ceb9695c-e28e-faf3-1876-f897c34e5d48,6aed9210-c500-4375-ac35-5a8c20839865,30447,6aed9210-c500-4375-b0fc-3374c40b8591,TRANSFEROUT,,,2020-09-15T21:42:53Z,2020-09-15T22:47:25Z,99204b0a-62e2-34dc-b3f6-290819949428,185347001,,,1,,,,1,1,Encounter for problem (procedure),0.00,,,0.00,0.00,83.05,83.05,6aed9210-c500-4375-be24-1cb99fc1ab80,,6aed9210-c500-4375-d31e-6e4b9d82c4ed,1,5aabe8ce-ac28-3172-a0af-663137c7f5f5,5aabe8ce-ac28-3172-a0af-663137c7f5f5
9d72d2b9-c51d-f9e7-30ed-f12f869cc690,6aed9210-c500-4375-ac35-5a8c20839865,30448,6aed9210-c500-4375-b0fc-3374c40b8591,TRANSFERIN,83.05,,2020-09-15T21:42:53Z,2020-09-15T22:47:25Z,99204b0a-62e2-34dc-b3f6-290819949428,185347001,,,1,,,,1,1,Encounter for problem (procedure),0.00,30447,p,0.00,0.00,83.05,83.05,6aed9210-c500-4375-be24-1cb99fc1ab80,,6aed9210-c500-4375-d31e-6e4b9d82c4ed,1,5aabe8ce-ac28-3172-a0af-663137c7f5f5,5aabe8ce-ac28-3172-a0af-663137c7f5f5
3ae5a573-8a3c-09cf-61db-e25f0d399320,6aed9210-c500-4375-ac35-5a8c20839865,30449,6aed9210-c500-4375-b0fc-3374c40b8591,PAYMENT,,CC,2020-09-15T21:42:53Z,2020-09-15T22:47:25Z,99204b0a-62e2-34dc-b3f6-290819949428,185347001,,,1,,,,1,1,Encounter for problem (procedure),0.00,,,83.05,0.00,,0.00,6aed9210-c500-4375-be24-1cb99fc1ab80,,6aed9210-c500-4375-d31e-6e4b9d82c4ed,1,5aabe8ce-ac28-3172-a0af-663137c7f5f5,5aabe8ce-ac28-3172-a0af-663137c7f5f5
b9c51eb9-879d-72d2-2f86-9d863030edf1,6aed9210-c500-4375-ac35-5a8c20839865,30451,6aed9210-c500-4375-b0fc-3374c40b8591,CHARGE,620.44,,2020-09-15T21:42:53Z,2020-09-15T22:12:53Z,99204b0a-62e2-34dc-b3f6-290819949428,14768001,,,1,,,,1,1,Peripheral blood smear interpretation (procedure),620.44,,1,0.00,0.00,,0.00,6aed9210-c500-4375-be24-1cb99fc1ab80,,6aed9210-c500-4375-d31e-6e4b9d82c4ed,1,5aabe8ce-ac28-3172-a0af-663137c7f5f5,5aabe8ce-ac28-3172-a0af-663137c7f5f5
738a3d89-0f3a-e5a5-5f0d-3b126061dbe2,6aed9210-c500-4375-ac35-5a8c20839865,30452,6aed9210-c500-4375-b0fc-3374c40b8591,TRANSFEROUT,,,2020-09-15T21:42:53Z,2020-09-15T22:12:53Z,99204b0a-62e2-34dc-b3f6-290819949428,14768001,,,1,,,,1,1,Peripheral blood smear interpretation (procedure),0.00,,,0.00,0.00,620.44,620.44,6aed9210-c500-4375-be24-1cb99fc1ab80,,6aed9210-c500-4375-d31e-6e4b9d82c4ed,1,5aabe8ce-ac28-3172-a0af-663137c7f5f5,5aabe8ce-ac28-3172-a0af-663137c7f5f5
e7147b22-1e75-cb4a-be1a-7654c0c3b7c4,6aed9210-c500-4375-ac35-5a8c20839865,30453,6aed9210-c500-4375-b0fc-3374c40b8591,TRANSFERIN,620.44,,2020-09-15T21:42:53Z,2020-09-15T22:12:53Z,99204b0a-62e2-34dc-b3f6-290819949428,14768001,,,1,,,,1,1,Peripheral blood smear interpretation (procedure),0.00,30452,p,0.00,0.00,620.44,620.44,6aed9210-c500-4375-be24-1cb99fc1ab80,,6aed9210-c500-4375-d31e-6e4b9d82c4ed,1,5aabe8ce-ac28-3172-a0af-663137c7f5f5,5aabe8ce-ac28-3172-a0af-663137c7f5f5
ce28f6b4-3ceb-9695-7c34-ecd981876f89,6aed9210-c500-4375-ac35-5a8c20839865,30454,6aed9210-c500-4375-b0fc-3374c40b8591,PAYMENT,,CHECK,2020-09-15T21:42:53Z,2020-09-15T22:12:53Z,99204b0a-62e2-34dc-b3f6-290819949428,14768001,,,1,,,,1,1,Peripheral blood smear interpretation (procedure),0.00,,,620.44,0.00,,0.00,6aed9210-c500-4375-be24-1cb99fc1ab80,,6aed9210-c500-4375-d31e-6e4b9d82c4ed,1,5aabe8ce-ac28-3172-a0af-663137c7f5f5,5aabe8ce-ac28-3172-a0af-663137c7f5f5
38a3dc80-f3ae-5a57-f0d3-b516061dbe25,6aed9210-c500-4375-ac35-5a8c20839865,30456,6aed9210-c500-4375-b0fc-3374c40b8591,CHARGE,98.35,,2020-09-15T22:12:53Z,2020-09-15T22:23:51Z,99204b0a-62e2-34dc-b3f6-290819949428,415300000,,,1,,,,1,1,Review of systems (procedure),98.35,,1,0.00,0.00,,0.00,6aed9210-c500-4375-be24-1cb99fc1ab80,,6aed9210-c500-4375-d31e-6e4b9d82c4ed,1,5aabe8ce-ac28-3172-a0af-663137c7f5f5,5aabe8ce-ac28-3172-a0af-663137c7f5f5
7147ba01-e75c-b4ae-e1a7-6d2c0c3b7c4b,6aed9210-c500-4375-ac35-5a8c20839865,30457,6aed9210-c500-4375-b0fc-3374c40b8591,TRANSFEROUT,,,2020-09-15T22:12:53Z,2020-09-15T22:23:51Z,99204b0a-62e2-34dc-b3f6-290819949428,415300000,,,1,,,,1,1,Review of systems (procedure),0.00,,,0.00,0.00,98.35,98.35,6aed9210-c500-4375-be24-1cb99fc1ab80,,6aed9210-c500-4375-d31e-6e4b9d82c4ed,1,5aabe8ce-ac28-3172-a0af-663137c7f5f5,5aabe8ce-ac28-3172-a0af-663137c7f5f5
e28f7b03-ceb9-695c-c34e-dd581876f897,6aed9210-c500-4375-ac35-5a8c20839865,30458,6aed9210-c500-4375-b0fc-3374c40b8591,TRANSFERIN,98.35,,2020-09-15T22:12:53Z,2020-09-15T22:23:51Z,99204b0a-62e2-34dc-b3f6-290819949428,415300000,,,1,,,,1,1,Review of systems (procedure),0.00,30457,p,0.00,0.00,98.35,98.35,6aed9210-c500-4375-be24-1cb99fc1ab80,,6aed9210-c500-4375-d31e-6e4b9d82c4ed,1,5aabe8ce-ac28-3172-a0af-663137c7f5f5,5aabe8ce-ac28-3172-a0af-663137c7f5f5
c51efa07-9d72-d2b9-869d-c6b030edf12f,6aed9210-c500-4375-ac35-5a8c20839865,30459,6aed9210-c500-4375-b0fc-3374c40b8591,PAYMENT,,CASH,2020-09-15T22:12:53Z,2020-09-15T22:23:51Z,99204b0a-62e2-34dc-b3f6-290819949428,415300000,,,1,,,,1,1,Review of systems (procedure),0.00,,,98.35,0.00,,0.00,6aed9210-c500-4375-be24-1cb99fc1ab80,,6aed9210-c500-4375-d31e-6e4b9d82c4ed,1,5aabe8ce-ac28-3172-a0af-663137c7f5f5,5aabe8ce-ac28-3172-a0af-663137c7f5f5
afceb969-5ce2-8fda-0418-76f897c34f3d,6aed9210-c500-4375-ac35-5a8c20839865,30461,6aed9210-c500-4375-b0fc-3374c40b8591,CHARGE,310.22,,2020-09-15T22:23:51Z,2020-09-15T22:29:12Z,99204b0a-62e2-34dc-b3f6-290819949428,430193006,,,1,,,,1,1,Medication reconciliation (procedure),310.22,,1,0.00,0.00,,0.00,6aed9210-c500-4375-be24-1cb99fc1ab80,,6aed9210-c500-4375-d31e-6e4b9d82c4ed,1,5aabe8ce-ac28-3172-a0af-663137c7f5f5,5aabe8ce-ac28-3172-a0af-663137c7f5f5
5f9d72d2-b9c5-1fb9-0830-edf12f869e86,6aed9210-c500-4375-ac35-5a8c20839865,30462,6aed9210-c500-4375-b0fc-3374c40b8591,TRANSFEROUT,,,2020-09-15T22:23:51Z,2020-09-15T22:29:12Z,99204b0a-62e2-34dc-b3f6-290819949428,430193006,,,1,,,,1,1,Medication reconciliation (procedure),0.00,,,0.00,0.00,310.22,310.22,6aed9210-c500-4375-be24-1cb99fc1ab80,,6aed9210-c500-4375-d31e-6e4b9d82c4ed,1,5aabe8ce-ac28-3172-a0af-663137c7f5f5,5aabe8ce-ac28-3172-a0af-663137c7f5f5
bf3ae5a5-738a-3f88-1061-dbe25f0d3d12,6aed9210-c500-4375-ac35-5a8c20839865,30463,6aed9210-c500-4375-b0fc-3374c40b8591,TRANSFERIN,310.22,,2020-09-15T22:23:51Z,2020-09-15T22:29:12Z,99204b0a-62e2-34dc-b3f6-290819949428,430193006,,,1,,,,1,1,Medication reconciliation (procedure),0.00,30462,p,0.00,0.00,310.22,310.22,6aed9210-c500-4375-be24-1cb99fc1ab80,,6aed9210-c500-4375-d31e-6e4b9d82c4ed,1,5aabe8ce-ac28-3172-a0af-663137c7f5f5,5aabe8ce-ac28-3172-a0af-663137c7f5f5
7e75cb4a-e714-7f21-20c3-b7c4be1a7a54,6aed9210-c500-4375-ac35-5a8c20839865,30464,6aed9210-c500-4375-b0fc-3374c40b8591,PAYMENT,,CC,2020-09-15T22:23:51Z,2020-09-15T22:29:12Z,99204b0a-62e2-34dc-b3f6-290819949428,430193006,,,1,,,,1,1,Medication reconciliation (procedure),0.00,,,310.22,0.00,,0.00,6aed9210-c500-4375-be24-1cb99fc1ab80,,6aed9210-c500-4375-d31e-6e4b9d82c4ed,1,5aabe8ce-ac28-3172-a0af-663137c7f5f5,5aabe8ce-ac28-3172-a0af-663137c7f5f5
f9d72d2b-9c51-fda5-830e-df12f869ea70,6aed9210-c500-4375-ac35-5a8c20839865,30466,6aed9210-c500-4375-b0fc-3374c40b8591,CHARGE,275.47,,2020-09-15T22:29:12Z,2020-09-15T22:47:25Z,99204b0a-62e2-34dc-b3f6-290819949428,162676008,,,1,,,,1,1,Brief general examination (procedure),275.47,,1,0.00,0.00,,0.00,6aed9210-c500-4375-be24-1cb99fc1ab80,,6aed9210-c500-4375-d31e-6e4b9d82c4ed,1,5aabe8ce-ac28-3172-a0af-663137c7f5f5,5aabe8ce-ac28-3172-a0af-663137c7f5f5
f3ae5a57-38a3-fc7b-061d-be25f0d3d511,6aed9210-c500-4375-ac35-5a8c20839865,30467,6aed9210-c500-4375-b0fc-3374c40b8591,TRANSFEROUT,,,2020-09-15T22:29:12Z,2020-09-15T22:47:25Z,99204b0a-62e2-34dc-b3f6-290819949428,162676008,,,1,,,,1,1,Brief general examination (procedure),0.00,,,0.00,0.00,275.47,275.47,6aed9210-c500-4375-be24-1cb99fc1ab80,,6aed9210-c500-4375-d31e-6e4b9d82c4ed,1,5aabe8ce-ac28-3172-a0af-663137c7f5f5,5aabe8ce-ac28-3172-a0af-663137c7f5f5
e75cb4ae-7147-fbf7-0c3b-7c4be1a7ad22,6aed9210-c500-4375-ac35-5a8c20839865,30468,6aed9210-c500-4375-b0fc-3374c40b8591,TRANSFERIN,275.47,,2020-09-15T22:29:12Z,2020-09-15T22:47:25Z,99204b0a-62e2-34dc-b3f6-290819949428,162676008,,,1,,,,1,1,Brief general examination (procedure),0.00,30467,p,0.00,0.00,275.47,275.47,6aed9210-c500-4375-be24-1cb99fc1ab80,,6aed9210-c500-4375-d31e-6e4b9d82c4ed,1,5aabe8ce-ac28-3172-a0af-663137c7f5f5,5aabe8ce-ac28-3172-a0af-663137c7f5f5
ceb9695c-e28f-faef-1876-f897c34f5d44,6aed9210-c500-4375-ac35-5a8c20839865,30469,6aed9210-c500-4375-b0fc-3374c40b8591,PAYMENT,,CHECK,2020-09-15T22:29:12Z,2020-09-15T22:47:25Z,99204b0a-62e2-34dc-b3f6-290819949428,162676008,,,1,,,,1,1,Brief general examination (procedure),0.00,,,275.47,0.00,,0.00,6aed9210-c500-4375-be24-1cb99fc1ab80,,6aed9210-c500-4375-d31e-6e4b9d82c4ed,1,5aabe8ce-ac28-3172-a0af-663137c7f5f5,5aabe8ce-ac28-3172-a0af-663137c7f5f5
96a66e20-b4c4-757b-060a-3cd8e49d0a8e,6aed9210-c500-4375-2bb6-f5c878a73720,30471,6aed9210-c500-4375-b0fc-3374c40b8591,CHARGE,224.55,,2020-09-15T22:47:25Z,1970-01-01T00:00:00Z,99204b0a-62e2-34dc-b3f6-290819949428,2001499,,,1,,,,1,1,Vitamin B12 5 MG/ML Injectable Solution,224.55,,1,0.00,0.00,,0.00,6aed9210-c500-4375-be24-1cb99fc1ab80,,6aed9210-c500-4375-d31e-6e4b9d82c4ed,1,5aabe8ce-ac28-3172-a0af-663137c7f5f5,5aabe8ce-ac28-3172-a0af-663137c7f5f5
2d4cdc41-698b-eaf7-0c14-79b1c93d151c,6aed9210-c500-4375-2bb6-f5c878a73720,30472,6aed9210-c500-4375-b0fc-3374c40b8591,TRANSFEROUT,,,2020-09-15T22:47:25Z,1970-01-01T00:00:00Z,99204b0a-62e2-34dc-b3f6-290819949428,2001499,,,1,,,,1,1,Vitamin B12 5 MG/ML Injectable Solution,0.00,,,0.00,0.00,224.55,224.55,6aed9210-c500-4375-be24-1cb99fc1ab80,,6aed9210-c500-4375-d31e-6e4b9d82c4ed,1,5aabe8ce-ac28-3172-a0af-663137c7f5f5,5aabe8ce-ac28-3172-a0af-663137c7f5f5
5a99b882-d31a-d5ee-1828-f363927d2a38,6aed9210-c500-4375-2bb6-f5c878a73720,30473,6aed9210-c500-4375-b0fc-3374c40b8591,TRANSFERIN,224.55,,2020-09-15T22:47:25Z,1970-01-01T00:00:00Z,99204b0a-62e2-34dc-b3f6-290819949428,2001499,,,1,,,,1,1,Vitamin B12 5 MG/ML Injectable Solution,0.00,30472,p,0.00,0.00,224.55,224.55,6aed9210-c500-4375-be24-1cb99fc1ab80,,6aed9210-c500-4375-d31e-6e4b9d82c4ed,1,5aabe8ce-ac28-3172-a0af-663137c7f5f5,5aabe8ce-ac28-3172-a0af-663137c7f5f5
b5337105-a639-abdc-3051-e6c725065470,6aed9210-c500-4375-2bb6-f5c878a73720,30474,6aed9210-c500-4375-b0fc-3374c40b8591,PAYMENT,,CASH,2020-09-15T22:47:25Z,1970-01-01T00:00:00Z,99204b0a-62e2-34dc-b3f6-290819949428,2001499,,,1,,,,1,1,Vitamin B12 5 MG/ML Injectable Solution,0.00,,,224.55,0.00,,0.00,6aed9210-c500-4375-be24-1cb99fc1ab80,,6aed9210-c500-4375-d31e-6e4b9d82c4ed,1,5aabe8ce-ac28-3172-a0af-663137c7f5f5,5aabe8ce-ac28-3172-a0af-663137c7f5f5
9a9eded3-c97c-dc1c-3a01-331d871cfcdb,6aed9210-c500-4375-c234-e2df4eabbece,30476,6aed9210-c500-4375-b0fc-3374c40b8591,CHARGE,138.42,,2021-04-13T21:42:53Z,2021-04-13T21:57:53Z,99204b0a-62e2-34dc-b3f6-290819949428,33879002,,,1,,,,1,2,Administration of vaccine to produce active immunity (procedure),138.42,,1,0.00,0.00,,0.00,6aed9210-c500-4375-c0cf-2e1d9a80f6c8,,6aed9210-c500-4375-d31e-6e4b9d82c4ed,1,5aabe8ce-ac28-3172-a0af-663137c7f5f5,5aabe8ce-ac28-3172-a0af-663137c7f5f5
3541bda7-92f9-b839-740e-663b0e39f9b6,6aed9210-c500-4375-c234-e2df4eabbece,30477,6aed9210-c500-4375-b0fc-3374c40b8591,TRANSFEROUT,,,2021-04-13T21:42:53Z,2021-04-13T21:57:53Z,99204b0a-62e2-34dc-b3f6-290819949428,33879002,,,1,,,,1,2,Administration of vaccine to produce active immunity (procedure),0.00,,,0.00,0.00,138.42,138.42,6aed9210-c500-4375-c0cf-2e1d9a80f6c8,,6aed9210-c500-4375-d31e-6e4b9d82c4ed,1,5aabe8ce-ac28-3172-a0af-663137c7f5f5,5aabe8ce-ac28-3172-a0af-663137c7f5f5
6a997b4f-25f3-7072-e822-cc761c73f36c,6aed9210-c500-4375-c234-e2df4eabbece,30478,6aed9210-c500-4375-b0fc-3374c40b8591,TRANSFERIN,138.42,,2021-04-13T21:42:53Z,2021-04-13T21:57:53Z,99204b0a-62e2-34dc-b3f6-290819949428,33879002,,,1,,,,1,2,Administration of vaccine to produce active immunity (procedure),0.00,30477,p,0.00,0.00,138.42,138.42,6aed9210-c500-4375-c0cf-2e1d9a80f6c8,,6aed9210-c500-4375-d31e-6e4b9d82c4ed,1,5aabe8ce-ac28-3172-a0af-663137c7f5f5,5aabe8ce-ac28-3172-a0af-663137c7f5f5
d542f69e-4be6-e0e4-d075-98ec38e7e6d9,6aed9210-c500-4375-c234-e2df4eabbece,30479,6aed9210-c500-4375-b0fc-3374c40b8591,PAYMENT,,CC,2021-04-13T21:42:53Z,2021-04-13T21:57:53Z,99204b0a-62e2-34dc-b3f6-290819949428,33879002,,,1,,,,1,2,Administration of vaccine to produce active immunity (procedure),0.00,,,138.42,0.00,,0.00,6aed9210-c500-4375-c0cf-2e1d9a80f6c8,,6aed9210-c500-4375-d31e-6e4b9d82c4ed,1,5aabe8ce-ac28-3172-a0af-663137c7f5f5,5aabe8ce-ac28-3172-a0af-663137c7f5f5
4f25f370-726c-19db-761c-73f36ce9a32c,6aed9210-c500-4375-c234-e2df4eabbece,30481,6aed9210-c500-4375-b0fc-3374c40b8591,CHARGE,136.00,,2021-04-13T21:42:53Z,1970-01-01T00:00:00Z,99204b0a-62e2-34dc-b3f6-290819949428,212,,,1,,,,1,2,COVID-19 vaccine  vector-nr  rS-Ad26  PF  0.5 mL,136.00,,1,0.00,0.00,,0.00,6aed9210-c500-4375-c0cf-2e1d9a80f6c8,,6aed9210-c500-4375-d31e-6e4b9d82c4ed,1,5aabe8ce-ac28-3172-a0af-663137c7f5f5,5aabe8ce-ac28-3172-a0af-663137c7f5f5
9e4be6e0-e4d8-43b6-ec38-e7e6d9d37658,6aed9210-c500-4375-c234-e2df4eabbece,30482,6aed9210-c500-4375-b0fc-3374c40b8591,TRANSFEROUT,,,2021-04-13T21:42:53Z,1970-01-01T00:00:00Z,99204b0a-62e2-34dc-b3f6-290819949428,212,,,1,,,,1,2,COVID-19 vaccine  vector-nr  rS-Ad26  PF  0.5 mL,0.00,,,0.00,0.00,136.00,136.00,6aed9210-c500-4375-c0cf-2e1d9a80f6c8,,6aed9210-c500-4375-d31e-6e4b9d82c4ed,1,5aabe8ce-ac28-3172-a0af-663137c7f5f5,5aabe8ce-ac28-3172-a0af-663137c7f5f5
3c97cdc1-c9b0-f76d-d871-cfcdb3a71cb1,6aed9210-c500-4375-c234-e2df4eabbece,30483,6aed9210-c500-4375-b0fc-3374c40b8591,TRANSFERIN,136.00,,2021-04-13T21:42:53Z,1970-01-01T00:00:00Z,99204b0a-62e2-34dc-b3f6-290819949428,212,,,1,,,,1,2,COVID-19 vaccine  vector-nr  rS-Ad26  PF  0.5 mL,0.00,30482,p,0.00,0.00,136.00,136.00,6aed9210-c500-4375-c0cf-2e1d9a80f6c8,,6aed9210-c500-4375-d31e-6e4b9d82c4ed,1,5aabe8ce-ac28-3172-a0af-663137c7f5f5,5aabe8ce-ac28-3172-a0af-663137c7f5f5
792f9b83-9362-2eda-b0e3-9f9b674ef963,6aed9210-c500-4375-c234-e2df4eabbece,30484,6aed9210-c500-4375-b0fc-3374c40b8591,PAYMENT,,CHECK,2021-04-13T21:42:53Z,1970-01-01T00:00:00Z,99204b0a-62e2-34dc-b3f6-290819949428,212,,,1,,,,1,2,COVID-19 vaccine  vector-nr  rS-Ad26  PF  0.5 mL,0.00,,,136.00,0.00,,0.00,6aed9210-c500-4375-c0cf-2e1d9a80f6c8,,6aed9210-c500-4375-d31e-6e4b9d82c4ed,1,5aabe8ce-ac28-3172-a0af-663137c7f5f5,5aabe8ce-ac28-3172-a0af-663137c7f5f5
581e7563-b444-75fc-c789-96a6b41d0b0e,6aed9210-c500-4375-3472-dcb67882b51a,30486,6aed9210-c500-4375-b0fc-3374c40b8591,CHARGE,171.78,,2021-09-14T21:42:53Z,2021-09-14T22:40:19Z,c958be17-14d8-3fc0-995a-9b952974be91,162673000,,,1,2,3,,1,20,General examination of patient (procedure),171.78,,1,0.00,0.00,,0.00,6aed9210-c500-4375-fc78-e6f3cf7f7813,,6aed9210-c500-4375-be0a-7054a991a7aa,1,39b1cdc4-1ebb-35a1-bba7-2c9614175d2c,39b1cdc4-1ebb-35a1-bba7-2c9614175d2c
b03ceac7-688b-ebf8-8f13-2d4d683d161d,6aed9210-c500-4375-3472-dcb67882b51a,30487,6aed9210-c500-4375-b0fc-3374c40b8591,TRANSFEROUT,,,2021-09-14T21:42:53Z,2021-09-14T22:40:19Z,c958be17-14d8-3fc0-995a-9b952974be91,162673000,,,1,2,3,,1,20,General examination of patient (procedure),0.00,,,0.00,0.00,171.78,171.78,6aed9210-c500-4375-fc78-e6f3cf7f7813,,6aed9210-c500-4375-be0a-7054a991a7aa,1,39b1cdc4-1ebb-35a1-bba7-2c9614175d2c,39b1cdc4-1ebb-35a1-bba7-2c9614175d2c
6079d58e-d11a-d7f1-1e26-5a9ad07d2c3b,6aed9210-c500-4375-3472-dcb67882b51a,30488,6aed9210-c500-4375-b0fc-3374c40b8591,TRANSFERIN,171.78,,2021-09-14T21:42:53Z,2021-09-14T22:40:19Z,c958be17-14d8-3fc0-995a-9b952974be91,162673000,,,1,2,3,,1,20,General examination of patient (procedure),0.00,30487,p,0.00,0.00,171.78,171.78,6aed9210-c500-4375-fc78-e6f3cf7f7813,,6aed9210-c500-4375-be0a-7054a991a7aa,1,39b1cdc4-1ebb-35a1-bba7-2c9614175d2c,39b1cdc4-1ebb-35a1-bba7-2c9614175d2c
c0f3ab1d-a239-afe2-3c4c-b535a1065876,6aed9210-c500-4375-3472-dcb67882b51a,30489,6aed9210-c500-4375-b0fc-3374c40b8591,PAYMENT,,CASH,2021-09-14T21:42:53Z,2021-09-14T22:40:19Z,c958be17-14d8-3fc0-995a-9b952974be91,162673000,,,1,2,3,,1,20,General examination of patient (procedure),0.00,,,171.78,0.00,,0.00,6aed9210-c500-4375-fc78-e6f3cf7f7813,,6aed9210-c500-4375-be0a-7054a991a7aa,1,39b1cdc4-1ebb-35a1-bba7-2c9614175d2c,39b1cdc4-1ebb-35a1-bba7-2c9614175d2c
8ed17b07-f160-79d5-9ad0-dd5c3b1e265a,6aed9210-c500-4375-3472-dcb67882b51a,30491,6aed9210-c500-4375-b0fc-3374c40b8591,CHARGE,136.00,,2021-09-14T21:42:53Z,1970-01-01T00:00:00Z,c958be17-14d8-3fc0-995a-9b952974be91,140,,,1,2,3,,1,20,Influenza  split virus  trivalent  PF,136.00,,1,0.00,0.00,,0.00,6aed9210-c500-4375-fc78-e6f3cf7f7813,,6aed9210-c500-4375-be0a-7054a991a7aa,1,39b1cdc4-1ebb-35a1-bba7-2c9614175d2c,39b1cdc4-1ebb-35a1-bba7-2c9614175d2c
1da2fa0f-e2c0-f3ab-35a1-c6b8763c4cb5,6aed9210-c500-4375-3472-dcb67882b51a,30492,6aed9210-c500-4375-b0fc-3374c40b8591,TRANSFEROUT,,,2021-09-14T21:42:53Z,1970-01-01T00:00:00Z,c958be17-14d8-3fc0-995a-9b952974be91,140,,,1,2,3,,1,20,Influenza  split virus  trivalent  PF,0.00,,,0.00,0.00,136.00,136.00,6aed9210-c500-4375-fc78-e6f3cf7f7813,,6aed9210-c500-4375-be0a-7054a991a7aa,1,39b1cdc4-1ebb-35a1-bba7-2c9614175d2c,39b1cdc4-1ebb-35a1-bba7-2c9614175d2c
3b460a1f-c581-e756-6b43-9370ec78996a,6aed9210-c500-4375-3472-dcb67882b51a,30493,6aed9210-c500-4375-b0fc-3374c40b8591,TRANSFERIN,136.00,,2021-09-14T21:42:53Z,1970-01-01T00:00:00Z,c958be17-14d8-3fc0-995a-9b952974be91,140,,,1,2,3,,1,20,Influenza  split virus  trivalent  PF,0.00,30492,p,0.00,0.00,136.00,136.00,6aed9210-c500-4375-fc78-e6f3cf7f7813,,6aed9210-c500-4375-be0a-7054a991a7aa,1,39b1cdc4-1ebb-35a1-bba7-2c9614175d2c,39b1cdc4-1ebb-35a1-bba7-2c9614175d2c
768c243f-8b03-ceac-d687-56e1d8f132d4,6aed9210-c500-4375-3472-dcb67882b51a,30494,6aed9210-c500-4375-b0fc-3374c40b8591,PAYMENT,,CC,2021-09-14T21:42:53Z,1970-01-01T00:00:00Z,c958be17-14d8-3fc0-995a-9b952974be91,140,,,1,2,3,,1,20,Influenza  split virus  trivalent  PF,0.00,,,136.00,0.00,,0.00,6aed9210-c500-4375-fc78-e6f3cf7f7813,,6aed9210-c500-4375-be0a-7054a991a7aa,1,39b1cdc4-1ebb-35a1-bba7-2c9614175d2c,39b1cdc4-1ebb-35a1-bba7-2c9614175d2c
da31b0fe-2c0f-3ab1-5a1e-7b8763c4cb53,6aed9210-c500-4375-3472-dcb67882b51a,30496,6aed9210-c500-4375-b0fc-3374c40b8591,CHARGE,620.44,,2021-09-14T21:42:53Z,2021-09-14T22:40:19Z,c958be17-14d8-3fc0-995a-9b952974be91,710824005,,,1,2,3,,1,20,Assessment of health and social care needs (procedure),620.44,,1,0.00,0.00,,0.00,6aed9210-c500-4375-fc78-e6f3cf7f7813,,6aed9210-c500-4375-be0a-7054a991a7aa,1,39b1cdc4-1ebb-35a1-bba7-2c9614175d2c,39b1cdc4-1ebb-35a1-bba7-2c9614175d2c
b46479fc-581e-7563-b43d-0f0ec78996a6,6aed9210-c500-4375-3472-dcb67882b51a,30497,6aed9210-c500-4375-b0fc-3374c40b8591,TRANSFEROUT,,,2021-09-14T21:42:53Z,2021-09-14T22:40:19Z,c958be17-14d8-3fc0-995a-9b952974be91,710824005,,,1,2,3,,1,20,Assessment of health and social care needs (procedure),0.00,,,0.00,0.00,620.44,620.44,6aed9210-c500-4375-fc78-e6f3cf7f7813,,6aed9210-c500-4375-be0a-7054a991a7aa,1,39b1cdc4-1ebb-35a1-bba7-2c9614175d2c,39b1cdc4-1ebb-35a1-bba7-2c9614175d2c
68cbf3f8-b03c-eac7-687d-1e1d8f132d4d,6aed9210-c500-4375-3472-dcb67882b51a,30498,6aed9210-c500-4375-b0fc-3374c40b8591,TRANSFERIN,620.44,,2021-09-14T21:42:53Z,2021-09-14T22:40:19Z,c958be17-14d8-3fc0-995a-9b952974be91,710824005,,,1,2,3,,1,20,Assessment of health and social care needs (procedure),0.00,30497,p,0.00,0.00,620.44,620.44,6aed9210-c500-4375-fc78-e6f3cf7f7813,,6aed9210-c500-4375-be0a-7054a991a7aa,1,39b1cdc4-1ebb-35a1-bba7-2c9614175d2c,39b1cdc4-1ebb-35a1-bba7-2c9614175d2c
d19ae7f1-6079-d58e-d0fd-3c3b1e265a9a,6aed9210-c500-4375-3472-dcb67882b51a,30499,6aed9210-c500-4375-b0fc-3374c40b8591,PAYMENT,,CHECK,2021-09-14T21:42:53Z,2021-09-14T22:40:19Z,c958be17-14d8-3fc0-995a-9b952974be91,710824005,,,1,2,3,,1,20,Assessment of health and social care needs (procedure),0.00,,,620.44,0.00,,0.00,6aed9210-c500-4375-fc78-e6f3cf7f7813,,6aed9210-c500-4375-be0a-7054a991a7aa,1,39b1cdc4-1ebb-35a1-bba7-2c9614175d2c,39b1cdc4-1ebb-35a1-bba7-2c9614175d2c
dc14a6ab-01a7-87d4-8f3e-cb89d7ea0dd4,6aed9210-c500-4375-caa4-348bff0ec0fd,30501,6aed9210-c500-4375-b0fc-3374c40b8591,CHARGE,245.97,,2021-09-14T21:42:53Z,2022-09-20T21:42:53Z,c958be17-14d8-3fc0-995a-9b952974be91,206905,,,1,2,3,,1,20,Ibuprofen 400 MG Oral Tablet [Ibu],245.97,,1,0.00,0.00,,0.00,6aed9210-c500-4375-fc78-e6f3cf7f7813,,6aed9210-c500-4375-be0a-7054a991a7aa,1,39b1cdc4-1ebb-35a1-bba7-2c9614175d2c,39b1cdc4-1ebb-35a1-bba7-2c9614175d2c
bf294d56-034f-0fa9-217d-9713afd41ba9,6aed9210-c500-4375-caa4-348bff0ec0fd,30502,6aed9210-c500-4375-b0fc-3374c40b8591,TRANSFEROUT,,,2021-09-14T21:42:53Z,2022-09-20T21:42:53Z,c958be17-14d8-3fc0-995a-9b952974be91,206905,,,1,2,3,,1,20,Ibuprofen 400 MG Oral Tablet [Ibu],0.00,,,0.00,0.00,245.97,245.97,6aed9210-c500-4375-fc78-e6f3cf7f7813,,6aed9210-c500-4375-be0a-7054a991a7aa,1,39b1cdc4-1ebb-35a1-bba7-2c9614175d2c,39b1cdc4-1ebb-35a1-bba7-2c9614175d2c
82529aac-069e-1f53-4efb-2e275fa83752,6aed9210-c500-4375-caa4-348bff0ec0fd,30503,6aed9210-c500-4375-b0fc-3374c40b8591,TRANSFERIN,245.97,,2021-09-14T21:42:53Z,2022-09-20T21:42:53Z,c958be17-14d8-3fc0-995a-9b952974be91,206905,,,1,2,3,,1,20,Ibuprofen 400 MG Oral Tablet [Ibu],0.00,30502,p,0.00,0.00,245.97,245.97,6aed9210-c500-4375-fc78-e6f3cf7f7813,,6aed9210-c500-4375-be0a-7054a991a7aa,1,39b1cdc4-1ebb-35a1-bba7-2c9614175d2c,39b1cdc4-1ebb-35a1-bba7-2c9614175d2c
1aa53558-0d3c-3ea7-a3f6-5c4ebf506ea4,6aed9210-c500-4375-caa4-348bff0ec0fd,30504,6aed9210-c500-4375-b0fc-3374c40b8591,PAYMENT,,CASH,2021-09-14T21:42:53Z,2022-09-20T21:42:53Z,c958be17-14d8-3fc0-995a-9b952974be91,206905,,,1,2,3,,1,20,Ibuprofen 400 MG Oral Tablet [Ibu],0.00,,,245.97,0.00,,0.00,6aed9210-c500-4375-fc78-e6f3cf7f7813,,6aed9210-c500-4375-be0a-7054a991a7aa,1,39b1cdc4-1ebb-35a1-bba7-2c9614175d2c,39b1cdc4-1ebb-35a1-bba7-2c9614175d2c
b22bf6f4-48e9-6e36-a8c0-ed198d854adc,6aed9210-c500-4375-74d3-9d875e2e1dc1,30506,6aed9210-c500-4375-b0fc-3374c40b8591,CHARGE,171.78,,2022-09-20T21:42:53Z,2022-09-20T22:37:07Z,c958be17-14d8-3fc0-995a-9b952974be91,162673000,,,1,,,,1,20,General examination of patient (procedure),171.78,,1,0.00,0.00,,0.00,6aed9210-c500-4375-dd83-2880898a7646,,6aed9210-c500-4375-1a39-0ae844fa877e,1,39b1cdc4-1ebb-35a1-bba7-2c9614175d2c,39b1cdc4-1ebb-35a1-bba7-2c9614175d2c
6457ee28-91d2-dc6d-5181-daf31b0a95b9,6aed9210-c500-4375-74d3-9d875e2e1dc1,30507,6aed9210-c500-4375-b0fc-3374c40b8591,TRANSFEROUT,,,2022-09-20T21:42:53Z,2022-09-20T22:37:07Z,c958be17-14d8-3fc0-995a-9b952974be91,162673000,,,1,,,,1,20,General examination of patient (procedure),0.00,,,0.00,0.00,171.78,171.78,6aed9210-c500-4375-dd83-2880898a7646,,6aed9210-c500-4375-1a39-0ae844fa877e,1,39b1cdc4-1ebb-35a1-bba7-2c9614175d2c,39b1cdc4-1ebb-35a1-bba7-2c9614175d2c
c8afdd81-23a5-b8da-a303-b61636152b72,6aed9210-c500-4375-74d3-9d875e2e1dc1,30508,6aed9210-c500-4375-b0fc-3374c40b8591,TRANSFERIN,172,,2022-09-20T21:42:53Z,2022-09-20T22:37:07Z,c958be17-14d8-3fc0-995a-9b952974be91,162673000,,,1,,,,1,20,General examination of patient (procedure),0.00,30507,p,0.00,0.00,171.78,171.78,6aed9210-c500-4375-dd83-2880898a7646,,6aed9210-c500-4375-1a39-0ae844fa877e,1,39b1cdc4-1ebb-35a1-bba7-2c9614175d2c,39b1cdc4-1ebb-35a1-bba7-2c9614175d2c
915fbc02-474b-71b5-4607-6f2c6c2a56e5,6aed9210-c500-4375-74d3-9d875e2e1dc1,30509,6aed9210-c500-4375-b0fc-3374c40b8591,PAYMENT,,CC,2022-09-20T21:42:53Z,2022-09-20T22:37:07Z,c958be17-14d8-3fc0-995a-9b952974be91,162673000,,,1,,,,1,20,General examination of patient (procedure),0.00,,,171.78,0.00,,0.00,6aed9210-c500-4375-dd83-2880898a7646,,6aed9210-c500-4375-1a39-0ae844fa877e,1,39b1cdc4-1ebb-35a1-bba7-2c9614175d2c,39b1cdc4-1ebb-35a1-bba7-2c9614175d2c
6c23a5b8-dac8-aff5-0136-152b72a303ce,6aed9210-c500-4375-74d3-9d875e2e1dc1,30511,6aed9210-c500-4375-b0fc-3374c40b8591,CHARGE,136.00,,2022-09-20T21:42:53Z,1970-01-01T00:00:00Z,c958be17-14d8-3fc0-995a-9b952974be91,140,,,1,,,,1,20,Influenza  split virus  trivalent  PF,136.00,,1,0.00,0.00,,0.00,6aed9210-c500-4375-dd83-2880898a7646,,6aed9210-c500-4375-1a39-0ae844fa877e,1,39b1cdc4-1ebb-35a1-bba7-2c9614175d2c,39b1cdc4-1ebb-35a1-bba7-2c9614175d2c
d8474b71-b591-5fed-026c-2a56e546079f,6aed9210-c500-4375-74d3-9d875e2e1dc1,30512,6aed9210-c500-4375-b0fc-3374c40b8591,TRANSFEROUT,,,2022-09-20T21:42:53Z,1970-01-01T00:00:00Z,c958be17-14d8-3fc0-995a-9b952974be91,140,,,1,,,,1,20,Influenza  split virus  trivalent  PF,0.00,,,0.00,0.00,136.00,136.00,6aed9210-c500-4375-dd83-2880898a7646,,6aed9210-c500-4375-1a39-0ae844fa877e,1,39b1cdc4-1ebb-35a1-bba7-2c9614175d2c,39b1cdc4-1ebb-35a1-bba7-2c9614175d2c
b08e96e3-6b22-bfde-04d8-54adca8c0f41,6aed9210-c500-4375-74d3-9d875e2e1dc1,30513,6aed9210-c500-4375-b0fc-3374c40b8591,TRANSFERIN,136.00,,2022-09-20T21:42:53Z,1970-01-01T00:00:00Z,c958be17-14d8-3fc0-995a-9b952974be91,140,,,1,,,,1,20,Influenza  split virus  trivalent  PF,0.00,30512,p,0.00,0.00,136.00,136.00,6aed9210-c500-4375-dd83-2880898a7646,,6aed9210-c500-4375-1a39-0ae844fa877e,1,39b1cdc4-1ebb-35a1-bba7-2c9614175d2c,39b1cdc4-1ebb-35a1-bba7-2c9614175d2c
611d2dc6-d645-7fc1-09b0-a95b95181e8e,6aed9210-c500-4375-74d3-9d875e2e1dc1,30514,6aed9210-c500-4375-b0fc-3374c40b8591,PAYMENT,,CHECK,2022-09-20T21:42:53Z,1970-01-01T00:00:00Z,c958be17-14d8-3fc0-995a-9b952974be91,140,,,1,,,,1,20,Influenza  split virus  trivalent  PF,0.00,,,136.00,0.00,,0.00,6aed9210-c500-4375-dd83-2880898a7646,,6aed9210-c500-4375-1a39-0ae844fa877e,1,39b1cdc4-1ebb-35a1-bba7-2c9614175d2c,39b1cdc4-1ebb-35a1-bba7-2c9614175d2c
8474b71b-5915-ff41-26c2-a56e54607a74,6aed9210-c500-4375-74d3-9d875e2e1dc1,30516,6aed9210-c500-4375-b0fc-3374c40b8591,CHARGE,620.44,,2022-09-20T21:42:53Z,2022-09-20T22:37:07Z,c958be17-14d8-3fc0-995a-9b952974be91,710824005,,,1,,,,1,20,Assessment of health and social care needs (procedure),620.44,,1,0.00,0.00,,0.00,6aed9210-c500-4375-dd83-2880898a7646,,6aed9210-c500-4375-1a39-0ae844fa877e,1,39b1cdc4-1ebb-35a1-bba7-2c9614175d2c,39b1cdc4-1ebb-35a1-bba7-2c9614175d2c
08e96e36-b22b-fef3-4d85-4adca8c0f518,6aed9210-c500-4375-74d3-9d875e2e1dc1,30517,6aed9210-c500-4375-b0fc-3374c40b8591,TRANSFEROUT,,,2022-09-20T21:42:53Z,2022-09-20T22:37:07Z,c958be17-14d8-3fc0-995a-9b952974be91,710824005,,,1,,,,1,20,Assessment of health and social care needs (procedure),0.00,,,0.00,0.00,620.44,620.44,6aed9210-c500-4375-dd83-2880898a7646,,6aed9210-c500-4375-1a39-0ae844fa877e,1,39b1cdc4-1ebb-35a1-bba7-2c9614175d2c,39b1cdc4-1ebb-35a1-bba7-2c9614175d2c
11d2dc6d-6457-fe26-9b0a-95b95181eaf0,6aed9210-c500-4375-74d3-9d875e2e1dc1,30518,6aed9210-c500-4375-b0fc-3374c40b8591,TRANSFERIN,620.44,,2022-09-20T21:42:53Z,2022-09-20T22:37:07Z,c958be17-14d8-3fc0-995a-9b952974be91,710824005,,,1,,,,1,20,Assessment of health and social care needs (procedure),0.00,30517,p,0.00,0.00,620.44,620.44,6aed9210-c500-4375-dd83-2880898a7646,,6aed9210-c500-4375-1a39-0ae844fa877e,1,39b1cdc4-1ebb-35a1-bba7-2c9614175d2c,39b1cdc4-1ebb-35a1-bba7-2c9614175d2c
23a5b8da-c8af-fd7c-3615-2b72a303d611,6aed9210-c500-4375-74d3-9d875e2e1dc1,30519,6aed9210-c500-4375-b0fc-3374c40b8591,PAYMENT,,CASH,2022-09-20T21:42:53Z,2022-09-20T22:37:07Z,c958be17-14d8-3fc0-995a-9b952974be91,710824005,,,1,,,,1,20,Assessment of health and social care needs (procedure),0.00,,,620.44,0.00,,0.00,6aed9210-c500-4375-dd83-2880898a7646,,6aed9210-c500-4375-1a39-0ae844fa877e,1,39b1cdc4-1ebb-35a1-bba7-2c9614175d2c,39b1cdc4-1ebb-35a1-bba7-2c9614175d2c
6d64580a-3211-d2dc-b951-81f6fc9b0a95,6aed9210-c500-4375-74d3-9d875e2e1dc1,30521,6aed9210-c500-4375-b0fc-3374c40b8591,CHARGE,0.00,,2022-09-20T22:37:07Z,2022-09-20T22:51:25Z,c958be17-14d8-3fc0-995a-9b952974be91,171207006,,,1,,,,1,20,Depression screening (procedure),0.00,,1,0.00,0.00,,0.00,6aed9210-c500-4375-dd83-2880898a7646,,6aed9210-c500-4375-1a39-0ae844fa877e,1,39b1cdc4-1ebb-35a1-bba7-2c9614175d2c,39b1cdc4-1ebb-35a1-bba7-2c9614175d2c
b591602d-e047-4b71-e546-07df0a6c2a56,6aed9210-c500-4375-74d3-9d875e2e1dc1,30523,6aed9210-c500-4375-b0fc-3374c40b8591,CHARGE,0.00,,2022-09-20T22:51:25Z,2022-09-20T23:21:15Z,c958be17-14d8-3fc0-995a-9b952974be91,171207006,,,1,,,,1,20,Depression screening (procedure),0.00,,1,0.00,0.00,,0.00,6aed9210-c500-4375-dd83-2880898a7646,,6aed9210-c500-4375-1a39-0ae844fa877e,1,39b1cdc4-1ebb-35a1-bba7-2c9614175d2c,39b1cdc4-1ebb-35a1-bba7-2c9614175d2c
d64580c1-811d-2dc6-9518-1f8e29b0a95b,6aed9210-c500-4375-74d3-9d875e2e1dc1,30525,6aed9210-c500-4375-b0fc-3374c40b8591,CHARGE,0.00,,2022-09-20T23:21:15Z,2022-09-20T23:44:40Z,c958be17-14d8-3fc0-995a-9b952974be91,715252007,,,1,,,,1,20,Depression screening using Patient Health Questionnaire Nine Item score (procedure),0.00,,1,0.00,0.00,,0.00,6aed9210-c500-4375-dd83-2880898a7646,,6aed9210-c500-4375-1a39-0ae844fa877e,1,39b1cdc4-1ebb-35a1-bba7-2c9614175d2c,39b1cdc4-1ebb-35a1-bba7-2c9614175d2c
59160342-0474-b71b-5460-7e74a6c2a56e,6aed9210-c500-4375-74d3-9d875e2e1dc1,30527,6aed9210-c500-4375-b0fc-3374c40b8591,CHARGE,0.00,,2022-09-20T23:44:40Z,2022-09-20T23:57:47Z,c958be17-14d8-3fc0-995a-9b952974be91,428211000124100,,,1,,,,1,20,Assessment of substance use (procedure),0.00,,1,0.00,0.00,,0.00,6aed9210-c500-4375-dd83-2880898a7646,,6aed9210-c500-4375-1a39-0ae844fa877e,1,39b1cdc4-1ebb-35a1-bba7-2c9614175d2c,39b1cdc4-1ebb-35a1-bba7-2c9614175d2c
64580e28-11d2-dc6d-5181-faf29b0a95b9,6aed9210-c500-4375-74d3-9d875e2e1dc1,30529,6aed9210-c500-4375-b0fc-3374c40b8591,CHARGE,0.00,,2022-09-20T23:57:47Z,2022-09-21T00:22:11Z,c958be17-14d8-3fc0-995a-9b952974be91,763302001,,,1,,,,1,20,Assessment using Alcohol Use Disorders Identification Test - Consumption (procedure),0.00,,1,0.00,0.00,,0.00,6aed9210-c500-4375-dd83-2880898a7646,,6aed9210-c500-4375-1a39-0ae844fa877e,1,39b1cdc4-1ebb-35a1-bba7-2c9614175d2c,39b1cdc4-1ebb-35a1-bba7-2c9614175d2c
fa08e96e-36b2-2c0c-1f4d-854adca8c103,6aed9210-c500-4375-74d3-9d875e2e1dc1,30531,6aed9210-c500-4375-b0fc-3374c40b8591,CHARGE,0.00,,2022-09-21T00:22:11Z,2022-09-21T00:36:21Z,c958be17-14d8-3fc0-995a-9b952974be91,103697008,,,1,,,,1,20,Patient referral for dental care (procedure),0.00,,1,0.00,0.00,,0.00,6aed9210-c500-4375-dd83-2880898a7646,,6aed9210-c500-4375-1a39-0ae844fa877e,1,39b1cdc4-1ebb-35a1-bba7-2c9614175d2c,39b1cdc4-1ebb-35a1-bba7-2c9614175d2c
ea658d72-8cec-19db-115c-b6f03229a32d,6aed9210-c500-4375-10b1-2d8a6821f44f,30533,6aed9210-c500-4375-b0fc-3374c40b8591,CHARGE,245.97,,2022-09-20T21:42:53Z,2023-09-26T21:42:53Z,c958be17-14d8-3fc0-995a-9b952974be91,206905,,,1,,,,1,20,Ibuprofen 400 MG Oral Tablet [Ibu],245.97,,1,0.00,0.00,,0.00,6aed9210-c500-4375-dd83-2880898a7646,,6aed9210-c500-4375-1a39-0ae844fa877e,1,39b1cdc4-1ebb-35a1-bba7-2c9614175d2c,39b1cdc4-1ebb-35a1-bba7-2c9614175d2c
d4cb1ae5-19d8-43b7-22b9-6de06453765a,6aed9210-c500-4375-10b1-2d8a6821f44f,30534,6aed9210-c500-4375-b0fc-3374c40b8591,TRANSFEROUT,,,2022-09-20T21:42:53Z,2023-09-26T21:42:53Z,c958be17-14d8-3fc0-995a-9b952974be91,206905,,,1,,,,1,20,Ibuprofen 400 MG Oral Tablet [Ibu],0.00,,,0.00,0.00,245.97,245.97,6aed9210-c500-4375-dd83-2880898a7646,,6aed9210-c500-4375-1a39-0ae844fa877e,1,39b1cdc4-1ebb-35a1-bba7-2c9614175d2c,39b1cdc4-1ebb-35a1-bba7-2c9614175d2c
a99635ca-33b0-f76f-4572-dbc0c8a71cb4,6aed9210-c500-4375-10b1-2d8a6821f44f,30535,6aed9210-c500-4375-b0fc-3374c40b8591,TRANSFERIN,245.97,,2022-09-20T21:42:53Z,2023-09-26T21:42:53Z,c958be17-14d8-3fc0-995a-9b952974be91,206905,,,1,,,,1,20,Ibuprofen 400 MG Oral Tablet [Ibu],0.00,30534,p,0.00,0.00,245.97,245.97,6aed9210-c500-4375-dd83-2880898a7646,,6aed9210-c500-4375-1a39-0ae844fa877e,1,39b1cdc4-1ebb-35a1-bba7-2c9614175d2c,39b1cdc4-1ebb-35a1-bba7-2c9614175d2c
532c6b94-6762-2edf-8ae5-b781914ef968,6aed9210-c500-4375-10b1-2d8a6821f44f,30536,6aed9210-c500-4375-b0fc-3374c40b8591,PAYMENT,,CC,2022-09-20T21:42:53Z,2023-09-26T21:42:53Z,c958be17-14d8-3fc0-995a-9b952974be91,206905,,,1,,,,1,20,Ibuprofen 400 MG Oral Tablet [Ibu],0.00,,,245.97,0.00,,0.00,6aed9210-c500-4375-dd83-2880898a7646,,6aed9210-c500-4375-1a39-0ae844fa877e,1,39b1cdc4-1ebb-35a1-bba7-2c9614175d2c,39b1cdc4-1ebb-35a1-bba7-2c9614175d2c
26a577b4-aeeb-2039-827e-0cc71e5e002c,6aed9210-c500-4375-0cbc-96fb6c50b0b4,30538,6aed9210-c500-4375-b0fc-3374c40b8591,CHARGE,83.05,,2022-10-04T21:42:53Z,2022-10-05T02:14:41Z,99204b0a-62e2-34dc-b3f6-290819949428,185349003,,,1,2,,,1,1,Encounter for check up (procedure),83.05,,1,0.00,0.00,,0.00,6aed9210-c500-4375-67eb-bb575b10f2f9,,6aed9210-c500-4375-1a39-0ae844fa877e,1,5aabe8ce-ac28-3172-a0af-663137c7f5f5,5aabe8ce-ac28-3172-a0af-663137c7f5f5
4d4def69-5dd6-4072-04ff-198e3cbc0059,6aed9210-c500-4375-0cbc-96fb6c50b0b4,30539,6aed9210-c500-4375-b0fc-3374c40b8591,TRANSFEROUT,,,2022-10-04T21:42:53Z,2022-10-05T02:14:41Z,99204b0a-62e2-34dc-b3f6-290819949428,185349003,,,1,2,,,1,1,Encounter for check up (procedure),0.00,,,0.00,0.00,83.05,83.05,6aed9210-c500-4375-67eb-bb575b10f2f9,,6aed9210-c500-4375-1a39-0ae844fa877e,1,5aabe8ce-ac28-3172-a0af-663137c7f5f5,5aabe8ce-ac28-3172-a0af-663137c7f5f5
da577590-1c93-5e26-638f-2f0016414af1,6aed9210-c500-4375-0cbc-96fb6c50b0b4,30540,6aed9210-c500-4375-b0fc-3374c40b8591,TRANSFERIN,83.05,,2022-10-04T21:42:53Z,2022-10-05T02:14:41Z,99204b0a-62e2-34dc-b3f6-290819949428,185349003,,,1,2,,,1,1,Encounter for check up (procedure),0.00,30539,p,0.00,0.00,83.05,83.05,6aed9210-c500-4375-67eb-bb575b10f2f9,,6aed9210-c500-4375-1a39-0ae844fa877e,1,5aabe8ce-ac28-3172-a0af-663137c7f5f5,5aabe8ce-ac28-3172-a0af-663137c7f5f5
b4aeeb20-3926-bd7d-c71e-5e002c829612,6aed9210-c500-4375-0cbc-96fb6c50b0b4,30541,6aed9210-c500-4375-b0fc-3374c40b8591,PAYMENT,,CHECK,2022-10-04T21:42:53Z,2022-10-05T02:14:41Z,99204b0a-62e2-34dc-b3f6-290819949428,185349003,,,1,2,,,1,1,Encounter for check up (procedure),0.00,,,83.05,0.00,,0.00,6aed9210-c500-4375-67eb-bb575b10f2f9,,6aed9210-c500-4375-1a39-0ae844fa877e,1,5aabe8ce-ac28-3172-a0af-663137c7f5f5,5aabe8ce-ac28-3172-a0af-663137c7f5f5
d2bbac80-e49a-fef6-1c79-7800b20a614b,6aed9210-c500-4375-0cbc-96fb6c50b0b4,30543,6aed9210-c500-4375-b0fc-3374c40b8591,CHARGE,620.44,,2022-10-04T21:42:53Z,2022-10-04T22:14:36Z,99204b0a-62e2-34dc-b3f6-290819949428,34043003,,,1,2,,,1,1,Dental consultation and report (procedure),620.44,,1,0.00,0.00,,0.00,6aed9210-c500-4375-67eb-bb575b10f2f9,,6aed9210-c500-4375-1a39-0ae844fa877e,1,5aabe8ce-ac28-3172-a0af-663137c7f5f5,5aabe8ce-ac28-3172-a0af-663137c7f5f5
a5775901-c936-01ed-38f2-f0016414ce96,6aed9210-c500-4375-0cbc-96fb6c50b0b4,30544,6aed9210-c500-4375-b0fc-3374c40b8591,TRANSFEROUT,,,2022-10-04T21:42:53Z,2022-10-04T22:14:36Z,99204b0a-62e2-34dc-b3f6-290819949428,34043003,,,1,2,,,1,1,Dental consultation and report (procedure),0.00,,,0.00,0.00,620.44,620.44,6aed9210-c500-4375-67eb-bb575b10f2f9,,6aed9210-c500-4375-1a39-0ae844fa877e,1,5aabe8ce-ac28-3172-a0af-663137c7f5f5,5aabe8ce-ac28-3172-a0af-663137c7f5f5
4aeeb203-926c-19db-71e5-e002c829a32c,6aed9210-c500-4375-0cbc-96fb6c50b0b4,30545,6aed9210-c500-4375-b0fc-3374c40b8591,TRANSFERIN,620.44,,2022-10-04T21:42:53Z,2022-10-04T22:14:36Z,99204b0a-62e2-34dc-b3f6-290819949428,34043003,,,1,2,,,1,1,Dental consultation and report (procedure),0.00,30544,p,0.00,0.00,620.44,620.44,6aed9210-c500-4375-67eb-bb575b10f2f9,,6aed9210-c500-4375-1a39-0ae844fa877e,1,5aabe8ce-ac28-3172-a0af-663137c7f5f5,5aabe8ce-ac28-3172-a0af-663137c7f5f5
95dd6407-24d8-43b6-e3cb-c00590537658,6aed9210-c500-4375-0cbc-96fb6c50b0b4,30546,6aed9210-c500-4375-b0fc-3374c40b8591,PAYMENT,,CASH,2022-10-04T21:42:53Z,2022-10-04T22:14:36Z,99204b0a-62e2-34dc-b3f6-290819949428,34043003,,,1,2,,,1,1,Dental consultation and report (procedure),0.00,,,620.44,0.00,,0.00,6aed9210-c500-4375-67eb-bb575b10f2f9,,6aed9210-c500-4375-1a39-0ae844fa877e,1,5aabe8ce-ac28-3172-a0af-663137c7f5f5,5aabe8ce-ac28-3172-a0af-663137c7f5f5
5775901c-9362-2eda-8f2f-0016414ef963,6aed9210-c500-4375-0cbc-96fb6c50b0b4,30548,6aed9210-c500-4375-b0fc-3374c40b8591,CHARGE,620.44,,2022-10-04T22:14:36Z,2022-10-04T22:32:55Z,99204b0a-62e2-34dc-b3f6-290819949428,225362009,,,1,2,,,1,1,Dental care (regime/therapy),620.44,,1,0.00,0.00,,0.00,6aed9210-c500-4375-67eb-bb575b10f2f9,,6aed9210-c500-4375-1a39-0ae844fa877e,1,5aabe8ce-ac28-3172-a0af-663137c7f5f5,5aabe8ce-ac28-3172-a0af-663137c7f5f5
aeeb2039-26c5-75b4-1e5e-002c829e0ac7,6aed9210-c500-4375-0cbc-96fb6c50b0b4,30549,6aed9210-c500-4375-b0fc-3374c40b8591,TRANSFEROUT,,,2022-10-04T22:14:36Z,2022-10-04T22:32:55Z,99204b0a-62e2-34dc-b3f6-290819949428,225362009,,,1,2,,,1,1,Dental care (regime/therapy),0.00,,,0.00,0.00,620.44,620.44,6aed9210-c500-4375-67eb-bb575b10f2f9,,6aed9210-c500-4375-1a39-0ae844fa877e,1,5aabe8ce-ac28-3172-a0af-663137c7f5f5,5aabe8ce-ac28-3172-a0af-663137c7f5f5
0e49b6f4-6d2b-bac8-0b20-ad19b1c79780,6aed9210-c500-4375-0cbc-96fb6c50b0b4,30550,6aed9210-c500-4375-b0fc-3374c40b8591,TRANSFERIN,620.44,,2022-10-04T22:14:36Z,2022-10-04T22:32:55Z,99204b0a-62e2-34dc-b3f6-290819949428,225362009,,,1,2,,,1,1,Dental care (regime/therapy),0.00,30549,p,0.00,0.00,620.44,620.44,6aed9210-c500-4375-67eb-bb575b10f2f9,,6aed9210-c500-4375-1a39-0ae844fa877e,1,5aabe8ce-ac28-3172-a0af-663137c7f5f5,5aabe8ce-ac28-3172-a0af-663137c7f5f5
1c936e28-da57-7590-1641-5af3638f2f00,6aed9210-c500-4375-0cbc-96fb6c50b0b4,30551,6aed9210-c500-4375-b0fc-3374c40b8591,PAYMENT,,CC,2022-10-04T22:14:36Z,2022-10-04T22:32:55Z,99204b0a-62e2-34dc-b3f6-290819949428,225362009,,,1,2,,,1,1,Dental care (regime/therapy),0.00,,,620.44,0.00,,0.00,6aed9210-c500-4375-67eb-bb575b10f2f9,,6aed9210-c500-4375-1a39-0ae844fa877e,1,5aabe8ce-ac28-3172-a0af-663137c7f5f5,5aabe8ce-ac28-3172-a0af-663137c7f5f5
724dbc03-695d-d640-5905-6f2d8e3cbc00,6aed9210-c500-4375-0cbc-96fb6c50b0b4,30553,6aed9210-c500-4375-b0fc-3374c40b8591,CHARGE,620.44,,2022-10-04T22:32:55Z,2022-10-04T23:14:56Z,99204b0a-62e2-34dc-b3f6-290819949428,1260009003,,,1,2,,,1,1,Removal of supragingival plaque and calculus from all teeth using dental instrument (procedure),620.44,,1,0.00,0.00,,0.00,6aed9210-c500-4375-67eb-bb575b10f2f9,,6aed9210-c500-4375-1a39-0ae844fa877e,1,5aabe8ce-ac28-3172-a0af-663137c7f5f5,5aabe8ce-ac28-3172-a0af-663137c7f5f5
e49b7f06-d2bb-ac80-b20a-e15b1c797800,6aed9210-c500-4375-0cbc-96fb6c50b0b4,30554,6aed9210-c500-4375-b0fc-3374c40b8591,TRANSFEROUT,,,2022-10-04T22:32:55Z,2022-10-04T23:14:56Z,99204b0a-62e2-34dc-b3f6-290819949428,1260009003,,,1,2,,,1,1,Removal of supragingival plaque and calculus from all teeth using dental instrument (procedure),0.00,,,0.00,0.00,620.44,620.44,6aed9210-c500-4375-67eb-bb575b10f2f9,,6aed9210-c500-4375-1a39-0ae844fa877e,1,5aabe8ce-ac28-3172-a0af-663137c7f5f5,5aabe8ce-ac28-3172-a0af-663137c7f5f5
c937020d-a577-5901-6415-ceb638f2f001,6aed9210-c500-4375-0cbc-96fb6c50b0b4,30555,6aed9210-c500-4375-b0fc-3374c40b8591,TRANSFERIN,620.44,,2022-10-04T22:32:55Z,2022-10-04T23:14:56Z,99204b0a-62e2-34dc-b3f6-290819949428,1260009003,,,1,2,,,1,1,Removal of supragingival plaque and calculus from all teeth using dental instrument (procedure),0.00,30554,p,0.00,0.00,620.44,620.44,6aed9210-c500-4375-67eb-bb575b10f2f9,,6aed9210-c500-4375-1a39-0ae844fa877e,1,5aabe8ce-ac28-3172-a0af-663137c7f5f5,5aabe8ce-ac28-3172-a0af-663137c7f5f5
926e1a1b-4aee-b203-c82b-a36c71e5e002,6aed9210-c500-4375-0cbc-96fb6c50b0b4,30556,6aed9210-c500-4375-b0fc-3374c40b8591,PAYMENT,,CHECK,2022-10-04T22:32:55Z,2022-10-04T23:14:56Z,99204b0a-62e2-34dc-b3f6-290819949428,1260009003,,,1,2,,,1,1,Removal of supragingival plaque and calculus from all teeth using dental instrument (procedure),0.00,,,620.44,0.00,,0.00,6aed9210-c500-4375-67eb-bb575b10f2f9,,6aed9210-c500-4375-1a39-0ae844fa877e,1,5aabe8ce-ac28-3172-a0af-663137c7f5f5,5aabe8ce-ac28-3172-a0af-663137c7f5f5
49b8f86d-2bba-c80e-20af-1db1c797800b,6aed9210-c500-4375-0cbc-96fb6c50b0b4,30558,6aed9210-c500-4375-b0fc-3374c40b8591,CHARGE,620.44,,2022-10-04T23:14:56Z,2022-10-04T23:56:15Z,99204b0a-62e2-34dc-b3f6-290819949428,1260010008,,,1,2,,,1,1,Removal of subgingival plaque and calculus from all teeth using dental instrument (procedure),620.44,,1,0.00,0.00,,0.00,6aed9210-c500-4375-67eb-bb575b10f2f9,,6aed9210-c500-4375-1a39-0ae844fa877e,1,5aabe8ce-ac28-3172-a0af-663137c7f5f5,5aabe8ce-ac28-3172-a0af-663137c7f5f5
937230da-5775-901c-415e-fb638f2f0016,6aed9210-c500-4375-0cbc-96fb6c50b0b4,30559,6aed9210-c500-4375-b0fc-3374c40b8591,TRANSFEROUT,,,2022-10-04T23:14:56Z,2022-10-04T23:56:15Z,99204b0a-62e2-34dc-b3f6-290819949428,1260010008,,,1,2,,,1,1,Removal of subgingival plaque and calculus from all teeth using dental instrument (procedure),0.00,,,0.00,0.00,620.44,620.44,6aed9210-c500-4375-67eb-bb575b10f2f9,,6aed9210-c500-4375-1a39-0ae844fa877e,1,5aabe8ce-ac28-3172-a0af-663137c7f5f5,5aabe8ce-ac28-3172-a0af-663137c7f5f5
9695dd64-0724-df41-38e3-cbc005905a74,6aed9210-c500-4375-0cbc-96fb6c50b0b4,30560,6aed9210-c500-4375-b0fc-3374c40b8591,TRANSFERIN,620.44,,2022-10-04T23:14:56Z,2022-10-04T23:56:15Z,99204b0a-62e2-34dc-b3f6-290819949428,1260010008,,,1,2,,,1,1,Removal of subgingival plaque and calculus from all teeth using dental instrument (procedure),0.00,30559,p,0.00,0.00,620.44,620.44,6aed9210-c500-4375-67eb-bb575b10f2f9,,6aed9210-c500-4375-1a39-0ae844fa877e,1,5aabe8ce-ac28-3172-a0af-663137c7f5f5,5aabe8ce-ac28-3172-a0af-663137c7f5f5
2d2bbac8-0e49-bef3-71c7-97800b20b518,6aed9210-c500-4375-0cbc-96fb6c50b0b4,30561,6aed9210-c500-4375-b0fc-3374c40b8591,PAYMENT,,CASH,2022-10-04T23:14:56Z,2022-10-04T23:56:15Z,99204b0a-62e2-34dc-b3f6-290819949428,1260010008,,,1,2,,,1,1,Removal of subgingival plaque and calculus from all teeth using dental instrument (procedure),0.00,,,620.44,0.00,,0.00,6aed9210-c500-4375-67eb-bb575b10f2f9,,6aed9210-c500-4375-1a39-0ae844fa877e,1,5aabe8ce-ac28-3172-a0af-663137c7f5f5,5aabe8ce-ac28-3172-a0af-663137c7f5f5
b4aeeb20-3926-fd7c-c71e-5e002c82d611,6aed9210-c500-4375-0cbc-96fb6c50b0b4,30563,6aed9210-c500-4375-b0fc-3374c40b8591,CHARGE,620.44,,2022-10-04T23:56:15Z,2022-10-05T00:43:14Z,99204b0a-62e2-34dc-b3f6-290819949428,274788003,,,1,2,,,1,1,Examination of gingivae (procedure),620.44,,1,0.00,0.00,,0.00,6aed9210-c500-4375-67eb-bb575b10f2f9,,6aed9210-c500-4375-1a39-0ae844fa877e,1,5aabe8ce-ac28-3172-a0af-663137c7f5f5,5aabe8ce-ac28-3172-a0af-663137c7f5f5
695dd640-724d-fdf9-8e3c-bc005905af23,6aed9210-c500-4375-0cbc-96fb6c50b0b4,30564,6aed9210-c500-4375-b0fc-3374c40b8591,PAYMENT,,ECHECK,2022-10-04T23:56:15Z,2022-10-05T00:43:14Z,99204b0a-62e2-34dc-b3f6-290819949428,274788003,,,1,2,,,1,1,Examination of gingivae (procedure),0.00,,,174.08,0.00,,446.36,6aed9210-c500-4375-67eb-bb575b10f2f9,,6aed9210-c500-4375-1a39-0ae844fa877e,1,5aabe8ce-ac28-3172-a0af-663137c7f5f5,5aabe8ce-ac28-3172-a0af-663137c7f5f5
d2bbac80-e49b-fef2-1c79-7800b20b6147,6aed9210-c500-4375-0cbc-96fb6c50b0b4,30565,6aed9210-c500-4375-b0fc-3374c40b8591,TRANSFEROUT,,,2022-10-04T23:56:15Z,2022-10-05T00:43:14Z,99204b0a-62e2-34dc-b3f6-290819949428,274788003,,,1,2,,,1,1,Examination of gingivae (procedure),0.00,,,0.00,0.00,446.36,446.36,6aed9210-c500-4375-67eb-bb575b10f2f9,,6aed9210-c500-4375-1a39-0ae844fa877e,1,5aabe8ce-ac28-3172-a0af-663137c7f5f5,5aabe8ce-ac28-3172-a0af-663137c7f5f5
a5775901-c938-01e5-38f2-f0016416ce8e,6aed9210-c500-4375-0cbc-96fb6c50b0b4,30566,6aed9210-c500-4375-b0fc-3374c40b8591,TRANSFERIN,446.36,,2022-10-04T23:56:15Z,2022-10-05T00:43:14Z,99204b0a-62e2-34dc-b3f6-290819949428,274788003,,,1,2,,,1,1,Examination of gingivae (procedure),0.00,30565,p,0.00,0.00,446.36,446.36,6aed9210-c500-4375-67eb-bb575b10f2f9,,6aed9210-c500-4375-1a39-0ae844fa877e,1,5aabe8ce-ac28-3172-a0af-663137c7f5f5,5aabe8ce-ac28-3172-a0af-663137c7f5f5
4aeeb203-9270-19cb-71e5-e002c82da31c,6aed9210-c500-4375-0cbc-96fb6c50b0b4,30567,6aed9210-c500-4375-b0fc-3374c40b8591,PAYMENT,,CASH,2022-10-04T23:56:15Z,2022-10-05T00:43:14Z,99204b0a-62e2-34dc-b3f6-290819949428,274788003,,,1,2,,,1,1,Examination of gingivae (procedure),0.00,,,446.36,0.00,,0.00,6aed9210-c500-4375-67eb-bb575b10f2f9,,6aed9210-c500-4375-1a39-0ae844fa877e,1,5aabe8ce-ac28-3172-a0af-663137c7f5f5,5aabe8ce-ac28-3172-a0af-663137c7f5f5
2bbac80e-49c0-f72d-c797-800b20b71c71,6aed9210-c500-4375-0cbc-96fb6c50b0b4,30569,6aed9210-c500-4375-b0fc-3374c40b8591,CHARGE,620.44,,2022-10-05T00:43:14Z,2022-10-05T01:25:29Z,99204b0a-62e2-34dc-b3f6-290819949428,1259293006,,,1,2,,,1,1,Application of composite dental filling material to dentin of tooth following fracture of tooth (procedure),620.44,,1,0.00,0.00,,0.00,6aed9210-c500-4375-67eb-bb575b10f2f9,,6aed9210-c500-4375-1a39-0ae844fa877e,1,5aabe8ce-ac28-3172-a0af-663137c7f5f5,5aabe8ce-ac28-3172-a0af-663137c7f5f5
03927199-0b4a-eeb2-02c8-2f225c71e5e0,6aed9210-c500-4375-0cbc-96fb6c50b0b4,30570,6aed9210-c500-4375-b0fc-3374c40b8591,PAYMENT,,ECHECK,2022-10-05T00:43:14Z,2022-10-05T01:25:29Z,99204b0a-62e2-34dc-b3f6-290819949428,1259293006,,,1,2,,,1,1,Application of composite dental filling material to dentin of tooth following fracture of tooth (procedure),0.00,,,434.31,0.00,,186.13,6aed9210-c500-4375-67eb-bb575b10f2f9,,6aed9210-c500-4375-1a39-0ae844fa877e,1,5aabe8ce-ac28-3172-a0af-663137c7f5f5,5aabe8ce-ac28-3172-a0af-663137c7f5f5
0724e342-1695-dd64-0590-5e74b8e3cbc0,6aed9210-c500-4375-0cbc-96fb6c50b0b4,30571,6aed9210-c500-4375-b0fc-3374c40b8591,TRANSFEROUT,,,2022-10-05T00:43:14Z,2022-10-05T01:25:29Z,99204b0a-62e2-34dc-b3f6-290819949428,1259293006,,,1,2,,,1,1,Application of composite dental filling material to dentin of tooth following fracture of tooth (procedure),0.00,,,0.00,0.00,186.13,186.13,6aed9210-c500-4375-67eb-bb575b10f2f9,,6aed9210-c500-4375-1a39-0ae844fa877e,1,5aabe8ce-ac28-3172-a0af-663137c7f5f5,5aabe8ce-ac28-3172-a0af-663137c7f5f5
0e49c6f4-2d2b-bac8-0b20-bd1971c79780,6aed9210-c500-4375-0cbc-96fb6c50b0b4,30572,6aed9210-c500-4375-b0fc-3374c40b8591,TRANSFERIN,186.13,,2022-10-05T00:43:14Z,2022-10-05T01:25:29Z,99204b0a-62e2-34dc-b3f6-290819949428,1259293006,,,1,2,,,1,1,Application of composite dental filling material to dentin of tooth following fracture of tooth (procedure),0.00,30571,p,0.00,0.00,186.13,186.13,6aed9210-c500-4375-67eb-bb575b10f2f9,,6aed9210-c500-4375-1a39-0ae844fa877e,1,5aabe8ce-ac28-3172-a0af-663137c7f5f5,5aabe8ce-ac28-3172-a0af-663137c7f5f5
1c938e28-5a57-7590-1641-7af2e38f2f00,6aed9210-c500-4375-0cbc-96fb6c50b0b4,30573,6aed9210-c500-4375-b0fc-3374c40b8591,PAYMENT,,CASH,2022-10-05T00:43:14Z,2022-10-05T01:25:29Z,99204b0a-62e2-34dc-b3f6-290819949428,1259293006,,,1,2,,,1,1,Application of composite dental filling material to dentin of tooth following fracture of tooth (procedure),0.00,,,186.13,0.00,,0.00,6aed9210-c500-4375-67eb-bb575b10f2f9,,6aed9210-c500-4375-1a39-0ae844fa877e,1,5aabe8ce-ac28-3172-a0af-663137c7f5f5,5aabe8ce-ac28-3172-a0af-663137c7f5f5
724e3c01-695d-d640-5905-ef2b8e3cbc00,6aed9210-c500-4375-0cbc-96fb6c50b0b4,30575,6aed9210-c500-4375-b0fc-3374c40b8591,CHARGE,620.44,,2022-10-05T01:25:29Z,2022-10-05T01:53:49Z,99204b0a-62e2-34dc-b3f6-290819949428,68071007,,,1,2,,,1,1,Dental fluoride treatment (procedure),620.44,,1,0.00,0.00,,0.00,6aed9210-c500-4375-67eb-bb575b10f2f9,,6aed9210-c500-4375-1a39-0ae844fa877e,1,5aabe8ce-ac28-3172-a0af-663137c7f5f5,5aabe8ce-ac28-3172-a0af-663137c7f5f5
e49c7f02-d2bb-ac80-b20b-e1571c797800,6aed9210-c500-4375-0cbc-96fb6c50b0b4,30576,6aed9210-c500-4375-b0fc-3374c40b8591,PAYMENT,,ECHECK,2022-10-05T01:25:29Z,2022-10-05T01:53:49Z,99204b0a-62e2-34dc-b3f6-290819949428,68071007,,,1,2,,,1,1,Dental fluoride treatment (procedure),0.00,,,434.3100,0.00,,186.13,6aed9210-c500-4375-67eb-bb575b10f2f9,,6aed9210-c500-4375-1a39-0ae844fa877e,1,5aabe8ce-ac28-3172-a0af-663137c7f5f5,5aabe8ce-ac28-3172-a0af-663137c7f5f5
c9390205-a577-5901-6417-ceae38f2f001,6aed9210-c500-4375-0cbc-96fb6c50b0b4,30577,6aed9210-c500-4375-b0fc-3374c40b8591,TRANSFEROUT,,,2022-10-05T01:25:29Z,2022-10-05T01:53:49Z,99204b0a-62e2-34dc-b3f6-290819949428,68071007,,,1,2,,,1,1,Dental fluoride treatment (procedure),0.00,,,0.00,0.00,186.13,186.13,6aed9210-c500-4375-67eb-bb575b10f2f9,,6aed9210-c500-4375-1a39-0ae844fa877e,1,5aabe8ce-ac28-3172-a0af-663137c7f5f5,5aabe8ce-ac28-3172-a0af-663137c7f5f5
92721a0b-4aee-b203-c82f-a35c71e5e002,6aed9210-c500-4375-0cbc-96fb6c50b0b4,30578,6aed9210-c500-4375-b0fc-3374c40b8591,TRANSFERIN,186.1300,,2022-10-05T01:25:29Z,2022-10-05T01:53:49Z,99204b0a-62e2-34dc-b3f6-290819949428,68071007,,,1,2,,,1,1,Dental fluoride treatment (procedure),0.00,30577,p,0.00,0.00,186.13,186.13,6aed9210-c500-4375-67eb-bb575b10f2f9,,6aed9210-c500-4375-1a39-0ae844fa877e,1,5aabe8ce-ac28-3172-a0af-663137c7f5f5,5aabe8ce-ac28-3172-a0af-663137c7f5f5
24e44416-95dd-6407-905f-76b8e3cbc005,6aed9210-c500-4375-0cbc-96fb6c50b0b4,30579,6aed9210-c500-4375-b0fc-3374c40b8591,PAYMENT,,CASH,2022-10-05T01:25:29Z,2022-10-05T01:53:49Z,99204b0a-62e2-34dc-b3f6-290819949428,68071007,,,1,2,,,1,1,Dental fluoride treatment (procedure),0.00,,,186.13,0.00,,0.00,6aed9210-c500-4375-67eb-bb575b10f2f9,,6aed9210-c500-4375-1a39-0ae844fa877e,1,5aabe8ce-ac28-3172-a0af-663137c7f5f5,5aabe8ce-ac28-3172-a0af-663137c7f5f5
eb4aeeb2-0392-7398-3c71-e5e002c83122,6aed9210-c500-4375-0cbc-96fb6c50b0b4,30581,6aed9210-c500-4375-b0fc-3374c40b8591,CHARGE,620.44,,2022-10-05T01:53:49Z,2022-10-05T02:14:41Z,99204b0a-62e2-34dc-b3f6-290819949428,243085009,,,1,2,,,1,1,Oral health education (procedure),620.44,,1,0.00,0.00,,0.00,6aed9210-c500-4375-67eb-bb575b10f2f9,,6aed9210-c500-4375-1a39-0ae844fa877e,1,5aabe8ce-ac28-3172-a0af-663137c7f5f5,5aabe8ce-ac28-3172-a0af-663137c7f5f5
d695dd64-0724-e741-78e3-cbc005906274,6aed9210-c500-4375-0cbc-96fb6c50b0b4,30582,6aed9210-c500-4375-b0fc-3374c40b8591,PAYMENT,,ECHECK,2022-10-05T01:53:49Z,2022-10-05T02:14:41Z,99204b0a-62e2-34dc-b3f6-290819949428,243085009,,,1,2,,,1,1,Oral health education (procedure),0.00,,,434.31,0.00,,186.13,6aed9210-c500-4375-67eb-bb575b10f2f9,,6aed9210-c500-4375-1a39-0ae844fa877e,1,5aabe8ce-ac28-3172-a0af-663137c7f5f5,5aabe8ce-ac28-3172-a0af-663137c7f5f5
ad2bbac8-0e49-cef3-f1c7-97800b20c518,6aed9210-c500-4375-0cbc-96fb6c50b0b4,30583,6aed9210-c500-4375-b0fc-3374c40b8591,TRANSFEROUT,,,2022-10-05T01:53:49Z,2022-10-05T02:14:41Z,99204b0a-62e2-34dc-b3f6-290819949428,243085009,,,1,2,,,1,1,Oral health education (procedure),0.00,,,0.00,0.00,186.13,186.13,6aed9210-c500-4375-67eb-bb575b10f2f9,,6aed9210-c500-4375-1a39-0ae844fa877e,1,5aabe8ce-ac28-3172-a0af-663137c7f5f5,5aabe8ce-ac28-3172-a0af-663137c7f5f5
5a577590-1c93-9e27-e38f-2f0016418af1,6aed9210-c500-4375-0cbc-96fb6c50b0b4,30584,6aed9210-c500-4375-b0fc-3374c40b8591,TRANSFERIN,186.13,,2022-10-05T01:53:49Z,2022-10-05T02:14:41Z,99204b0a-62e2-34dc-b3f6-290819949428,243085009,,,1,2,,,1,1,Oral health education (procedure),0.00,30583,p,0.0000,0.00,186.13,186.13,6aed9210-c500-4375-67eb-bb575b10f2f9,,6aed9210-c500-4375-1a39-0ae844fa877e,1,5aabe8ce-ac28-3172-a0af-663137c7f5f5,5aabe8ce-ac28-3172-a0af-663137c7f5f5
b4aeeb20-3927-3d7e-c71e-5e002c831613,6aed9210-c500-4375-0cbc-96fb6c50b0b4,30585,6aed9210-c500-4375-b0fc-3374c40b8591,PAYMENT,,CASH,2022-10-05T01:53:49Z,2022-10-05T02:14:41Z,99204b0a-62e2-34dc-b3f6-290819949428,243085009,,,1,2,,,1,1,Oral health education (procedure),0.00,,,186.13,0.00,,0.00,6aed9210-c500-4375-67eb-bb575b10f2f9,,6aed9210-c500-4375-1a39-0ae844fa877e,1,5aabe8ce-ac28-3172-a0af-663137c7f5f5,5aabe8ce-ac28-3172-a0af-663137c7f5f5
be0e0a1a-7693-c99e-f3cb-936b9d8af79d,6aed9210-c500-4375-52bf-8d0af98ea598,30587,6aed9210-c500-4375-b0fc-3374c40b8591,CHARGE,245.97,,2022-10-05T01:25:29Z,2022-10-05T01:25:29Z,99204b0a-62e2-34dc-b3f6-290819949428,1535362,,,1,2,,,1,1,sodium fluoride 0.0272 MG/MG Oral Gel,245.97,,1,0.00,0.00,,0.00,6aed9210-c500-4375-67eb-bb575b10f2f9,,6aed9210-c500-4375-1a39-0ae844fa877e,1,5aabe8ce-ac28-3172-a0af-663137c7f5f5,5aabe8ce-ac28-3172-a0af-663137c7f5f5
7c1c2434-ed27-933d-e797-56d73b15ef3b,6aed9210-c500-4375-52bf-8d0af98ea598,30588,6aed9210-c500-4375-b0fc-3374c40b8591,TRANSFEROUT,,,2022-10-05T01:25:29Z,2022-10-05T01:25:29Z,99204b0a-62e2-34dc-b3f6-290819949428,1535362,,,1,2,,,1,1,sodium fluoride 0.0272 MG/MG Oral Gel,0.00,,,0.00,0.00,245.97,245.97,6aed9210-c500-4375-67eb-bb575b10f2f9,,6aed9210-c500-4375-1a39-0ae844fa877e,1,5aabe8ce-ac28-3172-a0af-663137c7f5f5,5aabe8ce-ac28-3172-a0af-663137c7f5f5
f838b869-da4f-267a-cf2e-ddae762bde77,6aed9210-c500-4375-52bf-8d0af98ea598,30589,6aed9210-c500-4375-b0fc-3374c40b8591,TRANSFERIN,245.97,,2022-10-05T01:25:29Z,2022-10-05T01:25:29Z,99204b0a-62e2-34dc-b3f6-290819949428,1535362,,,1,2,,,1,1,sodium fluoride 0.0272 MG/MG Oral Gel,0.00,30588,p,0.00,0.00,245.97,245.97,6aed9210-c500-4375-67eb-bb575b10f2f9,,6aed9210-c500-4375-1a39-0ae844fa877e,1,5aabe8ce-ac28-3172-a0af-663137c7f5f5,5aabe8ce-ac28-3172-a0af-663137c7f5f5
ca7693c9-9ebe-0f88-1b9d-8af79df3cd12,6aed9210-c500-4375-52bf-8d0af98ea598,30590,6aed9210-c500-4375-b0fc-3374c40b8591,PAYMENT,,CC,2022-10-05T01:25:29Z,2022-10-05T01:25:29Z,99204b0a-62e2-34dc-b3f6-290819949428,1535362,,,1,2,,,1,1,sodium fluoride 0.0272 MG/MG Oral Gel,0.00,,,245.97,0.00,,0.00,6aed9210-c500-4375-67eb-bb575b10f2f9,,6aed9210-c500-4375-1a39-0ae844fa877e,1,5aabe8ce-ac28-3172-a0af-663137c7f5f5,5aabe8ce-ac28-3172-a0af-663137c7f5f5
f4e2a751-461a-cd76-b2c5-e3eec57d21c0,6aed9210-c500-4375-44ea-5f975cd86e90,30592,6aed9210-c500-4375-b0fc-3374c40b8591,CHARGE,138.42,,2023-07-26T21:42:53Z,2023-07-26T21:57:53Z,99204b0a-62e2-34dc-b3f6-290819949428,698314001,,,1,2,,,1,2,Consultation for treatment (procedure),138.42,,1,0.00,0.00,,0.00,6aed9210-c500-4375-92ff-2ab960a4c6ac,,6aed9210-c500-4375-c113-17a4b51086de,1,5aabe8ce-ac28-3172-a0af-663137c7f5f5,5aabe8ce-ac28-3172-a0af-663137c7f5f5
e9c54ea2-8c39-9aed-658b-c7dd8b064381,6aed9210-c500-4375-44ea-5f975cd86e90,30593,6aed9210-c500-4375-b0fc-3374c40b8591,TRANSFEROUT,,,2023-07-26T21:42:53Z,2023-07-26T21:57:53Z,99204b0a-62e2-34dc-b3f6-290819949428,698314001,,,1,2,,,1,2,Consultation for treatment (procedure),0.00,,,0.00,0.00,138.42,138.42,6aed9210-c500-4375-92ff-2ab960a4c6ac,,6aed9210-c500-4375-c113-17a4b51086de,1,5aabe8ce-ac28-3172-a0af-663137c7f5f5,5aabe8ce-ac28-3172-a0af-663137c7f5f5
d38a9d45-1889-35db-cb17-8fbb16128702,6aed9210-c500-4375-44ea-5f975cd86e90,30594,6aed9210-c500-4375-b0fc-3374c40b8591,TRANSFERIN,138.42,,2023-07-26T21:42:53Z,2023-07-26T21:57:53Z,99204b0a-62e2-34dc-b3f6-290819949428,698314001,,,1,2,,,1,2,Consultation for treatment (procedure),0.00,30593,p,0.00,0.00,138.42,138.42,6aed9210-c500-4375-92ff-2ab960a4c6ac,,6aed9210-c500-4375-c113-17a4b51086de,1,5aabe8ce-ac28-3172-a0af-663137c7f5f5,5aabe8ce-ac28-3172-a0af-663137c7f5f5
a7153a8a-3122-6bb7-962f-1f762c550e05,6aed9210-c500-4375-44ea-5f975cd86e90,30595,6aed9210-c500-4375-b0fc-3374c40b8591,PAYMENT,,CHECK,2023-07-26T21:42:53Z,2023-07-26T21:57:53Z,99204b0a-62e2-34dc-b3f6-290819949428,698314001,,,1,2,,,1,2,Consultation for treatment (procedure),0.00,,,138.42,0.00,,0.00,6aed9210-c500-4375-92ff-2ab960a4c6ac,,6aed9210-c500-4375-c113-17a4b51086de,1,5aabe8ce-ac28-3172-a0af-663137c7f5f5,5aabe8ce-ac28-3172-a0af-663137c7f5f5
a47bb280-c887-faf1-ee39-9744c9575d45,6aed9210-c500-4375-04a7-080a6a122ec3,30597,6aed9210-c500-4375-b0fc-3374c40b8591,CHARGE,138.42,,2023-08-14T21:42:53Z,2023-08-14T23:08:53Z,99204b0a-62e2-34dc-b3f6-290819949428,308335008,,,1,,,,1,2,Patient encounter procedure (procedure),138.42,,1,0.00,0.00,,0.00,6aed9210-c500-4375-8c25-54a978bed329,,6aed9210-c500-4375-c113-17a4b51086de,1,5aabe8ce-ac28-3172-a0af-663137c7f5f5,5aabe8ce-ac28-3172-a0af-663137c7f5f5
48f76501-910f-f9e3-dc73-2e8992aec68b,6aed9210-c500-4375-04a7-080a6a122ec3,30598,6aed9210-c500-4375-b0fc-3374c40b8591,TRANSFEROUT,,,2023-08-14T21:42:53Z,2023-08-14T23:08:53Z,99204b0a-62e2-34dc-b3f6-290819949428,308335008,,,1,,,,1,2,Patient encounter procedure (procedure),0.00,,,0.00,0.00,138.42,138.42,6aed9210-c500-4375-8c25-54a978bed329,,6aed9210-c500-4375-c113-17a4b51086de,1,5aabe8ce-ac28-3172-a0af-663137c7f5f5,5aabe8ce-ac28-3172-a0af-663137c7f5f5
91eeca03-2220-09c6-b8e6-5d13255d9317,6aed9210-c500-4375-04a7-080a6a122ec3,30599,6aed9210-c500-4375-b0fc-3374c40b8591,TRANSFERIN,138.42,,2023-08-14T21:42:53Z,2023-08-14T23:08:53Z,99204b0a-62e2-34dc-b3f6-290819949428,308335008,,,1,,,,1,2,Patient encounter procedure (procedure),0.00,30598,p,0.00,0.00,138.42,138.42,6aed9210-c500-4375-8c25-54a978bed329,,6aed9210-c500-4375-c113-17a4b51086de,1,5aabe8ce-ac28-3172-a0af-663137c7f5f5,5aabe8ce-ac28-3172-a0af-663137c7f5f5
449423ee-a3dd-9406-4b0f-5690f1ccba26,6aed9210-c500-4375-04a7-080a6a122ec3,30600,6aed9210-c500-4375-b0fc-3374c40b8591,PAYMENT,,CASH,2023-08-14T21:42:53Z,2023-08-14T23:08:53Z,99204b0a-62e2-34dc-b3f6-290819949428,308335008,,,1,,,,1,2,Patient encounter procedure (procedure),0.00,,,138.42,0.00,,0.00,6aed9210-c500-4375-8c25-54a978bed329,,6aed9210-c500-4375-c113-17a4b51086de,1,5aabe8ce-ac28-3172-a0af-663137c7f5f5,5aabe8ce-ac28-3172-a0af-663137c7f5f5
1251afba-8f76-5019-2c3e-7a43c732e899,6aed9210-c500-4375-04a7-080a6a122ec3,30602,6aed9210-c500-4375-b0fc-3374c40b8591,CHARGE,8150.26,,2023-08-14T21:42:53Z,2023-08-14T23:08:53Z,99204b0a-62e2-34dc-b3f6-290819949428,22523008,,,1,,,,1,2,Vasectomy (procedure),8150.26,,1,0.00,0.00,,0.00,6aed9210-c500-4375-8c25-54a978bed329,,6aed9210-c500-4375-c113-17a4b51086de,1,5aabe8ce-ac28-3172-a0af-663137c7f5f5,5aabe8ce-ac28-3172-a0af-663137c7f5f5
24a47775-1eec-a032-587d-0c878e65d132,6aed9210-c500-4375-04a7-080a6a122ec3,30603,6aed9210-c500-4375-b0fc-3374c40b8591,PAYMENT,,ECHECK,2023-08-14T21:42:53Z,2023-08-14T23:08:53Z,99204b0a-62e2-34dc-b3f6-290819949428,22523008,,,1,,,,1,2,Vasectomy (procedure),0.00,,,2748.97,0.00,,5401.29,6aed9210-c500-4375-8c25-54a978bed329,,6aed9210-c500-4375-c113-17a4b51086de,1,5aabe8ce-ac28-3172-a0af-663137c7f5f5,5aabe8ce-ac28-3172-a0af-663137c7f5f5
494beeea-3dd9-4064-b0fd-190f1ccba264,6aed9210-c500-4375-04a7-080a6a122ec3,30604,6aed9210-c500-4375-b0fc-3374c40b8591,TRANSFEROUT,,,2023-08-14T21:42:53Z,2023-08-14T23:08:53Z,99204b0a-62e2-34dc-b3f6-290819949428,22523008,,,1,,,,1,2,Vasectomy (procedure),0.00,,,0.00,0.00,5401.29,5401.29,6aed9210-c500-4375-8c25-54a978bed329,,6aed9210-c500-4375-c113-17a4b51086de,1,5aabe8ce-ac28-3172-a0af-663137c7f5f5,5aabe8ce-ac28-3172-a0af-663137c7f5f5
929addd4-7bb2-80c8-61fd-321e399744c9,6aed9210-c500-4375-04a7-080a6a122ec3,30605,6aed9210-c500-4375-b0fc-3374c40b8591,TRANSFERIN,5401.29,,2023-08-14T21:42:53Z,2023-08-14T23:08:53Z,99204b0a-62e2-34dc-b3f6-290819949428,22523008,,,1,,,,1,2,Vasectomy (procedure),0.00,30604,p,0.00,0.00,5401.29,5401.29,6aed9210-c500-4375-8c25-54a978bed329,,6aed9210-c500-4375-c113-17a4b51086de,1,5aabe8ce-ac28-3172-a0af-663137c7f5f5,5aabe8ce-ac28-3172-a0af-663137c7f5f5
2539bba8-f765-0191-c406-643c732e8992,6aed9210-c500-4375-04a7-080a6a122ec3,30606,6aed9210-c500-4375-b0fc-3374c40b8591,PAYMENT,,CASH,2023-08-14T21:42:53Z,2023-08-14T23:08:53Z,99204b0a-62e2-34dc-b3f6-290819949428,22523008,,,1,,,,1,2,Vasectomy (procedure),0.00,,,5401.29,0.00,,0.00,6aed9210-c500-4375-8c25-54a978bed329,,6aed9210-c500-4375-c113-17a4b51086de,1,5aabe8ce-ac28-3172-a0af-663137c7f5f5,5aabe8ce-ac28-3172-a0af-663137c7f5f5
a0982a08-7e41-a904-1c68-9d95bd0e5198,6aed9210-c500-4375-f59e-6f91eee72f81,30608,6aed9210-c500-4375-b0fc-3374c40b8591,CHARGE,171.78,,2023-09-26T21:42:53Z,2023-09-26T22:23:18Z,c958be17-14d8-3fc0-995a-9b952974be91,162673000,,,1,,,,1,20,General examination of patient (procedure),171.78,,1,0.00,0.00,,0.00,6aed9210-c500-4375-94fb-8fea6a7d9f20,,6aed9210-c500-4375-c113-17a4b51086de,1,39b1cdc4-1ebb-35a1-bba7-2c9614175d2c,39b1cdc4-1ebb-35a1-bba7-2c9614175d2c
41305410-fc99-5209-38d1-3b2b7a22a330,6aed9210-c500-4375-f59e-6f91eee72f81,30609,6aed9210-c500-4375-b0fc-3374c40b8591,PAYMENT,,ECHECK,2023-09-26T21:42:53Z,2023-09-26T22:23:18Z,c958be17-14d8-3fc0-995a-9b952974be91,162673000,,,1,,,,1,20,General examination of patient (procedure),0.00,,,120.25,0.00,,51.53,6aed9210-c500-4375-94fb-8fea6a7d9f20,,6aed9210-c500-4375-c113-17a4b51086de,1,39b1cdc4-1ebb-35a1-bba7-2c9614175d2c,39b1cdc4-1ebb-35a1-bba7-2c9614175d2c
043f7f04-8250-4c15-cade-e158cc0e344e,6aed9210-c500-4375-f59e-6f91eee72f81,30610,6aed9210-c500-4375-b0fc-3374c40b8591,TRANSFEROUT,,,2023-09-26T21:42:53Z,2023-09-26T22:23:18Z,c958be17-14d8-3fc0-995a-9b952974be91,162673000,,,1,,,,1,20,General examination of patient (procedure),0.00,,,0.00,0.00,51.53,51.53,6aed9210-c500-4375-94fb-8fea6a7d9f20,,6aed9210-c500-4375-c113-17a4b51086de,1,39b1cdc4-1ebb-35a1-bba7-2c9614175d2c,39b1cdc4-1ebb-35a1-bba7-2c9614175d2c
087f0209-04a0-982a-95bd-ceb1981c689d,6aed9210-c500-4375-f59e-6f91eee72f81,30611,6aed9210-c500-4375-b0fc-3374c40b8591,TRANSFERIN,51.53,,2023-09-26T21:42:53Z,2023-09-26T22:23:18Z,c958be17-14d8-3fc0-995a-9b952974be91,162673000,,,1,,,,1,20,General examination of patient (procedure),0.00,30610,p,0.00,0.00,51.53,51.53,6aed9210-c500-4375-94fb-8fea6a7d9f20,,6aed9210-c500-4375-c113-17a4b51086de,1,39b1cdc4-1ebb-35a1-bba7-2c9614175d2c,39b1cdc4-1ebb-35a1-bba7-2c9614175d2c
10fe1a12-0941-3054-2b7b-a3633038d13b,6aed9210-c500-4375-f59e-6f91eee72f81,30612,6aed9210-c500-4375-b0fc-3374c40b8591,PAYMENT,,CASH,2023-09-26T21:42:53Z,2023-09-26T22:23:18Z,c958be17-14d8-3fc0-995a-9b952974be91,162673000,,,1,,,,1,20,General examination of patient (procedure),0.00,,,51.53,0.00,,0.00,6aed9210-c500-4375-94fb-8fea6a7d9f20,,6aed9210-c500-4375-c113-17a4b51086de,1,39b1cdc4-1ebb-35a1-bba7-2c9614175d2c,39b1cdc4-1ebb-35a1-bba7-2c9614175d2c
43f8f848-2504-c150-adef-1d8cc0e344ec,6aed9210-c500-4375-f59e-6f91eee72f81,30614,6aed9210-c500-4375-b0fc-3374c40b8591,CHARGE,136.00,,2023-09-26T21:42:53Z,1970-01-01T00:00:00Z,c958be17-14d8-3fc0-995a-9b952974be91,140,,,1,,,,1,20,Influenza  split virus  trivalent  PF,136.00,,1,0.00,0.00,,0.00,6aed9210-c500-4375-94fb-8fea6a7d9f20,,6aed9210-c500-4375-c113-17a4b51086de,1,39b1cdc4-1ebb-35a1-bba7-2c9614175d2c,39b1cdc4-1ebb-35a1-bba7-2c9614175d2c
87f23090-4a09-82a0-5bde-fb1981c689d9,6aed9210-c500-4375-f59e-6f91eee72f81,30615,6aed9210-c500-4375-b0fc-3374c40b8591,PAYMENT,,ECHECK,2023-09-26T21:42:53Z,1970-01-01T00:00:00Z,c958be17-14d8-3fc0-995a-9b952974be91,140,,,1,,,,1,20,Influenza  split virus  trivalent  PF,0.00,,,95,0.00,,40.80,6aed9210-c500-4375-94fb-8fea6a7d9f20,,6aed9210-c500-4375-c113-17a4b51086de,1,39b1cdc4-1ebb-35a1-bba7-2c9614175d2c,39b1cdc4-1ebb-35a1-bba7-2c9614175d2c
0fe57920-9413-0541-b7be-0e33038d13b2,6aed9210-c500-4375-f59e-6f91eee72f81,30616,6aed9210-c500-4375-b0fc-3374c40b8591,TRANSFEROUT,,,2023-09-26T21:42:53Z,1970-01-01T00:00:00Z,c958be17-14d8-3fc0-995a-9b952974be91,140,,,1,,,,1,20,Influenza  split virus  trivalent  PF,0.00,,,0.00,0.00,40.80,40.80,6aed9210-c500-4375-94fb-8fea6a7d9f20,,6aed9210-c500-4375-c113-17a4b51086de,1,39b1cdc4-1ebb-35a1-bba7-2c9614175d2c,39b1cdc4-1ebb-35a1-bba7-2c9614175d2c
1fcdf241-2826-0a82-6f7f-1c66071a2765,6aed9210-c500-4375-f59e-6f91eee72f81,30617,6aed9210-c500-4375-b0fc-3374c40b8591,TRANSFERIN,40.80,,2023-09-26T21:42:53Z,1970-01-01T00:00:00Z,c958be17-14d8-3fc0-995a-9b952974be91,140,,,1,,,,1,20,Influenza  split virus  trivalent  PF,0.00,30616,p,0.0000,0.00,40.80,40.80,6aed9210-c500-4375-94fb-8fea6a7d9f20,,6aed9210-c500-4375-c113-17a4b51086de,1,39b1cdc4-1ebb-35a1-bba7-2c9614175d2c,39b1cdc4-1ebb-35a1-bba7-2c9614175d2c
3f9ee482-504c-1504-df01-38cc0e344eca,6aed9210-c500-4375-f59e-6f91eee72f81,30618,6aed9210-c500-4375-b0fc-3374c40b8591,PAYMENT,,CASH,2023-09-26T21:42:53Z,1970-01-01T00:00:00Z,c958be17-14d8-3fc0-995a-9b952974be91,140,,,1,,,,1,20,Influenza  split virus  trivalent  PF,0.00,,,40.80,0.00,,0.00,6aed9210-c500-4375-94fb-8fea6a7d9f20,,6aed9210-c500-4375-c113-17a4b51086de,1,39b1cdc4-1ebb-35a1-bba7-2c9614175d2c,39b1cdc4-1ebb-35a1-bba7-2c9614175d2c
4128260a-821f-fdf8-6607-1a27656faf22,6aed9210-c500-4375-f59e-6f91eee72f81,30620,6aed9210-c500-4375-b0fc-3374c40b8591,CHARGE,620.44,,2023-09-26T21:42:53Z,2023-09-26T22:23:18Z,c958be17-14d8-3fc0-995a-9b952974be91,710824005,,,1,,,,1,20,Assessment of health and social care needs (procedure),620.44,,1,0.00,0.00,,0.00,6aed9210-c500-4375-94fb-8fea6a7d9f20,,6aed9210-c500-4375-c113-17a4b51086de,1,39b1cdc4-1ebb-35a1-bba7-2c9614175d2c,39b1cdc4-1ebb-35a1-bba7-2c9614175d2c
82504c15-043f-fef0-cc0e-344ecadf6144,6aed9210-c500-4375-f59e-6f91eee72f81,30621,6aed9210-c500-4375-b0fc-3374c40b8591,PAYMENT,,ECHECK,2023-09-26T21:42:53Z,2023-09-26T22:23:18Z,c958be17-14d8-3fc0-995a-9b952974be91,710824005,,,1,,,,1,20,Assessment of health and social care needs (procedure),0.00,,,434.31,0.00,,186.13,6aed9210-c500-4375-94fb-8fea6a7d9f20,,6aed9210-c500-4375-c113-17a4b51086de,1,39b1cdc4-1ebb-35a1-bba7-2c9614175d2c,39b1cdc4-1ebb-35a1-bba7-2c9614175d2c
04a0982a-0880-01e1-981c-689d95bece89,6aed9210-c500-4375-f59e-6f91eee72f81,30622,6aed9210-c500-4375-b0fc-3374c40b8591,TRANSFEROUT,,,2023-09-26T21:42:53Z,2023-09-26T22:23:18Z,c958be17-14d8-3fc0-995a-9b952974be91,710824005,,,1,,,,1,20,Assessment of health and social care needs (procedure),0.00,,,0.00,0.00,186.13,186.13,6aed9210-c500-4375-94fb-8fea6a7d9f20,,6aed9210-c500-4375-c113-17a4b51086de,1,39b1cdc4-1ebb-35a1-bba7-2c9614175d2c,39b1cdc4-1ebb-35a1-bba7-2c9614175d2c
09413054-1100-19c2-3038-d13b2b7da313,6aed9210-c500-4375-f59e-6f91eee72f81,30623,6aed9210-c500-4375-b0fc-3374c40b8591,TRANSFERIN,186.13,,2023-09-26T21:42:53Z,2023-09-26T22:23:18Z,c958be17-14d8-3fc0-995a-9b952974be91,710824005,,,1,,,,1,20,Assessment of health and social care needs (procedure),0.00,30622,p,0.00,0.00,186.13,186.13,6aed9210-c500-4375-94fb-8fea6a7d9f20,,6aed9210-c500-4375-c113-17a4b51086de,1,39b1cdc4-1ebb-35a1-bba7-2c9614175d2c,39b1cdc4-1ebb-35a1-bba7-2c9614175d2c
128260a8-2200-4384-6071-a27656fb7626,6aed9210-c500-4375-f59e-6f91eee72f81,30624,6aed9210-c500-4375-b0fc-3374c40b8591,PAYMENT,,CASH,2023-09-26T21:42:53Z,2023-09-26T22:23:18Z,c958be17-14d8-3fc0-995a-9b952974be91,710824005,,,1,,,,1,20,Assessment of health and social care needs (procedure),0.00,,,186.13,0.00,,0.00,6aed9210-c500-4375-94fb-8fea6a7d9f20,,6aed9210-c500-4375-c113-17a4b51086de,1,39b1cdc4-1ebb-35a1-bba7-2c9614175d2c,39b1cdc4-1ebb-35a1-bba7-2c9614175d2c
4a0982a0-8802-2e10-81c6-89d95beef899,6aed9210-c500-4375-f59e-6f91eee72f81,30626,6aed9210-c500-4375-b0fc-3374c40b8591,CHARGE,0.00,,2023-09-26T22:23:18Z,2023-09-26T23:05:48Z,c958be17-14d8-3fc0-995a-9b952974be91,866148006,,,1,,,,1,20,Screening for domestic abuse (procedure),0.00,,1,0.00,0.00,,0.00,6aed9210-c500-4375-94fb-8fea6a7d9f20,,6aed9210-c500-4375-c113-17a4b51086de,1,39b1cdc4-1ebb-35a1-bba7-2c9614175d2c,39b1cdc4-1ebb-35a1-bba7-2c9614175d2c
28260a82-200d-e841-071a-27656fbf1266,6aed9210-c500-4375-f59e-6f91eee72f81,30628,6aed9210-c500-4375-b0fc-3374c40b8591,CHARGE,0.00,,2023-09-26T23:05:48Z,2023-09-26T23:19:50Z,c958be17-14d8-3fc0-995a-9b952974be91,428211000124100,,,1,,,,1,20,Assessment of substance use (procedure),0.00,,1,0.00,0.00,,0.00,6aed9210-c500-4375-94fb-8fea6a7d9f20,,6aed9210-c500-4375-c113-17a4b51086de,1,39b1cdc4-1ebb-35a1-bba7-2c9614175d2c,39b1cdc4-1ebb-35a1-bba7-2c9614175d2c
41101d80-2094-1305-b2b7-f61533038d13,6aed9210-c500-4375-f59e-6f91eee72f81,30630,6aed9210-c500-4375-b0fc-3374c40b8591,CHARGE,0,,2023-09-26T23:19:50Z,2023-09-26T23:47:07Z,c958be17-14d8-3fc0-995a-9b952974be91,713106006,,,1,,,,1,20,Screening for drug abuse (procedure),0.00,,1,0.00,0.00,,0.00,6aed9210-c500-4375-94fb-8fea6a7d9f20,,6aed9210-c500-4375-c113-17a4b51086de,1,39b1cdc4-1ebb-35a1-bba7-2c9614175d2c,39b1cdc4-1ebb-35a1-bba7-2c9614175d2c
050ca128-f0be-1da7-8e44-5e3029920a71,6aed9210-c500-4375-0869-2f609a987f4d,30632,6aed9210-c500-4375-b0fc-3374c40b8591,CHARGE,245.97,,2023-09-26T21:42:53Z,2024-10-01T21:42:53Z,c958be17-14d8-3fc0-995a-9b952974be91,206905,,,1,,,,1,20,Ibuprofen 400 MG Oral Tablet [Ibu],245.97,,1,0.00,0.00,,0.00,6aed9210-c500-4375-94fb-8fea6a7d9f20,,6aed9210-c500-4375-c113-17a4b51086de,1,39b1cdc4-1ebb-35a1-bba7-2c9614175d2c,39b1cdc4-1ebb-35a1-bba7-2c9614175d2c
0a194251-e17c-3c7e-1c88-bc6053241513,6aed9210-c500-4375-0869-2f609a987f4d,30633,6aed9210-c500-4375-b0fc-3374c40b8591,PAYMENT,,ECHECK,2023-09-26T21:42:53Z,2024-10-01T21:42:53Z,c958be17-14d8-3fc0-995a-9b952974be91,206905,,,1,,,,1,20,Ibuprofen 400 MG Oral Tablet [Ibu],0.00,,,172.18,0.00,,73.79,6aed9210-c500-4375-94fb-8fea6a7d9f20,,6aed9210-c500-4375-c113-17a4b51086de,1,39b1cdc4-1ebb-35a1-bba7-2c9614175d2c,39b1cdc4-1ebb-35a1-bba7-2c9614175d2c
143284a3-c2f8-7bfc-3911-78c0a6482d26,6aed9210-c500-4375-0869-2f609a987f4d,30634,6aed9210-c500-4375-b0fc-3374c40b8591,TRANSFEROUT,,,2023-09-26T21:42:53Z,2024-10-01T21:42:53Z,c958be17-14d8-3fc0-995a-9b952974be91,206905,,,1,,,,1,20,Ibuprofen 400 MG Oral Tablet [Ibu],0.00,,,0.0000,0.00,73.79,73.79,6aed9210-c500-4375-94fb-8fea6a7d9f20,,6aed9210-c500-4375-c113-17a4b51086de,1,39b1cdc4-1ebb-35a1-bba7-2c9614175d2c,39b1cdc4-1ebb-35a1-bba7-2c9614175d2c
28650947-85f0-faf8-7222-f1814c905d4c,6aed9210-c500-4375-0869-2f609a987f4d,30635,6aed9210-c500-4375-b0fc-3374c40b8591,TRANSFERIN,73.79,,2023-09-26T21:42:53Z,2024-10-01T21:42:53Z,c958be17-14d8-3fc0-995a-9b952974be91,206905,,,1,,,,1,20,Ibuprofen 400 MG Oral Tablet [Ibu],0.00,30634,p,0.00,0.00,73.79,73.79,6aed9210-c500-4375-94fb-8fea6a7d9f20,,6aed9210-c500-4375-c113-17a4b51086de,1,39b1cdc4-1ebb-35a1-bba7-2c9614175d2c,39b1cdc4-1ebb-35a1-bba7-2c9614175d2c
50ca128f-0be1-f9f0-e445-e3029920c698,6aed9210-c500-4375-0869-2f609a987f4d,30636,6aed9210-c500-4375-b0fc-3374c40b8591,PAYMENT,,CASH,2023-09-26T21:42:53Z,2024-10-01T21:42:53Z,c958be17-14d8-3fc0-995a-9b952974be91,206905,,,1,,,,1,20,Ibuprofen 400 MG Oral Tablet [Ibu],0.00,,,74,0.00,,0.00,6aed9210-c500-4375-94fb-8fea6a7d9f20,,6aed9210-c500-4375-c113-17a4b51086de,1,39b1cdc4-1ebb-35a1-bba7-2c9614175d2c,39b1cdc4-1ebb-35a1-bba7-2c9614175d2c
167f3795-6f1d-109b-9b88-336e042f801c,6aed9210-c500-4375-eba8-07ffa9823e49,30638,6aed9210-c500-4375-b0fc-3374c40b8591,CHARGE,171.78,,2024-10-01T21:42:53Z,2024-10-01T22:31:05Z,c958be17-14d8-3fc0-995a-9b952974be91,162673000,,,1,,,,1,20,General examination of patient (procedure),171.78,,1,0.00,0.00,,0.00,6aed9210-c500-4375-b509-44883307fd2b,,6aed9210-c500-4375-6bb6-83b424c6724a,1,39b1cdc4-1ebb-35a1-bba7-2c9614175d2c,39b1cdc4-1ebb-35a1-bba7-2c9614175d2c
2cfe6f2d-de3a-2136-3710-66df085f0039,6aed9210-c500-4375-eba8-07ffa9823e49,30639,6aed9210-c500-4375-b0fc-3374c40b8591,TRANSFEROUT,,,2024-10-01T21:42:53Z,2024-10-01T22:31:05Z,c958be17-14d8-3fc0-995a-9b952974be91,162673000,,,1,,,,1,20,General examination of patient (procedure),0.00,,,0.00,0.00,171.78,171.78,6aed9210-c500-4375-b509-44883307fd2b,,6aed9210-c500-4375-6bb6-83b424c6724a,1,39b1cdc4-1ebb-35a1-bba7-2c9614175d2c,39b1cdc4-1ebb-35a1-bba7-2c9614175d2c
d62b8e88-4d8b-3f9b-c2f6-17c00e4dc419,6aed9210-c500-4375-eba8-07ffa9823e49,30640,6aed9210-c500-4375-b0fc-3374c40b8591,TRANSFERIN,171.78,,2024-10-01T21:42:53Z,2024-10-01T22:31:05Z,c958be17-14d8-3fc0-995a-9b952974be91,162673000,,,1,,,,1,20,General examination of patient (procedure),0.00,30639,p,0.00,0.00,171.78,171.78,6aed9210-c500-4375-b509-44883307fd2b,,6aed9210-c500-4375-6bb6-83b424c6724a,1,39b1cdc4-1ebb-35a1-bba7-2c9614175d2c,39b1cdc4-1ebb-35a1-bba7-2c9614175d2c
ad871d10-9b16-7f37-861c-2f801c9b8833,6aed9210-c500-4375-eba8-07ffa9823e49,30641,6aed9210-c500-4375-b0fc-3374c40b8591,PAYMENT,,CC,2024-10-01T21:42:53Z,2024-10-01T22:31:05Z,c958be17-14d8-3fc0-995a-9b952974be91,162673000,,,1,,,,1,20,General examination of patient (procedure),0.00,,,171.78,0.00,,0.00,6aed9210-c500-4375-b509-44883307fd2b,,6aed9210-c500-4375-6bb6-83b424c6724a,1,39b1cdc4-1ebb-35a1-bba7-2c9614175d2c,39b1cdc4-1ebb-35a1-bba7-2c9614175d2c
bf1c7442-6c59-fcde-2170-be00726e20ce,6aed9210-c500-4375-eba8-07ffa9823e49,30643,6aed9210-c500-4375-b0fc-3374c40b8591,CHARGE,136.00,,2024-10-01T21:42:53Z,1970-01-01T00:00:00Z,c958be17-14d8-3fc0-995a-9b952974be91,140,,,1,,,,1,20,Influenza  split virus  trivalent  PF,136.00,,1,0.00,0.00,,0.00,6aed9210-c500-4375-b509-44883307fd2b,,6aed9210-c500-4375-6bb6-83b424c6724a,1,39b1cdc4-1ebb-35a1-bba7-2c9614175d2c,39b1cdc4-1ebb-35a1-bba7-2c9614175d2c
8238e884-d8b3-f9bd-4ee1-7c00e4dc419c,6aed9210-c500-4375-eba8-07ffa9823e49,30644,6aed9210-c500-4375-b0fc-3374c40b8591,TRANSFEROUT,,,2024-10-01T21:42:53Z,1970-01-01T00:00:00Z,c958be17-14d8-3fc0-995a-9b952974be91,140,,,1,,,,1,20,Influenza  split virus  trivalent  PF,0.00,,,0.00,0.00,136.00,136.00,6aed9210-c500-4375-b509-44883307fd2b,,6aed9210-c500-4375-6bb6-83b424c6724a,1,39b1cdc4-1ebb-35a1-bba7-2c9614175d2c,39b1cdc4-1ebb-35a1-bba7-2c9614175d2c
1a71d109-b167-f37b-a3c2-f801c9b88338,6aed9210-c500-4375-eba8-07ffa9823e49,30645,6aed9210-c500-4375-b0fc-3374c40b8591,TRANSFERIN,136.00,,2024-10-01T21:42:53Z,1970-01-01T00:00:00Z,c958be17-14d8-3fc0-995a-9b952974be91,140,,,1,,,,1,20,Influenza  split virus  trivalent  PF,0.00,30644,p,0.00,0.00,136.00,136.00,6aed9210-c500-4375-b509-44883307fd2b,,6aed9210-c500-4375-6bb6-83b424c6724a,1,39b1cdc4-1ebb-35a1-bba7-2c9614175d2c,39b1cdc4-1ebb-35a1-bba7-2c9614175d2c
44e3a213-62cf-e6f6-7785-f00393710671,6aed9210-c500-4375-eba8-07ffa9823e49,30646,6aed9210-c500-4375-b0fc-3374c40b8591,PAYMENT,,CHECK,2024-10-01T21:42:53Z,1970-01-01T00:00:00Z,c958be17-14d8-3fc0-995a-9b952974be91,140,,,1,,,,1,20,Influenza  split virus  trivalent  PF,0.00,,,136.00,0.00,,0.00,6aed9210-c500-4375-b509-44883307fd2b,,6aed9210-c500-4375-6bb6-83b424c6724a,1,39b1cdc4-1ebb-35a1-bba7-2c9614175d2c,39b1cdc4-1ebb-35a1-bba7-2c9614175d2c
338e884d-8b3f-9bda-fe17-c00e4dc419c6,6aed9210-c500-4375-eba8-07ffa9823e49,30648,6aed9210-c500-4375-b0fc-3374c40b8591,CHARGE,998.38,,2024-10-01T21:42:53Z,2024-10-01T21:57:53Z,c958be17-14d8-3fc0-995a-9b952974be91,430193006,,,1,,,,1,20,Medication reconciliation (procedure),998.38,,1,0.00,0.00,,0.00,6aed9210-c500-4375-b509-44883307fd2b,,6aed9210-c500-4375-6bb6-83b424c6724a,1,39b1cdc4-1ebb-35a1-bba7-2c9614175d2c,39b1cdc4-1ebb-35a1-bba7-2c9614175d2c
6d1d109b-167f-37b5-022f-801c9b88338e,6aed9210-c500-4375-eba8-07ffa9823e49,30649,6aed9210-c500-4375-b0fc-3374c40b8591,TRANSFEROUT,,,2024-10-01T21:42:53Z,2024-10-01T21:57:53Z,c958be17-14d8-3fc0-995a-9b952974be91,430193006,,,1,,,,1,20,Medication reconciliation (procedure),0.00,,,0.00,0.00,998.38,998.38,6aed9210-c500-4375-b509-44883307fd2b,,6aed9210-c500-4375-6bb6-83b424c6724a,1,39b1cdc4-1ebb-35a1-bba7-2c9614175d2c,39b1cdc4-1ebb-35a1-bba7-2c9614175d2c
26c59fcd-f2f5-4744-0726-e20ce91a8be0,6aed9210-c500-4375-eba8-07ffa9823e49,30650,6aed9210-c500-4375-b0fc-3374c40b8591,TRANSFERIN,998.38,,2024-10-01T21:42:53Z,2024-10-01T21:57:53Z,c958be17-14d8-3fc0-995a-9b952974be91,430193006,,,1,,,,1,20,Medication reconciliation (procedure),0.00,30649,p,0.00,0.00,998.38,998.38,6aed9210-c500-4375-b509-44883307fd2b,,6aed9210-c500-4375-6bb6-83b424c6724a,1,39b1cdc4-1ebb-35a1-bba7-2c9614175d2c,39b1cdc4-1ebb-35a1-bba7-2c9614175d2c
4d8b3f9b-e62a-8e88-0e4d-c419d2f517c0,6aed9210-c500-4375-eba8-07ffa9823e49,30651,6aed9210-c500-4375-b0fc-3374c40b8591,PAYMENT,,CASH,2024-10-01T21:42:53Z,2024-10-01T21:57:53Z,c958be17-14d8-3fc0-995a-9b952974be91,430193006,,,1,,,,1,20,Medication reconciliation (procedure),0.00,,,998.38,0.00,,0.00,6aed9210-c500-4375-b509-44883307fd2b,,6aed9210-c500-4375-6bb6-83b424c6724a,1,39b1cdc4-1ebb-35a1-bba7-2c9614175d2c,39b1cdc4-1ebb-35a1-bba7-2c9614175d2c
362cfe6f-9c0a-3a21-3937-10674f345f00,6aed9210-c500-4375-eba8-07ffa9823e49,30653,6aed9210-c500-4375-b0fc-3374c40b8591,CHARGE,620.44,,2024-10-01T21:42:53Z,2024-10-01T22:31:05Z,c958be17-14d8-3fc0-995a-9b952974be91,710824005,,,1,,,,1,20,Assessment of health and social care needs (procedure),620.44,,1,0.00,0.00,,0.00,6aed9210-c500-4375-b509-44883307fd2b,,6aed9210-c500-4375-6bb6-83b424c6724a,1,39b1cdc4-1ebb-35a1-bba7-2c9614175d2c,39b1cdc4-1ebb-35a1-bba7-2c9614175d2c
6c59fcdf-3f14-7442-726e-20cea168be00,6aed9210-c500-4375-eba8-07ffa9823e49,30654,6aed9210-c500-4375-b0fc-3374c40b8591,TRANSFEROUT,,,2024-10-01T21:42:53Z,2024-10-01T22:31:05Z,c958be17-14d8-3fc0-995a-9b952974be91,710824005,,,1,,,,1,20,Assessment of health and social care needs (procedure),0.00,,,0.00,0.00,620.44,620.44,6aed9210-c500-4375-b509-44883307fd2b,,6aed9210-c500-4375-6bb6-83b424c6724a,1,39b1cdc4-1ebb-35a1-bba7-2c9614175d2c,39b1cdc4-1ebb-35a1-bba7-2c9614175d2c
d8b3f9be-8228-e884-e4dc-419d4ed17c00,6aed9210-c500-4375-eba8-07ffa9823e49,30655,6aed9210-c500-4375-b0fc-3374c40b8591,TRANSFERIN,620.44,,2024-10-01T21:42:53Z,2024-10-01T22:31:05Z,c958be17-14d8-3fc0-995a-9b952974be91,710824005,,,1,,,,1,20,Assessment of health and social care needs (procedure),0.00,30654,p,0.00,0.00,620.44,620.44,6aed9210-c500-4375-b509-44883307fd2b,,6aed9210-c500-4375-6bb6-83b424c6724a,1,39b1cdc4-1ebb-35a1-bba7-2c9614175d2c,39b1cdc4-1ebb-35a1-bba7-2c9614175d2c
b167f37d-1a51-d109-c9b8-833aa3a2f801,6aed9210-c500-4375-eba8-07ffa9823e49,30656,6aed9210-c500-4375-b0fc-3374c40b8591,PAYMENT,,CC,2024-10-01T21:42:53Z,2024-10-01T22:31:05Z,c958be17-14d8-3fc0-995a-9b952974be91,710824005,,,1,,,,1,20,Assessment of health and social care needs (procedure),0.00,,,620.44,0.00,,0.00,6aed9210-c500-4375-b509-44883307fd2b,,6aed9210-c500-4375-6bb6-83b424c6724a,1,39b1cdc4-1ebb-35a1-bba7-2c9614175d2c,39b1cdc4-1ebb-35a1-bba7-2c9614175d2c
c59fcdf4-f947-4426-26e2-0ceb1e8be007,6aed9210-c500-4375-eba8-07ffa9823e49,30658,6aed9210-c500-4375-b0fc-3374c40b8591,CHARGE,0.00,,2024-10-01T22:31:05Z,2024-10-01T22:43:06Z,c958be17-14d8-3fc0-995a-9b952974be91,171207006,,,1,,,,1,20,Depression screening (procedure),0.00,,1,0.00,0.00,,0.00,6aed9210-c500-4375-b509-44883307fd2b,,6aed9210-c500-4375-6bb6-83b424c6724a,1,39b1cdc4-1ebb-35a1-bba7-2c9614175d2c,39b1cdc4-1ebb-35a1-bba7-2c9614175d2c
fd4323a2-1362-cfe6-7875-c5f003937106,6aed9210-c500-4375-eba8-07ffa9823e49,30660,6aed9210-c500-4375-b0fc-3374c40b8591,CHARGE,0.0000,,2024-10-01T22:43:06Z,2024-10-01T23:10:29Z,c958be17-14d8-3fc0-995a-9b952974be91,171207006,,,1,,,,1,20,Depression screening (procedure),0.00,,1,0.00,0.00,,0.00,6aed9210-c500-4375-b509-44883307fd2b,,6aed9210-c500-4375-6bb6-83b424c6724a,1,39b1cdc4-1ebb-35a1-bba7-2c9614175d2c,39b1cdc4-1ebb-35a1-bba7-2c9614175d2c
f62c8e88-4d8b-3f9b-e2f7-17c00e4dc419,6aed9210-c500-4375-eba8-07ffa9823e49,30662,6aed9210-c500-4375-b0fc-3374c40b8591,CHARGE,0.00,,2024-10-01T23:10:29Z,2024-10-01T23:20:20Z,c958be17-14d8-3fc0-995a-9b952974be91,103697008,,,1,,,,1,20,Patient referral for dental care (procedure),0.00,,1,0.00,0.00,,0.00,6aed9210-c500-4375-b509-44883307fd2b,,6aed9210-c500-4375-6bb6-83b424c6724a,1,39b1cdc4-1ebb-35a1-bba7-2c9614175d2c,39b1cdc4-1ebb-35a1-bba7-2c9614175d2c
a48e8b4c-cc85-7e63-2613-9448a51a90d3,6aed9210-c500-4375-1251-0e11be257466,30664,6aed9210-c500-4375-b0fc-3374c40b8591,CHARGE,245.97,,2024-10-01T21:42:53Z,2024-11-12T21:42:53Z,c958be17-14d8-3fc0-995a-9b952974be91,206905,,,1,,,,1,20,Ibuprofen 400 MG Oral Tablet [Ibu],245.97,,1,0.00,0.00,,0.00,6aed9210-c500-4375-b509-44883307fd2b,,6aed9210-c500-4375-6bb6-83b424c6724a,1,39b1cdc4-1ebb-35a1-bba7-2c9614175d2c,39b1cdc4-1ebb-35a1-bba7-2c9614175d2c
491d1699-9a0a-fcc7-4c27-28914d3521a6,6aed9210-c500-4375-1251-0e11be257466,30665,6aed9210-c500-4375-b0fc-3374c40b8591,TRANSFEROUT,,,2024-10-01T21:42:53Z,2024-11-12T21:42:53Z,c958be17-14d8-3fc0-995a-9b952974be91,206905,,,1,,,,1,20,Ibuprofen 400 MG Oral Tablet [Ibu],0.00,,,0.00,0.00,245.97,245.97,6aed9210-c500-4375-b509-44883307fd2b,,6aed9210-c500-4375-6bb6-83b424c6724a,1,39b1cdc4-1ebb-35a1-bba7-2c9614175d2c,39b1cdc4-1ebb-35a1-bba7-2c9614175d2c
923a2d33-3b15-f98e-984e-51229d6a434c,6aed9210-c500-4375-1251-0e11be257466,30666,6aed9210-c500-4375-b0fc-3374c40b8591,TRANSFERIN,245.97,,2024-10-01T21:42:53Z,2024-11-12T21:42:53Z,c958be17-14d8-3fc0-995a-9b952974be91,206905,,,1,,,,1,20,Ibuprofen 400 MG Oral Tablet [Ibu],0.00,30665,p,0.00,0.00,245.97,245.97,6aed9210-c500-4375-b509-44883307fd2b,,6aed9210-c500-4375-6bb6-83b424c6724a,1,39b1cdc4-1ebb-35a1-bba7-2c9614175d2c,39b1cdc4-1ebb-35a1-bba7-2c9614175d2c
24745a66-7a2b-f31d-309c-a24546d48699,6aed9210-c500-4375-1251-0e11be257466,30667,6aed9210-c500-4375-b0fc-3374c40b8591,PAYMENT,,CHECK,2024-10-01T21:42:53Z,2024-11-12T21:42:53Z,c958be17-14d8-3fc0-995a-9b952974be91,206905,,,1,,,,1,20,Ibuprofen 400 MG Oral Tablet [Ibu],0.00,,,245.9700,0.00,,0.00,6aed9210-c500-4375-b509-44883307fd2b,,6aed9210-c500-4375-6bb6-83b424c6724a,1,39b1cdc4-1ebb-35a1-bba7-2c9614175d2c,39b1cdc4-1ebb-35a1-bba7-2c9614175d2c
cbbc593a-64c3-7bfa-f09b-5cd4a8cb2d24,6aed9210-c500-4375-9e42-7b2061a26299,30669,6aed9210-c500-4375-b0fc-3374c40b8591,CHARGE,83.05,,2024-10-15T21:42:53Z,2024-10-16T00:48:28Z,99204b0a-62e2-34dc-b3f6-290819949428,185349003,,,1,2,,,1,1,Encounter for check up (procedure),83.05,,1,0.00,0.00,,0.00,6aed9210-c500-4375-f98a-b8fbe6944598,,6aed9210-c500-4375-6bb6-83b424c6724a,1,5aabe8ce-ac28-3172-a0af-663137c7f5f5,5aabe8ce-ac28-3172-a0af-663137c7f5f5
4e9930e9-b2b2-ef16-352a-32d67d3c26d7,6aed9210-c500-4375-9e42-7b2061a26299,30670,6aed9210-c500-4375-b0fc-3374c40b8591,TRANSFEROUT,,,2024-10-15T21:42:53Z,2024-10-16T00:48:28Z,99204b0a-62e2-34dc-b3f6-290819949428,185349003,,,1,2,,,1,1,Encounter for check up (procedure),0.00,,,0.00,0.00,83.05,83.05,6aed9210-c500-4375-f98a-b8fbe6944598,,6aed9210-c500-4375-6bb6-83b424c6724a,1,5aabe8ce-ac28-3172-a0af-663137c7f5f5,5aabe8ce-ac28-3172-a0af-663137c7f5f5
9d3261d4-7165-de2c-6a54-65ad06784dae,6aed9210-c500-4375-9e42-7b2061a26299,30671,6aed9210-c500-4375-b0fc-3374c40b8591,TRANSFERIN,83.05,,2024-10-15T21:42:53Z,2024-10-16T00:48:28Z,99204b0a-62e2-34dc-b3f6-290819949428,185349003,,,1,2,,,1,1,Encounter for check up (procedure),0.00,30670,p,0.00,0.00,83.05,83.05,6aed9210-c500-4375-f98a-b8fbe6944598,,6aed9210-c500-4375-6bb6-83b424c6724a,1,5aabe8ce-ac28-3172-a0af-663137c7f5f5,5aabe8ce-ac28-3172-a0af-663137c7f5f5
3a64c3ab-e2cb-bc59-d4a8-cb5d0cf09b5c,6aed9210-c500-4375-9e42-7b2061a26299,30672,6aed9210-c500-4375-b0fc-3374c40b8591,PAYMENT,,CASH,2024-10-15T21:42:53Z,2024-10-16T00:48:28Z,99204b0a-62e2-34dc-b3f6-290819949428,185349003,,,1,2,,,1,1,Encounter for check up (procedure),0.00,,,83.05,0.00,,0.00,6aed9210-c500-4375-f98a-b8fbe6944598,,6aed9210-c500-4375-6bb6-83b424c6724a,1,5aabe8ce-ac28-3172-a0af-663137c7f5f5,5aabe8ce-ac28-3172-a0af-663137c7f5f5
e9930eb9-8b2e-f164-52a3-2d8633c26d73,6aed9210-c500-4375-9e42-7b2061a26299,30674,6aed9210-c500-4375-b0fc-3374c40b8591,CHARGE,620,,2024-10-15T21:42:53Z,2024-10-15T21:57:17Z,99204b0a-62e2-34dc-b3f6-290819949428,34043003,,,1,2,,,1,1,Dental consultation and report (procedure),620.44,,1,0.00,0.00,,0.00,6aed9210-c500-4375-f98a-b8fbe6944598,,6aed9210-c500-4375-6bb6-83b424c6724a,1,5aabe8ce-ac28-3172-a0af-663137c7f5f5,5aabe8ce-ac28-3172-a0af-663137c7f5f5
d3261d89-165d-e2c9-a546-5b126784dae6,6aed9210-c500-4375-9e42-7b2061a26299,30675,6aed9210-c500-4375-b0fc-3374c40b8591,TRANSFEROUT,,,2024-10-15T21:42:53Z,2024-10-15T21:57:17Z,99204b0a-62e2-34dc-b3f6-290819949428,34043003,,,1,2,,,1,1,Dental consultation and report (procedure),0.00,,,0.00,0.00,620.44,620.44,6aed9210-c500-4375-f98a-b8fbe6944598,,6aed9210-c500-4375-6bb6-83b424c6724a,1,5aabe8ce-ac28-3172-a0af-663137c7f5f5,5aabe8ce-ac28-3172-a0af-663137c7f5f5
a64c3b22-2cbb-c593-4a8c-b654cf09b5cd,6aed9210-c500-4375-9e42-7b2061a26299,30676,6aed9210-c500-4375-b0fc-3374c40b8591,TRANSFERIN,620.44,,2024-10-15T21:42:53Z,2024-10-15T21:57:17Z,99204b0a-62e2-34dc-b3f6-290819949428,34043003,,,1,2,,,1,1,Dental consultation and report (procedure),0.00,30675,p,0.00,0.00,620.44,620.44,6aed9210-c500-4375-f98a-b8fbe6944598,,6aed9210-c500-4375-6bb6-83b424c6724a,1,5aabe8ce-ac28-3172-a0af-663137c7f5f5,5aabe8ce-ac28-3172-a0af-663137c7f5f5
4c9876b4-5977-8b27-9519-6cd99e136b9a,6aed9210-c500-4375-9e42-7b2061a26299,30677,6aed9210-c500-4375-b0fc-3374c40b8591,PAYMENT,,CC,2024-10-15T21:42:53Z,2024-10-15T21:57:17Z,99204b0a-62e2-34dc-b3f6-290819949428,34043003,,,1,2,,,1,1,Dental consultation and report (procedure),0.00,,,620.44,0.00,,0.00,6aed9210-c500-4375-f98a-b8fbe6944598,,6aed9210-c500-4375-6bb6-83b424c6724a,1,5aabe8ce-ac28-3172-a0af-663137c7f5f5,5aabe8ce-ac28-3172-a0af-663137c7f5f5
173f05e6-5faf-20ee-5a64-fe31bba2aa79,6aed9210-c500-4375-9e42-7b2061a26299,30679,6aed9210-c500-4375-b0fc-3374c40b8591,CHARGE,620.44,,2024-10-15T21:57:17Z,2024-10-15T22:38:01Z,99204b0a-62e2-34dc-b3f6-290819949428,225362009,,,1,2,,,1,1,Dental care (regime/therapy),620.44,,1,0.00,0.00,,0.00,6aed9210-c500-4375-f98a-b8fbe6944598,,6aed9210-c500-4375-6bb6-83b424c6724a,1,5aabe8ce-ac28-3172-a0af-663137c7f5f5,5aabe8ce-ac28-3172-a0af-663137c7f5f5
ba59778b-274c-987c-df9e-136b9a951972,6aed9210-c500-4375-9e42-7b2061a26299,30680,6aed9210-c500-4375-b0fc-3374c40b8591,TRANSFEROUT,,,2024-10-15T21:57:17Z,2024-10-15T22:38:01Z,99204b0a-62e2-34dc-b3f6-290819949428,225362009,,,1,2,,,1,1,Dental care (regime/therapy),0.00,,,0.00,0.00,620.44,620.44,6aed9210-c500-4375-f98a-b8fbe6944598,,6aed9210-c500-4375-6bb6-83b424c6724a,1,5aabe8ce-ac28-3172-a0af-663137c7f5f5,5aabe8ce-ac28-3172-a0af-663137c7f5f5
b4b2ef16-4e99-30f9-7f3c-26d7352a32e6,6aed9210-c500-4375-9e42-7b2061a26299,30681,6aed9210-c500-4375-b0fc-3374c40b8591,TRANSFERIN,620.44,,2024-10-15T21:57:17Z,2024-10-15T22:38:01Z,99204b0a-62e2-34dc-b3f6-290819949428,225362009,,,1,2,,,1,1,Dental care (regime/therapy),0.00,30680,p,0.00,0.00,620.44,620.44,6aed9210-c500-4375-f98a-b8fbe6944598,,6aed9210-c500-4375-6bb6-83b424c6724a,1,5aabe8ce-ac28-3172-a0af-663137c7f5f5,5aabe8ce-ac28-3172-a0af-663137c7f5f5
6c65de2c-9d32-61f4-0178-4dae6a5465cd,6aed9210-c500-4375-9e42-7b2061a26299,30682,6aed9210-c500-4375-b0fc-3374c40b8591,PAYMENT,,CHECK,2024-10-15T21:57:17Z,2024-10-15T22:38:01Z,99204b0a-62e2-34dc-b3f6-290819949428,225362009,,,1,2,,,1,1,Dental care (regime/therapy),0.00,,,620.4400,0.00,,0.00,6aed9210-c500-4375-f98a-b8fbe6944598,,6aed9210-c500-4375-6bb6-83b424c6724a,1,5aabe8ce-ac28-3172-a0af-663137c7f5f5,5aabe8ce-ac28-3172-a0af-663137c7f5f5
b19778b2-74c9-87da-05e1-36b9a951973d,6aed9210-c500-4375-9e42-7b2061a26299,30684,6aed9210-c500-4375-b0fc-3374c40b8591,CHARGE,620.44,,2024-10-15T22:38:01Z,2024-10-15T22:58:25Z,99204b0a-62e2-34dc-b3f6-290819949428,1260009003,,,1,2,,,1,1,Removal of supragingival plaque and calculus from all teeth using dental instrument (procedure),620.44,,1,0.00,0.00,,0.00,6aed9210-c500-4375-f98a-b8fbe6944598,,6aed9210-c500-4375-6bb6-83b424c6724a,1,5aabe8ce-ac28-3172-a0af-663137c7f5f5,5aabe8ce-ac28-3172-a0af-663137c7f5f5
632ef164-e993-0fb9-0bc2-6d7352a32e86,6aed9210-c500-4375-9e42-7b2061a26299,30685,6aed9210-c500-4375-b0fc-3374c40b8591,TRANSFEROUT,,,2024-10-15T22:38:01Z,2024-10-15T22:58:25Z,99204b0a-62e2-34dc-b3f6-290819949428,1260009003,,,1,2,,,1,1,Removal of supragingival plaque and calculus from all teeth using dental instrument (procedure),0.00,,,0.0000,0.00,620.44,620.44,6aed9210-c500-4375-f98a-b8fbe6944598,,6aed9210-c500-4375-6bb6-83b424c6724a,1,5aabe8ce-ac28-3172-a0af-663137c7f5f5,5aabe8ce-ac28-3172-a0af-663137c7f5f5
c65de2c9-d326-1f88-1784-dae6a5465d12,6aed9210-c500-4375-9e42-7b2061a26299,30686,6aed9210-c500-4375-b0fc-3374c40b8591,TRANSFERIN,620.44,,2024-10-15T22:38:01Z,2024-10-15T22:58:25Z,99204b0a-62e2-34dc-b3f6-290819949428,1260009003,,,1,2,,,1,1,Removal of supragingival plaque and calculus from all teeth using dental instrument (procedure),0.00,30685,p,0.00,0.00,620.44,620.44,6aed9210-c500-4375-f98a-b8fbe6944598,,6aed9210-c500-4375-6bb6-83b424c6724a,1,5aabe8ce-ac28-3172-a0af-663137c7f5f5,5aabe8ce-ac28-3172-a0af-663137c7f5f5
8cbbc593-a64c-3f21-2f09-b5cd4a8cba54,6aed9210-c500-4375-9e42-7b2061a26299,30687,6aed9210-c500-4375-b0fc-3374c40b8591,PAYMENT,,CASH,2024-10-15T22:38:01Z,2024-10-15T22:58:25Z,99204b0a-62e2-34dc-b3f6-290819949428,1260009003,,,1,2,,,1,1,Removal of supragingival plaque and calculus from all teeth using dental instrument (procedure),0.00,,,620.44,0.00,,0.00,6aed9210-c500-4375-f98a-b8fbe6944598,,6aed9210-c500-4375-6bb6-83b424c6724a,1,5aabe8ce-ac28-3172-a0af-663137c7f5f5,5aabe8ce-ac28-3172-a0af-663137c7f5f5
32ef164e-9930-fda6-bc26-d7352a32ea70,6aed9210-c500-4375-9e42-7b2061a26299,30689,6aed9210-c500-4375-b0fc-3374c40b8591,CHARGE,620.44,,2024-10-15T22:58:25Z,2024-10-15T23:26:21Z,99204b0a-62e2-34dc-b3f6-290819949428,1260010008,,,1,2,,,1,1,Removal of subgingival plaque and calculus from all teeth using dental instrument (procedure),620.44,,1,0.00,0.00,,0.00,6aed9210-c500-4375-f98a-b8fbe6944598,,6aed9210-c500-4375-6bb6-83b424c6724a,1,5aabe8ce-ac28-3172-a0af-663137c7f5f5,5aabe8ce-ac28-3172-a0af-663137c7f5f5
93a64c42-248c-bbc5-cd4a-8cbd572f09b5,6aed9210-c500-4375-9e42-7b2061a26299,30690,6aed9210-c500-4375-b0fc-3374c40b8591,PAYMENT,,ECHECK,2024-10-15T22:58:25Z,2024-10-15T23:26:21Z,99204b0a-62e2-34dc-b3f6-290819949428,1260010008,,,1,2,,,1,1,Removal of subgingival plaque and calculus from all teeth using dental instrument (procedure),0.00,,,371.96,0.00,,248.48,6aed9210-c500-4375-f98a-b8fbe6944598,,6aed9210-c500-4375-6bb6-83b424c6724a,1,5aabe8ce-ac28-3172-a0af-663137c7f5f5,5aabe8ce-ac28-3172-a0af-663137c7f5f5
274c9884-b919-778b-9a95-197ade5e136b,6aed9210-c500-4375-9e42-7b2061a26299,30691,6aed9210-c500-4375-b0fc-3374c40b8591,TRANSFEROUT,,,2024-10-15T22:58:25Z,2024-10-15T23:26:21Z,99204b0a-62e2-34dc-b3f6-290819949428,1260010008,,,1,2,,,1,1,Removal of subgingival plaque and calculus from all teeth using dental instrument (procedure),0.00,,,0.00,0.00,248.48,248.48,6aed9210-c500-4375-f98a-b8fbe6944598,,6aed9210-c500-4375-6bb6-83b424c6724a,1,5aabe8ce-ac28-3172-a0af-663137c7f5f5,5aabe8ce-ac28-3172-a0af-663137c7f5f5
4e993109-b232-ef16-352a-32f67cbc26d7,6aed9210-c500-4375-9e42-7b2061a26299,30692,6aed9210-c500-4375-b0fc-3374c40b8591,TRANSFERIN,248.48,,2024-10-15T22:58:25Z,2024-10-15T23:26:21Z,99204b0a-62e2-34dc-b3f6-290819949428,1260010008,,,1,2,,,1,1,Removal of subgingival plaque and calculus from all teeth using dental instrument (procedure),0.00,30691,p,0.00,0.00,248.48,248.48,6aed9210-c500-4375-f98a-b8fbe6944598,,6aed9210-c500-4375-6bb6-83b424c6724a,1,5aabe8ce-ac28-3172-a0af-663137c7f5f5,5aabe8ce-ac28-3172-a0af-663137c7f5f5
9d326214-7065-de2c-6a54-65ed05784dae,6aed9210-c500-4375-9e42-7b2061a26299,30693,6aed9210-c500-4375-b0fc-3374c40b8591,PAYMENT,,CASH,2024-10-15T22:58:25Z,2024-10-15T23:26:21Z,99204b0a-62e2-34dc-b3f6-290819949428,1260010008,,,1,2,,,1,1,Removal of subgingival plaque and calculus from all teeth using dental instrument (procedure),0.00,,,248.48,0.00,,0.00,6aed9210-c500-4375-f98a-b8fbe6944598,,6aed9210-c500-4375-6bb6-83b424c6724a,1,5aabe8ce-ac28-3172-a0af-663137c7f5f5,5aabe8ce-ac28-3172-a0af-663137c7f5f5
74c9885a-c197-78b2-a951-97bd15e136b9,6aed9210-c500-4375-9e42-7b2061a26299,30695,6aed9210-c500-4375-b0fc-3374c40b8591,CHARGE,620.44,,2024-10-15T23:26:21Z,2024-10-15T23:56:21Z,99204b0a-62e2-34dc-b3f6-290819949428,241046008,,,1,2,,,1,1,Dental plain X-ray bitewing (procedure),620.44,,1,0.0000,0.00,,0.00,6aed9210-c500-4375-f98a-b8fbe6944598,,6aed9210-c500-4375-6bb6-83b424c6724a,1,5aabe8ce-ac28-3172-a0af-663137c7f5f5,5aabe8ce-ac28-3172-a0af-663137c7f5f5
e99310b9-832e-f164-52a3-2f862bc26d73,6aed9210-c500-4375-9e42-7b2061a26299,30696,6aed9210-c500-4375-b0fc-3374c40b8591,PAYMENT,,ECHECK,2024-10-15T23:26:21Z,2024-10-15T23:56:21Z,99204b0a-62e2-34dc-b3f6-290819949428,241046008,,,1,2,,,1,1,Dental plain X-ray bitewing (procedure),0.00,,,434.31,0.00,,186.13,6aed9210-c500-4375-f98a-b8fbe6944598,,6aed9210-c500-4375-6bb6-83b424c6724a,1,5aabe8ce-ac28-3172-a0af-663137c7f5f5,5aabe8ce-ac28-3172-a0af-663137c7f5f5
d3262189-065d-e2c9-a546-5f125784dae6,6aed9210-c500-4375-9e42-7b2061a26299,30697,6aed9210-c500-4375-b0fc-3374c40b8591,TRANSFEROUT,,,2024-10-15T23:26:21Z,2024-10-15T23:56:21Z,99204b0a-62e2-34dc-b3f6-290819949428,241046008,,,1,2,,,1,1,Dental plain X-ray bitewing (procedure),0.00,,,0.00,0.00,186.13,186.13,6aed9210-c500-4375-f98a-b8fbe6944598,,6aed9210-c500-4375-6bb6-83b424c6724a,1,5aabe8ce-ac28-3172-a0af-663137c7f5f5,5aabe8ce-ac28-3172-a0af-663137c7f5f5
a64c4322-0cbb-c593-4a8c-be54af09b5cd,6aed9210-c500-4375-9e42-7b2061a26299,30698,6aed9210-c500-4375-b0fc-3374c40b8591,TRANSFERIN,186.13,,2024-10-15T23:26:21Z,2024-10-15T23:56:21Z,99204b0a-62e2-34dc-b3f6-290819949428,241046008,,,1,2,,,1,1,Dental plain X-ray bitewing (procedure),0.00,30697,p,0.00,0.00,186.13,186.13,6aed9210-c500-4375-f98a-b8fbe6944598,,6aed9210-c500-4375-6bb6-83b424c6724a,1,5aabe8ce-ac28-3172-a0af-663137c7f5f5,5aabe8ce-ac28-3172-a0af-663137c7f5f5
4c9886b4-1977-8b27-9519-7cd95e136b9a,6aed9210-c500-4375-9e42-7b2061a26299,30699,6aed9210-c500-4375-b0fc-3374c40b8591,PAYMENT,,CASH,2024-10-15T23:26:21Z,2024-10-15T23:56:21Z,99204b0a-62e2-34dc-b3f6-290819949428,241046008,,,1,2,,,1,1,Dental plain X-ray bitewing (procedure),0.00,,,186.13,0.00,,0.00,6aed9210-c500-4375-f98a-b8fbe6944598,,6aed9210-c500-4375-6bb6-83b424c6724a,1,5aabe8ce-ac28-3172-a0af-663137c7f5f5,5aabe8ce-ac28-3172-a0af-663137c7f5f5
71de2c9d-3264-bc7d-844d-ae6a54689512,6aed9210-c500-4375-9e42-7b2061a26299,30701,6aed9210-c500-4375-b0fc-3374c40b8591,CHARGE,620.44,,2024-10-15T23:26:21Z,2024-10-16T00:00:57Z,99204b0a-62e2-34dc-b3f6-290819949428,274788003,,,1,2,,,1,1,Examination of gingivae (procedure),620.44,,1,0.00,0.00,,0.00,6aed9210-c500-4375-f98a-b8fbe6944598,,6aed9210-c500-4375-6bb6-83b424c6724a,1,5aabe8ce-ac28-3172-a0af-663137c7f5f5,5aabe8ce-ac28-3172-a0af-663137c7f5f5
e3bc593a-64c9-7bfa-089b-5cd4a8d12d25,6aed9210-c500-4375-9e42-7b2061a26299,30702,6aed9210-c500-4375-b0fc-3374c40b8591,PAYMENT,,ECHECK,2024-10-15T23:26:21Z,2024-10-16T00:00:57Z,99204b0a-62e2-34dc-b3f6-290819949428,274788003,,,1,2,,,1,1,Examination of gingivae (procedure),0.00,,,434.31,0.00,,186.13,6aed9210-c500-4375-f98a-b8fbe6944598,,6aed9210-c500-4375-6bb6-83b424c6724a,1,5aabe8ce-ac28-3172-a0af-663137c7f5f5,5aabe8ce-ac28-3172-a0af-663137c7f5f5
c778b274-c992-faf5-1136-b9a951a25d4a,6aed9210-c500-4375-9e42-7b2061a26299,30703,6aed9210-c500-4375-b0fc-3374c40b8591,TRANSFEROUT,,,2024-10-15T23:26:21Z,2024-10-16T00:00:57Z,99204b0a-62e2-34dc-b3f6-290819949428,274788003,,,1,2,,,1,1,Examination of gingivae (procedure),0.00,,,0.00,0.00,186.13,186.13,6aed9210-c500-4375-f98a-b8fbe6944598,,6aed9210-c500-4375-6bb6-83b424c6724a,1,5aabe8ce-ac28-3172-a0af-663137c7f5f5,5aabe8ce-ac28-3172-a0af-663137c7f5f5
8ef164e9-9325-f9eb-226d-7352a344c694,6aed9210-c500-4375-9e42-7b2061a26299,30704,6aed9210-c500-4375-b0fc-3374c40b8591,TRANSFERIN,186.13,,2024-10-15T23:26:21Z,2024-10-16T00:00:57Z,99204b0a-62e2-34dc-b3f6-290819949428,274788003,,,1,2,,,1,1,Examination of gingivae (procedure),0.00,30703,p,0.00,0.00,186.13,186.13,6aed9210-c500-4375-f98a-b8fbe6944598,,6aed9210-c500-4375-6bb6-83b424c6724a,1,5aabe8ce-ac28-3172-a0af-663137c7f5f5,5aabe8ce-ac28-3172-a0af-663137c7f5f5
1de2c9d3-264c-09d7-44da-e6a546899328,6aed9210-c500-4375-9e42-7b2061a26299,30705,6aed9210-c500-4375-b0fc-3374c40b8591,PAYMENT,,CASH,2024-10-15T23:26:21Z,2024-10-16T00:00:57Z,99204b0a-62e2-34dc-b3f6-290819949428,274788003,,,1,2,,,1,1,Examination of gingivae (procedure),0.00,,,186.13,0.00,,0.00,6aed9210-c500-4375-f98a-b8fbe6944598,,6aed9210-c500-4375-6bb6-83b424c6724a,1,5aabe8ce-ac28-3172-a0af-663137c7f5f5,5aabe8ce-ac28-3172-a0af-663137c7f5f5
778b274c-9930-b75c-136b-9a951a26dca1,6aed9210-c500-4375-9e42-7b2061a26299,30707,6aed9210-c500-4375-b0fc-3374c40b8591,CHARGE,620.44,,2024-10-16T00:00:57Z,2024-10-16T00:21:22Z,99204b0a-62e2-34dc-b3f6-290819949428,1259293006,,,1,2,,,1,1,Application of composite dental filling material to dentin of tooth following fracture of tooth (procedure),620.44,,1,0.00,0.00,,0.00,6aed9210-c500-4375-f98a-b8fbe6944598,,6aed9210-c500-4375-6bb6-83b424c6724a,1,5aabe8ce-ac28-3172-a0af-663137c7f5f5,5aabe8ce-ac28-3172-a0af-663137c7f5f5
ef164e99-3261-aeb8-26d7-352a344e7942,6aed9210-c500-4375-9e42-7b2061a26299,30708,6aed9210-c500-4375-b0fc-3374c40b8591,PAYMENT,,ECHECK,2024-10-16T00:00:57Z,2024-10-16T00:21:22Z,99204b0a-62e2-34dc-b3f6-290819949428,1259293006,,,1,2,,,1,1,Application of composite dental filling material to dentin of tooth following fracture of tooth (procedure),0.00,,,434.31,0.00,,186.13,6aed9210-c500-4375-f98a-b8fbe6944598,,6aed9210-c500-4375-6bb6-83b424c6724a,1,5aabe8ce-ac28-3172-a0af-663137c7f5f5,5aabe8ce-ac28-3172-a0af-663137c7f5f5
de2c9d32-64c4-7571-4dae-6a54689d0a84,6aed9210-c500-4375-9e42-7b2061a26299,30709,6aed9210-c500-4375-b0fc-3374c40b8591,TRANSFEROUT,,,2024-10-16T00:00:57Z,2024-10-16T00:21:22Z,99204b0a-62e2-34dc-b3f6-290819949428,1259293006,,,1,2,,,1,1,Application of composite dental filling material to dentin of tooth following fracture of tooth (procedure),0.00,,,0.00,0.00,186.13,186.13,6aed9210-c500-4375-f98a-b8fbe6944598,,6aed9210-c500-4375-6bb6-83b424c6724a,1,5aabe8ce-ac28-3172-a0af-663137c7f5f5,5aabe8ce-ac28-3172-a0af-663137c7f5f5
4c9936b4-5c77-8b27-951a-2cd9a1136b9a,6aed9210-c500-4375-9e42-7b2061a26299,30710,6aed9210-c500-4375-b0fc-3374c40b8591,TRANSFERIN,186.13,,2024-10-16T00:00:57Z,2024-10-16T00:21:22Z,99204b0a-62e2-34dc-b3f6-290819949428,1259293006,,,1,2,,,1,1,Application of composite dental filling material to dentin of tooth following fracture of tooth (procedure),0.00,30709,p,0.00,0.00,186.13,186.13,6aed9210-c500-4375-f98a-b8fbe6944598,,6aed9210-c500-4375-6bb6-83b424c6724a,1,5aabe8ce-ac28-3172-a0af-663137c7f5f5,5aabe8ce-ac28-3172-a0af-663137c7f5f5
99326da8-b8ef-164e-2a34-5a734226d735,6aed9210-c500-4375-9e42-7b2061a26299,30711,6aed9210-c500-4375-b0fc-3374c40b8591,PAYMENT,,CASH,2024-10-16T00:00:57Z,2024-10-16T00:21:22Z,99204b0a-62e2-34dc-b3f6-290819949428,1259293006,,,1,2,,,1,1,Application of composite dental filling material to dentin of tooth following fracture of tooth (procedure),0.00,,,186.13,0.00,,0.00,6aed9210-c500-4375-f98a-b8fbe6944598,,6aed9210-c500-4375-6bb6-83b424c6724a,1,5aabe8ce-ac28-3172-a0af-663137c7f5f5,5aabe8ce-ac28-3172-a0af-663137c7f5f5
64c9ba02-e3bc-593a-a8d1-6d2d089b5cd4,6aed9210-c500-4375-9e42-7b2061a26299,30713,6aed9210-c500-4375-b0fc-3374c40b8591,CHARGE,620.44,,2024-10-16T00:21:22Z,2024-10-16T00:48:28Z,99204b0a-62e2-34dc-b3f6-290819949428,243085009,,,1,2,,,1,1,Oral health education (procedure),620.44,,1,0.00,0.00,,0.00,6aed9210-c500-4375-f98a-b8fbe6944598,,6aed9210-c500-4375-6bb6-83b424c6724a,1,5aabe8ce-ac28-3172-a0af-663137c7f5f5,5aabe8ce-ac28-3172-a0af-663137c7f5f5
c9937b05-c778-b274-51a2-dd5a1136b9a9,6aed9210-c500-4375-9e42-7b2061a26299,30714,6aed9210-c500-4375-b0fc-3374c40b8591,PAYMENT,,ECHECK,2024-10-16T00:21:22Z,2024-10-16T00:48:28Z,99204b0a-62e2-34dc-b3f6-290819949428,243085009,,,1,2,,,1,1,Oral health education (procedure),0.00,,,434.31,0.00,,186.13,6aed9210-c500-4375-f98a-b8fbe6944598,,6aed9210-c500-4375-6bb6-83b424c6724a,1,5aabe8ce-ac28-3172-a0af-663137c7f5f5,5aabe8ce-ac28-3172-a0af-663137c7f5f5
9326fa0b-8ef1-64e9-a345-c6b4226d7352,6aed9210-c500-4375-9e42-7b2061a26299,30715,6aed9210-c500-4375-b0fc-3374c40b8591,TRANSFEROUT,,,2024-10-16T00:21:22Z,2024-10-16T00:48:28Z,99204b0a-62e2-34dc-b3f6-290819949428,243085009,,,1,2,,,1,1,Oral health education (procedure),0.00,,,0.00,0.00,186.13,186.13,6aed9210-c500-4375-f98a-b8fbe6944598,,6aed9210-c500-4375-6bb6-83b424c6724a,1,5aabe8ce-ac28-3172-a0af-663137c7f5f5,5aabe8ce-ac28-3172-a0af-663137c7f5f5
264e0a17-1de2-c9d3-468b-936844dae6a5,6aed9210-c500-4375-9e42-7b2061a26299,30716,6aed9210-c500-4375-b0fc-3374c40b8591,TRANSFERIN,186.13,,2024-10-16T00:21:22Z,2024-10-16T00:48:28Z,99204b0a-62e2-34dc-b3f6-290819949428,243085009,,,1,2,,,1,1,Oral health education (procedure),0.00,30715,p,0.00,0.00,186.13,186.13,6aed9210-c500-4375-f98a-b8fbe6944598,,6aed9210-c500-4375-6bb6-83b424c6724a,1,5aabe8ce-ac28-3172-a0af-663137c7f5f5,5aabe8ce-ac28-3172-a0af-663137c7f5f5
4c9c242e-3bc5-93a6-8d17-56d089b5cd4a,6aed9210-c500-4375-9e42-7b2061a26299,30717,6aed9210-c500-4375-b0fc-3374c40b8591,PAYMENT,,CASH,2024-10-16T00:21:22Z,2024-10-16T00:48:28Z,99204b0a-62e2-34dc-b3f6-290819949428,243085009,,,1,2,,,1,1,Oral health education (procedure),0.00,,,186.13,0.00,,0.00,6aed9210-c500-4375-f98a-b8fbe6944598,,6aed9210-c500-4375-6bb6-83b424c6724a,1,5aabe8ce-ac28-3172-a0af-663137c7f5f5,5aabe8ce-ac28-3172-a0af-663137c7f5f5
19840562-449a-b15e-652e-87dd773cff4e,6aed9210-c500-4375-c87e-b2aacb16e4a6,30719,6aed9210-c500-4375-b0fc-3374c40b8591,CHARGE,83.05,,2024-11-12T21:42:53Z,2024-11-12T22:20:34Z,99204b0a-62e2-34dc-b3f6-290819949428,185349003,,,1,2,,,1,2,Encounter for check up (procedure),83.05,,1,0.00,0.00,,0.00,6aed9210-c500-4375-eaef-be7b31b6fe76,,6aed9210-c500-4375-6bb6-83b424c6724a,1,5aabe8ce-ac28-3172-a0af-663137c7f5f5,5aabe8ce-ac28-3172-a0af-663137c7f5f5
5941c6ac-5786-6101-f80e-6f3fd3994ba1,6aed9210-c500-4375-c87e-b2aacb16e4a6,30720,6aed9210-c500-4375-b0fc-3374c40b8591,PAYMENT,,ECHECK,2024-11-12T21:42:53Z,2024-11-12T22:20:34Z,99204b0a-62e2-34dc-b3f6-290819949428,185349003,,,1,2,,,1,2,Encounter for check up (procedure),0.00,,,58.14,0.00,,24.91,6aed9210-c500-4375-eaef-be7b31b6fe76,,6aed9210-c500-4375-6bb6-83b424c6724a,1,5aabe8ce-ac28-3172-a0af-663137c7f5f5,5aabe8ce-ac28-3172-a0af-663137c7f5f5
b2998d58-af0c-c202-f022-de7fa7329743,6aed9210-c500-4375-c87e-b2aacb16e4a6,30721,6aed9210-c500-4375-b0fc-3374c40b8591,TRANSFEROUT,,,2024-11-12T21:42:53Z,2024-11-12T22:20:34Z,99204b0a-62e2-34dc-b3f6-290819949428,185349003,,,1,2,,,1,2,Encounter for check up (procedure),0.00,,,0.0000,0.00,24.91,24.91,6aed9210-c500-4375-eaef-be7b31b6fe76,,6aed9210-c500-4375-6bb6-83b424c6724a,1,5aabe8ce-ac28-3172-a0af-663137c7f5f5,5aabe8ce-ac28-3172-a0af-663137c7f5f5
65431ab1-5e19-8405-e075-bcff4e652e87,6aed9210-c500-4375-c87e-b2aacb16e4a6,30722,6aed9210-c500-4375-b0fc-3374c40b8591,TRANSFERIN,24.91,,2024-11-12T21:42:53Z,2024-11-12T22:20:34Z,99204b0a-62e2-34dc-b3f6-290819949428,185349003,,,1,2,,,1,2,Encounter for check up (procedure),0.00,30721,p,0.00,0.00,24.91,24.91,6aed9210-c500-4375-eaef-be7b31b6fe76,,6aed9210-c500-4375-6bb6-83b424c6724a,1,5aabe8ce-ac28-3172-a0af-663137c7f5f5,5aabe8ce-ac28-3172-a0af-663137c7f5f5
caf63562-bc33-080a-c11b-79fe9cca5d0f,6aed9210-c500-4375-c87e-b2aacb16e4a6,30723,6aed9210-c500-4375-b0fc-3374c40b8591,PAYMENT,,CASH,2024-11-12T21:42:53Z,2024-11-12T22:20:34Z,99204b0a-62e2-34dc-b3f6-290819949428,185349003,,,1,2,,,1,2,Encounter for check up (procedure),0.00,,,24.91,0.00,,0.00,6aed9210-c500-4375-eaef-be7b31b6fe76,,6aed9210-c500-4375-6bb6-83b424c6724a,1,5aabe8ce-ac28-3172-a0af-663137c7f5f5,5aabe8ce-ac28-3172-a0af-663137c7f5f5
2d88d58a-f0cc-202b-061d-e7fa7329743f,6aed9210-c500-4375-c87e-b2aacb16e4a6,30725,6aed9210-c500-4375-b0fc-3374c40b8591,CHARGE,620.44,,2024-11-12T21:42:53Z,2024-11-12T22:20:34Z,99204b0a-62e2-34dc-b3f6-290819949428,710824005,,,1,2,,,1,2,Assessment of health and social care needs (procedure),620.44,,1,0.00,0.00,,0.00,6aed9210-c500-4375-eaef-be7b31b6fe76,,6aed9210-c500-4375-6bb6-83b424c6724a,1,5aabe8ce-ac28-3172-a0af-663137c7f5f5,5aabe8ce-ac28-3172-a0af-663137c7f5f5
5c11ab15-e198-4056-0f3b-cff4e652e87e,6aed9210-c500-4375-c87e-b2aacb16e4a6,30726,6aed9210-c500-4375-b0fc-3374c40b8591,PAYMENT,,ECHECK,2024-11-12T21:42:53Z,2024-11-12T22:20:34Z,99204b0a-62e2-34dc-b3f6-290819949428,710824005,,,1,2,,,1,2,Assessment of health and social care needs (procedure),0.00,,,434.31,0.00,,186.13,6aed9210-c500-4375-eaef-be7b31b6fe76,,6aed9210-c500-4375-6bb6-83b424c6724a,1,5aabe8ce-ac28-3172-a0af-663137c7f5f5,5aabe8ce-ac28-3172-a0af-663137c7f5f5
bf23562b-c330-80ac-2177-9fe9cca5d0fc,6aed9210-c500-4375-c87e-b2aacb16e4a6,30727,6aed9210-c500-4375-b0fc-3374c40b8591,TRANSFEROUT,,,2024-11-12T21:42:53Z,2024-11-12T22:20:34Z,99204b0a-62e2-34dc-b3f6-290819949428,710824005,,,1,2,,,1,2,Assessment of health and social care needs (procedure),0.00,,,0.00,0.00,186.13,186.13,6aed9210-c500-4375-eaef-be7b31b6fe76,,6aed9210-c500-4375-6bb6-83b424c6724a,1,5aabe8ce-ac28-3172-a0af-663137c7f5f5,5aabe8ce-ac28-3172-a0af-663137c7f5f5
8246ac57-8661-0159-4eef-3fd3994ba1f8,6aed9210-c500-4375-c87e-b2aacb16e4a6,30728,6aed9210-c500-4375-b0fc-3374c40b8591,TRANSFERIN,186.13,,2024-11-12T21:42:53Z,2024-11-12T22:20:34Z,99204b0a-62e2-34dc-b3f6-290819949428,710824005,,,1,2,,,1,2,Assessment of health and social care needs (procedure),0.00,30727,p,0.00,0.00,186.13,186.13,6aed9210-c500-4375-eaef-be7b31b6fe76,,6aed9210-c500-4375-6bb6-83b424c6724a,1,5aabe8ce-ac28-3172-a0af-663137c7f5f5,5aabe8ce-ac28-3172-a0af-663137c7f5f5
1a8d58af-0cc2-02b3-a3de-7fa7329743f0,6aed9210-c500-4375-c87e-b2aacb16e4a6,30729,6aed9210-c500-4375-b0fc-3374c40b8591,PAYMENT,,CASH,2024-11-12T21:42:53Z,2024-11-12T22:20:34Z,99204b0a-62e2-34dc-b3f6-290819949428,710824005,,,1,2,,,1,2,Assessment of health and social care needs (procedure),0.00,,,186.13,0.00,,0.00,6aed9210-c500-4375-eaef-be7b31b6fe76,,6aed9210-c500-4375-6bb6-83b424c6724a,1,5aabe8ce-ac28-3172-a0af-663137c7f5f5,5aabe8ce-ac28-3172-a0af-663137c7f5f5
57866101-5a41-b6ac-d399-4ba1f90e5f3f,6aed9210-c500-4375-c87e-b2aacb16e4a6,30731,6aed9210-c500-4375-b0fc-3374c40b8591,CHARGE,0.00,,2024-11-12T22:20:34Z,2024-11-12T22:39:11Z,99204b0a-62e2-34dc-b3f6-290819949428,710841007,,,1,2,,,1,2,Assessment of anxiety (procedure),0.00,,1,0.00,0.00,,0.00,6aed9210-c500-4375-eaef-be7b31b6fe76,,6aed9210-c500-4375-6bb6-83b424c6724a,1,5aabe8ce-ac28-3172-a0af-663137c7f5f5,5aabe8ce-ac28-3172-a0af-663137c7f5f5
5e198405-6942-dab1-4e65-2e87e4757cff,6aed9210-c500-4375-c87e-b2aacb16e4a6,30733,6aed9210-c500-4375-b0fc-3374c40b8591,CHARGE,0.00,,2024-11-12T22:39:11Z,2024-11-12T22:53:34Z,99204b0a-62e2-34dc-b3f6-290819949428,171207006,,,1,2,,,1,2,Depression screening (procedure),0.00,,1,0.00,0.00,,0.00,6aed9210-c500-4375-eaef-be7b31b6fe76,,6aed9210-c500-4375-6bb6-83b424c6724a,1,5aabe8ce-ac28-3172-a0af-663137c7f5f5,5aabe8ce-ac28-3172-a0af-663137c7f5f5
78661015-a62b-6ac5-3994-ba1f92f5f3fd,6aed9210-c500-4375-c87e-b2aacb16e4a6,30735,6aed9210-c500-4375-b0fc-3374c40b8591,CHARGE,0.00,,2024-11-12T22:53:34Z,2024-11-12T23:23:31Z,99204b0a-62e2-34dc-b3f6-290819949428,171207006,,,1,2,,,1,2,Depression screening (procedure),0.00,,1,0.00,0.00,,0.00,6aed9210-c500-4375-eaef-be7b31b6fe76,,6aed9210-c500-4375-6bb6-83b424c6724a,1,5aabe8ce-ac28-3172-a0af-663137c7f5f5,5aabe8ce-ac28-3172-a0af-663137c7f5f5
e1984056-9c0d-ab15-e652-e87e4f37cff4,6aed9210-c500-4375-c87e-b2aacb16e4a6,30737,6aed9210-c500-4375-b0fc-3374c40b8591,CHARGE,0.00,,2024-11-12T23:23:31Z,2024-11-12T23:38:05Z,99204b0a-62e2-34dc-b3f6-290819949428,428211000124100,,,1,2,,,1,2,Assessment of substance use (procedure),0.00,,1,0.00,0.00,,0.00,6aed9210-c500-4375-eaef-be7b31b6fe76,,6aed9210-c500-4375-6bb6-83b424c6724a,1,5aabe8ce-ac28-3172-a0af-663137c7f5f5,5aabe8ce-ac28-3172-a0af-663137c7f5f5
8661015a-8236-ac57-994b-a1f94edf3fd3,6aed9210-c500-4375-c87e-b2aacb16e4a6,30739,6aed9210-c500-4375-b0fc-3374c40b8591,CHARGE,0.00,,2024-11-12T23:38:05Z,2024-11-13T00:04:26Z,99204b0a-62e2-34dc-b3f6-290819949428,713106006,,,1,2,,,1,2,Screening for drug abuse (procedure),0.00,,1,0.00,0.00,,0.00,6aed9210-c500-4375-eaef-be7b31b6fe76,,6aed9210-c500-4375-6bb6-83b424c6724a,1,5aabe8ce-ac28-3172-a0af-663137c7f5f5,5aabe8ce-ac28-3172-a0af-663137c7f5f5
ad9eeb56-2bc3-3080-fd01-3f9fe9cca5d0,6aed9210-c500-4375-c87e-b2aacb16e4a6,30741,6aed9210-c500-4375-b0fc-3374c40b8591,CHARGE,0.00,,2024-11-13T00:04:26Z,2024-11-13T00:14:32Z,99204b0a-62e2-34dc-b3f6-290819949428,103697008,,,1,2,,,1,2,Patient referral for dental care (procedure),0.00,,1,0.00,0.00,,0.00,6aed9210-c500-4375-eaef-be7b31b6fe76,,6aed9210-c500-4375-6bb6-83b424c6724a,1,5aabe8ce-ac28-3172-a0af-663137c7f5f5,5aabe8ce-ac28-3172-a0af-663137c7f5f5
3412c8e2-01a5-fd7c-4682-4b3f55b9d611,6aed9210-c500-4375-be36-2a29063049f7,30743,6aed9210-c500-4375-b0fc-3374c40b8591,CHARGE,245.97,,2024-11-12T21:42:53Z,2025-08-12T21:42:53Z,99204b0a-62e2-34dc-b3f6-290819949428,206905,,,1,2,,,1,2,Ibuprofen 400 MG Oral Tablet [Ibu],245.97,,1,0.00,0.00,,0.00,6aed9210-c500-4375-eaef-be7b31b6fe76,,6aed9210-c500-4375-6bb6-83b424c6724a,1,5aabe8ce-ac28-3172-a0af-663137c7f5f5,5aabe8ce-ac28-3172-a0af-663137c7f5f5
682591c4-034b-fdf8-8d04-967eab73af22,6aed9210-c500-4375-be36-2a29063049f7,30744,6aed9210-c500-4375-b0fc-3374c40b8591,PAYMENT,,ECHECK,2024-11-12T21:42:53Z,2025-08-12T21:42:53Z,99204b0a-62e2-34dc-b3f6-290819949428,206905,,,1,2,,,1,2,Ibuprofen 400 MG Oral Tablet [Ibu],0.00,,,172.18,0.00,,73.79,6aed9210-c500-4375-eaef-be7b31b6fe76,,6aed9210-c500-4375-6bb6-83b424c6724a,1,5aabe8ce-ac28-3172-a0af-663137c7f5f5,5aabe8ce-ac28-3172-a0af-663137c7f5f5
d04b2388-0697-fef0-1a09-2cfd56e76145,6aed9210-c500-4375-be36-2a29063049f7,30745,6aed9210-c500-4375-b0fc-3374c40b8591,TRANSFEROUT,,,2024-11-12T21:42:53Z,2025-08-12T21:42:53Z,99204b0a-62e2-34dc-b3f6-290819949428,206905,,,1,2,,,1,2,Ibuprofen 400 MG Oral Tablet [Ibu],0.00,,,0.00,0.00,73.79,73.79,6aed9210-c500-4375-eaef-be7b31b6fe76,,6aed9210-c500-4375-6bb6-83b424c6724a,1,5aabe8ce-ac28-3172-a0af-663137c7f5f5,5aabe8ce-ac28-3172-a0af-663137c7f5f5
a0964710-0d30-01e1-3412-59faadcece8a,6aed9210-c500-4375-be36-2a29063049f7,30746,6aed9210-c500-4375-b0fc-3374c40b8591,TRANSFERIN,73.79,,2024-11-12T21:42:53Z,2025-08-12T21:42:53Z,99204b0a-62e2-34dc-b3f6-290819949428,206905,,,1,2,,,1,2,Ibuprofen 400 MG Oral Tablet [Ibu],0.00,30745,p,0.00,0.00,73.79,73.79,6aed9210-c500-4375-eaef-be7b31b6fe76,,6aed9210-c500-4375-6bb6-83b424c6724a,1,5aabe8ce-ac28-3172-a0af-663137c7f5f5,5aabe8ce-ac28-3172-a0af-663137c7f5f5
412c8e20-1a60-19c3-6824-b3f55b9da314,6aed9210-c500-4375-be36-2a29063049f7,30747,6aed9210-c500-4375-b0fc-3374c40b8591,PAYMENT,,CASH,2024-11-12T21:42:53Z,2025-08-12T21:42:53Z,99204b0a-62e2-34dc-b3f6-290819949428,206905,,,1,2,,,1,2,Ibuprofen 400 MG Oral Tablet [Ibu],0.00,,,73.79,0.00,,0.00,6aed9210-c500-4375-eaef-be7b31b6fe76,,6aed9210-c500-4375-6bb6-83b424c6724a,1,5aabe8ce-ac28-3172-a0af-663137c7f5f5,5aabe8ce-ac28-3172-a0af-663137c7f5f5
c53fa634-7a1d-760a-d85c-0ef746c60986,6aed9210-c500-4375-51d9-fdbd9d07c855,30749,6aed9210-c500-4375-b0fc-3374c40b8591,CHARGE,83.05,,2024-11-14T02:42:53Z,2024-11-14T02:57:53Z,99204b0a-62e2-34dc-b3f6-290819949428,185345009,,,1,2,,,1,1,Encounter for symptom (procedure),83.05,,1,0.00,0.00,,0.00,6aed9210-c500-4375-8097-c10275909537,,6aed9210-c500-4375-6bb6-83b424c6724a,1,5aabe8ce-ac28-3172-a0af-663137c7f5f5,5aabe8ce-ac28-3172-a0af-663137c7f5f5
8d4bef5d-82b1-4fe9-bdfd-198261b61703,6aed9210-c500-4375-51d9-fdbd9d07c855,30750,6aed9210-c500-4375-b0fc-3374c40b8591,PAYMENT,,ECHECK,2024-11-14T02:42:53Z,2024-11-14T02:57:53Z,99204b0a-62e2-34dc-b3f6-290819949428,185345009,,,1,2,,,1,1,Encounter for symptom (procedure),0.00,,,58.14,0.00,,24.91,6aed9210-c500-4375-8097-c10275909537,,6aed9210-c500-4375-6bb6-83b424c6724a,1,5aabe8ce-ac28-3172-a0af-663137c7f5f5,5aabe8ce-ac28-3172-a0af-663137c7f5f5
1a9adebb-0562-9fd3-7bfd-3304c36c2e07,6aed9210-c500-4375-51d9-fdbd9d07c855,30751,6aed9210-c500-4375-b0fc-3374c40b8591,TRANSFEROUT,,,2024-11-14T02:42:53Z,2024-11-14T02:57:53Z,99204b0a-62e2-34dc-b3f6-290819949428,185345009,,,1,2,,,1,1,Encounter for symptom (procedure),0.00,,,0.00,0.00,24.91,24.91,6aed9210-c500-4375-8097-c10275909537,,6aed9210-c500-4375-6bb6-83b424c6724a,1,5aabe8ce-ac28-3172-a0af-663137c7f5f5,5aabe8ce-ac28-3172-a0af-663137c7f5f5
3539bd76-0ac5-3fa6-f806-660986d85c0e,6aed9210-c500-4375-51d9-fdbd9d07c855,30752,6aed9210-c500-4375-b0fc-3374c40b8591,TRANSFERIN,24.91,,2024-11-14T02:42:53Z,2024-11-14T02:57:53Z,99204b0a-62e2-34dc-b3f6-290819949428,185345009,,,1,2,,,1,1,Encounter for symptom (procedure),0.00,30751,p,0.00,0.00,24.91,24.91,6aed9210-c500-4375-8097-c10275909537,,6aed9210-c500-4375-6bb6-83b424c6724a,1,5aabe8ce-ac28-3172-a0af-663137c7f5f5,5aabe8ce-ac28-3172-a0af-663137c7f5f5
6a897aec-158a-7f4c-f012-cc130db0b81d,6aed9210-c500-4375-51d9-fdbd9d07c855,30753,6aed9210-c500-4375-b0fc-3374c40b8591,PAYMENT,,CASH,2024-11-14T02:42:53Z,2024-11-14T02:57:53Z,99204b0a-62e2-34dc-b3f6-290819949428,185345009,,,1,2,,,1,1,Encounter for symptom (procedure),0.00,,,24.91,0.00,,0.00,6aed9210-c500-4375-8097-c10275909537,,6aed9210-c500-4375-6bb6-83b424c6724a,1,5aabe8ce-ac28-3172-a0af-663137c7f5f5,5aabe8ce-ac28-3172-a0af-663137c7f5f5
a230d15c-6099-42f3-9a57-0a2de622941a,6aed9210-c500-4375-ff11-127350e60649,30755,6aed9210-c500-4375-b0fc-3374c40b8591,CHARGE,521.01,,2024-11-14T02:42:53Z,2024-12-06T02:42:53Z,99204b0a-62e2-34dc-b3f6-290819949428,562251,,,1,2,,,1,1,Amoxicillin 250 MG / Clavulanate 125 MG Oral Tablet,521.01,,1,0.00,0.00,,0.00,6aed9210-c500-4375-8097-c10275909537,,6aed9210-c500-4375-6bb6-83b424c6724a,1,5aabe8ce-ac28-3172-a0af-663137c7f5f5,5aabe8ce-ac28-3172-a0af-663137c7f5f5
4461a2b8-c142-85e7-34ae-145bcc752835,6aed9210-c500-4375-ff11-127350e60649,30756,6aed9210-c500-4375-b0fc-3374c40b8591,PAYMENT,,ECHECK,2024-11-14T02:42:53Z,2024-12-06T02:42:53Z,99204b0a-62e2-34dc-b3f6-290819949428,562251,,,1,2,,,1,1,Amoxicillin 250 MG / Clavulanate 125 MG Oral Tablet,0.00,,,364.71,0.00,,156.30,6aed9210-c500-4375-8097-c10275909537,,6aed9210-c500-4375-6bb6-83b424c6724a,1,5aabe8ce-ac28-3172-a0af-663137c7f5f5,5aabe8ce-ac28-3172-a0af-663137c7f5f5
88c34571-82f5-0bce-695c-28b7991a506a,6aed9210-c500-4375-ff11-127350e60649,30757,6aed9210-c500-4375-b0fc-3374c40b8591,TRANSFEROUT,,,2024-11-14T02:42:53Z,2024-12-06T02:42:53Z,99204b0a-62e2-34dc-b3f6-290819949428,562251,,,1,2,,,1,1,Amoxicillin 250 MG / Clavulanate 125 MG Oral Tablet,0.00,,,0.00,0.00,156.30,156.30,6aed9210-c500-4375-8097-c10275909537,,6aed9210-c500-4375-6bb6-83b424c6724a,1,5aabe8ce-ac28-3172-a0af-663137c7f5f5,5aabe8ce-ac28-3172-a0af-663137c7f5f5
11868ae3-062a-179d-d2b8-516f32f4a0d4,6aed9210-c500-4375-ff11-127350e60649,30758,6aed9210-c500-4375-b0fc-3374c40b8591,TRANSFERIN,156.30,,2024-11-14T02:42:53Z,2024-12-06T02:42:53Z,99204b0a-62e2-34dc-b3f6-290819949428,562251,,,1,2,,,1,1,Amoxicillin 250 MG / Clavulanate 125 MG Oral Tablet,0.00,30757,p,0.00,0.00,156.30,156.30,6aed9210-c500-4375-8097-c10275909537,,6aed9210-c500-4375-6bb6-83b424c6724a,1,5aabe8ce-ac28-3172-a0af-663137c7f5f5,5aabe8ce-ac28-3172-a0af-663137c7f5f5
230d15c6-0d84-2f3a-a570-a2de661941a9,6aed9210-c500-4375-ff11-127350e60649,30759,6aed9210-c500-4375-b0fc-3374c40b8591,PAYMENT,,CASH,2024-11-14T02:42:53Z,2024-12-06T02:42:53Z,99204b0a-62e2-34dc-b3f6-290819949428,562251,,,1,2,,,1,1,Amoxicillin 250 MG / Clavulanate 125 MG Oral Tablet,0.00,,,156.30,0.00,,0.00,6aed9210-c500-4375-8097-c10275909537,,6aed9210-c500-4375-6bb6-83b424c6724a,1,5aabe8ce-ac28-3172-a0af-663137c7f5f5,5aabe8ce-ac28-3172-a0af-663137c7f5f5
fa9971da-62b1-d284-b822-c3015adc2956,6aed9210-c500-4375-2782-5b67e7608ec4,30761,6aed9210-c500-4375-b0fc-3374c40b8591,CHARGE,83.05,,2024-11-26T21:42:53Z,2024-11-27T01:18:59Z,99204b0a-62e2-34dc-b3f6-290819949428,185349003,,,1,,,,1,1,Encounter for check up (procedure),83.05,,1,0.00,0.00,,0.00,6aed9210-c500-4375-72fe-72216f2e8ee4,,6aed9210-c500-4375-6bb6-83b424c6724a,1,5aabe8ce-ac28-3172-a0af-663137c7f5f5,5aabe8ce-ac28-3172-a0af-663137c7f5f5
f542e3b4-c563-a509-7075-8602b5b852ad,6aed9210-c500-4375-2782-5b67e7608ec4,30762,6aed9210-c500-4375-b0fc-3374c40b8591,PAYMENT,,ECHECK,2024-11-26T21:42:53Z,2024-11-27T01:18:59Z,99204b0a-62e2-34dc-b3f6-290819949428,185349003,,,1,,,,1,1,Encounter for check up (procedure),0.00,,,58.14,0.00,,24.91,6aed9210-c500-4375-72fe-72216f2e8ee4,,6aed9210-c500-4375-6bb6-83b424c6724a,1,5aabe8ce-ac28-3172-a0af-663137c7f5f5,5aabe8ce-ac28-3172-a0af-663137c7f5f5
eaf5c769-8ac7-4a13-e11b-0c056b70a55a,6aed9210-c500-4375-2782-5b67e7608ec4,30763,6aed9210-c500-4375-b0fc-3374c40b8591,TRANSFEROUT,,,2024-11-26T21:42:53Z,2024-11-27T01:18:59Z,99204b0a-62e2-34dc-b3f6-290819949428,185349003,,,1,,,,1,1,Encounter for check up (procedure),0.00,,,0.00,0.00,24.91,24.91,6aed9210-c500-4375-72fe-72216f2e8ee4,,6aed9210-c500-4375-6bb6-83b424c6724a,1,5aabe8ce-ac28-3172-a0af-663137c7f5f5,5aabe8ce-ac28-3172-a0af-663137c7f5f5
ad871da6-2b1d-284f-861c-3015adc2956b,6aed9210-c500-4375-2782-5b67e7608ec4,30765,6aed9210-c500-4375-b0fc-3374c40b8591,PAYMENT,,CASH,2024-11-26T21:42:53Z,2024-11-27T01:18:59Z,99204b0a-62e2-34dc-b3f6-290819949428,185349003,,,1,,,,1,1,Encounter for check up (procedure),0.00,,,24.91,0.00,,0.00,6aed9210-c500-4375-72fe-72216f2e8ee4,,6aed9210-c500-4375-6bb6-83b424c6724a,1,5aabe8ce-ac28-3172-a0af-663137c7f5f5,5aabe8ce-ac28-3172-a0af-663137c7f5f5
bf1c7698-ac74-a13e-2170-c056b70a55ae,6aed9210-c500-4375-2782-5b67e7608ec4,30767,6aed9210-c500-4375-b0fc-3374c40b8591,CHARGE,620.44,,2024-11-26T21:42:53Z,2024-11-26T22:30:29Z,99204b0a-62e2-34dc-b3f6-290819949428,34043003,,,1,,,,1,1,Dental consultation and report (procedure),620.44,,1,0.00,0.00,,0.00,6aed9210-c500-4375-72fe-72216f2e8ee4,,6aed9210-c500-4375-6bb6-83b424c6724a,1,5aabe8ce-ac28-3172-a0af-663137c7f5f5,5aabe8ce-ac28-3172-a0af-663137c7f5f5
8238ed31-58e9-427d-4ee1-80ad6e14ab5c,6aed9210-c500-4375-2782-5b67e7608ec4,30768,6aed9210-c500-4375-b0fc-3374c40b8591,PAYMENT,,ECHECK,2024-11-26T21:42:53Z,2024-11-26T22:30:29Z,99204b0a-62e2-34dc-b3f6-290819949428,34043003,,,1,,,,1,1,Dental consultation and report (procedure),0.00,,,434.31,0.00,,186.13,6aed9210-c500-4375-72fe-72216f2e8ee4,,6aed9210-c500-4375-6bb6-83b424c6724a,1,5aabe8ce-ac28-3172-a0af-663137c7f5f5,5aabe8ce-ac28-3172-a0af-663137c7f5f5
1a71da62-b1d2-84fb-a3c3-015adc2956b8,6aed9210-c500-4375-2782-5b67e7608ec4,30769,6aed9210-c500-4375-b0fc-3374c40b8591,TRANSFEROUT,,,2024-11-26T21:42:53Z,2024-11-26T22:30:29Z,99204b0a-62e2-34dc-b3f6-290819949428,34043003,,,1,,,,1,1,Dental consultation and report (procedure),0.00,,,0.00,0.00,186.13,186.13,6aed9210-c500-4375-72fe-72216f2e8ee4,,6aed9210-c500-4375-6bb6-83b424c6724a,1,5aabe8ce-ac28-3172-a0af-663137c7f5f5,5aabe8ce-ac28-3172-a0af-663137c7f5f5
3158e942-7e41-a8ed-ad6e-14ab5d0e5180,6aed9210-c500-4375-2782-5b67e7608ec4,30771,6aed9210-c500-4375-b0fc-3374c40b8591,PAYMENT,,CASH,2024-11-26T21:42:53Z,2024-11-26T22:30:29Z,99204b0a-62e2-34dc-b3f6-290819949428,34043003,,,1,,,,1,1,Dental consultation and report (procedure),0.00,,,186.13,0.00,,0.00,6aed9210-c500-4375-72fe-72216f2e8ee4,,6aed9210-c500-4375-6bb6-83b424c6724a,1,5aabe8ce-ac28-3172-a0af-663137c7f5f5,5aabe8ce-ac28-3172-a0af-663137c7f5f5
c563a509-f942-a3b4-b5b8-52ad74754602,6aed9210-c500-4375-2782-5b67e7608ec4,30773,6aed9210-c500-4375-b0fc-3374c40b8591,CHARGE,620.44,,2024-11-26T22:30:29Z,2024-11-26T22:45:16Z,99204b0a-62e2-34dc-b3f6-290819949428,225362009,,,1,,,,1,1,Dental care (regime/therapy),620.44,,1,0.00,0.00,,0.00,6aed9210-c500-4375-72fe-72216f2e8ee4,,6aed9210-c500-4375-6bb6-83b424c6724a,1,5aabe8ce-ac28-3172-a0af-663137c7f5f5,5aabe8ce-ac28-3172-a0af-663137c7f5f5
8ac74a13-f2f5-4769-6b70-a55ae91a8c05,6aed9210-c500-4375-2782-5b67e7608ec4,30774,6aed9210-c500-4375-b0fc-3374c40b8591,PAYMENT,,ECHECK,2024-11-26T22:30:29Z,2024-11-26T22:45:16Z,99204b0a-62e2-34dc-b3f6-290819949428,225362009,,,1,,,,1,1,Dental care (regime/therapy),0.00,,,434.31,0.00,,186.13,6aed9210-c500-4375-72fe-72216f2e8ee4,,6aed9210-c500-4375-6bb6-83b424c6724a,1,5aabe8ce-ac28-3172-a0af-663137c7f5f5,5aabe8ce-ac28-3172-a0af-663137c7f5f5
158e9427-e62a-8ed3-d6e1-4ab5d2f5180a,6aed9210-c500-4375-2782-5b67e7608ec4,30775,6aed9210-c500-4375-b0fc-3374c40b8591,TRANSFEROUT,,,2024-11-26T22:30:29Z,2024-11-26T22:45:16Z,99204b0a-62e2-34dc-b3f6-290819949428,225362009,,,1,,,,1,1,Dental care (regime/therapy),0.00,,,0.00,0.00,186.13,186.13,6aed9210-c500-4375-72fe-72216f2e8ee4,,6aed9210-c500-4375-6bb6-83b424c6724a,1,5aabe8ce-ac28-3172-a0af-663137c7f5f5,5aabe8ce-ac28-3172-a0af-663137c7f5f5
2b1d284f-cd85-1da6-adc2-956ba61a3015,6aed9210-c500-4375-2782-5b67e7608ec4,30776,6aed9210-c500-4375-b0fc-3374c40b8591,TRANSFERIN,186.13,,2024-11-26T22:30:29Z,2024-11-26T22:45:16Z,99204b0a-62e2-34dc-b3f6-290819949428,225362009,,,1,,,,1,1,Dental care (regime/therapy),0.00,30775,p,0.00,0.00,186.13,186.13,6aed9210-c500-4375-72fe-72216f2e8ee4,,6aed9210-c500-4375-6bb6-83b424c6724a,1,5aabe8ce-ac28-3172-a0af-663137c7f5f5,5aabe8ce-ac28-3172-a0af-663137c7f5f5
563a509f-9c0a-3b4c-5b85-2ad74f34602b,6aed9210-c500-4375-2782-5b67e7608ec4,30777,6aed9210-c500-4375-b0fc-3374c40b8591,PAYMENT,,CASH,2024-11-26T22:30:29Z,2024-11-26T22:45:16Z,99204b0a-62e2-34dc-b3f6-290819949428,225362009,,,1,,,,1,1,Dental care (regime/therapy),0.00,,,186.13,0.00,,0.00,6aed9210-c500-4375-72fe-72216f2e8ee4,,6aed9210-c500-4375-6bb6-83b424c6724a,1,5aabe8ce-ac28-3172-a0af-663137c7f5f5,5aabe8ce-ac28-3172-a0af-663137c7f5f5
58e9427e-8228-ed31-6e14-ab5d4ed180ad,6aed9210-c500-4375-2782-5b67e7608ec4,30779,6aed9210-c500-4375-b0fc-3374c40b8591,CHARGE,620.44,,2024-11-26T22:45:16Z,2024-11-26T23:14:55Z,99204b0a-62e2-34dc-b3f6-290819949428,1260009003,,,1,,,,1,1,Removal of supragingival plaque and calculus from all teeth using dental instrument (procedure),620.44,,1,0.0000,0.00,,0.00,6aed9210-c500-4375-72fe-72216f2e8ee4,,6aed9210-c500-4375-6bb6-83b424c6724a,1,5aabe8ce-ac28-3172-a0af-663137c7f5f5,5aabe8ce-ac28-3172-a0af-663137c7f5f5
9fcdf23b-4c56-3a50-d77f-1c602b5b852a,6aed9210-c500-4375-2782-5b67e7608ec4,30780,6aed9210-c500-4375-b0fc-3374c40b8591,PAYMENT,,ECHECK,2024-11-26T22:45:16Z,2024-11-26T23:14:55Z,99204b0a-62e2-34dc-b3f6-290819949428,1260009003,,,1,,,,1,1,Removal of supragingival plaque and calculus from all teeth using dental instrument (procedure),0.00,,,434.31,0.00,,186.13,6aed9210-c500-4375-72fe-72216f2e8ee4,,6aed9210-c500-4375-6bb6-83b424c6724a,1,5aabe8ce-ac28-3172-a0af-663137c7f5f5,5aabe8ce-ac28-3172-a0af-663137c7f5f5
3f9ee476-98ac-74a1-af01-38c056b70a55,6aed9210-c500-4375-2782-5b67e7608ec4,30781,6aed9210-c500-4375-b0fc-3374c40b8591,TRANSFEROUT,,,2024-11-26T22:45:16Z,2024-11-26T23:14:55Z,99204b0a-62e2-34dc-b3f6-290819949428,1260009003,,,1,,,,1,1,Removal of supragingival plaque and calculus from all teeth using dental instrument (procedure),0.00,,,0.00,0.00,186.13,186.13,6aed9210-c500-4375-72fe-72216f2e8ee4,,6aed9210-c500-4375-6bb6-83b424c6724a,1,5aabe8ce-ac28-3172-a0af-663137c7f5f5,5aabe8ce-ac28-3172-a0af-663137c7f5f5
7f41c8ed-3158-e942-5e0e-7180ad6e14ab,6aed9210-c500-4375-2782-5b67e7608ec4,30782,6aed9210-c500-4375-b0fc-3374c40b8591,TRANSFERIN,186.13,,2024-11-26T22:45:16Z,2024-11-26T23:14:55Z,99204b0a-62e2-34dc-b3f6-290819949428,1260009003,,,1,,,,1,1,Removal of supragingival plaque and calculus from all teeth using dental instrument (procedure),0.00,30781,p,0.00,0.00,186.13,186.13,6aed9210-c500-4375-72fe-72216f2e8ee4,,6aed9210-c500-4375-6bb6-83b424c6724a,1,5aabe8ce-ac28-3172-a0af-663137c7f5f5,5aabe8ce-ac28-3172-a0af-663137c7f5f5
fe9991da-62b1-d284-bc22-e3015adc2956,6aed9210-c500-4375-2782-5b67e7608ec4,30783,6aed9210-c500-4375-b0fc-3374c40b8591,PAYMENT,,CASH,2024-11-26T22:45:16Z,2024-11-26T23:14:55Z,99204b0a-62e2-34dc-b3f6-290819949428,1260009003,,,1,,,,1,1,Removal of supragingival plaque and calculus from all teeth using dental instrument (procedure),0.00,,,186.13,0.00,,0.00,6aed9210-c500-4375-72fe-72216f2e8ee4,,6aed9210-c500-4375-6bb6-83b424c6724a,1,5aabe8ce-ac28-3172-a0af-663137c7f5f5,5aabe8ce-ac28-3172-a0af-663137c7f5f5
faf64769-8ac7-4a13-f11b-8c056b70a55a,6aed9210-c500-4375-2782-5b67e7608ec4,30785,6aed9210-c500-4375-b0fc-3374c40b8591,CHARGE,620.44,,2024-11-26T23:14:55Z,2024-11-26T23:53:45Z,99204b0a-62e2-34dc-b3f6-290819949428,1260010008,,,1,,,,1,1,Removal of subgingival plaque and calculus from all teeth using dental instrument (procedure),620.44,,1,0.00,0.00,,0.00,6aed9210-c500-4375-72fe-72216f2e8ee4,,6aed9210-c500-4375-6bb6-83b424c6724a,1,5aabe8ce-ac28-3172-a0af-663137c7f5f5,5aabe8ce-ac28-3172-a0af-663137c7f5f5
f62c8ed3-158e-9427-e2f7-180ad6e14ab5,6aed9210-c500-4375-2782-5b67e7608ec4,30786,6aed9210-c500-4375-b0fc-3374c40b8591,PAYMENT,,ECHECK,2024-11-26T23:14:55Z,2024-11-26T23:53:45Z,99204b0a-62e2-34dc-b3f6-290819949428,1260010008,,,1,,,,1,1,Removal of subgingival plaque and calculus from all teeth using dental instrument (procedure),0.00,,,434.31,0.00,,186.13,6aed9210-c500-4375-72fe-72216f2e8ee4,,6aed9210-c500-4375-6bb6-83b424c6724a,1,5aabe8ce-ac28-3172-a0af-663137c7f5f5,5aabe8ce-ac28-3172-a0af-663137c7f5f5
ed891da6-2b1d-284f-c61e-3015adc2956b,6aed9210-c500-4375-2782-5b67e7608ec4,30787,6aed9210-c500-4375-b0fc-3374c40b8591,TRANSFEROUT,,,2024-11-26T23:14:55Z,2024-11-26T23:53:45Z,99204b0a-62e2-34dc-b3f6-290819949428,1260010008,,,1,,,,1,1,Removal of subgingival plaque and calculus from all teeth using dental instrument (procedure),0.00,,,0.00,0.00,186.13,186.13,6aed9210-c500-4375-72fe-72216f2e8ee4,,6aed9210-c500-4375-6bb6-83b424c6724a,1,5aabe8ce-ac28-3172-a0af-663137c7f5f5,5aabe8ce-ac28-3172-a0af-663137c7f5f5
dc123b4c-563a-509f-8f3c-602b5b852ad7,6aed9210-c500-4375-2782-5b67e7608ec4,30788,6aed9210-c500-4375-b0fc-3374c40b8591,TRANSFERIN,186.13,,2024-11-26T23:14:55Z,2024-11-26T23:53:45Z,99204b0a-62e2-34dc-b3f6-290819949428,1260010008,,,1,,,,1,1,Removal of subgingival plaque and calculus from all teeth using dental instrument (procedure),0.00,30787,p,0.00,0.00,186.13,186.13,6aed9210-c500-4375-72fe-72216f2e8ee4,,6aed9210-c500-4375-6bb6-83b424c6724a,1,5aabe8ce-ac28-3172-a0af-663137c7f5f5,5aabe8ce-ac28-3172-a0af-663137c7f5f5
bf247698-ac74-a13f-2178-c056b70a55af,6aed9210-c500-4375-2782-5b67e7608ec4,30789,6aed9210-c500-4375-b0fc-3374c40b8591,PAYMENT,,CASH,2024-11-26T23:14:55Z,2024-11-26T23:53:45Z,99204b0a-62e2-34dc-b3f6-290819949428,1260010008,,,1,,,,1,1,Removal of subgingival plaque and calculus from all teeth using dental instrument (procedure),0.00,,,186.13,0.00,,0.00,6aed9210-c500-4375-72fe-72216f2e8ee4,,6aed9210-c500-4375-6bb6-83b424c6724a,1,5aabe8ce-ac28-3172-a0af-663137c7f5f5,5aabe8ce-ac28-3172-a0af-663137c7f5f5
4c563a50-a00d-e83b-2b5b-852ad7bf1260,6aed9210-c500-4375-2782-5b67e7608ec4,30791,6aed9210-c500-4375-b0fc-3374c40b8591,CHARGE,620.44,,2024-11-26T23:53:45Z,2024-11-27T00:29:42Z,99204b0a-62e2-34dc-b3f6-290819949428,274788003,,,1,,,,1,1,Examination of gingivae (procedure),620.44,,1,0.00,0.00,,0.00,6aed9210-c500-4375-72fe-72216f2e8ee4,,6aed9210-c500-4375-6bb6-83b424c6724a,1,5aabe8ce-ac28-3172-a0af-663137c7f5f5,5aabe8ce-ac28-3172-a0af-663137c7f5f5
98ac74a1-401e-d076-56b7-0a55af8124c0,6aed9210-c500-4375-2782-5b67e7608ec4,30792,6aed9210-c500-4375-b0fc-3374c40b8591,PAYMENT,,ECHECK,2024-11-26T23:53:45Z,2024-11-27T00:29:42Z,99204b0a-62e2-34dc-b3f6-290819949428,274788003,,,1,,,,1,1,Examination of gingivae (procedure),0.00,,,434.31,0.00,,186.13,6aed9210-c500-4375-72fe-72216f2e8ee4,,6aed9210-c500-4375-6bb6-83b424c6724a,1,5aabe8ce-ac28-3172-a0af-663137c7f5f5,5aabe8ce-ac28-3172-a0af-663137c7f5f5
3158e942-8041-a0ed-ad6e-14ab5f0e4980,6aed9210-c500-4375-2782-5b67e7608ec4,30793,6aed9210-c500-4375-b0fc-3374c40b8591,TRANSFEROUT,,,2024-11-26T23:53:45Z,2024-11-27T00:29:42Z,99204b0a-62e2-34dc-b3f6-290819949428,274788003,,,1,,,,1,1,Examination of gingivae (procedure),0.00,,,0.00,0.00,186.13,186.13,6aed9210-c500-4375-72fe-72216f2e8ee4,,6aed9210-c500-4375-6bb6-83b424c6724a,1,5aabe8ce-ac28-3172-a0af-663137c7f5f5,5aabe8ce-ac28-3172-a0af-663137c7f5f5
62b1d285-0099-41da-5adc-2956be229301,6aed9210-c500-4375-2782-5b67e7608ec4,30794,6aed9210-c500-4375-b0fc-3374c40b8591,TRANSFERIN,186.13,,2024-11-26T23:53:45Z,2024-11-27T00:29:42Z,99204b0a-62e2-34dc-b3f6-290819949428,274788003,,,1,,,,1,1,Examination of gingivae (procedure),0.00,30793,p,0.00,0.00,186.13,186.13,6aed9210-c500-4375-72fe-72216f2e8ee4,,6aed9210-c500-4375-6bb6-83b424c6724a,1,5aabe8ce-ac28-3172-a0af-663137c7f5f5,5aabe8ce-ac28-3172-a0af-663137c7f5f5
c563a50a-0142-83b4-b5b8-52ad7c752602,6aed9210-c500-4375-2782-5b67e7608ec4,30795,6aed9210-c500-4375-b0fc-3374c40b8591,PAYMENT,,CASH,2024-11-26T23:53:45Z,2024-11-27T00:29:42Z,99204b0a-62e2-34dc-b3f6-290819949428,274788003,,,1,,,,1,1,Examination of gingivae (procedure),0.00,,,186.13,0.00,,0.00,6aed9210-c500-4375-72fe-72216f2e8ee4,,6aed9210-c500-4375-6bb6-83b424c6724a,1,5aabe8ce-ac28-3172-a0af-663137c7f5f5,5aabe8ce-ac28-3172-a0af-663137c7f5f5
158e9428-062a-0ed3-d6e1-4ab5f2f4980a,6aed9210-c500-4375-2782-5b67e7608ec4,30797,6aed9210-c500-4375-b0fc-3374c40b8591,CHARGE,620.44,,2024-11-27T00:29:42Z,2024-11-27T01:02:24Z,99204b0a-62e2-34dc-b3f6-290819949428,68071007,,,1,,,,1,1,Dental fluoride treatment (procedure),620.44,,1,0.00,0.00,,0.00,6aed9210-c500-4375-72fe-72216f2e8ee4,,6aed9210-c500-4375-6bb6-83b424c6724a,1,5aabe8ce-ac28-3172-a0af-663137c7f5f5,5aabe8ce-ac28-3172-a0af-663137c7f5f5
2b1d2850-0d84-1da6-adc2-956be6193015,6aed9210-c500-4375-2782-5b67e7608ec4,30798,6aed9210-c500-4375-b0fc-3374c40b8591,PAYMENT,,ECHECK,2024-11-27T00:29:42Z,2024-11-27T01:02:24Z,99204b0a-62e2-34dc-b3f6-290819949428,68071007,,,1,,,,1,1,Dental fluoride treatment (procedure),0.00,,,434.31,0.00,,186.13,6aed9210-c500-4375-72fe-72216f2e8ee4,,6aed9210-c500-4375-6bb6-83b424c6724a,1,5aabe8ce-ac28-3172-a0af-663137c7f5f5,5aabe8ce-ac28-3172-a0af-663137c7f5f5
563a50a0-1c08-3b4c-5b85-2ad7cf32602b,6aed9210-c500-4375-2782-5b67e7608ec4,30799,6aed9210-c500-4375-b0fc-3374c40b8591,TRANSFEROUT,,,2024-11-27T00:29:42Z,2024-11-27T01:02:24Z,99204b0a-62e2-34dc-b3f6-290819949428,68071007,,,1,,,,1,1,Dental fluoride treatment (procedure),0.00,,,0.00,0.00,186.13,186.13,6aed9210-c500-4375-72fe-72216f2e8ee4,,6aed9210-c500-4375-6bb6-83b424c6724a,1,5aabe8ce-ac28-3172-a0af-663137c7f5f5,5aabe8ce-ac28-3172-a0af-663137c7f5f5
bf1f7698-ac74-a14a-2173-c056b70a55ba,6aed9210-c500-4375-2782-5b67e7608ec4,30800,6aed9210-c500-4375-b0fc-3374c40b8591,TRANSFERIN,186.13,,2024-11-27T00:29:42Z,2024-11-27T01:02:24Z,99204b0a-62e2-34dc-b3f6-290819949428,68071007,,,1,,,,1,1,Dental fluoride treatment (procedure),0.00,30799,p,0.00,0.00,186.13,186.13,6aed9210-c500-4375-72fe-72216f2e8ee4,,6aed9210-c500-4375-6bb6-83b424c6724a,1,5aabe8ce-ac28-3172-a0af-663137c7f5f5,5aabe8ce-ac28-3172-a0af-663137c7f5f5
823eed31-58e9-4295-4ee7-80ad6e14ab74,6aed9210-c500-4375-2782-5b67e7608ec4,30801,6aed9210-c500-4375-b0fc-3374c40b8591,PAYMENT,,CASH,2024-11-27T00:29:42Z,2024-11-27T01:02:24Z,99204b0a-62e2-34dc-b3f6-290819949428,68071007,,,1,,,,1,1,Dental fluoride treatment (procedure),0.00,,,186.13,0.00,,0.00,6aed9210-c500-4375-72fe-72216f2e8ee4,,6aed9210-c500-4375-6bb6-83b424c6724a,1,5aabe8ce-ac28-3172-a0af-663137c7f5f5,5aabe8ce-ac28-3172-a0af-663137c7f5f5
44fbb4c5-63a5-0a56-779e-02b5b852add1,6aed9210-c500-4375-2782-5b67e7608ec4,30803,6aed9210-c500-4375-b0fc-3374c40b8591,CHARGE,620.44,,2024-11-27T01:02:24Z,2024-11-27T01:18:59Z,99204b0a-62e2-34dc-b3f6-290819949428,243085009,,,1,,,,1,1,Oral health education (procedure),620.44,,1,0.00,0.00,,0.00,6aed9210-c500-4375-72fe-72216f2e8ee4,,6aed9210-c500-4375-6bb6-83b424c6724a,1,5aabe8ce-ac28-3172-a0af-663137c7f5f5,5aabe8ce-ac28-3172-a0af-663137c7f5f5
f9f7698a-c74a-14ac-1f3c-056b70a55ba3,6aed9210-c500-4375-2782-5b67e7608ec4,30804,6aed9210-c500-4375-b0fc-3374c40b8591,PAYMENT,,ECHECK,2024-11-27T01:02:24Z,2024-11-27T01:18:59Z,99204b0a-62e2-34dc-b3f6-290819949428,243085009,,,1,,,,1,1,Oral health education (procedure),0.00,,,434.31,0.00,,186.13,6aed9210-c500-4375-72fe-72216f2e8ee4,,6aed9210-c500-4375-6bb6-83b424c6724a,1,5aabe8ce-ac28-3172-a0af-663137c7f5f5,5aabe8ce-ac28-3172-a0af-663137c7f5f5
33eed315-8e94-295a-fe78-0ad6e14ab746,6aed9210-c500-4375-2782-5b67e7608ec4,30805,6aed9210-c500-4375-b0fc-3374c40b8591,TRANSFEROUT,,,2024-11-27T01:02:24Z,2024-11-27T01:18:59Z,99204b0a-62e2-34dc-b3f6-290819949428,243085009,,,1,,,,1,1,Oral health education (procedure),0.00,,,0.00,0.00,186.13,186.13,6aed9210-c500-4375-72fe-72216f2e8ee4,,6aed9210-c500-4375-6bb6-83b424c6724a,1,5aabe8ce-ac28-3172-a0af-663137c7f5f5,5aabe8ce-ac28-3172-a0af-663137c7f5f5
6ddda62b-1d28-52b5-02f0-15adc2956e8e,6aed9210-c500-4375-2782-5b67e7608ec4,30806,6aed9210-c500-4375-b0fc-3374c40b8591,TRANSFERIN,186.13,,2024-11-27T01:02:24Z,2024-11-27T01:18:59Z,99204b0a-62e2-34dc-b3f6-290819949428,243085009,,,1,,,,1,1,Oral health education (procedure),0.00,30805,p,0.00,0.00,186.13,186.13,6aed9210-c500-4375-72fe-72216f2e8ee4,,6aed9210-c500-4375-6bb6-83b424c6724a,1,5aabe8ce-ac28-3172-a0af-663137c7f5f5,5aabe8ce-ac28-3172-a0af-663137c7f5f5
dbbb4c56-3a50-a56d-05e0-2b5b852add1f,6aed9210-c500-4375-2782-5b67e7608ec4,30807,6aed9210-c500-4375-b0fc-3374c40b8591,PAYMENT,,CASH,2024-11-27T01:02:24Z,2024-11-27T01:18:59Z,99204b0a-62e2-34dc-b3f6-290819949428,243085009,,,1,,,,1,1,Oral health education (procedure),0.00,,,186.13,0.00,,0.00,6aed9210-c500-4375-72fe-72216f2e8ee4,,6aed9210-c500-4375-6bb6-83b424c6724a,1,5aabe8ce-ac28-3172-a0af-663137c7f5f5,5aabe8ce-ac28-3172-a0af-663137c7f5f5
82423fbe-b945-34f1-4eea-d33ace709dd0,6aed9210-c500-4375-e2ca-33b1eda152de,30809,6aed9210-c500-4375-b0fc-3374c40b8591,CHARGE,245.97,,2024-11-27T00:29:42Z,2024-11-27T00:29:42Z,99204b0a-62e2-34dc-b3f6-290819949428,1535362,,,1,,,,1,1,sodium fluoride 0.0272 MG/MG Oral Gel,245.97,,1,0.00,0.00,,0.00,6aed9210-c500-4375-72fe-72216f2e8ee4,,6aed9210-c500-4375-6bb6-83b424c6724a,1,5aabe8ce-ac28-3172-a0af-663137c7f5f5,5aabe8ce-ac28-3172-a0af-663137c7f5f5
efae514d-3c8d-ec8f-ceb3-9c27743f16b4,6aed9210-c500-4375-e2ca-33b1eda152de,30810,6aed9210-c500-4375-b0fc-3374c40b8591,PAYMENT,,ECHECK,2024-11-27T00:29:42Z,2024-11-27T00:29:42Z,99204b0a-62e2-34dc-b3f6-290819949428,1535362,,,1,,,,1,1,sodium fluoride 0.0272 MG/MG Oral Gel,0.00,,,172.18,0.00,,73.79,6aed9210-c500-4375-72fe-72216f2e8ee4,,6aed9210-c500-4375-6bb6-83b424c6724a,1,5aabe8ce-ac28-3172-a0af-663137c7f5f5,5aabe8ce-ac28-3172-a0af-663137c7f5f5
df5ca29a-791e-d91f-9d67-384ee8812d69,6aed9210-c500-4375-e2ca-33b1eda152de,30811,6aed9210-c500-4375-b0fc-3374c40b8591,TRANSFEROUT,,,2024-11-27T00:29:42Z,2024-11-27T00:29:42Z,99204b0a-62e2-34dc-b3f6-290819949428,1535362,,,1,,,,1,1,sodium fluoride 0.0272 MG/MG Oral Gel,0.00,,,0.00,0.00,73.79,73.79,6aed9210-c500-4375-72fe-72216f2e8ee4,,6aed9210-c500-4375-6bb6-83b424c6724a,1,5aabe8ce-ac28-3172-a0af-663137c7f5f5,5aabe8ce-ac28-3172-a0af-663137c7f5f5
beb94534-f241-b23f-3ace-709dd10e5ad3,6aed9210-c500-4375-e2ca-33b1eda152de,30812,6aed9210-c500-4375-b0fc-3374c40b8591,TRANSFERIN,74,,2024-11-27T00:29:42Z,2024-11-27T00:29:42Z,99204b0a-62e2-34dc-b3f6-290819949428,1535362,,,1,,,,1,1,sodium fluoride 0.0272 MG/MG Oral Gel,0.00,30811,p,0.00,0.00,73.79,73.79,6aed9210-c500-4375-72fe-72216f2e8ee4,,6aed9210-c500-4375-6bb6-83b424c6724a,1,5aabe8ce-ac28-3172-a0af-663137c7f5f5,5aabe8ce-ac28-3172-a0af-663137c7f5f5
7d728a69-e499-647f-759c-e13ba222b5a6,6aed9210-c500-4375-e2ca-33b1eda152de,30813,6aed9210-c500-4375-b0fc-3374c40b8591,PAYMENT,,CASH,2024-11-27T00:29:42Z,2024-11-27T00:29:42Z,99204b0a-62e2-34dc-b3f6-290819949428,1535362,,,1,,,,1,1,sodium fluoride 0.0272 MG/MG Oral Gel,0.00,,,73.79,0.00,,0.00,6aed9210-c500-4375-72fe-72216f2e8ee4,,6aed9210-c500-4375-6bb6-83b424c6724a,1,5aabe8ce-ac28-3172-a0af-663137c7f5f5,5aabe8ce-ac28-3172-a0af-663137c7f5f5
1c2e0ce8-4290-7bfc-410d-1c2848ac2d26,6aed9210-c500-4375-6299-df0aebdf236c,30815,6aed9210-c500-4375-b0fc-3374c40b8591,CHARGE,83.05,,2025-08-01T09:42:53Z,2025-08-01T09:57:53Z,99204b0a-62e2-34dc-b3f6-290819949428,185345009,,,1,2,,,1,1,Encounter for symptom (procedure),83.05,,1,0.00,0.00,,0.00,6aed9210-c500-4375-6496-e1fd8fc58c59,,6aed9210-c500-4375-84cf-0e4b7d73cdd8,1,5aabe8ce-ac28-3172-a0af-663137c7f5f5,5aabe8ce-ac28-3172-a0af-663137c7f5f5
385c19d0-8520-faf8-821a-385091585d4c,6aed9210-c500-4375-6299-df0aebdf236c,30816,6aed9210-c500-4375-b0fc-3374c40b8591,TRANSFEROUT,,,2025-08-01T09:42:53Z,2025-08-01T09:57:53Z,99204b0a-62e2-34dc-b3f6-290819949428,185345009,,,1,2,,,1,1,Encounter for symptom (procedure),0.00,,,0.00,0.00,83.05,83.05,6aed9210-c500-4375-6496-e1fd8fc58c59,,6aed9210-c500-4375-84cf-0e4b7d73cdd8,1,5aabe8ce-ac28-3172-a0af-663137c7f5f5,5aabe8ce-ac28-3172-a0af-663137c7f5f5
70b833a1-0a41-f9f0-0434-70a122b0c699,6aed9210-c500-4375-6299-df0aebdf236c,30817,6aed9210-c500-4375-b0fc-3374c40b8591,TRANSFERIN,83.05,,2025-08-01T09:42:53Z,2025-08-01T09:57:53Z,99204b0a-62e2-34dc-b3f6-290819949428,185345009,,,1,2,,,1,1,Encounter for symptom (procedure),0.00,30816,p,0.00,0.00,83.05,83.05,6aed9210-c500-4375-6496-e1fd8fc58c59,,6aed9210-c500-4375-84cf-0e4b7d73cdd8,1,5aabe8ce-ac28-3172-a0af-663137c7f5f5,5aabe8ce-ac28-3172-a0af-663137c7f5f5
e1706742-1484-09e0-0868-e14245619332,6aed9210-c500-4375-6299-df0aebdf236c,30818,6aed9210-c500-4375-b0fc-3374c40b8591,PAYMENT,,CC,2025-08-01T09:42:53Z,2025-08-01T09:57:53Z,99204b0a-62e2-34dc-b3f6-290819949428,185345009,,,1,2,,,1,1,Encounter for symptom (procedure),0.00,,,83.05,0.00,,0.00,6aed9210-c500-4375-6496-e1fd8fc58c59,,6aed9210-c500-4375-84cf-0e4b7d73cdd8,1,5aabe8ce-ac28-3172-a0af-663137c7f5f5,5aabe8ce-ac28-3172-a0af-663137c7f5f5
a10a42b9-9070-b833-a122-b18639043470,6aed9210-c500-4375-6299-df0aebdf236c,30820,6aed9210-c500-4375-b0fc-3374c40b8591,CHARGE,201.39,,2025-08-01T09:42:53Z,2025-08-01T09:53:39Z,99204b0a-62e2-34dc-b3f6-290819949428,23426006,,,1,2,,,1,1,Measurement of respiratory function (procedure),201.39,,1,0.00,0.00,,0.00,6aed9210-c500-4375-6496-e1fd8fc58c59,,6aed9210-c500-4375-84cf-0e4b7d73cdd8,1,5aabe8ce-ac28-3172-a0af-663137c7f5f5,5aabe8ce-ac28-3172-a0af-663137c7f5f5
42148589-20e1-7067-4245-6312720868e1,6aed9210-c500-4375-6299-df0aebdf236c,30821,6aed9210-c500-4375-b0fc-3374c40b8591,TRANSFEROUT,,,2025-08-01T09:42:53Z,2025-08-01T09:53:39Z,99204b0a-62e2-34dc-b3f6-290819949428,23426006,,,1,2,,,1,1,Measurement of respiratory function (procedure),0.00,,,0.00,0.00,201.39,201.39,6aed9210-c500-4375-6496-e1fd8fc58c59,,6aed9210-c500-4375-84cf-0e4b7d73cdd8,1,5aabe8ce-ac28-3172-a0af-663137c7f5f5,5aabe8ce-ac28-3172-a0af-663137c7f5f5
84290b22-41c2-e0ce-848a-c654e410d1c2,6aed9210-c500-4375-6299-df0aebdf236c,30822,6aed9210-c500-4375-b0fc-3374c40b8591,TRANSFERIN,201.39,,2025-08-01T09:42:53Z,2025-08-01T09:53:39Z,99204b0a-62e2-34dc-b3f6-290819949428,23426006,,,1,2,,,1,1,Measurement of respiratory function (procedure),0.00,30821,p,0.00,0.00,201.39,201.39,6aed9210-c500-4375-6496-e1fd8fc58c59,,6aed9210-c500-4375-84cf-0e4b7d73cdd8,1,5aabe8ce-ac28-3172-a0af-663137c7f5f5,5aabe8ce-ac28-3172-a0af-663137c7f5f5
085216b4-8385-c19d-0915-8cd9c821a385,6aed9210-c500-4375-6299-df0aebdf236c,30823,6aed9210-c500-4375-b0fc-3374c40b8591,PAYMENT,,CHECK,2025-08-01T09:42:53Z,2025-08-01T09:53:39Z,99204b0a-62e2-34dc-b3f6-290819949428,23426006,,,1,2,,,1,1,Measurement of respiratory function (procedure),0.00,,,201.39,0.00,,0.00,6aed9210-c500-4375-6496-e1fd8fc58c59,,6aed9210-c500-4375-84cf-0e4b7d73cdd8,1,5aabe8ce-ac28-3172-a0af-663137c7f5f5,5aabe8ce-ac28-3172-a0af-663137c7f5f5
dea8f7f6-9abf-3f06-a21f-1d3b36a12707,6aed9210-c500-4375-0a4a-7f954c745f00,30825,6aed9210-c500-4375-b0fc-3374c40b8591,CHARGE,126.32,,2025-08-01T09:53:39Z,2025-08-13T09:53:39Z,99204b0a-62e2-34dc-b3f6-290819949428,313782,,,1,2,,,1,1,Acetaminophen 325 MG Oral Tablet,126.32,,1,0.00,0.00,,0.00,6aed9210-c500-4375-6496-e1fd8fc58c59,,6aed9210-c500-4375-84cf-0e4b7d73cdd8,1,5aabe8ce-ac28-3172-a0af-663137c7f5f5,5aabe8ce-ac28-3172-a0af-663137c7f5f5
bd522fed-357e-7e0d-443e-fa766d424e0f,6aed9210-c500-4375-0a4a-7f954c745f00,30826,6aed9210-c500-4375-b0fc-3374c40b8591,TRANSFEROUT,,,2025-08-01T09:53:39Z,2025-08-13T09:53:39Z,99204b0a-62e2-34dc-b3f6-290819949428,313782,,,1,2,,,1,1,Acetaminophen 325 MG Oral Tablet,0.00,,,0.00,0.00,126.32,126.32,6aed9210-c500-4375-6496-e1fd8fc58c59,,6aed9210-c500-4375-84cf-0e4b7d73cdd8,1,5aabe8ce-ac28-3172-a0af-663137c7f5f5,5aabe8ce-ac28-3172-a0af-663137c7f5f5
7aa577da-6afc-fc1b-887e-0cecda849c1e,6aed9210-c500-4375-0a4a-7f954c745f00,30827,6aed9210-c500-4375-b0fc-3374c40b8591,TRANSFERIN,126.32,,2025-08-01T09:53:39Z,2025-08-13T09:53:39Z,99204b0a-62e2-34dc-b3f6-290819949428,313782,,,1,2,,,1,1,Acetaminophen 325 MG Oral Tablet,0.00,30826,p,0.00,0.00,126.32,126.32,6aed9210-c500-4375-6496-e1fd8fc58c59,,6aed9210-c500-4375-84cf-0e4b7d73cdd8,1,5aabe8ce-ac28-3172-a0af-663137c7f5f5,5aabe8ce-ac28-3172-a0af-663137c7f5f5
f54defb4-d5f9-f836-10ff-19d9b509383d,6aed9210-c500-4375-0a4a-7f954c745f00,30828,6aed9210-c500-4375-b0fc-3374c40b8591,PAYMENT,,CASH,2025-08-01T09:53:39Z,2025-08-13T09:53:39Z,99204b0a-62e2-34dc-b3f6-290819949428,313782,,,1,2,,,1,1,Acetaminophen 325 MG Oral Tablet,0.00,,,126.32,0.00,,0.00,6aed9210-c500-4375-6496-e1fd8fc58c59,,6aed9210-c500-4375-84cf-0e4b7d73cdd8,1,5aabe8ce-ac28-3172-a0af-663137c7f5f5,5aabe8ce-ac28-3172-a0af-663137c7f5f5
b4ae7efc-1321-13c5-a56d-e1505cdf3332,6aed9210-c500-4375-110f-748d45a2c6e9,30830,6aed9210-c500-4375-b0fc-3374c40b8591,CHARGE,83.05,,2025-08-12T21:42:53Z,2025-08-12T22:34:29Z,99204b0a-62e2-34dc-b3f6-290819949428,185349003,,,1,2,,,1,2,Encounter for check up (procedure),83.05,,1,0.00,0.00,,0.00,6aed9210-c500-4375-eb94-48b87c1d415c,,6aed9210-c500-4375-84cf-0e4b7d73cdd8,1,5aabe8ce-ac28-3172-a0af-663137c7f5f5,5aabe8ce-ac28-3172-a0af-663137c7f5f5
695d01f8-2642-278b-4adb-cea0b9be6665,6aed9210-c500-4375-110f-748d45a2c6e9,30831,6aed9210-c500-4375-b0fc-3374c40b8591,TRANSFEROUT,,,2025-08-12T21:42:53Z,2025-08-12T22:34:29Z,99204b0a-62e2-34dc-b3f6-290819949428,185349003,,,1,2,,,1,2,Encounter for check up (procedure),0.00,,,0.00,0.00,83.05,83.05,6aed9210-c500-4375-eb94-48b87c1d415c,,6aed9210-c500-4375-84cf-0e4b7d73cdd8,1,5aabe8ce-ac28-3172-a0af-663137c7f5f5,5aabe8ce-ac28-3172-a0af-663137c7f5f5
d2ba19f0-4c84-4f16-95b7-a341737cccca,6aed9210-c500-4375-110f-748d45a2c6e9,30832,6aed9210-c500-4375-b0fc-3374c40b8591,TRANSFERIN,83.0500,,2025-08-12T21:42:53Z,2025-08-12T22:34:29Z,99204b0a-62e2-34dc-b3f6-290819949428,185349003,,,1,2,,,1,2,Encounter for check up (procedure),0.00,30831,p,0.00,0.00,83.05,83.05,6aed9210-c500-4375-eb94-48b87c1d415c,,6aed9210-c500-4375-84cf-0e4b7d73cdd8,1,5aabe8ce-ac28-3172-a0af-663137c7f5f5,5aabe8ce-ac28-3172-a0af-663137c7f5f5
a57443e0-9908-9e2d-2b6f-7682e6f99995,6aed9210-c500-4375-110f-748d45a2c6e9,30833,6aed9210-c500-4375-b0fc-3374c40b8591,PAYMENT,,CC,2025-08-12T21:42:53Z,2025-08-12T22:34:29Z,99204b0a-62e2-34dc-b3f6-290819949428,185349003,,,1,2,,,1,2,Encounter for check up (procedure),0.00,,,83.05,0.00,,0.00,6aed9210-c500-4375-eb94-48b87c1d415c,,6aed9210-c500-4375-84cf-0e4b7d73cdd8,1,5aabe8ce-ac28-3172-a0af-663137c7f5f5,5aabe8ce-ac28-3172-a0af-663137c7f5f5
95d22f82-6422-78b6-adbe-fa0b9be66654,6aed9210-c500-4375-110f-748d45a2c6e9,30835,6aed9210-c500-4375-b0fc-3374c40b8591,CHARGE,136.00,,2025-08-12T21:42:53Z,1970-01-01T00:00:00Z,99204b0a-62e2-34dc-b3f6-290819949428,140,,,1,2,,,1,2,Influenza  split virus  trivalent  PF,136.00,,1,0.00,0.00,,0.00,6aed9210-c500-4375-eb94-48b87c1d415c,,6aed9210-c500-4375-84cf-0e4b7d73cdd8,1,5aabe8ce-ac28-3172-a0af-663137c7f5f5,5aabe8ce-ac28-3172-a0af-663137c7f5f5
2ba57704-c844-f16d-5b7e-0c1737cccca9,6aed9210-c500-4375-110f-748d45a2c6e9,30836,6aed9210-c500-4375-b0fc-3374c40b8591,TRANSFEROUT,,,2025-08-12T21:42:53Z,1970-01-01T00:00:00Z,99204b0a-62e2-34dc-b3f6-290819949428,140,,,1,2,,,1,2,Influenza  split virus  trivalent  PF,0.00,,,0.00,0.00,136.00,136.00,6aed9210-c500-4375-eb94-48b87c1d415c,,6aed9210-c500-4375-84cf-0e4b7d73cdd8,1,5aabe8ce-ac28-3172-a0af-663137c7f5f5,5aabe8ce-ac28-3172-a0af-663137c7f5f5
574dee09-9089-e2da-b6ff-182e6f999952,6aed9210-c500-4375-110f-748d45a2c6e9,30837,6aed9210-c500-4375-b0fc-3374c40b8591,TRANSFERIN,136.00,,2025-08-12T21:42:53Z,1970-01-01T00:00:00Z,99204b0a-62e2-34dc-b3f6-290819949428,140,,,1,2,,,1,2,Influenza  split virus  trivalent  PF,0.00,30836,p,0.00,0.00,136.00,136.00,6aed9210-c500-4375-eb94-48b87c1d415c,,6aed9210-c500-4375-84cf-0e4b7d73cdd8,1,5aabe8ce-ac28-3172-a0af-663137c7f5f5,5aabe8ce-ac28-3172-a0af-663137c7f5f5
ae9edc13-2113-c5b4-6e01-305cdf3332a5,6aed9210-c500-4375-110f-748d45a2c6e9,30838,6aed9210-c500-4375-b0fc-3374c40b8591,PAYMENT,,CHECK,2025-08-12T21:42:53Z,1970-01-01T00:00:00Z,99204b0a-62e2-34dc-b3f6-290819949428,140,,,1,2,,,1,2,Influenza  split virus  trivalent  PF,0.00,,,136.00,0.00,,0.00,6aed9210-c500-4375-eb94-48b87c1d415c,,6aed9210-c500-4375-84cf-0e4b7d73cdd8,1,5aabe8ce-ac28-3172-a0af-663137c7f5f5,5aabe8ce-ac28-3172-a0af-663137c7f5f5
099089e2-da57-7dfa-2e6f-999952b72f24,6aed9210-c500-4375-110f-748d45a2c6e9,30840,6aed9210-c500-4375-b0fc-3374c40b8591,CHARGE,136.00,,2025-08-12T21:42:53Z,1970-01-01T00:00:00Z,99204b0a-62e2-34dc-b3f6-290819949428,52,,,1,2,,,1,2,Hep A  adult,136.00,,1,0.00,0.00,,0.00,6aed9210-c500-4375-eb94-48b87c1d415c,,6aed9210-c500-4375-84cf-0e4b7d73cdd8,1,5aabe8ce-ac28-3172-a0af-663137c7f5f5,5aabe8ce-ac28-3172-a0af-663137c7f5f5
132113c5-b4ae-fef4-5cdf-3332a56e6148,6aed9210-c500-4375-110f-748d45a2c6e9,30841,6aed9210-c500-4375-b0fc-3374c40b8591,TRANSFEROUT,,,2025-08-12T21:42:53Z,1970-01-01T00:00:00Z,99204b0a-62e2-34dc-b3f6-290819949428,52,,,1,2,,,1,2,Hep A  adult,0.00,,,0.00,0.00,136.00,136.00,6aed9210-c500-4375-eb94-48b87c1d415c,,6aed9210-c500-4375-84cf-0e4b7d73cdd8,1,5aabe8ce-ac28-3172-a0af-663137c7f5f5,5aabe8ce-ac28-3172-a0af-663137c7f5f5
2642278b-695e-01e8-b9be-66654adcce90,6aed9210-c500-4375-110f-748d45a2c6e9,30842,6aed9210-c500-4375-b0fc-3374c40b8591,TRANSFERIN,136.00,,2025-08-12T21:42:53Z,1970-01-01T00:00:00Z,99204b0a-62e2-34dc-b3f6-290819949428,52,,,1,2,,,1,2,Hep A  adult,0.00,30841,p,0.00,0.00,136.00,136.00,6aed9210-c500-4375-eb94-48b87c1d415c,,6aed9210-c500-4375-84cf-0e4b7d73cdd8,1,5aabe8ce-ac28-3172-a0af-663137c7f5f5,5aabe8ce-ac28-3172-a0af-663137c7f5f5
4c844f16-d2bc-19d0-737c-ccca95b9a321,6aed9210-c500-4375-110f-748d45a2c6e9,30843,6aed9210-c500-4375-b0fc-3374c40b8591,PAYMENT,,CASH,2025-08-12T21:42:53Z,1970-01-01T00:00:00Z,99204b0a-62e2-34dc-b3f6-290819949428,52,,,1,2,,,1,2,Hep A  adult,0.00,,,136.00,0.00,,0.00,6aed9210-c500-4375-eb94-48b87c1d415c,,6aed9210-c500-4375-84cf-0e4b7d73cdd8,1,5aabe8ce-ac28-3172-a0af-663137c7f5f5,5aabe8ce-ac28-3172-a0af-663137c7f5f5
32113c5b-4af0-f741-cdf3-332a56e71c85,6aed9210-c500-4375-110f-748d45a2c6e9,30845,6aed9210-c500-4375-b0fc-3374c40b8591,CHARGE,620.44,,2025-08-12T21:42:53Z,2025-08-12T22:34:29Z,99204b0a-62e2-34dc-b3f6-290819949428,710824005,,,1,2,,,1,2,Assessment of health and social care needs (procedure),620.44,,1,0.00,0.00,,0.00,6aed9210-c500-4375-eb94-48b87c1d415c,,6aed9210-c500-4375-84cf-0e4b7d73cdd8,1,5aabe8ce-ac28-3172-a0af-663137c7f5f5,5aabe8ce-ac28-3172-a0af-663137c7f5f5
642278b6-95e2-2e82-9be6-6654adcef90b,6aed9210-c500-4375-110f-748d45a2c6e9,30846,6aed9210-c500-4375-b0fc-3374c40b8591,TRANSFEROUT,,,2025-08-12T21:42:53Z,2025-08-12T22:34:29Z,99204b0a-62e2-34dc-b3f6-290819949428,710824005,,,1,2,,,1,2,Assessment of health and social care needs (procedure),0.00,,,0.00,0.00,620.44,620.44,6aed9210-c500-4375-eb94-48b87c1d415c,,6aed9210-c500-4375-84cf-0e4b7d73cdd8,1,5aabe8ce-ac28-3172-a0af-663137c7f5f5,5aabe8ce-ac28-3172-a0af-663137c7f5f5
c844f16d-2bc5-7504-37cc-cca95b9e0a17,6aed9210-c500-4375-110f-748d45a2c6e9,30847,6aed9210-c500-4375-b0fc-3374c40b8591,TRANSFERIN,620.44,,2025-08-12T21:42:53Z,2025-08-12T22:34:29Z,99204b0a-62e2-34dc-b3f6-290819949428,710824005,,,1,2,,,1,2,Assessment of health and social care needs (procedure),0.00,30846,p,0.00,0.00,620.44,620.44,6aed9210-c500-4375-eb94-48b87c1d415c,,6aed9210-c500-4375-84cf-0e4b7d73cdd8,1,5aabe8ce-ac28-3172-a0af-663137c7f5f5,5aabe8ce-ac28-3172-a0af-663137c7f5f5
9089e2da-578d-ea09-6f99-9952b73f142e,6aed9210-c500-4375-110f-748d45a2c6e9,30848,6aed9210-c500-4375-b0fc-3374c40b8591,PAYMENT,,CC,2025-08-12T21:42:53Z,2025-08-12T22:34:29Z,99204b0a-62e2-34dc-b3f6-290819949428,710824005,,,1,2,,,1,2,Assessment of health and social care needs (procedure),0.00,,,620.44,0.00,,0.00,6aed9210-c500-4375-eb94-48b87c1d415c,,6aed9210-c500-4375-84cf-0e4b7d73cdd8,1,5aabe8ce-ac28-3172-a0af-663137c7f5f5,5aabe8ce-ac28-3172-a0af-663137c7f5f5
6d2bdd81-04c8-44f1-a95b-b6161737cccc,6aed9210-c500-4375-110f-748d45a2c6e9,30850,6aed9210-c500-4375-b0fc-3374c40b8591,CHARGE,0.0000,,2025-08-12T22:34:29Z,2025-08-12T23:00:53Z,99204b0a-62e2-34dc-b3f6-290819949428,710841007,,,1,2,,,1,2,Assessment of anxiety (procedure),0.00,,1,0.00,0.00,,0.00,6aed9210-c500-4375-eb94-48b87c1d415c,,6aed9210-c500-4375-84cf-0e4b7d73cdd8,1,5aabe8ce-ac28-3172-a0af-663137c7f5f5,5aabe8ce-ac28-3172-a0af-663137c7f5f5
b4af7f04-1321-13c5-a56e-e1585cdf3332,6aed9210-c500-4375-110f-748d45a2c6e9,30852,6aed9210-c500-4375-b0fc-3374c40b8591,CHARGE,0.00,,2025-08-12T23:00:53Z,2025-08-12T23:33:46Z,99204b0a-62e2-34dc-b3f6-290819949428,866148006,,,1,2,,,1,2,Screening for domestic abuse (procedure),0.00,,1,0.00,0.00,,0.00,6aed9210-c500-4375-eb94-48b87c1d415c,,6aed9210-c500-4375-84cf-0e4b7d73cdd8,1,5aabe8ce-ac28-3172-a0af-663137c7f5f5,5aabe8ce-ac28-3172-a0af-663137c7f5f5
d2be1a10-4c84-4f16-95bb-a361737cccca,6aed9210-c500-4375-110f-748d45a2c6e9,30854,6aed9210-c500-4375-b0fc-3374c40b8591,CHARGE,0.00,,2025-08-12T23:33:46Z,2025-08-12T23:47:59Z,99204b0a-62e2-34dc-b3f6-290819949428,171207006,,,1,2,,,1,2,Depression screening (procedure),0.00,,1,0.00,0.00,,0.00,6aed9210-c500-4375-eb94-48b87c1d415c,,6aed9210-c500-4375-84cf-0e4b7d73cdd8,1,5aabe8ce-ac28-3172-a0af-663137c7f5f5,5aabe8ce-ac28-3172-a0af-663137c7f5f5
4af8f841-3211-3c5b-56ef-1d85cdf3332a,6aed9210-c500-4375-110f-748d45a2c6e9,30856,6aed9210-c500-4375-b0fc-3374c40b8591,CHARGE,N/A,,2025-08-12T23:47:59Z,2025-08-13T00:08:41Z,99204b0a-62e2-34dc-b3f6-290819949428,171207006,,,1,2,,,1,2,Depression screening (procedure),0.00,,1,0.00,0.00,,0.00,6aed9210-c500-4375-eb94-48b87c1d415c,,6aed9210-c500-4375-84cf-0e4b7d73cdd8,1,5aabe8ce-ac28-3172-a0af-663137c7f5f5,5aabe8ce-ac28-3172-a0af-663137c7f5f5
2be57904-c844-f16d-5bbe-0e1737cccca9,6aed9210-c500-4375-110f-748d45a2c6e9,30858,6aed9210-c500-4375-b0fc-3374c40b8591,CHARGE,0.00,,2025-08-13T00:08:41Z,2025-08-13T00:20:22Z,99204b0a-62e2-34dc-b3f6-290819949428,428211000124100,,,1,2,,,1,2,Assessment of substance use (procedure),0.00,,1,0.00,0.00,,0.00,6aed9210-c500-4375-eb94-48b87c1d415c,,6aed9210-c500-4375-84cf-0e4b7d73cdd8,1,5aabe8ce-ac28-3172-a0af-663137c7f5f5,5aabe8ce-ac28-3172-a0af-663137c7f5f5
02642278-b695-fe26-8b9b-e66654adeaf0,6aed9210-c500-4375-110f-748d45a2c6e9,30860,6aed9210-c500-4375-b0fc-3374c40b8591,CHARGE,0.00,,2025-08-13T00:20:22Z,2025-08-13T00:43:52Z,99204b0a-62e2-34dc-b3f6-290819949428,713106006,,,1,2,,,1,2,Screening for drug abuse (procedure),0.00,,1,0.00,0.00,,0.00,6aed9210-c500-4375-eb94-48b87c1d415c,,6aed9210-c500-4375-84cf-0e4b7d73cdd8,1,5aabe8ce-ac28-3172-a0af-663137c7f5f5,5aabe8ce-ac28-3172-a0af-663137c7f5f5
099089e2-da57-fdf8-2e6f-999952b7af22,6aed9210-c500-4375-110f-748d45a2c6e9,30862,6aed9210-c500-4375-b0fc-3374c40b8591,CHARGE,0.00,,2025-08-13T00:43:52Z,2025-08-13T00:55:32Z,99204b0a-62e2-34dc-b3f6-290819949428,103697008,,,1,2,,,1,2,Patient referral for dental care (procedure),0.00,,1,0.00,0.00,,0.00,6aed9210-c500-4375-eb94-48b87c1d415c,,6aed9210-c500-4375-84cf-0e4b7d73cdd8,1,5aabe8ce-ac28-3172-a0af-663137c7f5f5,5aabe8ce-ac28-3172-a0af-663137c7f5f5
081b7894-36e3-feb3-4cb7-5a8b05eff4d8,6aed9210-c500-4375-0576-b79e5a76dbcd,30864,6aed9210-c500-4375-b0fc-3374c40b8591,CHARGE,245.97,,2025-08-12T21:42:53Z,2025-10-07T21:42:53Z,99204b0a-62e2-34dc-b3f6-290819949428,206905,,,1,2,,,1,2,Ibuprofen 400 MG Oral Tablet [Ibu],245.97,,1,0.00,0.00,,0.00,6aed9210-c500-4375-eb94-48b87c1d415c,,6aed9210-c500-4375-84cf-0e4b7d73cdd8,1,5aabe8ce-ac28-3172-a0af-663137c7f5f5,5aabe8ce-ac28-3172-a0af-663137c7f5f5
1036f128-6dc7-fda6-996e-b5160bdfea70,6aed9210-c500-4375-0576-b79e5a76dbcd,30865,6aed9210-c500-4375-b0fc-3374c40b8591,TRANSFEROUT,,,2025-08-12T21:42:53Z,2025-10-07T21:42:53Z,99204b0a-62e2-34dc-b3f6-290819949428,206905,,,1,2,,,1,2,Ibuprofen 400 MG Oral Tablet [Ibu],0.00,,,0.00,0.00,245.97,245.97,6aed9210-c500-4375-eb94-48b87c1d415c,,6aed9210-c500-4375-84cf-0e4b7d73cdd8,1,5aabe8ce-ac28-3172-a0af-663137c7f5f5,5aabe8ce-ac28-3172-a0af-663137c7f5f5
206de250-db8f-fc7c-32dd-6a2c17bfd511,6aed9210-c500-4375-0576-b79e5a76dbcd,30866,6aed9210-c500-4375-b0fc-3374c40b8591,TRANSFERIN,245.97,,2025-08-12T21:42:53Z,2025-10-07T21:42:53Z,99204b0a-62e2-34dc-b3f6-290819949428,206905,,,1,2,,,1,2,Ibuprofen 400 MG Oral Tablet [Ibu],0.00,30865,p,0.00,0.00,245.97,245.97,6aed9210-c500-4375-eb94-48b87c1d415c,,6aed9210-c500-4375-84cf-0e4b7d73cdd8,1,5aabe8ce-ac28-3172-a0af-663137c7f5f5,5aabe8ce-ac28-3172-a0af-663137c7f5f5
40dbc4a1-b71f-fbf8-65ba-d4582f7fad22,6aed9210-c500-4375-0576-b79e5a76dbcd,30867,6aed9210-c500-4375-b0fc-3374c40b8591,PAYMENT,,CASH,2025-08-12T21:42:53Z,2025-10-07T21:42:53Z,99204b0a-62e2-34dc-b3f6-290819949428,206905,,,1,2,,,1,2,Ibuprofen 400 MG Oral Tablet [Ibu],0.00,,,245.97,0.00,,0.00,6aed9210-c500-4375-eb94-48b87c1d415c,,6aed9210-c500-4375-84cf-0e4b7d73cdd8,1,5aabe8ce-ac28-3172-a0af-663137c7f5f5,5aabe8ce-ac28-3172-a0af-663137c7f5f5
b4e17c6c-56ce-56de-092b-3a8ce4233641,6aed9210-c500-4375-3605-e1aba7754988,30869,6aed9210-c500-4375-b0fc-3374c40b8591,CHARGE,83.05,,2025-08-26T21:42:53Z,2025-08-27T00:26:10Z,99204b0a-62e2-34dc-b3f6-290819949428,185349003,,,1,,,,1,1,Encounter for check up (procedure),83.05,,1,0.00,0.00,,0.00,6aed9210-c500-4375-722a-d4e9e6219624,,6aed9210-c500-4375-84cf-0e4b7d73cdd8,1,5aabe8ce-ac28-3172-a0af-663137c7f5f5,5aabe8ce-ac28-3172-a0af-663137c7f5f5
1b15b395-cd85-385f-a339-08cda61a4ace,6aed9210-c500-4375-3605-e1aba7754988,30870,6aed9210-c500-4375-b0fc-3374c40b8591,TRANSFEROUT,,,2025-08-26T21:42:53Z,2025-08-27T00:26:10Z,99204b0a-62e2-34dc-b3f6-290819949428,185349003,,,1,,,,1,1,Encounter for check up (procedure),0.00,,,0.00,0.00,83.05,83.05,6aed9210-c500-4375-722a-d4e9e6219624,,6aed9210-c500-4375-84cf-0e4b7d73cdd8,1,5aabe8ce-ac28-3172-a0af-663137c7f5f5,5aabe8ce-ac28-3172-a0af-663137c7f5f5
362b672b-9c0a-70be-4672-119b4f34959d,6aed9210-c500-4375-3605-e1aba7754988,30871,6aed9210-c500-4375-b0fc-3374c40b8591,TRANSFERIN,TBD,,2025-08-26T21:42:53Z,2025-08-27T00:26:10Z,99204b0a-62e2-34dc-b3f6-290819949428,185349003,,,1,,,,1,1,Encounter for check up (procedure),0.00,30870,p,0.00,0.00,83.05,83.05,6aed9210-c500-4375-722a-d4e9e6219624,,6aed9210-c500-4375-84cf-0e4b7d73cdd8,1,5aabe8ce-ac28-3172-a0af-663137c7f5f5,5aabe8ce-ac28-3172-a0af-663137c7f5f5
6c56ce57-3f14-e17c-8ce4-2336a1692b3a,6aed9210-c500-4375-3605-e1aba7754988,30872,6aed9210-c500-4375-b0fc-3374c40b8591,PAYMENT,,CC,2025-08-26T21:42:53Z,2025-08-27T00:26:10Z,99204b0a-62e2-34dc-b3f6-290819949428,185349003,,,1,,,,1,1,Encounter for check up (procedure),0.00,,,83.05,0.00,,0.00,6aed9210-c500-4375-722a-d4e9e6219624,,6aed9210-c500-4375-84cf-0e4b7d73cdd8,1,5aabe8ce-ac28-3172-a0af-663137c7f5f5,5aabe8ce-ac28-3172-a0af-663137c7f5f5
b15b395d-1a53-85f1-3390-8cdaa3a4acea,6aed9210-c500-4375-3605-e1aba7754988,30874,6aed9210-c500-4375-b0fc-3374c40b8591,CHARGE,620.44,,2025-08-26T21:42:53Z,2025-08-26T22:05:15Z,99204b0a-62e2-34dc-b3f6-290819949428,34043003,,,1,,,,1,1,Dental consultation and report (procedure),620.44,,1,0.00,0.00,,0.00,6aed9210-c500-4375-722a-d4e9e6219624,,6aed9210-c500-4375-84cf-0e4b7d73cdd8,1,5aabe8ce-ac28-3172-a0af-663137c7f5f5,5aabe8ce-ac28-3172-a0af-663137c7f5f5
62b672ba-44a7-0be3-6721-19b5774959d4,6aed9210-c500-4375-3605-e1aba7754988,30875,6aed9210-c500-4375-b0fc-3374c40b8591,TRANSFEROUT,,,2025-08-26T21:42:53Z,2025-08-26T22:05:15Z,99204b0a-62e2-34dc-b3f6-290819949428,34043003,,,1,,,,1,1,Dental consultation and report (procedure),0.00,,,0.00,0.00,620.44,620.44,6aed9210-c500-4375-722a-d4e9e6219624,,6aed9210-c500-4375-84cf-0e4b7d73cdd8,1,5aabe8ce-ac28-3172-a0af-663137c7f5f5,5aabe8ce-ac28-3172-a0af-663137c7f5f5
c56ce574-f94e-17c6-ce42-336b1e92b3a8,6aed9210-c500-4375-3605-e1aba7754988,30876,6aed9210-c500-4375-b0fc-3374c40b8591,TRANSFERIN,620.44,,2025-08-26T21:42:53Z,2025-08-26T22:05:15Z,99204b0a-62e2-34dc-b3f6-290819949428,34043003,,,1,,,,1,1,Dental consultation and report (procedure),0.00,30875,p,0.00,0.00,620.44,620.44,6aed9210-c500-4375-722a-d4e9e6219624,,6aed9210-c500-4375-84cf-0e4b7d73cdd8,1,5aabe8ce-ac28-3172-a0af-663137c7f5f5,5aabe8ce-ac28-3172-a0af-663137c7f5f5
8ad9caea-329c-2f8d-9c84-66d6fd256751,6aed9210-c500-4375-3605-e1aba7754988,30877,6aed9210-c500-4375-b0fc-3374c40b8591,PAYMENT,,CHECK,2025-08-26T21:42:53Z,2025-08-26T22:05:15Z,99204b0a-62e2-34dc-b3f6-290819949428,34043003,,,1,,,,1,1,Dental consultation and report (procedure),0.00,,,620.44,0.00,,0.00,6aed9210-c500-4375-722a-d4e9e6219624,,6aed9210-c500-4375-84cf-0e4b7d73cdd8,1,5aabe8ce-ac28-3172-a0af-663137c7f5f5,5aabe8ce-ac28-3172-a0af-663137c7f5f5
2b672bad-e270-be36-7211-9b5f0c959d46,6aed9210-c500-4375-3605-e1aba7754988,30879,6aed9210-c500-4375-b0fc-3374c40b8591,CHARGE,620.44,,2025-08-26T22:05:15Z,2025-08-26T22:43:02Z,99204b0a-62e2-34dc-b3f6-290819949428,225362009,,,1,,,,1,1,Dental care (regime/therapy),620.44,,1,0.00,0.00,,0.00,6aed9210-c500-4375-722a-d4e9e6219624,,6aed9210-c500-4375-84cf-0e4b7d73cdd8,1,5aabe8ce-ac28-3172-a0af-663137c7f5f5,5aabe8ce-ac28-3172-a0af-663137c7f5f5
f62c9c2f-8d8a-d9ca-e2f7-2567519c8466,6aed9210-c500-4375-3605-e1aba7754988,30880,6aed9210-c500-4375-b0fc-3374c40b8591,TRANSFEROUT,,,2025-08-26T22:05:15Z,2025-08-26T22:43:02Z,99204b0a-62e2-34dc-b3f6-290819949428,225362009,,,1,,,,1,1,Dental care (regime/therapy),0.00,,,0.00,0.00,620.44,620.44,6aed9210-c500-4375-722a-d4e9e6219624,,6aed9210-c500-4375-84cf-0e4b7d73cdd8,1,5aabe8ce-ac28-3172-a0af-663137c7f5f5,5aabe8ce-ac28-3172-a0af-663137c7f5f5
ed89385f-1b15-b395-c61e-4acea33908cd,6aed9210-c500-4375-3605-e1aba7754988,30881,6aed9210-c500-4375-b0fc-3374c40b8591,TRANSFERIN,620.44,,2025-08-26T22:05:15Z,2025-08-26T22:43:02Z,99204b0a-62e2-34dc-b3f6-290819949428,225362009,,,1,,,,1,1,Dental care (regime/therapy),0.00,30880,p,0.00,0.00,620.44,620.44,6aed9210-c500-4375-722a-d4e9e6219624,,6aed9210-c500-4375-84cf-0e4b7d73cdd8,1,5aabe8ce-ac28-3172-a0af-663137c7f5f5,5aabe8ce-ac28-3172-a0af-663137c7f5f5
dc1270be-362b-672b-8f3c-959d4672119b,6aed9210-c500-4375-3605-e1aba7754988,30882,6aed9210-c500-4375-b0fc-3374c40b8591,PAYMENT,,CASH,2025-08-26T22:05:15Z,2025-08-26T22:43:02Z,99204b0a-62e2-34dc-b3f6-290819949428,225362009,,,1,,,,1,1,Dental care (regime/therapy),0.00,,,620.44,0.00,,0.00,6aed9210-c500-4375-722a-d4e9e6219624,,6aed9210-c500-4375-84cf-0e4b7d73cdd8,1,5aabe8ce-ac28-3172-a0af-663137c7f5f5,5aabe8ce-ac28-3172-a0af-663137c7f5f5
8249c2f8-d8ad-9caf-4ef2-567519c8466e,6aed9210-c500-4375-3605-e1aba7754988,30884,6aed9210-c500-4375-b0fc-3374c40b8591,CHARGE,--,,2025-08-26T22:43:02Z,2025-08-26T23:00:08Z,99204b0a-62e2-34dc-b3f6-290819949428,1260009003,,,1,,,,1,1,Removal of supragingival plaque and calculus from all teeth using dental instrument (procedure),620.44,,1,0.00,0.00,,0.00,6aed9210-c500-4375-722a-d4e9e6219624,,6aed9210-c500-4375-84cf-0e4b7d73cdd8,1,5aabe8ce-ac28-3172-a0af-663137c7f5f5,5aabe8ce-ac28-3172-a0af-663137c7f5f5
1a9385f1-b15b-395f-a3e4-acea33908cdc,6aed9210-c500-4375-3605-e1aba7754988,30885,6aed9210-c500-4375-b0fc-3374c40b8591,TRANSFEROUT,,,2025-08-26T22:43:02Z,2025-08-26T23:00:08Z,99204b0a-62e2-34dc-b3f6-290819949428,1260009003,,,1,,,,1,1,Removal of supragingival plaque and calculus from all teeth using dental instrument (procedure),0.00,,,0.00,0.00,620.44,620.44,6aed9210-c500-4375-722a-d4e9e6219624,,6aed9210-c500-4375-84cf-0e4b7d73cdd8,1,5aabe8ce-ac28-3172-a0af-663137c7f5f5,5aabe8ce-ac28-3172-a0af-663137c7f5f5
45270be3-62b6-72be-77c9-59d4672119b9,6aed9210-c500-4375-3605-e1aba7754988,30886,6aed9210-c500-4375-b0fc-3374c40b8591,TRANSFERIN,620.44,,2025-08-26T22:43:02Z,2025-08-26T23:00:08Z,99204b0a-62e2-34dc-b3f6-290819949428,1260009003,,,1,,,,1,1,Removal of supragingival plaque and calculus from all teeth using dental instrument (procedure),0.00,30885,p,0.00,0.00,620.44,620.44,6aed9210-c500-4375-722a-d4e9e6219624,,6aed9210-c500-4375-84cf-0e4b7d73cdd8,1,5aabe8ce-ac28-3172-a0af-663137c7f5f5,5aabe8ce-ac28-3172-a0af-663137c7f5f5
fa4e17c6-c56c-e57c-1f92-b3a8ce423373,6aed9210-c500-4375-3605-e1aba7754988,30887,6aed9210-c500-4375-b0fc-3374c40b8591,PAYMENT,,CC,2025-08-26T22:43:02Z,2025-08-26T23:00:08Z,99204b0a-62e2-34dc-b3f6-290819949428,1260009003,,,1,,,,1,1,Removal of supragingival plaque and calculus from all teeth using dental instrument (procedure),0.00,,,620.44,0.00,,0.00,6aed9210-c500-4375-722a-d4e9e6219624,,6aed9210-c500-4375-84cf-0e4b7d73cdd8,1,5aabe8ce-ac28-3172-a0af-663137c7f5f5,5aabe8ce-ac28-3172-a0af-663137c7f5f5
6c385f1b-15b3-95f5-014a-cea33908cdce,6aed9210-c500-4375-3605-e1aba7754988,30889,6aed9210-c500-4375-b0fc-3374c40b8591,CHARGE,620.44,,2025-08-26T23:00:08Z,2025-08-26T23:08:11Z,99204b0a-62e2-34dc-b3f6-290819949428,1260010008,,,1,,,,1,1,Removal of subgingival plaque and calculus from all teeth using dental instrument (procedure),620.44,,1,0.00,0.00,,0.00,6aed9210-c500-4375-722a-d4e9e6219624,,6aed9210-c500-4375-84cf-0e4b7d73cdd8,1,5aabe8ce-ac28-3172-a0af-663137c7f5f5,5aabe8ce-ac28-3172-a0af-663137c7f5f5
c6c56ce5-82f5-0e17-a8ce-4233791a52b3,6aed9210-c500-4375-3605-e1aba7754988,30890,6aed9210-c500-4375-b0fc-3374c40b8591,PAYMENT,,ECHECK,2025-08-26T23:00:08Z,2025-08-26T23:08:11Z,99204b0a-62e2-34dc-b3f6-290819949428,1260010008,,,1,,,,1,1,Removal of subgingival plaque and calculus from all teeth using dental instrument (procedure),0.00,,,65.60,0.00,,554.84,6aed9210-c500-4375-722a-d4e9e6219624,,6aed9210-c500-4375-84cf-0e4b7d73cdd8,1,5aabe8ce-ac28-3172-a0af-663137c7f5f5,5aabe8ce-ac28-3172-a0af-663137c7f5f5
8d8ad9cb-062a-1c2f-519c-8466f2f4a567,6aed9210-c500-4375-3605-e1aba7754988,30891,6aed9210-c500-4375-b0fc-3374c40b8591,TRANSFEROUT,,,2025-08-26T23:00:08Z,2025-08-26T23:08:11Z,99204b0a-62e2-34dc-b3f6-290819949428,1260010008,,,1,,,,1,1,Removal of subgingival plaque and calculus from all teeth using dental instrument (procedure),0.00,,,0.00,0.00,554.84,554.84,6aed9210-c500-4375-722a-d4e9e6219624,,6aed9210-c500-4375-84cf-0e4b7d73cdd8,1,5aabe8ce-ac28-3172-a0af-663137c7f5f5,5aabe8ce-ac28-3172-a0af-663137c7f5f5
1b15b396-0d84-385f-a339-08cde6194ace,6aed9210-c500-4375-3605-e1aba7754988,30892,6aed9210-c500-4375-b0fc-3374c40b8591,TRANSFERIN,554.84,,2025-08-26T23:00:08Z,2025-08-26T23:08:11Z,99204b0a-62e2-34dc-b3f6-290819949428,1260010008,,,1,,,,1,1,Removal of subgingival plaque and calculus from all teeth using dental instrument (procedure),0.00,30891,p,0.00,0.00,554.84,554.84,6aed9210-c500-4375-722a-d4e9e6219624,,6aed9210-c500-4375-84cf-0e4b7d73cdd8,1,5aabe8ce-ac28-3172-a0af-663137c7f5f5,5aabe8ce-ac28-3172-a0af-663137c7f5f5
362b672c-1c08-70be-4672-119bcf32959d,6aed9210-c500-4375-3605-e1aba7754988,30893,6aed9210-c500-4375-b0fc-3374c40b8591,PAYMENT,,CC,2025-08-26T23:00:08Z,2025-08-26T23:08:11Z,99204b0a-62e2-34dc-b3f6-290819949428,1260010008,,,1,,,,1,1,Removal of subgingival plaque and calculus from all teeth using dental instrument (procedure),0.00,,,554.84,0.00,,0.00,6aed9210-c500-4375-722a-d4e9e6219624,,6aed9210-c500-4375-84cf-0e4b7d73cdd8,1,5aabe8ce-ac28-3172-a0af-663137c7f5f5,5aabe8ce-ac28-3172-a0af-663137c7f5f5
d8ad9cb0-8221-c2f8-19c8-466f4eca5675,6aed9210-c500-4375-3605-e1aba7754988,30895,6aed9210-c500-4375-b0fc-3374c40b8591,CHARGE,620.44,,2025-08-26T23:08:11Z,2025-08-26T23:38:11Z,99204b0a-62e2-34dc-b3f6-290819949428,241046008,,,1,,,,1,1,Dental plain X-ray bitewing (procedure),620.44,,1,0.00,0.00,,0.00,6aed9210-c500-4375-722a-d4e9e6219624,,6aed9210-c500-4375-84cf-0e4b7d73cdd8,1,5aabe8ce-ac28-3172-a0af-663137c7f5f5,5aabe8ce-ac28-3172-a0af-663137c7f5f5
b15b3961-1a43-85f1-3390-8cdea394acea,6aed9210-c500-4375-3605-e1aba7754988,30896,6aed9210-c500-4375-b0fc-3374c40b8591,PAYMENT,,ECHECK,2025-08-26T23:08:11Z,2025-08-26T23:38:11Z,99204b0a-62e2-34dc-b3f6-290819949428,241046008,,,1,,,,1,1,Dental plain X-ray bitewing (procedure),0.00,,,434.31,0.00,,186.13,6aed9210-c500-4375-722a-d4e9e6219624,,6aed9210-c500-4375-84cf-0e4b7d73cdd8,1,5aabe8ce-ac28-3172-a0af-663137c7f5f5,5aabe8ce-ac28-3172-a0af-663137c7f5f5
62b672c2-4487-0be3-6721-19bd772959d4,6aed9210-c500-4375-3605-e1aba7754988,30897,6aed9210-c500-4375-b0fc-3374c40b8591,TRANSFEROUT,,,2025-08-26T23:08:11Z,2025-08-26T23:38:11Z,99204b0a-62e2-34dc-b3f6-290819949428,241046008,,,1,,,,1,1,Dental plain X-ray bitewing (procedure),0.00,,,0.00,0.00,186.13,186.13,6aed9210-c500-4375-722a-d4e9e6219624,,6aed9210-c500-4375-84cf-0e4b7d73cdd8,1,5aabe8ce-ac28-3172-a0af-663137c7f5f5,5aabe8ce-ac28-3172-a0af-663137c7f5f5
c56ce584-f90e-17c6-ce42-337b1e52b3a8,6aed9210-c500-4375-3605-e1aba7754988,30898,6aed9210-c500-4375-b0fc-3374c40b8591,TRANSFERIN,186,,2025-08-26T23:08:11Z,2025-08-26T23:38:11Z,99204b0a-62e2-34dc-b3f6-290819949428,241046008,,,1,,,,1,1,Dental plain X-ray bitewing (procedure),0.00,30897,p,0.00,0.00,186.13,186.13,6aed9210-c500-4375-722a-d4e9e6219624,,6aed9210-c500-4375-84cf-0e4b7d73cdd8,1,5aabe8ce-ac28-3172-a0af-663137c7f5f5,5aabe8ce-ac28-3172-a0af-663137c7f5f5
8ad9cb0a-321c-2f8d-9c84-66f6fca56751,6aed9210-c500-4375-3605-e1aba7754988,30899,6aed9210-c500-4375-b0fc-3374c40b8591,PAYMENT,,CC,2025-08-26T23:08:11Z,2025-08-26T23:38:11Z,99204b0a-62e2-34dc-b3f6-290819949428,241046008,,,1,,,,1,1,Dental plain X-ray bitewing (procedure),0.00,,,186.13,0.00,,0.00,6aed9210-c500-4375-722a-d4e9e6219624,,6aed9210-c500-4375-84cf-0e4b7d73cdd8,1,5aabe8ce-ac28-3172-a0af-663137c7f5f5,5aabe8ce-ac28-3172-a0af-663137c7f5f5
db30be36-2b67-316d-0555-9d467211a11f,6aed9210-c500-4375-3605-e1aba7754988,30901,6aed9210-c500-4375-b0fc-3374c40b8591,CHARGE,620.4400,,2025-08-26T23:08:11Z,2025-08-26T23:51:19Z,99204b0a-62e2-34dc-b3f6-290819949428,274788003,,,1,,,,1,1,Examination of gingivae (procedure),620.44,,1,0.00,0.00,,0.00,6aed9210-c500-4375-722a-d4e9e6219624,,6aed9210-c500-4375-84cf-0e4b7d73cdd8,1,5aabe8ce-ac28-3172-a0af-663137c7f5f5,5aabe8ce-ac28-3172-a0af-663137c7f5f5
b6617c6c-56ce-62de-0aab-3a8ce4234241,6aed9210-c500-4375-3605-e1aba7754988,30902,6aed9210-c500-4375-b0fc-3374c40b8591,PAYMENT,,ECHECK,2025-08-26T23:08:11Z,2025-08-26T23:51:19Z,99204b0a-62e2-34dc-b3f6-290819949428,274788003,,,1,,,,1,1,Examination of gingivae (procedure),0.00,,,434.31,0.00,,186.13,6aed9210-c500-4375-722a-d4e9e6219624,,6aed9210-c500-4375-84cf-0e4b7d73cdd8,1,5aabe8ce-ac28-3172-a0af-663137c7f5f5,5aabe8ce-ac28-3172-a0af-663137c7f5f5
6cc2f8d8-ad9c-c5c1-1556-7519c846848e,6aed9210-c500-4375-3605-e1aba7754988,30903,6aed9210-c500-4375-b0fc-3374c40b8591,TRANSFEROUT,,,2025-08-26T23:08:11Z,2025-08-26T23:51:19Z,99204b0a-62e2-34dc-b3f6-290819949428,274788003,,,1,,,,1,1,Examination of gingivae (procedure),0.00,,,0.00,0.00,186.13,186.13,6aed9210-c500-4375-722a-d4e9e6219624,,6aed9210-c500-4375-84cf-0e4b7d73cdd8,1,5aabe8ce-ac28-3172-a0af-663137c7f5f5,5aabe8ce-ac28-3172-a0af-663137c7f5f5
d985f1b1-5b39-8b98-2aac-ea33908d0922,6aed9210-c500-4375-3605-e1aba7754988,30904,6aed9210-c500-4375-b0fc-3374c40b8591,TRANSFERIN,186.13,,2025-08-26T23:08:11Z,2025-08-26T23:51:19Z,99204b0a-62e2-34dc-b3f6-290819949428,274788003,,,1,,,,1,1,Examination of gingivae (procedure),0.00,30903,p,0,0.00,186.13,186.13,6aed9210-c500-4375-722a-d4e9e6219624,,6aed9210-c500-4375-84cf-0e4b7d73cdd8,1,5aabe8ce-ac28-3172-a0af-663137c7f5f5,5aabe8ce-ac28-3172-a0af-663137c7f5f5
b30be362-b673-1741-5559-d467211a1274,6aed9210-c500-4375-3605-e1aba7754988,30905,6aed9210-c500-4375-b0fc-3374c40b8591,PAYMENT,,CC,2025-08-26T23:08:11Z,2025-08-26T23:51:19Z,99204b0a-62e2-34dc-b3f6-290819949428,274788003,,,1,,,,1,1,Examination of gingivae (procedure),0.00,,,186.13,0.00,,0.00,6aed9210-c500-4375-722a-d4e9e6219624,,6aed9210-c500-4375-84cf-0e4b7d73cdd8,1,5aabe8ce-ac28-3172-a0af-663137c7f5f5,5aabe8ce-ac28-3172-a0af-663137c7f5f5
cc2f8d8a-d9cc-5e26-5567-519c84684af1,6aed9210-c500-4375-3605-e1aba7754988,30907,6aed9210-c500-4375-b0fc-3374c40b8591,CHARGE,620.44,,2025-08-26T23:51:19Z,2025-08-27T00:13:11Z,99204b0a-62e2-34dc-b3f6-290819949428,68071007,,,1,,,,1,1,Dental fluoride treatment (procedure),620.44,,1,0.00,0.00,,0.00,6aed9210-c500-4375-722a-d4e9e6219624,,6aed9210-c500-4375-84cf-0e4b7d73cdd8,1,5aabe8ce-ac28-3172-a0af-663137c7f5f5,5aabe8ce-ac28-3172-a0af-663137c7f5f5
985f1b15-b398-bd7d-aace-a33908d09612,6aed9210-c500-4375-3605-e1aba7754988,30908,6aed9210-c500-4375-b0fc-3374c40b8591,PAYMENT,,ECHECK,2025-08-26T23:51:19Z,2025-08-27T00:13:11Z,99204b0a-62e2-34dc-b3f6-290819949428,68071007,,,1,,,,1,1,Dental fluoride treatment (procedure),0.00,,,434.31,0.00,,186.13,6aed9210-c500-4375-722a-d4e9e6219624,,6aed9210-c500-4375-84cf-0e4b7d73cdd8,1,5aabe8ce-ac28-3172-a0af-663137c7f5f5,5aabe8ce-ac28-3172-a0af-663137c7f5f5
30be362b-6731-7dfb-559d-467211a12f25,6aed9210-c500-4375-3605-e1aba7754988,30909,6aed9210-c500-4375-b0fc-3374c40b8591,TRANSFEROUT,,,2025-08-26T23:51:19Z,2025-08-27T00:13:11Z,99204b0a-62e2-34dc-b3f6-290819949428,68071007,,,1,,,,1,1,Dental fluoride treatment (procedure),0.00,,,0.00,0.00,186.13,186.13,6aed9210-c500-4375-722a-d4e9e6219624,,6aed9210-c500-4375-84cf-0e4b7d73cdd8,1,5aabe8ce-ac28-3172-a0af-663137c7f5f5,5aabe8ce-ac28-3172-a0af-663137c7f5f5
8ad9cc6a-32cc-2f8d-9c84-6856fd556751,6aed9210-c500-4375-3605-e1aba7754988,30910,6aed9210-c500-4375-b0fc-3374c40b8591,TRANSFERIN,186.13,,2025-08-26T23:51:19Z,2025-08-27T00:13:11Z,99204b0a-62e2-34dc-b3f6-290819949428,68071007,,,1,,,,1,1,Dental fluoride treatment (procedure),0.00,30909,p,0.00,0.00,186.13,186.13,6aed9210-c500-4375-722a-d4e9e6219624,,6aed9210-c500-4375-84cf-0e4b7d73cdd8,1,5aabe8ce-ac28-3172-a0af-663137c7f5f5,5aabe8ce-ac28-3172-a0af-663137c7f5f5
15b398d5-7198-5f1b-3908-d0ae06aacea3,6aed9210-c500-4375-3605-e1aba7754988,30911,6aed9210-c500-4375-b0fc-3374c40b8591,PAYMENT,,CC,2025-08-26T23:51:19Z,2025-08-27T00:13:11Z,99204b0a-62e2-34dc-b3f6-290819949428,68071007,,,1,,,,1,1,Dental fluoride treatment (procedure),0.00,,,186.13,0.00,,0.00,6aed9210-c500-4375-722a-d4e9e6219624,,6aed9210-c500-4375-84cf-0e4b7d73cdd8,1,5aabe8ce-ac28-3172-a0af-663137c7f5f5,5aabe8ce-ac28-3172-a0af-663137c7f5f5
56ce635e-c661-7c6c-e423-42c11aab3a8c,6aed9210-c500-4375-3605-e1aba7754988,30913,6aed9210-c500-4375-b0fc-3374c40b8591,CHARGE,620.44,,2025-08-27T00:13:11Z,2025-08-27T00:26:10Z,99204b0a-62e2-34dc-b3f6-290819949428,243085009,,,1,,,,1,1,Oral health education (procedure),620.44,,1,0.0000,0.00,,0.00,6aed9210-c500-4375-722a-d4e9e6219624,,6aed9210-c500-4375-84cf-0e4b7d73cdd8,1,5aabe8ce-ac28-3172-a0af-663137c7f5f5,5aabe8ce-ac28-3172-a0af-663137c7f5f5
ad9cc6c1-8cc2-f8d8-c846-858e35567519,6aed9210-c500-4375-3605-e1aba7754988,30914,6aed9210-c500-4375-b0fc-3374c40b8591,PAYMENT,,ECHECK,2025-08-27T00:13:11Z,2025-08-27T00:26:10Z,99204b0a-62e2-34dc-b3f6-290819949428,243085009,,,1,,,,1,1,Oral health education (procedure),0.00,,,434.31,0.00,,186.13,6aed9210-c500-4375-722a-d4e9e6219624,,6aed9210-c500-4375-84cf-0e4b7d73cdd8,1,5aabe8ce-ac28-3172-a0af-663137c7f5f5,5aabe8ce-ac28-3172-a0af-663137c7f5f5
5b398d99-1985-f1b1-908d-0b226aacea33,6aed9210-c500-4375-3605-e1aba7754988,30915,6aed9210-c500-4375-b0fc-3374c40b8591,TRANSFEROUT,,,2025-08-27T00:13:11Z,2025-08-27T00:26:10Z,99204b0a-62e2-34dc-b3f6-290819949428,243085009,,,1,,,,1,1,Oral health education (procedure),0.00,,,0.00,0.00,186.13,186.13,6aed9210-c500-4375-722a-d4e9e6219624,,6aed9210-c500-4375-84cf-0e4b7d73cdd8,1,5aabe8ce-ac28-3172-a0af-663137c7f5f5,5aabe8ce-ac28-3172-a0af-663137c7f5f5
b6731b42-330b-e362-211a-1674d559d467,6aed9210-c500-4375-3605-e1aba7754988,30916,6aed9210-c500-4375-b0fc-3374c40b8591,TRANSFERIN,186.13,,2025-08-27T00:13:11Z,2025-08-27T00:26:10Z,99204b0a-62e2-34dc-b3f6-290819949428,243085009,,,1,,,,1,1,Oral health education (procedure),0.00,30915,p,0.00,0.00,186.13,186.13,6aed9210-c500-4375-722a-d4e9e6219624,,6aed9210-c500-4375-84cf-0e4b7d73cdd8,1,5aabe8ce-ac28-3172-a0af-663137c7f5f5,5aabe8ce-ac28-3172-a0af-663137c7f5f5
6ce636f4-6617-c6c5-4234-2d19aab3a8ce,6aed9210-c500-4375-3605-e1aba7754988,30917,6aed9210-c500-4375-b0fc-3374c40b8591,PAYMENT,,CC,2025-08-27T00:13:11Z,2025-08-27T00:26:10Z,99204b0a-62e2-34dc-b3f6-290819949428,243085009,,,1,,,,1,1,Oral health education (procedure),0.00,,,186.13,0.00,,0.00,6aed9210-c500-4375-722a-d4e9e6219624,,6aed9210-c500-4375-84cf-0e4b7d73cdd8,1,5aabe8ce-ac28-3172-a0af-663137c7f5f5,5aabe8ce-ac28-3172-a0af-663137c7f5f5
ad888742-3f7c-dda6-36c0-4b53ea18ca71,6aed9210-c500-4375-b34a-9710a3a26af6,30919,6aed9210-c500-4375-b0fc-3374c40b8591,CHARGE,245.97,,2025-08-26T23:51:19Z,2025-08-26T23:51:19Z,99204b0a-62e2-34dc-b3f6-290819949428,1535362,,,1,,,,1,1,sodium fluoride 0.0272 MG/MG Oral Gel,245.97,,1,0.00,0.00,,0.00,6aed9210-c500-4375-722a-d4e9e6219624,,6aed9210-c500-4375-84cf-0e4b7d73cdd8,1,5aabe8ce-ac28-3172-a0af-663137c7f5f5,5aabe8ce-ac28-3172-a0af-663137c7f5f5
d08fdf3a-24ab-6221-d4fa-8635574db012,6aed9210-c500-4375-b34a-9710a3a26af6,30920,6aed9210-c500-4375-b0fc-3374c40b8591,TRANSFEROUT,,,2025-08-26T23:51:19Z,2025-08-26T23:51:19Z,99204b0a-62e2-34dc-b3f6-290819949428,1535362,,,1,,,,1,1,sodium fluoride 0.0272 MG/MG Oral Gel,0.00,,,0.00,0.00,245.97,245.97,6aed9210-c500-4375-722a-d4e9e6219624,,6aed9210-c500-4375-84cf-0e4b7d73cdd8,1,5aabe8ce-ac28-3172-a0af-663137c7f5f5,5aabe8ce-ac28-3172-a0af-663137c7f5f5
a11fbe74-b956-c443-a9f5-0c6ade9b6025,6aed9210-c500-4375-b34a-9710a3a26af6,30921,6aed9210-c500-4375-b0fc-3374c40b8591,TRANSFERIN,245.97,,2025-08-26T23:51:19Z,2025-08-26T23:51:19Z,99204b0a-62e2-34dc-b3f6-290819949428,1535362,,,1,,,,1,1,sodium fluoride 0.0272 MG/MG Oral Gel,0.00,30920,p,0.00,0.00,245.97,245.97,6aed9210-c500-4375-722a-d4e9e6219624,,6aed9210-c500-4375-84cf-0e4b7d73cdd8,1,5aabe8ce-ac28-3172-a0af-663137c7f5f5,5aabe8ce-ac28-3172-a0af-663137c7f5f5
423f7ce9-b2ad-8887-53ea-18d67d36c04b,6aed9210-c500-4375-b34a-9710a3a26af6,30922,6aed9210-c500-4375-b0fc-3374c40b8591,PAYMENT,,CHECK,2025-08-26T23:51:19Z,2025-08-26T23:51:19Z,99204b0a-62e2-34dc-b3f6-290819949428,1535362,,,1,,,,1,1,sodium fluoride 0.0272 MG/MG Oral Gel,0.00,,,245.97,0.00,,0.00,6aed9210-c500-4375-722a-d4e9e6219624,,6aed9210-c500-4375-84cf-0e4b7d73cdd8,1,5aabe8ce-ac28-3172-a0af-663137c7f5f5,5aabe8ce-ac28-3172-a0af-663137c7f5f5
82398654-0698-e82d-4ee2-19d04e75eaac,6aed9210-c500-4375-871c-c7bc09e450cc,30924,6aed9210-c500-4375-b0fc-3374c40b8591,CHARGE,171.78,,2025-10-07T21:42:53Z,2025-10-07T22:19:14Z,c958be17-14d8-3fc0-995a-9b952974be91,162673000,,,1,2,,,1,20,General examination of patient (procedure),171.78,,1,0.00,0.00,,0.00,6aed9210-c500-4375-616e-61d7bab35d1a,,6aed9210-c500-4375-84cf-0e4b7d73cdd8,1,39b1cdc4-1ebb-35a1-bba7-2c9614175d2c,39b1cdc4-1ebb-35a1-bba7-2c9614175d2c
1a730ca8-0d31-d05b-a3c4-33a09cebd558,6aed9210-c500-4375-871c-c7bc09e450cc,30925,6aed9210-c500-4375-b0fc-3374c40b8591,PAYMENT,,ECHECK,2025-10-07T21:42:53Z,2025-10-07T22:19:14Z,c958be17-14d8-3fc0-995a-9b952974be91,162673000,,,1,2,,,1,20,General examination of patient (procedure),0.00,,,120.25,0.00,,51.53,6aed9210-c500-4375-616e-61d7bab35d1a,,6aed9210-c500-4375-84cf-0e4b7d73cdd8,1,39b1cdc4-1ebb-35a1-bba7-2c9614175d2c,39b1cdc4-1ebb-35a1-bba7-2c9614175d2c
44e61950-1a63-a0b6-7788-674139d7aab1,6aed9210-c500-4375-871c-c7bc09e450cc,30926,6aed9210-c500-4375-b0fc-3374c40b8591,TRANSFEROUT,,,2025-10-07T21:42:53Z,2025-10-07T22:19:14Z,c958be17-14d8-3fc0-995a-9b952974be91,162673000,,,1,2,,,1,20,General examination of patient (procedure),0.00,,,0.00,0.00,51.53,51.53,6aed9210-c500-4375-616e-61d7bab35d1a,,6aed9210-c500-4375-84cf-0e4b7d73cdd8,1,39b1cdc4-1ebb-35a1-bba7-2c9614175d2c,39b1cdc4-1ebb-35a1-bba7-2c9614175d2c
f9cc32a0-34c7-416c-1f10-ce8273af5563,6aed9210-c500-4375-871c-c7bc09e450cc,30927,6aed9210-c500-4375-b0fc-3374c40b8591,TRANSFERIN,51.53,,2025-10-07T21:42:53Z,2025-10-07T22:19:14Z,c958be17-14d8-3fc0-995a-9b952974be91,162673000,,,1,2,,,1,20,General examination of patient (procedure),0.00,30926,p,0.00,0.00,51.53,51.53,6aed9210-c500-4375-616e-61d7bab35d1a,,6aed9210-c500-4375-84cf-0e4b7d73cdd8,1,39b1cdc4-1ebb-35a1-bba7-2c9614175d2c,39b1cdc4-1ebb-35a1-bba7-2c9614175d2c
33986540-698e-82da-fe21-9d04e75eaac6,6aed9210-c500-4375-871c-c7bc09e450cc,30928,6aed9210-c500-4375-b0fc-3374c40b8591,PAYMENT,,CHECK,2025-10-07T21:42:53Z,2025-10-07T22:19:14Z,c958be17-14d8-3fc0-995a-9b952974be91,162673000,,,1,2,,,1,20,General examination of patient (procedure),0.00,,,51.53,0.00,,0.00,6aed9210-c500-4375-616e-61d7bab35d1a,,6aed9210-c500-4375-84cf-0e4b7d73cdd8,1,39b1cdc4-1ebb-35a1-bba7-2c9614175d2c,39b1cdc4-1ebb-35a1-bba7-2c9614175d2c
a034c741-72f5-4c32-8273-af55691a90ce,6aed9210-c500-4375-871c-c7bc09e450cc,30930,6aed9210-c500-4375-b0fc-3374c40b8591,CHARGE,1240.89,,2025-10-07T21:42:53Z,2025-10-07T21:57:53Z,c958be17-14d8-3fc0-995a-9b952974be91,430193006,,,1,2,,,1,20,Medication reconciliation (procedure),1240.89,,1,0.00,0.00,,0.00,6aed9210-c500-4375-616e-61d7bab35d1a,,6aed9210-c500-4375-84cf-0e4b7d73cdd8,1,39b1cdc4-1ebb-35a1-bba7-2c9614175d2c,39b1cdc4-1ebb-35a1-bba7-2c9614175d2c
40698e82-e62a-9865-04e7-5eaad2f5219d,6aed9210-c500-4375-871c-c7bc09e450cc,30931,6aed9210-c500-4375-b0fc-3374c40b8591,PAYMENT,,ECHECK,2025-10-07T21:42:53Z,2025-10-07T21:57:53Z,c958be17-14d8-3fc0-995a-9b952974be91,430193006,,,1,2,,,1,20,Medication reconciliation (procedure),0.00,,,868.62,0.00,,372.27,6aed9210-c500-4375-616e-61d7bab35d1a,,6aed9210-c500-4375-84cf-0e4b7d73cdd8,1,39b1cdc4-1ebb-35a1-bba7-2c9614175d2c,39b1cdc4-1ebb-35a1-bba7-2c9614175d2c
80d31d05-cd85-30ca-09ce-bd55a61a433a,6aed9210-c500-4375-871c-c7bc09e450cc,30932,6aed9210-c500-4375-b0fc-3374c40b8591,TRANSFEROUT,,,2025-10-07T21:42:53Z,2025-10-07T21:57:53Z,c958be17-14d8-3fc0-995a-9b952974be91,430193006,,,1,2,,,1,20,Medication reconciliation (procedure),0.00,,,0.00,0.00,372.27,372.27,6aed9210-c500-4375-616e-61d7bab35d1a,,6aed9210-c500-4375-84cf-0e4b7d73cdd8,1,39b1cdc4-1ebb-35a1-bba7-2c9614175d2c,39b1cdc4-1ebb-35a1-bba7-2c9614175d2c
01a63a0b-9c0a-6195-139d-7aab4f348674,6aed9210-c500-4375-871c-c7bc09e450cc,30933,6aed9210-c500-4375-b0fc-3374c40b8591,TRANSFERIN,372.27,,2025-10-07T21:42:53Z,2025-10-07T21:57:53Z,c958be17-14d8-3fc0-995a-9b952974be91,430193006,,,1,2,,,1,20,Medication reconciliation (procedure),0.00,30932,p,0.00,0.00,372.27,372.27,6aed9210-c500-4375-616e-61d7bab35d1a,,6aed9210-c500-4375-84cf-0e4b7d73cdd8,1,39b1cdc4-1ebb-35a1-bba7-2c9614175d2c,39b1cdc4-1ebb-35a1-bba7-2c9614175d2c
034c7417-3f14-c32a-273a-f556a1690ce8,6aed9210-c500-4375-871c-c7bc09e450cc,30934,6aed9210-c500-4375-b0fc-3374c40b8591,PAYMENT,,CHECK,2025-10-07T21:42:53Z,2025-10-07T21:57:53Z,c958be17-14d8-3fc0-995a-9b952974be91,430193006,,,1,2,,,1,20,Medication reconciliation (procedure),0.00,,,372.27,0.00,,0.00,6aed9210-c500-4375-616e-61d7bab35d1a,,6aed9210-c500-4375-84cf-0e4b7d73cdd8,1,39b1cdc4-1ebb-35a1-bba7-2c9614175d2c,39b1cdc4-1ebb-35a1-bba7-2c9614175d2c
0d31d05d-1a53-0ca8-9ceb-d55aa3a433a0,6aed9210-c500-4375-871c-c7bc09e450cc,30936,6aed9210-c500-4375-b0fc-3374c40b8591,CHARGE,620.44,,2025-10-07T21:42:53Z,2025-10-07T22:19:14Z,c958be17-14d8-3fc0-995a-9b952974be91,710824005,,,1,2,,,1,20,Assessment of health and social care needs (procedure),620.44,,1,0.00,0.00,,0.00,6aed9210-c500-4375-616e-61d7bab35d1a,,6aed9210-c500-4375-84cf-0e4b7d73cdd8,1,39b1cdc4-1ebb-35a1-bba7-2c9614175d2c,39b1cdc4-1ebb-35a1-bba7-2c9614175d2c
1a63a0ba-44a6-1950-39d7-aab577486741,6aed9210-c500-4375-871c-c7bc09e450cc,30937,6aed9210-c500-4375-b0fc-3374c40b8591,PAYMENT,,ECHECK,2025-10-07T21:42:53Z,2025-10-07T22:19:14Z,c958be17-14d8-3fc0-995a-9b952974be91,710824005,,,1,2,,,1,20,Assessment of health and social care needs (procedure),0.00,,,434.31,0.00,,186.13,6aed9210-c500-4375-616e-61d7bab35d1a,,6aed9210-c500-4375-84cf-0e4b7d73cdd8,1,39b1cdc4-1ebb-35a1-bba7-2c9614175d2c,39b1cdc4-1ebb-35a1-bba7-2c9614175d2c
34c74174-f94c-32a0-73af-556b1e90ce82,6aed9210-c500-4375-871c-c7bc09e450cc,30938,6aed9210-c500-4375-b0fc-3374c40b8591,TRANSFEROUT,,,2025-10-07T21:42:53Z,2025-10-07T22:19:14Z,c958be17-14d8-3fc0-995a-9b952974be91,710824005,,,1,2,,,1,20,Assessment of health and social care needs (procedure),0.00,,,0.00,0.00,186.13,186.13,6aed9210-c500-4375-616e-61d7bab35d1a,,6aed9210-c500-4375-84cf-0e4b7d73cdd8,1,39b1cdc4-1ebb-35a1-bba7-2c9614175d2c,39b1cdc4-1ebb-35a1-bba7-2c9614175d2c
698e82ea-3298-6540-e75e-aad6fd219d04,6aed9210-c500-4375-871c-c7bc09e450cc,30939,6aed9210-c500-4375-b0fc-3374c40b8591,TRANSFERIN,186.13,,2025-10-07T21:42:53Z,2025-10-07T22:19:14Z,c958be17-14d8-3fc0-995a-9b952974be91,710824005,,,1,2,,,1,20,Assessment of health and social care needs (procedure),0.00,30938,p,0.00,0.00,186.13,186.13,6aed9210-c500-4375-616e-61d7bab35d1a,,6aed9210-c500-4375-84cf-0e4b7d73cdd8,1,39b1cdc4-1ebb-35a1-bba7-2c9614175d2c,39b1cdc4-1ebb-35a1-bba7-2c9614175d2c
bd432619-501a-63a0-b875-c8674139d7aa,6aed9210-c500-4375-871c-c7bc09e450cc,30940,6aed9210-c500-4375-b0fc-3374c40b8591,PAYMENT,,CHECK,2025-10-07T21:42:53Z,2025-10-07T22:19:14Z,c958be17-14d8-3fc0-995a-9b952974be91,710824005,,,1,2,,,1,20,Assessment of health and social care needs (procedure),0.00,,,186.13,0.00,,0.00,6aed9210-c500-4375-616e-61d7bab35d1a,,6aed9210-c500-4375-84cf-0e4b7d73cdd8,1,39b1cdc4-1ebb-35a1-bba7-2c9614175d2c,39b1cdc4-1ebb-35a1-bba7-2c9614175d2c
f62c9865-4069-8e82-e2f7-219d04e75eaa,6aed9210-c500-4375-871c-c7bc09e450cc,30942,6aed9210-c500-4375-b0fc-3374c40b8591,CHARGE,0.00,,2025-10-07T22:19:14Z,2025-10-07T22:47:39Z,c958be17-14d8-3fc0-995a-9b952974be91,710841007,,,1,2,,,1,20,Assessment of anxiety (procedure),0.00,,1,0.00,0.00,,0.00,6aed9210-c500-4375-616e-61d7bab35d1a,,6aed9210-c500-4375-84cf-0e4b7d73cdd8,1,39b1cdc4-1ebb-35a1-bba7-2c9614175d2c,39b1cdc4-1ebb-35a1-bba7-2c9614175d2c
dc126195-01a6-3a0b-8f3c-8674139d7aab,6aed9210-c500-4375-871c-c7bc09e450cc,30944,6aed9210-c500-4375-b0fc-3374c40b8591,CHARGE,0.00,,2025-10-07T22:47:39Z,2025-10-07T22:57:55Z,c958be17-14d8-3fc0-995a-9b952974be91,171207006,,,1,2,,,1,20,Depression screening (procedure),0.00,,1,0.00,0.00,,0.00,6aed9210-c500-4375-616e-61d7bab35d1a,,6aed9210-c500-4375-84cf-0e4b7d73cdd8,1,39b1cdc4-1ebb-35a1-bba7-2c9614175d2c,39b1cdc4-1ebb-35a1-bba7-2c9614175d2c
82498654-0698-e82f-4ef2-19d04e75eaae,6aed9210-c500-4375-871c-c7bc09e450cc,30946,6aed9210-c500-4375-b0fc-3374c40b8591,CHARGE,0.00,,2025-10-07T22:57:55Z,2025-10-07T23:22:13Z,c958be17-14d8-3fc0-995a-9b952974be91,171207006,,,1,2,,,1,20,Depression screening (procedure),0.00,,1,0.00,0.00,,0.00,6aed9210-c500-4375-616e-61d7bab35d1a,,6aed9210-c500-4375-84cf-0e4b7d73cdd8,1,39b1cdc4-1ebb-35a1-bba7-2c9614175d2c,39b1cdc4-1ebb-35a1-bba7-2c9614175d2c
45261950-1a63-a0be-77c8-674139d7aab9,6aed9210-c500-4375-871c-c7bc09e450cc,30948,6aed9210-c500-4375-b0fc-3374c40b8591,CHARGE,0.00,,2025-10-07T23:22:13Z,2025-10-07T23:33:45Z,c958be17-14d8-3fc0-995a-9b952974be91,428211000124100,,,1,2,,,1,20,Assessment of substance use (procedure),0.00,,1,0,0.00,,0.00,6aed9210-c500-4375-616e-61d7bab35d1a,,6aed9210-c500-4375-84cf-0e4b7d73cdd8,1,39b1cdc4-1ebb-35a1-bba7-2c9614175d2c,39b1cdc4-1ebb-35a1-bba7-2c9614175d2c
a80d31d0-6099-430c-a09c-ebd55e229433,6aed9210-c500-4375-871c-c7bc09e450cc,30950,6aed9210-c500-4375-b0fc-3374c40b8591,CHARGE,0.00,,2025-10-07T23:33:45Z,2025-10-07T23:59:42Z,c958be17-14d8-3fc0-995a-9b952974be91,763302001,,,1,2,,,1,20,Assessment using Alcohol Use Disorders Identification Test - Consumption (procedure),0.00,,1,0.00,0.00,,0.00,6aed9210-c500-4375-616e-61d7bab35d1a,,6aed9210-c500-4375-84cf-0e4b7d73cdd8,1,39b1cdc4-1ebb-35a1-bba7-2c9614175d2c,39b1cdc4-1ebb-35a1-bba7-2c9614175d2c
a034c741-82f5-0c32-8273-af55791a50ce,6aed9210-c500-4375-871c-c7bc09e450cc,30952,6aed9210-c500-4375-b0fc-3374c40b8591,CHARGE,0.00,,2025-10-07T23:59:42Z,2025-10-08T00:09:02Z,c958be17-14d8-3fc0-995a-9b952974be91,103697008,,,1,2,,,1,20,Patient referral for dental care (procedure),0.00,,1,0.00,0.00,,0.00,6aed9210-c500-4375-616e-61d7bab35d1a,,6aed9210-c500-4375-84cf-0e4b7d73cdd8,1,39b1cdc4-1ebb-35a1-bba7-2c9614175d2c,39b1cdc4-1ebb-35a1-bba7-2c9614175d2c
b62d6bce-d58f-684d-a2f7-f5069a0d3875,6aed9210-c500-4375-073f-dc22d8dd6ac5,30954,6aed9210-c500-4375-b0fc-3374c40b8591,CHARGE,245.97,,2025-10-07T21:42:53Z,1970-01-01T00:00:00Z,c958be17-14d8-3fc0-995a-9b952974be91,206905,,,1,2,,,1,20,Ibuprofen 400 MG Oral Tablet [Ibu],245.97,,1,0.00,0.00,,0.00,6aed9210-c500-4375-616e-61d7bab35d1a,,6aed9210-c500-4375-84cf-0e4b7d73cdd8,1,39b1cdc4-1ebb-35a1-bba7-2c9614175d2c,39b1cdc4-1ebb-35a1-bba7-2c9614175d2c
6d8ad79d-ab1e-d09b-461f-ea0d341a70eb,6aed9210-c500-4375-073f-dc22d8dd6ac5,30955,6aed9210-c500-4375-b0fc-3374c40b8591,PAYMENT,,ECHECK,2025-10-07T21:42:53Z,1970-01-01T00:00:00Z,c958be17-14d8-3fc0-995a-9b952974be91,206905,,,1,2,,,1,20,Ibuprofen 400 MG Oral Tablet [Ibu],0.00,,,172.18,0.00,,73.79,6aed9210-c500-4375-616e-61d7bab35d1a,,6aed9210-c500-4375-84cf-0e4b7d73cdd8,1,39b1cdc4-1ebb-35a1-bba7-2c9614175d2c,39b1cdc4-1ebb-35a1-bba7-2c9614175d2c
dc15af3b-563d-a136-8f3f-d41a6834e1d6,6aed9210-c500-4375-073f-dc22d8dd6ac5,30956,6aed9210-c500-4375-b0fc-3374c40b8591,TRANSFEROUT,,,2025-10-07T21:42:53Z,1970-01-01T00:00:00Z,c958be17-14d8-3fc0-995a-9b952974be91,206905,,,1,2,,,1,20,Ibuprofen 400 MG Oral Tablet [Ibu],0.00,,,0.00,0.00,73.79,73.79,6aed9210-c500-4375-616e-61d7bab35d1a,,6aed9210-c500-4375-84cf-0e4b7d73cdd8,1,39b1cdc4-1ebb-35a1-bba7-2c9614175d2c,39b1cdc4-1ebb-35a1-bba7-2c9614175d2c
bf2b5e76-ac7b-426d-217f-a834d069c3ad,6aed9210-c500-4375-073f-dc22d8dd6ac5,30957,6aed9210-c500-4375-b0fc-3374c40b8591,TRANSFERIN,73.79,,2025-10-07T21:42:53Z,1970-01-01T00:00:00Z,c958be17-14d8-3fc0-995a-9b952974be91,206905,,,1,2,,,1,20,Ibuprofen 400 MG Oral Tablet [Ibu],0.00,30956,p,0.00,0.00,73.79,73.79,6aed9210-c500-4375-616e-61d7bab35d1a,,6aed9210-c500-4375-84cf-0e4b7d73cdd8,1,39b1cdc4-1ebb-35a1-bba7-2c9614175d2c,39b1cdc4-1ebb-35a1-bba7-2c9614175d2c
8256bced-58f6-84db-4eff-5069a0d3875a,6aed9210-c500-4375-073f-dc22d8dd6ac5,30958,6aed9210-c500-4375-b0fc-3374c40b8591,PAYMENT,,CHECK,2025-10-07T21:42:53Z,1970-01-01T00:00:00Z,c958be17-14d8-3fc0-995a-9b952974be91,206905,,,1,2,,,1,20,Ibuprofen 400 MG Oral Tablet [Ibu],0.00,,,73.79,0.00,,0.00,6aed9210-c500-4375-616e-61d7bab35d1a,,6aed9210-c500-4375-84cf-0e4b7d73cdd8,1,39b1cdc4-1ebb-35a1-bba7-2c9614175d2c,39b1cdc4-1ebb-35a1-bba7-2c9614175d2c
1ad501fe-b292-1888-e593-cea7460e62a5,6aed9210-c500-4375-7558-c08230954b02,30960,6aed9210-c500-4375-b0fc-3374c40b8591,CHARGE,83.05,,2025-10-21T21:42:53Z,2025-10-22T03:55:52Z,99204b0a-62e2-34dc-b3f6-290819949428,185349003,,,1,2,,,1,1,Encounter for check up (procedure),83.05,,1,0.00,0.00,,0.00,6aed9210-c500-4375-93f0-cd18f397a9bd,,6aed9210-c500-4375-84cf-0e4b7d73cdd8,1,5aabe8ce-ac28-3172-a0af-663137c7f5f5,5aabe8ce-ac28-3172-a0af-663137c7f5f5
35aa19fd-6524-3110-cb27-a34e8c1cc54b,6aed9210-c500-4375-7558-c08230954b02,30961,6aed9210-c500-4375-b0fc-3374c40b8591,PAYMENT,,ECHECK,2025-10-21T21:42:53Z,2025-10-22T03:55:52Z,99204b0a-62e2-34dc-b3f6-290819949428,185349003,,,1,2,,,1,1,Encounter for check up (procedure),0.00,,,58.14,0.00,,24.91,6aed9210-c500-4375-93f0-cd18f397a9bd,,6aed9210-c500-4375-84cf-0e4b7d73cdd8,1,5aabe8ce-ac28-3172-a0af-663137c7f5f5,5aabe8ce-ac28-3172-a0af-663137c7f5f5
6b5443fa-ca48-6220-964f-769d18398a97,6aed9210-c500-4375-7558-c08230954b02,30962,6aed9210-c500-4375-b0fc-3374c40b8591,TRANSFEROUT,,,2025-10-21T21:42:53Z,2025-10-22T03:55:52Z,99204b0a-62e2-34dc-b3f6-290819949428,185349003,,,1,2,,,1,1,Encounter for check up (procedure),0.00,,,0.00,0.00,24.91,24.91,6aed9210-c500-4375-93f0-cd18f397a9bd,,6aed9210-c500-4375-84cf-0e4b7d73cdd8,1,5aabe8ce-ac28-3172-a0af-663137c7f5f5,5aabe8ce-ac28-3172-a0af-663137c7f5f5
d6a8f7f5-9490-c440-2c9f-1d3a3073152f,6aed9210-c500-4375-7558-c08230954b02,30963,6aed9210-c500-4375-b0fc-3374c40b8591,TRANSFERIN,24.91,,2025-10-21T21:42:53Z,2025-10-22T03:55:52Z,99204b0a-62e2-34dc-b3f6-290819949428,185349003,,,1,2,,,1,1,Encounter for check up (procedure),0.00,30962,p,0.00,0.00,24.91,24.91,6aed9210-c500-4375-93f0-cd18f397a9bd,,6aed9210-c500-4375-84cf-0e4b7d73cdd8,1,5aabe8ce-ac28-3172-a0af-663137c7f5f5,5aabe8ce-ac28-3172-a0af-663137c7f5f5
ad522feb-2921-8881-593e-fa7460e62a5e,6aed9210-c500-4375-7558-c08230954b02,30964,6aed9210-c500-4375-b0fc-3374c40b8591,PAYMENT,,CHECK,2025-10-21T21:42:53Z,2025-10-22T03:55:52Z,99204b0a-62e2-34dc-b3f6-290819949428,185349003,,,1,2,,,1,1,Encounter for check up (procedure),0.00,,,24.91,0.00,,0.00,6aed9210-c500-4375-93f0-cd18f397a9bd,,6aed9210-c500-4375-84cf-0e4b7d73cdd8,1,5aabe8ce-ac28-3172-a0af-663137c7f5f5,5aabe8ce-ac28-3172-a0af-663137c7f5f5
b54defac-a486-2206-64ff-19d18398a979,6aed9210-c500-4375-7558-c08230954b02,30966,6aed9210-c500-4375-b0fc-3374c40b8591,CHARGE,620.44,,2025-10-21T21:42:53Z,2025-10-21T22:19:06Z,99204b0a-62e2-34dc-b3f6-290819949428,34043003,,,1,2,,,1,1,Dental consultation and report (procedure),620.44,,1,0.00,0.00,,0.00,6aed9210-c500-4375-93f0-cd18f397a9bd,,6aed9210-c500-4375-84cf-0e4b7d73cdd8,1,5aabe8ce-ac28-3172-a0af-663137c7f5f5,5aabe8ce-ac28-3172-a0af-663137c7f5f5
6a9edf59-490c-440d-ca01-33a3073152f2,6aed9210-c500-4375-7558-c08230954b02,30967,6aed9210-c500-4375-b0fc-3374c40b8591,PAYMENT,,ECHECK,2025-10-21T21:42:53Z,2025-10-21T22:19:06Z,99204b0a-62e2-34dc-b3f6-290819949428,34043003,,,1,2,,,1,1,Dental consultation and report (procedure),0.00,,,434.31,0.00,,186.13,6aed9210-c500-4375-93f0-cd18f397a9bd,,6aed9210-c500-4375-84cf-0e4b7d73cdd8,1,5aabe8ce-ac28-3172-a0af-663137c7f5f5,5aabe8ce-ac28-3172-a0af-663137c7f5f5
d541beb2-9218-881a-940e-67460e62a5e5,6aed9210-c500-4375-7558-c08230954b02,30968,6aed9210-c500-4375-b0fc-3374c40b8591,TRANSFEROUT,,,2025-10-21T21:42:53Z,2025-10-21T22:19:06Z,99204b0a-62e2-34dc-b3f6-290819949428,34043003,,,1,2,,,1,1,Dental consultation and report (procedure),0.00,,,0.00,0.00,186.13,186.13,6aed9210-c500-4375-93f0-cd18f397a9bd,,6aed9210-c500-4375-84cf-0e4b7d73cdd8,1,5aabe8ce-ac28-3172-a0af-663137c7f5f5,5aabe8ce-ac28-3172-a0af-663137c7f5f5
aa997d65-2431-1035-2822-ce8c1cc54bcb,6aed9210-c500-4375-7558-c08230954b02,30969,6aed9210-c500-4375-b0fc-3374c40b8591,TRANSFERIN,186.13,,2025-10-21T21:42:53Z,2025-10-21T22:19:06Z,99204b0a-62e2-34dc-b3f6-290819949428,34043003,,,1,2,,,1,1,Dental consultation and report (procedure),0.00,30968,p,0.00,0.00,186.13,186.13,6aed9210-c500-4375-93f0-cd18f397a9bd,,6aed9210-c500-4375-84cf-0e4b7d73cdd8,1,5aabe8ce-ac28-3172-a0af-663137c7f5f5,5aabe8ce-ac28-3172-a0af-663137c7f5f5
59490c44-0d6a-fef7-a307-3152f2ca614b,6aed9210-c500-4375-7558-c08230954b02,30970,6aed9210-c500-4375-b0fc-3374c40b8591,PAYMENT,,CHECK,2025-10-21T21:42:53Z,2025-10-21T22:19:06Z,99204b0a-62e2-34dc-b3f6-290819949428,34043003,,,1,2,,,1,1,Dental consultation and report (procedure),0.00,,,186.13,0.00,,0.00,6aed9210-c500-4375-93f0-cd18f397a9bd,,6aed9210-c500-4375-84cf-0e4b7d73cdd8,1,5aabe8ce-ac28-3172-a0af-663137c7f5f5,5aabe8ce-ac28-3172-a0af-663137c7f5f5
65243110-35ac-19dd-8c1c-c54bcb29a32e,6aed9210-c500-4375-7558-c08230954b02,30972,6aed9210-c500-4375-b0fc-3374c40b8591,CHARGE,620.44,,2025-10-21T22:19:06Z,2025-10-21T22:56:28Z,99204b0a-62e2-34dc-b3f6-290819949428,225362009,,,1,2,,,1,1,Dental care (regime/therapy),620.44,,1,0.00,0.00,,0.00,6aed9210-c500-4375-93f0-cd18f397a9bd,,6aed9210-c500-4375-84cf-0e4b7d73cdd8,1,5aabe8ce-ac28-3172-a0af-663137c7f5f5,5aabe8ce-ac28-3172-a0af-663137c7f5f5
ca486220-6b58-43ba-1839-8a979653765d,6aed9210-c500-4375-7558-c08230954b02,30973,6aed9210-c500-4375-b0fc-3374c40b8591,PAYMENT,,ECHECK,2025-10-21T22:19:06Z,2025-10-21T22:56:28Z,99204b0a-62e2-34dc-b3f6-290819949428,225362009,,,1,2,,,1,1,Dental care (regime/therapy),0.00,,,434.31,0.00,,186.13,6aed9210-c500-4375-93f0-cd18f397a9bd,,6aed9210-c500-4375-84cf-0e4b7d73cdd8,1,5aabe8ce-ac28-3172-a0af-663137c7f5f5,5aabe8ce-ac28-3172-a0af-663137c7f5f5
9490c440-d6b0-f775-3073-152f2ca71cba,6aed9210-c500-4375-7558-c08230954b02,30974,6aed9210-c500-4375-b0fc-3374c40b8591,TRANSFEROUT,,,2025-10-21T22:19:06Z,2025-10-21T22:56:28Z,99204b0a-62e2-34dc-b3f6-290819949428,225362009,,,1,2,,,1,1,Dental care (regime/therapy),0.00,,,0.00,0.00,186.13,186.13,6aed9210-c500-4375-93f0-cd18f397a9bd,,6aed9210-c500-4375-84cf-0e4b7d73cdd8,1,5aabe8ce-ac28-3172-a0af-663137c7f5f5,5aabe8ce-ac28-3172-a0af-663137c7f5f5
29218881-ad62-2eeb-60e6-2a5e594ef974,6aed9210-c500-4375-7558-c08230954b02,30975,6aed9210-c500-4375-b0fc-3374c40b8591,TRANSFERIN,186.13,,2025-10-21T22:19:06Z,2025-10-21T22:56:28Z,99204b0a-62e2-34dc-b3f6-290819949428,225362009,,,1,2,,,1,1,Dental care (regime/therapy),0.00,30974,p,0.00,0.00,186.13,186.13,6aed9210-c500-4375-93f0-cd18f397a9bd,,6aed9210-c500-4375-84cf-0e4b7d73cdd8,1,5aabe8ce-ac28-3172-a0af-663137c7f5f5,5aabe8ce-ac28-3172-a0af-663137c7f5f5
52431103-5ac5-75d6-c1cc-54bcb29e0ae8,6aed9210-c500-4375-7558-c08230954b02,30976,6aed9210-c500-4375-b0fc-3374c40b8591,PAYMENT,,CHECK,2025-10-21T22:19:06Z,2025-10-21T22:56:28Z,99204b0a-62e2-34dc-b3f6-290819949428,225362009,,,1,2,,,1,1,Dental care (regime/therapy),0.00,,,186.13,0.00,,0.00,6aed9210-c500-4375-93f0-cd18f397a9bd,,6aed9210-c500-4375-84cf-0e4b7d73cdd8,1,5aabe8ce-ac28-3172-a0af-663137c7f5f5,5aabe8ce-ac28-3172-a0af-663137c7f5f5
490c440d-6b1e-d759-0731-52f2ca812ba3,6aed9210-c500-4375-7558-c08230954b02,30978,6aed9210-c500-4375-b0fc-3374c40b8591,CHARGE,620.44,,2025-10-21T22:56:28Z,2025-10-21T23:10:23Z,99204b0a-62e2-34dc-b3f6-290819949428,1260009003,,,1,2,,,1,1,Removal of supragingival plaque and calculus from all teeth using dental instrument (procedure),620.44,,1,0.00,0.00,,0.00,6aed9210-c500-4375-93f0-cd18f397a9bd,,6aed9210-c500-4375-84cf-0e4b7d73cdd8,1,5aabe8ce-ac28-3172-a0af-663137c7f5f5,5aabe8ce-ac28-3172-a0af-663137c7f5f5
9218881a-d641-aeb2-0e62-a5e5950e5746,6aed9210-c500-4375-7558-c08230954b02,30979,6aed9210-c500-4375-b0fc-3374c40b8591,PAYMENT,,ECHECK,2025-10-21T22:56:28Z,2025-10-21T23:10:23Z,99204b0a-62e2-34dc-b3f6-290819949428,1260009003,,,1,2,,,1,1,Removal of supragingival plaque and calculus from all teeth using dental instrument (procedure),0.00,,,434.31,0.00,,186.13,6aed9210-c500-4375-93f0-cd18f397a9bd,,6aed9210-c500-4375-84cf-0e4b7d73cdd8,1,5aabe8ce-ac28-3172-a0af-663137c7f5f5,5aabe8ce-ac28-3172-a0af-663137c7f5f5
06b5bc03-aca4-8622-7965-6f2dd18398a9,6aed9210-c500-4375-7558-c08230954b02,30980,6aed9210-c500-4375-b0fc-3374c40b8591,TRANSFEROUT,,,2025-10-21T22:56:28Z,2025-10-21T23:10:23Z,99204b0a-62e2-34dc-b3f6-290819949428,1260009003,,,1,2,,,1,1,Removal of supragingival plaque and calculus from all teeth using dental instrument (procedure),0.00,,,0.00,0.00,186.13,186.13,6aed9210-c500-4375-93f0-cd18f397a9bd,,6aed9210-c500-4375-84cf-0e4b7d73cdd8,1,5aabe8ce-ac28-3172-a0af-663137c7f5f5,5aabe8ce-ac28-3172-a0af-663137c7f5f5
0d6b7f07-5949-0c44-f2ca-e15ba3073152,6aed9210-c500-4375-7558-c08230954b02,30981,6aed9210-c500-4375-b0fc-3374c40b8591,TRANSFERIN,186.13,,2025-10-21T22:56:28Z,2025-10-21T23:10:23Z,99204b0a-62e2-34dc-b3f6-290819949428,1260009003,,,1,2,,,1,1,Removal of supragingival plaque and calculus from all teeth using dental instrument (procedure),0.00,30980,p,0.00,0.00,186.13,186.13,6aed9210-c500-4375-93f0-cd18f397a9bd,,6aed9210-c500-4375-84cf-0e4b7d73cdd8,1,5aabe8ce-ac28-3172-a0af-663137c7f5f5,5aabe8ce-ac28-3172-a0af-663137c7f5f5
1ad7020e-b292-1888-e595-ceb7460e62a5,6aed9210-c500-4375-7558-c08230954b02,30982,6aed9210-c500-4375-b0fc-3374c40b8591,PAYMENT,,CHECK,2025-10-21T22:56:28Z,2025-10-21T23:10:23Z,99204b0a-62e2-34dc-b3f6-290819949428,1260009003,,,1,2,,,1,1,Removal of supragingival plaque and calculus from all teeth using dental instrument (procedure),0.00,,,186.13,0.00,,0.00,6aed9210-c500-4375-93f0-cd18f397a9bd,,6aed9210-c500-4375-84cf-0e4b7d73cdd8,1,5aabe8ce-ac28-3172-a0af-663137c7f5f5,5aabe8ce-ac28-3172-a0af-663137c7f5f5
6b5c443a-ca48-6220-9657-76dd18398a97,6aed9210-c500-4375-7558-c08230954b02,30984,6aed9210-c500-4375-b0fc-3374c40b8591,CHARGE,620.44,,2025-10-21T23:10:23Z,2025-10-21T23:44:09Z,99204b0a-62e2-34dc-b3f6-290819949428,1260010008,,,1,2,,,1,1,Removal of subgingival plaque and calculus from all teeth using dental instrument (procedure),620.44,,1,0.00,0.00,,0.00,6aed9210-c500-4375-93f0-cd18f397a9bd,,6aed9210-c500-4375-84cf-0e4b7d73cdd8,1,5aabe8ce-ac28-3172-a0af-663137c7f5f5,5aabe8ce-ac28-3172-a0af-663137c7f5f5
d6b8f875-9490-c440-2caf-1dba3073152f,6aed9210-c500-4375-7558-c08230954b02,30985,6aed9210-c500-4375-b0fc-3374c40b8591,PAYMENT,,ECHECK,2025-10-21T23:10:23Z,2025-10-21T23:44:09Z,99204b0a-62e2-34dc-b3f6-290819949428,1260010008,,,1,2,,,1,1,Removal of subgingival plaque and calculus from all teeth using dental instrument (procedure),0.00,,,434.31,0.00,,186.13,6aed9210-c500-4375-93f0-cd18f397a9bd,,6aed9210-c500-4375-84cf-0e4b7d73cdd8,1,5aabe8ce-ac28-3172-a0af-663137c7f5f5,5aabe8ce-ac28-3172-a0af-663137c7f5f5
ad7230eb-2921-8881-595e-fb7460e62a5e,6aed9210-c500-4375-7558-c08230954b02,30986,6aed9210-c500-4375-b0fc-3374c40b8591,TRANSFEROUT,,,2025-10-21T23:10:23Z,2025-10-21T23:44:09Z,99204b0a-62e2-34dc-b3f6-290819949428,1260010008,,,1,2,,,1,1,Removal of subgingival plaque and calculus from all teeth using dental instrument (procedure),0.00,,,0.00,0.00,186.13,186.13,6aed9210-c500-4375-93f0-cd18f397a9bd,,6aed9210-c500-4375-84cf-0e4b7d73cdd8,1,5aabe8ce-ac28-3172-a0af-663137c7f5f5,5aabe8ce-ac28-3172-a0af-663137c7f5f5
5ae579d6-5243-1103-b2be-0ee8c1cc54bc,6aed9210-c500-4375-7558-c08230954b02,30987,6aed9210-c500-4375-b0fc-3374c40b8591,TRANSFERIN,186.13,,2025-10-21T23:10:23Z,2025-10-21T23:44:09Z,99204b0a-62e2-34dc-b3f6-290819949428,1260010008,,,1,2,,,1,1,Removal of subgingival plaque and calculus from all teeth using dental instrument (procedure),0.00,30986,p,0.00,0.00,186.13,186.13,6aed9210-c500-4375-93f0-cd18f397a9bd,,6aed9210-c500-4375-84cf-0e4b7d73cdd8,1,5aabe8ce-ac28-3172-a0af-663137c7f5f5,5aabe8ce-ac28-3172-a0af-663137c7f5f5
b5cdf3ac-a486-2206-657f-1dd18398a979,6aed9210-c500-4375-7558-c08230954b02,30988,6aed9210-c500-4375-b0fc-3374c40b8591,PAYMENT,,CHECK,2025-10-21T23:10:23Z,2025-10-21T23:44:09Z,99204b0a-62e2-34dc-b3f6-290819949428,1260010008,,,1,2,,,1,1,Removal of subgingival plaque and calculus from all teeth using dental instrument (procedure),0.00,,,186.13,0.00,,0.00,6aed9210-c500-4375-93f0-cd18f397a9bd,,6aed9210-c500-4375-84cf-0e4b7d73cdd8,1,5aabe8ce-ac28-3172-a0af-663137c7f5f5,5aabe8ce-ac28-3172-a0af-663137c7f5f5
d6524311-035a-fd7c-e8c1-cc54bcb2d611,6aed9210-c500-4375-7558-c08230954b02,30990,6aed9210-c500-4375-b0fc-3374c40b8591,CHARGE,620.44,,2025-10-21T23:44:09Z,2025-10-22T00:22:08Z,99204b0a-62e2-34dc-b3f6-290819949428,274788003,,,1,2,,,1,1,Examination of gingivae (procedure),620.44,,1,0.00,0.00,,0.00,6aed9210-c500-4375-93f0-cd18f397a9bd,,6aed9210-c500-4375-84cf-0e4b7d73cdd8,1,5aabe8ce-ac28-3172-a0af-663137c7f5f5,5aabe8ce-ac28-3172-a0af-663137c7f5f5
aca48622-06b5-fdf9-d183-98a97965af23,6aed9210-c500-4375-7558-c08230954b02,30991,6aed9210-c500-4375-b0fc-3374c40b8591,PAYMENT,,ECHECK,2025-10-21T23:44:09Z,2025-10-22T00:22:08Z,99204b0a-62e2-34dc-b3f6-290819949428,274788003,,,1,2,,,1,1,Examination of gingivae (procedure),0.00,,,434.31,0.00,,186.13,6aed9210-c500-4375-93f0-cd18f397a9bd,,6aed9210-c500-4375-84cf-0e4b7d73cdd8,1,5aabe8ce-ac28-3172-a0af-663137c7f5f5,5aabe8ce-ac28-3172-a0af-663137c7f5f5
59490c44-0d6b-fef3-a307-3152f2cb6147,6aed9210-c500-4375-7558-c08230954b02,30992,6aed9210-c500-4375-b0fc-3374c40b8591,TRANSFEROUT,,,2025-10-21T23:44:09Z,2025-10-22T00:22:08Z,99204b0a-62e2-34dc-b3f6-290819949428,274788003,,,1,2,,,1,1,Examination of gingivae (procedure),0.00,,,0.00,0.00,186.13,186.13,6aed9210-c500-4375-93f0-cd18f397a9bd,,6aed9210-c500-4375-84cf-0e4b7d73cdd8,1,5aabe8ce-ac28-3172-a0af-663137c7f5f5,5aabe8ce-ac28-3172-a0af-663137c7f5f5
b2921888-1ad8-01e6-460e-62a5e596ce8f,6aed9210-c500-4375-7558-c08230954b02,30993,6aed9210-c500-4375-b0fc-3374c40b8591,TRANSFERIN,186.13,,2025-10-21T23:44:09Z,2025-10-22T00:22:08Z,99204b0a-62e2-34dc-b3f6-290819949428,274788003,,,1,2,,,1,1,Examination of gingivae (procedure),0.00,30992,p,0.00,0.00,186.13,186.13,6aed9210-c500-4375-93f0-cd18f397a9bd,,6aed9210-c500-4375-84cf-0e4b7d73cdd8,1,5aabe8ce-ac28-3172-a0af-663137c7f5f5,5aabe8ce-ac28-3172-a0af-663137c7f5f5
65243110-35b0-19cd-8c1c-c54bcb2da31e,6aed9210-c500-4375-7558-c08230954b02,30994,6aed9210-c500-4375-b0fc-3374c40b8591,PAYMENT,,CHECK,2025-10-21T23:44:09Z,2025-10-22T00:22:08Z,99204b0a-62e2-34dc-b3f6-290819949428,274788003,,,1,2,,,1,1,Examination of gingivae (procedure),0.00,,,186.13,0.00,,0.00,6aed9210-c500-4375-93f0-cd18f397a9bd,,6aed9210-c500-4375-84cf-0e4b7d73cdd8,1,5aabe8ce-ac28-3172-a0af-663137c7f5f5,5aabe8ce-ac28-3172-a0af-663137c7f5f5
9490c440-d6c0-f735-3073-152f2cb71c7a,6aed9210-c500-4375-7558-c08230954b02,30996,6aed9210-c500-4375-b0fc-3374c40b8591,CHARGE,620.44,,2025-10-22T00:22:08Z,2025-10-22T00:33:11Z,99204b0a-62e2-34dc-b3f6-290819949428,81733005,,,1,2,,,1,1,Dental surgical procedure (procedure),620.44,,1,0.00,0.00,,0.00,6aed9210-c500-4375-93f0-cd18f397a9bd,,6aed9210-c500-4375-84cf-0e4b7d73cdd8,1,5aabe8ce-ac28-3172-a0af-663137c7f5f5,5aabe8ce-ac28-3172-a0af-663137c7f5f5
29218881-ad82-2e6b-60e6-2a5e596ef8f4,6aed9210-c500-4375-7558-c08230954b02,30997,6aed9210-c500-4375-b0fc-3374c40b8591,PAYMENT,,ECHECK,2025-10-22T00:22:08Z,2025-10-22T00:33:11Z,99204b0a-62e2-34dc-b3f6-290819949428,81733005,,,1,2,,,1,1,Dental surgical procedure (procedure),0.00,,,434.31,0.00,,186.13,6aed9210-c500-4375-93f0-cd18f397a9bd,,6aed9210-c500-4375-84cf-0e4b7d73cdd8,1,5aabe8ce-ac28-3172-a0af-663137c7f5f5,5aabe8ce-ac28-3172-a0af-663137c7f5f5
52431103-5b05-74d6-c1cc-54bcb2de09e8,6aed9210-c500-4375-7558-c08230954b02,30998,6aed9210-c500-4375-b0fc-3374c40b8591,TRANSFEROUT,,,2025-10-22T00:22:08Z,2025-10-22T00:33:11Z,99204b0a-62e2-34dc-b3f6-290819949428,81733005,,,1,2,,,1,1,Dental surgical procedure (procedure),0.00,,,0.00,0.00,186.13,186.13,6aed9210-c500-4375-93f0-cd18f397a9bd,,6aed9210-c500-4375-84cf-0e4b7d73cdd8,1,5aabe8ce-ac28-3172-a0af-663137c7f5f5,5aabe8ce-ac28-3172-a0af-663137c7f5f5
a4862206-b60d-e9ac-8398-a97965bf13d1,6aed9210-c500-4375-7558-c08230954b02,30999,6aed9210-c500-4375-b0fc-3374c40b8591,TRANSFERIN,186.13,,2025-10-22T00:22:08Z,2025-10-22T00:33:11Z,99204b0a-62e2-34dc-b3f6-290819949428,81733005,,,1,2,,,1,1,Dental surgical procedure (procedure),0.00,30998,p,0.00,0.00,186.13,186.13,6aed9210-c500-4375-93f0-cd18f397a9bd,,6aed9210-c500-4375-84cf-0e4b7d73cdd8,1,5aabe8ce-ac28-3172-a0af-663137c7f5f5,5aabe8ce-ac28-3172-a0af-663137c7f5f5
c2292188-81d6-3e25-4b60-e62a5e822af0,6aed9210-c500-4375-7558-c08230954b02,31000,6aed9210-c500-4375-b0fc-3374c40b8591,PAYMENT,,CHECK,2025-10-22T00:22:08Z,2025-10-22T00:33:11Z,99204b0a-62e2-34dc-b3f6-290819949428,81733005,,,1,2,,,1,1,Dental surgical procedure (procedure),0.00,,,186.13,0.00,,0.00,6aed9210-c500-4375-93f0-cd18f397a9bd,,6aed9210-c500-4375-84cf-0e4b7d73cdd8,1,5aabe8ce-ac28-3172-a0af-663137c7f5f5,5aabe8ce-ac28-3172-a0af-663137c7f5f5
08a48622-0758-fdf7-2d83-98a97a08af21,6aed9210-c500-4375-7558-c08230954b02,31002,6aed9210-c500-4375-b0fc-3374c40b8591,CHARGE,620.44,,2025-10-22T00:33:11Z,2025-10-22T01:54:16Z,99204b0a-62e2-34dc-b3f6-290819949428,3802001,,,1,2,,,1,1,Dental application of desensitizing medicament (procedure),620.44,,1,0.00,0.00,,0.00,6aed9210-c500-4375-93f0-cd18f397a9bd,,6aed9210-c500-4375-84cf-0e4b7d73cdd8,1,5aabe8ce-ac28-3172-a0af-663137c7f5f5,5aabe8ce-ac28-3172-a0af-663137c7f5f5
11490c44-0eb1-feee-5b07-3152f4116142,6aed9210-c500-4375-7558-c08230954b02,31003,6aed9210-c500-4375-b0fc-3374c40b8591,PAYMENT,,ECHECK,2025-10-22T00:33:11Z,2025-10-22T01:54:16Z,99204b0a-62e2-34dc-b3f6-290819949428,3802001,,,1,2,,,1,1,Dental application of desensitizing medicament (procedure),0.00,,,434.31,0.00,,186.13,6aed9210-c500-4375-93f0-cd18f397a9bd,,6aed9210-c500-4375-84cf-0e4b7d73cdd8,1,5aabe8ce-ac28-3172-a0af-663137c7f5f5,5aabe8ce-ac28-3172-a0af-663137c7f5f5
22921888-1d64-01dc-b60e-62a5e822ce84,6aed9210-c500-4375-7558-c08230954b02,31004,6aed9210-c500-4375-b0fc-3374c40b8591,TRANSFEROUT,,,2025-10-22T00:33:11Z,2025-10-22T01:54:16Z,99204b0a-62e2-34dc-b3f6-290819949428,3802001,,,1,2,,,1,1,Dental application of desensitizing medicament (procedure),0.00,,,0.00,0.00,186.13,186.13,6aed9210-c500-4375-93f0-cd18f397a9bd,,6aed9210-c500-4375-84cf-0e4b7d73cdd8,1,5aabe8ce-ac28-3172-a0af-663137c7f5f5,5aabe8ce-ac28-3172-a0af-663137c7f5f5
45243110-3ac8-19b8-6c1c-c54bd045a309,6aed9210-c500-4375-7558-c08230954b02,31005,6aed9210-c500-4375-b0fc-3374c40b8591,TRANSFERIN,186.13,,2025-10-22T00:33:11Z,2025-10-22T01:54:16Z,99204b0a-62e2-34dc-b3f6-290819949428,3802001,,,1,2,,,1,1,Dental application of desensitizing medicament (procedure),0.00,31004,p,0.00,0.00,186.13,186.13,6aed9210-c500-4375-93f0-cd18f397a9bd,,6aed9210-c500-4375-84cf-0e4b7d73cdd8,1,5aabe8ce-ac28-3172-a0af-663137c7f5f5,5aabe8ce-ac28-3172-a0af-663137c7f5f5
8a486220-7590-4370-d839-8a97a08b7612,6aed9210-c500-4375-7558-c08230954b02,31006,6aed9210-c500-4375-b0fc-3374c40b8591,PAYMENT,,CHECK,2025-10-22T00:33:11Z,2025-10-22T01:54:16Z,99204b0a-62e2-34dc-b3f6-290819949428,3802001,,,1,2,,,1,1,Dental application of desensitizing medicament (procedure),0.00,,,186.13,0.00,,0.00,6aed9210-c500-4375-93f0-cd18f397a9bd,,6aed9210-c500-4375-84cf-0e4b7d73cdd8,1,5aabe8ce-ac28-3172-a0af-663137c7f5f5,5aabe8ce-ac28-3172-a0af-663137c7f5f5
29218881-d642-2dc2-60e6-2a5e822ef84b,6aed9210-c500-4375-7558-c08230954b02,31008,6aed9210-c500-4375-b0fc-3374c40b8591,CHARGE,620.44,,2025-10-22T01:54:16Z,2025-10-22T02:24:39Z,99204b0a-62e2-34dc-b3f6-290819949428,64544008,,,1,2,,,1,1,Gingivectomy or gingivoplasty  per tooth (procedure),620.44,,1,0.00,0.00,,0.00,6aed9210-c500-4375-93f0-cd18f397a9bd,,6aed9210-c500-4375-84cf-0e4b7d73cdd8,1,5aabe8ce-ac28-3172-a0af-663137c7f5f5,5aabe8ce-ac28-3172-a0af-663137c7f5f5
52431103-ac85-7384-c1cc-54bd045e0896,6aed9210-c500-4375-7558-c08230954b02,31009,6aed9210-c500-4375-b0fc-3374c40b8591,PAYMENT,,ECHECK,2025-10-22T01:54:16Z,2025-10-22T02:24:39Z,99204b0a-62e2-34dc-b3f6-290819949428,64544008,,,1,2,,,1,1,Gingivectomy or gingivoplasty  per tooth (procedure),0.00,,,434.31,0.00,,186.13,6aed9210-c500-4375-93f0-cd18f397a9bd,,6aed9210-c500-4375-84cf-0e4b7d73cdd8,1,5aabe8ce-ac28-3172-a0af-663137c7f5f5,5aabe8ce-ac28-3172-a0af-663137c7f5f5
40eb26f3-e114-90c4-2f41-1d1925b07315,6aed9210-c500-4375-7558-c08230954b02,31010,6aed9210-c500-4375-b0fc-3374c40b8591,TRANSFEROUT,,,2025-10-22T01:54:16Z,2025-10-22T02:24:39Z,99204b0a-62e2-34dc-b3f6-290819949428,64544008,,,1,2,,,1,1,Gingivectomy or gingivoplasty  per tooth (procedure),0.00,,,0.00,0.00,186.13,186.13,6aed9210-c500-4375-93f0-cd18f397a9bd,,6aed9210-c500-4375-84cf-0e4b7d73cdd8,1,5aabe8ce-ac28-3172-a0af-663137c7f5f5,5aabe8ce-ac28-3172-a0af-663137c7f5f5
81d64e27-c229-2188-5e82-3af24b60e62a,6aed9210-c500-4375-7558-c08230954b02,31011,6aed9210-c500-4375-b0fc-3374c40b8591,TRANSFERIN,186.13,,2025-10-22T01:54:16Z,2025-10-22T02:24:39Z,99204b0a-62e2-34dc-b3f6-290819949428,64544008,,,1,2,,,1,1,Gingivectomy or gingivoplasty  per tooth (procedure),0.00,31010,p,0.00,0.00,186.13,186.13,6aed9210-c500-4375-93f0-cd18f397a9bd,,6aed9210-c500-4375-84cf-0e4b7d73cdd8,1,5aabe8ce-ac28-3172-a0af-663137c7f5f5,5aabe8ce-ac28-3172-a0af-663137c7f5f5
03ac9d7f-8452-4311-bd04-761496c1cc54,6aed9210-c500-4375-7558-c08230954b02,31012,6aed9210-c500-4375-b0fc-3374c40b8591,PAYMENT,,CHECK,2025-10-22T01:54:16Z,2025-10-22T02:24:39Z,99204b0a-62e2-34dc-b3f6-290819949428,64544008,,,1,2,,,1,1,Gingivectomy or gingivoplasty  per tooth (procedure),0.00,,,186.13,0.00,,0.00,6aed9210-c500-4375-93f0-cd18f397a9bd,,6aed9210-c500-4375-84cf-0e4b7d73cdd8,1,5aabe8ce-ac28-3172-a0af-663137c7f5f5,5aabe8ce-ac28-3172-a0af-663137c7f5f5
0eb27efe-1149-0c44-f411-e1525b073152,6aed9210-c500-4375-7558-c08230954b02,31014,6aed9210-c500-4375-b0fc-3374c40b8591,CHARGE,620.44,,2025-10-22T02:24:39Z,2025-10-22T03:08:22Z,99204b0a-62e2-34dc-b3f6-290819949428,456191000124101,,,1,2,,,1,1,Postoperative care for dental procedure (regime/therapy),620.44,,1,0.00,0.00,,0.00,6aed9210-c500-4375-93f0-cd18f397a9bd,,6aed9210-c500-4375-84cf-0e4b7d73cdd8,1,5aabe8ce-ac28-3172-a0af-663137c7f5f5,5aabe8ce-ac28-3172-a0af-663137c7f5f5
1d6501fc-2292-1888-e823-cea4b60e62a5,6aed9210-c500-4375-7558-c08230954b02,31015,6aed9210-c500-4375-b0fc-3374c40b8591,PAYMENT,,ECHECK,2025-10-22T02:24:39Z,2025-10-22T03:08:22Z,99204b0a-62e2-34dc-b3f6-290819949428,456191000124101,,,1,2,,,1,1,Postoperative care for dental procedure (regime/therapy),0.00,,,434.31,0.00,,186.13,6aed9210-c500-4375-93f0-cd18f397a9bd,,6aed9210-c500-4375-84cf-0e4b7d73cdd8,1,5aabe8ce-ac28-3172-a0af-663137c7f5f5,5aabe8ce-ac28-3172-a0af-663137c7f5f5
3aca19f8-4524-3110-d047-a3496c1cc54b,6aed9210-c500-4375-7558-c08230954b02,31016,6aed9210-c500-4375-b0fc-3374c40b8591,TRANSFEROUT,,,2025-10-22T02:24:39Z,2025-10-22T03:08:22Z,99204b0a-62e2-34dc-b3f6-290819949428,456191000124101,,,1,2,,,1,1,Postoperative care for dental procedure (regime/therapy),0.00,,,0.00,0.00,186.13,186.13,6aed9210-c500-4375-93f0-cd18f397a9bd,,6aed9210-c500-4375-84cf-0e4b7d73cdd8,1,5aabe8ce-ac28-3172-a0af-663137c7f5f5,5aabe8ce-ac28-3172-a0af-663137c7f5f5
759443f0-8a48-6220-a08f-7692d8398a97,6aed9210-c500-4375-7558-c08230954b02,31017,6aed9210-c500-4375-b0fc-3374c40b8591,TRANSFERIN,186.13,,2025-10-22T02:24:39Z,2025-10-22T03:08:22Z,99204b0a-62e2-34dc-b3f6-290819949428,456191000124101,,,1,2,,,1,1,Postoperative care for dental procedure (regime/therapy),0.00,31016,p,0.00,0.00,186.13,186.13,6aed9210-c500-4375-93f0-cd18f397a9bd,,6aed9210-c500-4375-84cf-0e4b7d73cdd8,1,5aabe8ce-ac28-3172-a0af-663137c7f5f5,5aabe8ce-ac28-3172-a0af-663137c7f5f5
eb28f7e1-1490-c440-411f-1d25b073152f,6aed9210-c500-4375-7558-c08230954b02,31018,6aed9210-c500-4375-b0fc-3374c40b8591,PAYMENT,,CHECK,2025-10-22T02:24:39Z,2025-10-22T03:08:22Z,99204b0a-62e2-34dc-b3f6-290819949428,456191000124101,,,1,2,,,1,1,Postoperative care for dental procedure (regime/therapy),0.00,,,186.13,0.00,,0.00,6aed9210-c500-4375-93f0-cd18f397a9bd,,6aed9210-c500-4375-84cf-0e4b7d73cdd8,1,5aabe8ce-ac28-3172-a0af-663137c7f5f5,5aabe8ce-ac28-3172-a0af-663137c7f5f5
b08a4862-2075-9741-52d8-398a97a09274,6aed9210-c500-4375-7558-c08230954b02,31020,6aed9210-c500-4375-b0fc-3374c40b8591,CHARGE,620.44,,2025-10-22T03:08:22Z,2025-10-22T03:38:16Z,99204b0a-62e2-34dc-b3f6-290819949428,68071007,,,1,2,,,1,1,Dental fluoride treatment (procedure),620.44,,1,0.00,0.00,,0.00,6aed9210-c500-4375-93f0-cd18f397a9bd,,6aed9210-c500-4375-84cf-0e4b7d73cdd8,1,5aabe8ce-ac28-3172-a0af-663137c7f5f5,5aabe8ce-ac28-3172-a0af-663137c7f5f5
611490c4-40eb-2ef3-a5b0-73152f412518,6aed9210-c500-4375-7558-c08230954b02,31021,6aed9210-c500-4375-b0fc-3374c40b8591,PAYMENT,,ECHECK,2025-10-22T03:08:22Z,2025-10-22T03:38:16Z,99204b0a-62e2-34dc-b3f6-290819949428,68071007,,,1,2,,,1,1,Dental fluoride treatment (procedure),0.00,,,434.31,0.00,,186.13,6aed9210-c500-4375-93f0-cd18f397a9bd,,6aed9210-c500-4375-84cf-0e4b7d73cdd8,1,5aabe8ce-ac28-3172-a0af-663137c7f5f5,5aabe8ce-ac28-3172-a0af-663137c7f5f5
c2292188-81d6-5e26-4b60-e62a5e824af1,6aed9210-c500-4375-7558-c08230954b02,31022,6aed9210-c500-4375-b0fc-3374c40b8591,TRANSFEROUT,,,2025-10-22T03:08:22Z,2025-10-22T03:38:16Z,99204b0a-62e2-34dc-b3f6-290819949428,68071007,,,1,2,,,1,1,Dental fluoride treatment (procedure),0.00,,,0.00,0.00,186.13,186.13,6aed9210-c500-4375-93f0-cd18f397a9bd,,6aed9210-c500-4375-84cf-0e4b7d73cdd8,1,5aabe8ce-ac28-3172-a0af-663137c7f5f5,5aabe8ce-ac28-3172-a0af-663137c7f5f5
84524311-03ac-bd7d-96c1-cc54bd049612,6aed9210-c500-4375-7558-c08230954b02,31023,6aed9210-c500-4375-b0fc-3374c40b8591,TRANSFERIN,186.13,,2025-10-22T03:08:22Z,2025-10-22T03:38:16Z,99204b0a-62e2-34dc-b3f6-290819949428,68071007,,,1,2,,,1,1,Dental fluoride treatment (procedure),0.00,31022,p,0.00,0.00,186.13,186.13,6aed9210-c500-4375-93f0-cd18f397a9bd,,6aed9210-c500-4375-84cf-0e4b7d73cdd8,1,5aabe8ce-ac28-3172-a0af-663137c7f5f5,5aabe8ce-ac28-3172-a0af-663137c7f5f5
08a48622-0759-7dfb-2d83-98a97a092f25,6aed9210-c500-4375-7558-c08230954b02,31024,6aed9210-c500-4375-b0fc-3374c40b8591,PAYMENT,,CHECK,2025-10-22T03:08:22Z,2025-10-22T03:38:16Z,99204b0a-62e2-34dc-b3f6-290819949428,68071007,,,1,2,,,1,1,Dental fluoride treatment (procedure),0.00,,,186.13,0.00,,0.00,6aed9210-c500-4375-93f0-cd18f397a9bd,,6aed9210-c500-4375-84cf-0e4b7d73cdd8,1,5aabe8ce-ac28-3172-a0af-663137c7f5f5,5aabe8ce-ac28-3172-a0af-663137c7f5f5
45243110-3acc-19d8-6c1c-c54bd049a329,6aed9210-c500-4375-7558-c08230954b02,31027,6aed9210-c500-4375-b0fc-3374c40b8591,PAYMENT,,ECHECK,2025-10-22T03:38:16Z,2025-10-22T03:55:52Z,99204b0a-62e2-34dc-b3f6-290819949428,243085009,,,1,2,,,1,1,Oral health education (procedure),0.00,,,434.31,0.00,,186.13,6aed9210-c500-4375-93f0-cd18f397a9bd,,6aed9210-c500-4375-84cf-0e4b7d73cdd8,1,5aabe8ce-ac28-3172-a0af-663137c7f5f5,5aabe8ce-ac28-3172-a0af-663137c7f5f5
8a486220-7598-43b0-d839-8a97a0937652,6aed9210-c500-4375-7558-c08230954b02,31028,6aed9210-c500-4375-b0fc-3374c40b8591,TRANSFEROUT,,,2025-10-22T03:38:16Z,2025-10-22T03:55:52Z,99204b0a-62e2-34dc-b3f6-290819949428,243085009,,,1,2,,,1,1,Oral health education (procedure),0.00,,,0.00,0.00,186.13,186.13,6aed9210-c500-4375-93f0-cd18f397a9bd,,6aed9210-c500-4375-84cf-0e4b7d73cdd8,1,5aabe8ce-ac28-3172-a0af-663137c7f5f5,5aabe8ce-ac28-3172-a0af-663137c7f5f5
1490c440-eb30-f761-b073-152f41271ca5,6aed9210-c500-4375-7558-c08230954b02,31029,6aed9210-c500-4375-b0fc-3374c40b8591,TRANSFERIN,186.13,,2025-10-22T03:38:16Z,2025-10-22T03:55:52Z,99204b0a-62e2-34dc-b3f6-290819949428,243085009,,,1,2,,,1,1,Oral health education (procedure),0.00,31028,p,0.00,0.00,186.13,186.13,6aed9210-c500-4375-93f0-cd18f397a9bd,,6aed9210-c500-4375-84cf-0e4b7d73cdd8,1,5aabe8ce-ac28-3172-a0af-663137c7f5f5,5aabe8ce-ac28-3172-a0af-663137c7f5f5
103acd99-1845-2431-4bd0-4b22696c1cc5,6aed9210-c500-4375-7558-c08230954b02,31030,6aed9210-c500-4375-b0fc-3374c40b8591,PAYMENT,,CHECK,2025-10-22T03:38:16Z,2025-10-22T03:55:52Z,99204b0a-62e2-34dc-b3f6-290819949428,243085009,,,1,2,,,1,1,Oral health education (procedure),0.00,,,186.13,0.00,,0.00,6aed9210-c500-4375-93f0-cd18f397a9bd,,6aed9210-c500-4375-84cf-0e4b7d73cdd8,1,5aabe8ce-ac28-3172-a0af-663137c7f5f5,5aabe8ce-ac28-3172-a0af-663137c7f5f5
bb1ea47b-8940-c882-1d72-ee39ae4fade2,6aed9210-c500-4375-b41f-a6fbc3877e95,31032,6aed9210-c500-4375-b0fc-3374c40b8591,CHARGE,245.97,,2025-10-22T03:08:22Z,2025-10-22T03:08:22Z,99204b0a-62e2-34dc-b3f6-290819949428,1535362,,,1,2,,,1,1,sodium fluoride 0.0272 MG/MG Oral Gel,245.97,,1,0.00,0.00,,0.00,6aed9210-c500-4375-93f0-cd18f397a9bd,,6aed9210-c500-4375-84cf-0e4b7d73cdd8,1,5aabe8ce-ac28-3172-a0af-663137c7f5f5,5aabe8ce-ac28-3172-a0af-663137c7f5f5
7a3d48f7-1281-9105-46e5-dc735c9f5bc4,6aed9210-c500-4375-b41f-a6fbc3877e95,31033,6aed9210-c500-4375-b0fc-3374c40b8591,PAYMENT,,ECHECK,2025-10-22T03:08:22Z,2025-10-22T03:08:22Z,99204b0a-62e2-34dc-b3f6-290819949428,1535362,,,1,2,,,1,1,sodium fluoride 0.0272 MG/MG Oral Gel,0.00,,,172.18,0.00,,73.79,6aed9210-c500-4375-93f0-cd18f397a9bd,,6aed9210-c500-4375-84cf-0e4b7d73cdd8,1,5aabe8ce-ac28-3172-a0af-663137c7f5f5,5aabe8ce-ac28-3172-a0af-663137c7f5f5
0a7a91ee-2503-220b-93cb-b8e6b93eb788,6aed9210-c500-4375-b41f-a6fbc3877e95,31034,6aed9210-c500-4375-b0fc-3374c40b8591,TRANSFEROUT,,,2025-10-22T03:08:22Z,2025-10-22T03:08:22Z,99204b0a-62e2-34dc-b3f6-290819949428,1535362,,,1,2,,,1,1,sodium fluoride 0.0272 MG/MG Oral Gel,0.00,,,0.00,0.00,73.79,73.79,6aed9210-c500-4375-93f0-cd18f397a9bd,,6aed9210-c500-4375-84cf-0e4b7d73cdd8,1,5aabe8ce-ac28-3172-a0af-663137c7f5f5,5aabe8ce-ac28-3172-a0af-663137c7f5f5
24f523dc-4a06-4416-5797-71cd727d6f11,6aed9210-c500-4375-b41f-a6fbc3877e95,31035,6aed9210-c500-4375-b0fc-3374c40b8591,TRANSFERIN,73.79,,2025-10-22T03:08:22Z,2025-10-22T03:08:22Z,99204b0a-62e2-34dc-b3f6-290819949428,1535362,,,1,2,,,1,1,sodium fluoride 0.0272 MG/MG Oral Gel,0.00,31034,p,0.00,0.00,73.79,73.79,6aed9210-c500-4375-93f0-cd18f397a9bd,,6aed9210-c500-4375-84cf-0e4b7d73cdd8,1,5aabe8ce-ac28-3172-a0af-663137c7f5f5,5aabe8ce-ac28-3172-a0af-663137c7f5f5
b9ea47b8-940c-882c-df2e-e39ae4fade22,6aed9210-c500-4375-b41f-a6fbc3877e95,31036,6aed9210-c500-4375-b0fc-3374c40b8591,PAYMENT,,CHECK,2025-10-22T03:08:22Z,2025-10-22T03:08:22Z,99204b0a-62e2-34dc-b3f6-290819949428,1535362,,,1,2,,,1,1,sodium fluoride 0.0272 MG/MG Oral Gel,0.00,,,73.79,0.00,,0.00,6aed9210-c500-4375-93f0-cd18f397a9bd,,6aed9210-c500-4375-84cf-0e4b7d73cdd8,1,5aabe8ce-ac28-3172-a0af-663137c7f5f5,5aabe8ce-ac28-3172-a0af-663137c7f5f5
1b1df97b-9e45-d69e-b380-5daa21e14e1e,6f45f2e9-a617-570a-8225-86540a6f46bf,37191,6f45f2e9-a617-570a-8867-dec1260088bb,CHARGE,83.05,,2016-10-02T06:34:20Z,2016-10-02T06:49:20Z,fe61f80c-951c-3dfb-8704-ae1da96fef2e,185345009,,,1,2,,,1,1,Encounter for symptom (procedure),83.05,,1,0.00,0.00,,0.00,6f45f2e9-a617-570a-2c2f-dfce37130deb,,6f45f2e9-a617-570a-2d9c-b0c0f17ad90f,1,2e190550-b660-3228-a23c-dc3466037126,2e190550-b660-3228-a23c-dc3466037126
363c32f7-3c8b-ad3c-6701-7b5443c29c3d,6f45f2e9-a617-570a-8225-86540a6f46bf,37192,6f45f2e9-a617-570a-8867-dec1260088bb,TRANSFEROUT,,,2016-10-02T06:34:20Z,2016-10-02T06:49:20Z,fe61f80c-951c-3dfb-8704-ae1da96fef2e,185345009,,,1,2,,,1,1,Encounter for symptom (procedure),0.00,,,0.00,0.00,83.05,83.05,6f45f2e9-a617-570a-2c2f-dfce37130deb,,6f45f2e9-a617-570a-2d9c-b0c0f17ad90f,1,2e190550-b660-3228-a23c-dc3466037126,2e190550-b660-3228-a23c-dc3466037126
6c797dee-7917-5a78-ce03-0ea88785387a,6f45f2e9-a617-570a-8225-86540a6f46bf,37193,6f45f2e9-a617-570a-8867-dec1260088bb,TRANSFERIN,83.05,,2016-10-02T06:34:20Z,2016-10-02T06:49:20Z,fe61f80c-951c-3dfb-8704-ae1da96fef2e,185345009,,,1,2,,,1,1,Encounter for symptom (procedure),0.00,37192,p,0.00,0.00,83.05,83.05,6f45f2e9-a617-570a-2c2f-dfce37130deb,,6f45f2e9-a617-570a-2d9c-b0c0f17ad90f,1,2e190550-b660-3228-a23c-dc3466037126,2e190550-b660-3228-a23c-dc3466037126
d8f5fbdc-f22e-b4f0-9c09-1d510f0a70f5,6f45f2e9-a617-570a-8225-86540a6f46bf,37194,6f45f2e9-a617-570a-8867-dec1260088bb,PAYMENT,,CASH,2016-10-02T06:34:20Z,2016-10-02T06:49:20Z,fe61f80c-951c-3dfb-8704-ae1da96fef2e,185345009,,,1,2,,,1,1,Encounter for symptom (procedure),0.00,,,83.05,0.00,,0.00,6f45f2e9-a617-570a-2c2f-dfce37130deb,,6f45f2e9-a617-570a-2d9c-b0c0f17ad90f,1,2e190550-b660-3228-a23c-dc3466037126,2e190550-b660-3228-a23c-dc3466037126
3d397bad-9e71-87ed-9ec3-0c67acdf65ef,6f45f2e9-a617-570a-f536-db818b42fb61,37196,6f45f2e9-a617-570a-8867-dec1260088bb,CHARGE,434.07,,2016-10-02T06:34:20Z,1970-01-01T00:00:00Z,fe61f80c-951c-3dfb-8704-ae1da96fef2e,1014676,,,1,2,,,1,1,cetirizine hydrochloride 5 MG Oral Tablet,434.07,,1,0.00,0.00,,0.00,6f45f2e9-a617-570a-2c2f-dfce37130deb,,6f45f2e9-a617-570a-2d9c-b0c0f17ad90f,1,2e190550-b660-3228-a23c-dc3466037126,2e190550-b660-3228-a23c-dc3466037126
7a75f75b-3ce3-0fda-3d89-18cf59becbdf,6f45f2e9-a617-570a-f536-db818b42fb61,37197,6f45f2e9-a617-570a-8867-dec1260088bb,TRANSFEROUT,,,2016-10-02T06:34:20Z,1970-01-01T00:00:00Z,fe61f80c-951c-3dfb-8704-ae1da96fef2e,1014676,,,1,2,,,1,1,cetirizine hydrochloride 5 MG Oral Tablet,0.00,,,0.00,0.00,434.07,434.07,6f45f2e9-a617-570a-2c2f-dfce37130deb,,6f45f2e9-a617-570a-2d9c-b0c0f17ad90f,1,2e190550-b660-3228-a23c-dc3466037126,2e190550-b660-3228-a23c-dc3466037126
f4eeeeb6-79c6-1fb4-7b15-319eb37d97be,6f45f2e9-a617-570a-f536-db818b42fb61,37198,6f45f2e9-a617-570a-8867-dec1260088bb,TRANSFERIN,434.07,,2016-10-02T06:34:20Z,1970-01-01T00:00:00Z,fe61f80c-951c-3dfb-8704-ae1da96fef2e,1014676,,,1,2,,,1,1,cetirizine hydrochloride 5 MG Oral Tablet,0.00,37197,p,0.00,0.00,434.07,434.07,6f45f2e9-a617-570a-2c2f-dfce37130deb,,6f45f2e9-a617-570a-2d9c-b0c0f17ad90f,1,2e190550-b660-3228-a23c-dc3466037126,2e190550-b660-3228-a23c-dc3466037126
e9e1dd6c-f38c-3f69-f636-633d66fb2f7c,6f45f2e9-a617-570a-f536-db818b42fb61,37199,6f45f2e9-a617-570a-8867-dec1260088bb,PAYMENT,,CC,2016-10-02T06:34:20Z,1970-01-01T00:00:00Z,fe61f80c-951c-3dfb-8704-ae1da96fef2e,1014676,,,1,2,,,1,1,cetirizine hydrochloride 5 MG Oral Tablet,0.00,,,434.07,0.00,,0.00,6f45f2e9-a617-570a-2c2f-dfce37130deb,,6f45f2e9-a617-570a-2d9c-b0c0f17ad90f,1,2e190550-b660-3228-a23c-dc3466037126,2e190550-b660-3228-a23c-dc3466037126
003af394-931e-de60-b843-2f2ab961c699,6f45f2e9-a617-570a-c779-4d1c8f3011d6,37201,6f45f2e9-a617-570a-8867-dec1260088bb,CHARGE,83.05,,2016-10-09T06:34:20Z,2016-10-09T07:08:12Z,fe61f80c-951c-3dfb-8704-ae1da96fef2e,185347001,,,1,,,,1,1,Encounter for problem (procedure),83.05,,1,0.00,0.00,,0.00,6f45f2e9-a617-570a-2107-f6bd879cbc45,,6f45f2e9-a617-570a-2d9c-b0c0f17ad90f,1,2e190550-b660-3228-a23c-dc3466037126,2e190550-b660-3228-a23c-dc3466037126
0075e729-2a3d-bcc0-7086-5e557ec38d33,6f45f2e9-a617-570a-c779-4d1c8f3011d6,37202,6f45f2e9-a617-570a-8867-dec1260088bb,TRANSFEROUT,,,2016-10-09T06:34:20Z,2016-10-09T07:08:12Z,fe61f80c-951c-3dfb-8704-ae1da96fef2e,185347001,,,1,,,,1,1,Encounter for problem (procedure),0.00,,,0.00,0.00,83.05,83.05,6f45f2e9-a617-570a-2107-f6bd879cbc45,,6f45f2e9-a617-570a-2d9c-b0c0f17ad90f,1,2e190550-b660-3228-a23c-dc3466037126,2e190550-b660-3228-a23c-dc3466037126
01d79ca4-e4f6-f300-c219-7956370e34cd,6f45f2e9-a617-570a-c779-4d1c8f3011d6,37204,6f45f2e9-a617-570a-8867-dec1260088bb,PAYMENT,,CHECK,2016-10-09T06:34:20Z,2016-10-09T07:08:12Z,fe61f80c-951c-3dfb-8704-ae1da96fef2e,185347001,,,1,,,,1,1,Encounter for problem (procedure),0.00,,,83.05,0.00,,0.00,6f45f2e9-a617-570a-2107-f6bd879cbc45,,6f45f2e9-a617-570a-2d9c-b0c0f17ad90f,1,2e190550-b660-3228-a23c-dc3466037126,2e190550-b660-3228-a23c-dc3466037126
075e7294-b3db-cc00-0865-e559fc38d337,d6a1a02a-fc90-46bf-a9cf-b3b88c96031b,37206,6f45f2e9-a617-570a-8867-dec1260088bb,CHARGE,620.44,,2016-10-09T06:34:20Z,2016-10-09T07:08:12Z,fe61f80c-951c-3dfb-8704-ae1da96fef2e,395142003,,,1,,,,1,1,Allergy screening test (procedure),620.44,,1,0.00,0.00,,0.00,6f45f2e9-a617-570a-2107-f6bd879cbc45,,6f45f2e9-a617-570a-2d9c-b0c0f17ad90f,1,2e190550-b660-3228-a23c-dc3466037126,2e190550-b660-3228-a23c-dc3466037126
0ebce52a-73b7-9800-10cb-cab40471a66e,6f45f2e9-a617-570a-c779-4d1c8f3011d6,37207,6f45f2e9-a617-570a-8867-dec1260088bb,TRANSFEROUT,,,2016-10-09T06:34:20Z,2016-10-09T07:08:12Z,fe61f80c-951c-3dfb-8704-ae1da96fef2e,395142003,,,1,,,,1,1,Allergy screening test (procedure),0.00,,,0.00,0.00,620.44,620.44,6f45f2e9-a617-570a-2107-f6bd879cbc45,,6f45f2e9-a617-570a-2d9c-b0c0f17ad90f,1,2e190550-b660-3228-a23c-dc3466037126,2e190550-b660-3228-a23c-dc3466037126
1d79ca57-e76f-3000-2197-956b08e34cdc,6f45f2e9-a617-570a-c779-4d1c8f3011d6,37208,6f45f2e9-a617-570a-8867-dec1260088bb,TRANSFERIN,620.44,,2016-10-09T06:34:20Z,2016-10-09T07:08:12Z,fe61f80c-951c-3dfb-8704-ae1da96fef2e,395142003,,,1,,,,1,1,Allergy screening test (procedure),0.00,37207,p,0.00,0.00,620.44,620.44,6f45f2e9-a617-570a-2107-f6bd879cbc45,,6f45f2e9-a617-570a-2d9c-b0c0f17ad90f,1,2e190550-b660-3228-a23c-dc3466037126,2e190550-b660-3228-a23c-dc3466037126
3af394b2-cede-6000-432f-2ad911c699b8,6f45f2e9-a617-570a-c779-4d1c8f3011d6,37209,6f45f2e9-a617-570a-8867-dec1260088bb,PAYMENT,,CASH,2016-10-09T06:34:20Z,2016-10-09T07:08:12Z,fe61f80c-951c-3dfb-8704-ae1da96fef2e,395142003,,,1,,,,1,1,Allergy screening test (procedure),0.00,,,620.44,0.00,,0.00,6f45f2e9-a617-570a-2107-f6bd879cbc45,,6f45f2e9-a617-570a-2d9c-b0c0f17ad90f,1,2e190550-b660-3228-a23c-dc3466037126,2e190550-b660-3228-a23c-dc3466037126
be249cc6-2110-642e-010c-d67e294bfa55,6f45f2e9-a617-570a-a1d2-0654ea5c3763,37211,6f45f2e9-a617-570a-8867-dec1260088bb,CHARGE,71.47,,2016-10-09T07:08:12Z,1970-01-01T00:00:00Z,fe61f80c-951c-3dfb-8704-ae1da96fef2e,1870230,,,1,,,,1,1,NDA020800 0.3 ML Epinephrine 1 MG/ML Auto-Injector,71.47,,1,0.00,0.00,,0.00,6f45f2e9-a617-570a-2107-f6bd879cbc45,,6f45f2e9-a617-570a-2d9c-b0c0f17ad90f,1,2e190550-b660-3228-a23c-dc3466037126,2e190550-b660-3228-a23c-dc3466037126
7c49398c-4220-c861-0219-acfc5297f4b6,6f45f2e9-a617-570a-a1d2-0654ea5c3763,37212,6f45f2e9-a617-570a-8867-dec1260088bb,TRANSFEROUT,,,2016-10-09T07:08:12Z,1970-01-01T00:00:00Z,fe61f80c-951c-3dfb-8704-ae1da96fef2e,1870230,,,1,,,,1,1,NDA020800 0.3 ML Epinephrine 1 MG/ML Auto-Injector,0.00,,,0.00,0.00,71.47,71.47,6f45f2e9-a617-570a-2107-f6bd879cbc45,,6f45f2e9-a617-570a-2d9c-b0c0f17ad90f,1,2e190550-b660-3228-a23c-dc3466037126,2e190550-b660-3228-a23c-dc3466037126
f8927318-8441-90d8-0433-59f8a52fe972,6f45f2e9-a617-570a-a1d2-0654ea5c3763,37213,6f45f2e9-a617-570a-8867-dec1260088bb,TRANSFERIN,71.47,,2016-10-09T07:08:12Z,1970-01-01T00:00:00Z,fe61f80c-951c-3dfb-8704-ae1da96fef2e,1870230,,,1,,,,1,1,NDA020800 0.3 ML Epinephrine 1 MG/ML Auto-Injector,0.00,37212,p,0.00,0.00,71.47,71.47,6f45f2e9-a617-570a-2107-f6bd879cbc45,,6f45f2e9-a617-570a-2d9c-b0c0f17ad90f,1,2e190550-b660-3228-a23c-dc3466037126,2e190550-b660-3228-a23c-dc3466037126
f124e631-0883-21c1-0866-b3f14a5fd314,6f45f2e9-a617-570a-a1d2-0654ea5c3763,37214,6f45f2e9-a617-570a-8867-dec1260088bb,PAYMENT,,CC,2016-10-09T07:08:12Z,1970-01-01T00:00:00Z,fe61f80c-951c-3dfb-8704-ae1da96fef2e,1870230,,,1,,,,1,1,NDA020800 0.3 ML Epinephrine 1 MG/ML Auto-Injector,0.00,,,71.47,0.00,,0.00,6f45f2e9-a617-570a-2107-f6bd879cbc45,,6f45f2e9-a617-570a-2d9c-b0c0f17ad90f,1,2e190550-b660-3228-a23c-dc3466037126,2e190550-b660-3228-a23c-dc3466037126
c6edf91a-7013-5b32-fd50-5d48f3aee9df,6f45f2e9-a617-570a-6f8a-1bc36f1e43d2,37216,6f45f2e9-a617-570a-8867-dec1260088bb,CHARGE,171.78,,2016-10-20T06:34:20Z,2016-10-20T06:49:20Z,775fd387-94cb-3058-adc1-871f8aef9045,410620009,,,1,,,,1,10,Well child visit (procedure),171.78,,1,0.00,0.00,,0.00,6f45f2e9-a617-570a-ac72-e32886abc3bc,,6f45f2e9-a617-570a-2d9c-b0c0f17ad90f,1,817b5927-2988-302e-af60-4d0b7e0de251,817b5927-2988-302e-af60-4d0b7e0de251
8ddc3234-e026-b665-faa1-7a91e75dd3bf,6f45f2e9-a617-570a-6f8a-1bc36f1e43d2,37217,6f45f2e9-a617-570a-8867-dec1260088bb,PAYMENT,,ECHECK,2016-10-20T06:34:20Z,2016-10-20T06:49:20Z,775fd387-94cb-3058-adc1-871f8aef9045,410620009,,,1,,,,1,10,Well child visit (procedure),0.00,,,4.69,0.00,,167.09,6f45f2e9-a617-570a-ac72-e32886abc3bc,,6f45f2e9-a617-570a-2d9c-b0c0f17ad90f,1,817b5927-2988-302e-af60-4d0b7e0de251,817b5927-2988-302e-af60-4d0b7e0de251
1bb97c69-c04d-6ccb-f543-0d23cebba77f,6f45f2e9-a617-570a-6f8a-1bc36f1e43d2,37218,6f45f2e9-a617-570a-8867-dec1260088bb,TRANSFEROUT,,,2016-10-20T06:34:20Z,2016-10-20T06:49:20Z,775fd387-94cb-3058-adc1-871f8aef9045,410620009,,,1,,,,1,10,Well child visit (procedure),0.00,,,0.00,0.00,167.09,167.09,6f45f2e9-a617-570a-ac72-e32886abc3bc,,6f45f2e9-a617-570a-2d9c-b0c0f17ad90f,1,817b5927-2988-302e-af60-4d0b7e0de251,817b5927-2988-302e-af60-4d0b7e0de251
3775f8d3-809a-d996-ea89-1a479d774eff,6f45f2e9-a617-570a-6f8a-1bc36f1e43d2,37219,6f45f2e9-a617-570a-8867-dec1260088bb,TRANSFERIN,167.09,,2016-10-20T06:34:20Z,2016-10-20T06:49:20Z,775fd387-94cb-3058-adc1-871f8aef9045,410620009,,,1,,,,1,10,Well child visit (procedure),0.00,37218,p,0.00,0.00,167.09,167.09,6f45f2e9-a617-570a-ac72-e32886abc3bc,,6f45f2e9-a617-570a-2d9c-b0c0f17ad90f,1,817b5927-2988-302e-af60-4d0b7e0de251,817b5927-2988-302e-af60-4d0b7e0de251
34e026b6-658d-e829-91e7-5dd3bffaad71,6f45f2e9-a617-570a-6f8a-1bc36f1e43d2,37220,6f45f2e9-a617-570a-8867-dec1260088bb,PAYMENT,,CC,2016-10-20T06:34:20Z,2016-10-20T06:49:20Z,775fd387-94cb-3058-adc1-871f8aef9045,410620009,,,1,,,,1,10,Well child visit (procedure),0.00,,,167.09,0.00,,0.00,6f45f2e9-a617-570a-ac72-e32886abc3bc,,6f45f2e9-a617-570a-2d9c-b0c0f17ad90f,1,817b5927-2988-302e-af60-4d0b7e0de251,817b5927-2988-302e-af60-4d0b7e0de251
d3809ad9-9637-a404-479d-774effeab926,6f45f2e9-a617-570a-6f8a-1bc36f1e43d2,37222,6f45f2e9-a617-570a-8867-dec1260088bb,CHARGE,620.44,,2016-10-20T06:34:20Z,2016-10-20T06:39:20Z,775fd387-94cb-3058-adc1-871f8aef9045,103697008,,,1,,,,1,10,Patient referral for dental care (procedure),620.44,,1,0.00,0.00,,0.00,6f45f2e9-a617-570a-ac72-e32886abc3bc,,6f45f2e9-a617-570a-2d9c-b0c0f17ad90f,1,817b5927-2988-302e-af60-4d0b7e0de251,817b5927-2988-302e-af60-4d0b7e0de251
a70135b3-2c6f-4f09-8f3a-ee9dffd5754c,6f45f2e9-a617-570a-6f8a-1bc36f1e43d2,37223,6f45f2e9-a617-570a-8867-dec1260088bb,PAYMENT,,ECHECK,2016-10-20T06:34:20Z,2016-10-20T06:39:20Z,775fd387-94cb-3058-adc1-871f8aef9045,103697008,,,1,,,,1,10,Patient referral for dental care (procedure),0.00,,,496.35,0.00,,124.09,6f45f2e9-a617-570a-ac72-e32886abc3bc,,6f45f2e9-a617-570a-2d9c-b0c0f17ad90f,1,817b5927-2988-302e-af60-4d0b7e0de251,817b5927-2988-302e-af60-4d0b7e0de251
4e026b66-58de-a213-1e75-dd3bffaaf699,6f45f2e9-a617-570a-6f8a-1bc36f1e43d2,37224,6f45f2e9-a617-570a-8867-dec1260088bb,TRANSFEROUT,,,2016-10-20T06:34:20Z,2016-10-20T06:39:20Z,775fd387-94cb-3058-adc1-871f8aef9045,103697008,,,1,,,,1,10,Patient referral for dental care (procedure),0.00,,,0,0.00,124.09,124.09,6f45f2e9-a617-570a-ac72-e32886abc3bc,,6f45f2e9-a617-570a-2d9c-b0c0f17ad90f,1,817b5927-2988-302e-af60-4d0b7e0de251,817b5927-2988-302e-af60-4d0b7e0de251
9c04d6cc-b1bd-5a26-3ceb-ba77ff55f332,6f45f2e9-a617-570a-6f8a-1bc36f1e43d2,37225,6f45f2e9-a617-570a-8867-dec1260088bb,TRANSFERIN,124.09,,2016-10-20T06:34:20Z,2016-10-20T06:39:20Z,775fd387-94cb-3058-adc1-871f8aef9045,103697008,,,1,,,,1,10,Patient referral for dental care (procedure),0.00,37224,p,0.00,0.00,124.09,124.09,6f45f2e9-a617-570a-ac72-e32886abc3bc,,6f45f2e9-a617-570a-2d9c-b0c0f17ad90f,1,817b5927-2988-302e-af60-4d0b7e0de251,817b5927-2988-302e-af60-4d0b7e0de251
3809ad99-637a-c44d-79d7-74effeac1664,6f45f2e9-a617-570a-6f8a-1bc36f1e43d2,37226,6f45f2e9-a617-570a-8867-dec1260088bb,PAYMENT,,CC,2016-10-20T06:34:20Z,2016-10-20T06:39:20Z,775fd387-94cb-3058-adc1-871f8aef9045,103697008,,,1,,,,1,10,Patient referral for dental care (procedure),0.00,,,124.09,0.00,,0.00,6f45f2e9-a617-570a-ac72-e32886abc3bc,,6f45f2e9-a617-570a-2d9c-b0c0f17ad90f,1,817b5927-2988-302e-af60-4d0b7e0de251,817b5927-2988-302e-af60-4d0b7e0de251
427bc565-1de1-49c2-59bd-9330f60cfb14,6f45f2e9-a617-570a-226d-f03e5e09ef18,37228,6f45f2e9-a617-570a-8867-dec1260088bb,CHARGE,83.05,,2016-10-27T06:34:20Z,2016-10-27T08:46:45Z,fe61f80c-951c-3dfb-8704-ae1da96fef2e,185349003,,,1,,,,1,1,Encounter for check up (procedure),83.05,,1,0.00,0.00,,0.00,6f45f2e9-a617-570a-1cd2-96a75b27fad7,,6f45f2e9-a617-570a-2d9c-b0c0f17ad90f,1,2e190550-b660-3228-a23c-dc3466037126,2e190550-b660-3228-a23c-dc3466037126
84f78aca-3bc2-93f4-b37b-2661ec19f658,6f45f2e9-a617-570a-226d-f03e5e09ef18,37229,6f45f2e9-a617-570a-8867-dec1260088bb,PAYMENT,,ECHECK,2016-10-27T06:34:20Z,2016-10-27T08:46:45Z,fe61f80c-951c-3dfb-8704-ae1da96fef2e,185349003,,,1,,,,1,1,Encounter for check up (procedure),0.00,,,66.44,0.00,,16.61,6f45f2e9-a617-570a-1cd2-96a75b27fad7,,6f45f2e9-a617-570a-2d9c-b0c0f17ad90f,1,2e190550-b660-3228-a23c-dc3466037126,2e190550-b660-3228-a23c-dc3466037126
b28ef0a6-5aa1-3de2-987b-067ef3acdec9,6f45f2e9-a617-570a-226d-f03e5e09ef18,37230,6f45f2e9-a617-570a-8867-dec1260088bb,TRANSFEROUT,,,2016-10-27T06:34:20Z,2016-10-27T08:46:45Z,fe61f80c-951c-3dfb-8704-ae1da96fef2e,185349003,,,1,,,,1,1,Encounter for check up (procedure),0.00,,,0,0.00,16.61,16.61,6f45f2e9-a617-570a-1cd2-96a75b27fad7,,6f45f2e9-a617-570a-2d9c-b0c0f17ad90f,1,2e190550-b660-3228-a23c-dc3466037126,2e190550-b660-3228-a23c-dc3466037126
651de14c-c542-7bc5-30f6-0cfe1759bd93,6f45f2e9-a617-570a-226d-f03e5e09ef18,37231,6f45f2e9-a617-570a-8867-dec1260088bb,TRANSFERIN,16.61,,2016-10-27T06:34:20Z,2016-10-27T08:46:45Z,fe61f80c-951c-3dfb-8704-ae1da96fef2e,185349003,,,1,,,,1,1,Encounter for check up (procedure),0.00,37230,p,0.00,0.00,16.61,16.61,6f45f2e9-a617-570a-1cd2-96a75b27fad7,,6f45f2e9-a617-570a-2d9c-b0c0f17ad90f,1,2e190550-b660-3228-a23c-dc3466037126,2e190550-b660-3228-a23c-dc3466037126
ca3bc299-fa84-f78a-61ec-19fc5eb37b26,6f45f2e9-a617-570a-226d-f03e5e09ef18,37232,6f45f2e9-a617-570a-8867-dec1260088bb,PAYMENT,,CC,2016-10-27T06:34:20Z,2016-10-27T08:46:45Z,fe61f80c-951c-3dfb-8704-ae1da96fef2e,185349003,,,1,,,,1,1,Encounter for check up (procedure),0.00,,,16.61,0.00,,0.00,6f45f2e9-a617-570a-1cd2-96a75b27fad7,,6f45f2e9-a617-570a-2d9c-b0c0f17ad90f,1,2e190550-b660-3228-a23c-dc3466037126,2e190550-b660-3228-a23c-dc3466037126
28ef0a69-7613-de2b-87b0-67f306cdec99,6f45f2e9-a617-570a-226d-f03e5e09ef18,37234,6f45f2e9-a617-570a-8867-dec1260088bb,CHARGE,620.44,,2016-10-27T06:34:20Z,2016-10-27T06:47:07Z,fe61f80c-951c-3dfb-8704-ae1da96fef2e,34043003,,,1,,,,1,1,Dental consultation and report (procedure),620.44,,1,0.00,0.00,,0.00,6f45f2e9-a617-570a-1cd2-96a75b27fad7,,6f45f2e9-a617-570a-2d9c-b0c0f17ad90f,1,2e190550-b660-3228-a23c-dc3466037126,2e190550-b660-3228-a23c-dc3466037126
51de14d5-ec27-bc56-0f60-cfe90d9bd933,6f45f2e9-a617-570a-226d-f03e5e09ef18,37235,6f45f2e9-a617-570a-8867-dec1260088bb,PAYMENT,,ECHECK,2016-10-27T06:34:20Z,2016-10-27T06:47:07Z,fe61f80c-951c-3dfb-8704-ae1da96fef2e,34043003,,,1,,,,1,1,Dental consultation and report (procedure),0.00,,,496.35,0.00,,124.09,6f45f2e9-a617-570a-1cd2-96a75b27fad7,,6f45f2e9-a617-570a-2d9c-b0c0f17ad90f,1,2e190550-b660-3228-a23c-dc3466037126,2e190550-b660-3228-a23c-dc3466037126
a3bc29ae-d84f-78ac-1ec1-9fd51b37b266,6f45f2e9-a617-570a-226d-f03e5e09ef18,37236,6f45f2e9-a617-570a-8867-dec1260088bb,TRANSFEROUT,,,2016-10-27T06:34:20Z,2016-10-27T06:47:07Z,fe61f80c-951c-3dfb-8704-ae1da96fef2e,34043003,,,1,,,,1,1,Dental consultation and report (procedure),0.00,,,0.00,0.00,124.09,124.09,6f45f2e9-a617-570a-1cd2-96a75b27fad7,,6f45f2e9-a617-570a-2d9c-b0c0f17ad90f,1,2e190550-b660-3228-a23c-dc3466037126,2e190550-b660-3228-a23c-dc3466037126
47785361-b09e-f159-3d83-3fb6366f64cc,6f45f2e9-a617-570a-226d-f03e5e09ef18,37237,6f45f2e9-a617-570a-8867-dec1260088bb,TRANSFERIN,124.09,,2016-10-27T06:34:20Z,2016-10-27T06:47:07Z,fe61f80c-951c-3dfb-8704-ae1da96fef2e,34043003,,,1,,,,1,1,Dental consultation and report (procedure),0.00,37236,p,0.00,0.00,124.09,124.09,6f45f2e9-a617-570a-1cd2-96a75b27fad7,,6f45f2e9-a617-570a-2d9c-b0c0f17ad90f,1,2e190550-b660-3228-a23c-dc3466037126,2e190550-b660-3228-a23c-dc3466037126
8ef0a6d9-613d-e2b2-7b06-7f726cdec998,6f45f2e9-a617-570a-226d-f03e5e09ef18,37238,6f45f2e9-a617-570a-8867-dec1260088bb,PAYMENT,,CC,2016-10-27T06:34:20Z,2016-10-27T06:47:07Z,fe61f80c-951c-3dfb-8704-ae1da96fef2e,34043003,,,1,,,,1,1,Dental consultation and report (procedure),0.00,,,124.09,0.00,,0.00,6f45f2e9-a617-570a-1cd2-96a75b27fad7,,6f45f2e9-a617-570a-2d9c-b0c0f17ad90f,1,2e190550-b660-3228-a23c-dc3466037126,2e190550-b660-3228-a23c-dc3466037126
22709ef1-5947-7854-76f6-6f64cc3d8340,6f45f2e9-a617-570a-226d-f03e5e09ef18,37240,6f45f2e9-a617-570a-8867-dec1260088bb,CHARGE,620.44,,2016-10-27T06:47:07Z,2016-10-27T07:11:44Z,fe61f80c-951c-3dfb-8704-ae1da96fef2e,225362009,,,1,,,,1,1,Dental care (regime/therapy),620.44,,1,0.00,0.00,,0.00,6f45f2e9-a617-570a-1cd2-96a75b27fad7,,6f45f2e9-a617-570a-2d9c-b0c0f17ad90f,1,2e190550-b660-3228-a23c-dc3466037126,2e190550-b660-3228-a23c-dc3466037126
5ae13de2-b28e-f0a8-f3ec-dec9987b0680,6f45f2e9-a617-570a-226d-f03e5e09ef18,37241,6f45f2e9-a617-570a-8867-dec1260088bb,PAYMENT,,ECHECK,2016-10-27T06:47:07Z,2016-10-27T07:11:44Z,fe61f80c-951c-3dfb-8704-ae1da96fef2e,225362009,,,1,,,,1,1,Dental care (regime/therapy),0.00,,,496.35,0.00,,124.09,6f45f2e9-a617-570a-1cd2-96a75b27fad7,,6f45f2e9-a617-570a-2d9c-b0c0f17ad90f,1,2e190550-b660-3228-a23c-dc3466037126,2e190550-b660-3228-a23c-dc3466037126
c5c27bc5-651d-e150-17d9-bd9330f60d02,6f45f2e9-a617-570a-226d-f03e5e09ef18,37242,6f45f2e9-a617-570a-8867-dec1260088bb,TRANSFEROUT,,,2016-10-27T06:47:07Z,2016-10-27T07:11:44Z,fe61f80c-951c-3dfb-8704-ae1da96fef2e,225362009,,,1,,,,1,1,Dental care (regime/therapy),0.00,,,0.00,0.00,124.09,124.09,6f45f2e9-a617-570a-1cd2-96a75b27fad7,,6f45f2e9-a617-570a-2d9c-b0c0f17ad90f,1,2e190550-b660-3228-a23c-dc3466037126,2e190550-b660-3228-a23c-dc3466037126
fb84f78a-ca3b-c2a1-5fb3-7b2661ec1a04,6f45f2e9-a617-570a-226d-f03e5e09ef18,37243,6f45f2e9-a617-570a-8867-dec1260088bb,TRANSFERIN,124.09,,2016-10-27T06:47:07Z,2016-10-27T07:11:44Z,fe61f80c-951c-3dfb-8704-ae1da96fef2e,225362009,,,1,,,,1,1,Dental care (regime/therapy),0.00,37242,p,0.00,0.00,124.09,124.09,6f45f2e9-a617-570a-1cd2-96a75b27fad7,,6f45f2e9-a617-570a-2d9c-b0c0f17ad90f,1,2e190550-b660-3228-a23c-dc3466037126,2e190550-b660-3228-a23c-dc3466037126
3709ef15-9477-8544-7f66-f64cc3d83409,900daf81-dae1-47bf-bb59-b4a9c0c998dc,37244,6f45f2e9-a617-570a-8867-dec1260088bb,PAYMENT,,CC,2016-10-27T06:47:07Z,2016-10-27T07:11:44Z,fe61f80c-951c-3dfb-8704-ae1da96fef2e,225362009,,,1,,,,1,1,Dental care (regime/therapy),0.00,,,124.09,0.00,,0.00,6f45f2e9-a617-570a-1cd2-96a75b27fad7,,6f45f2e9-a617-570a-2d9c-b0c0f17ad90f,1,2e190550-b660-3228-a23c-dc3466037126,2e190550-b660-3228-a23c-dc3466037126
e227bc56-51de-1515-039b-d9330f60d029,6f45f2e9-a617-570a-226d-f03e5e09ef18,37246,6f45f2e9-a617-570a-8867-dec1260088bb,CHARGE,620.44,,2016-10-27T07:11:44Z,2016-10-27T07:43:38Z,fe61f80c-951c-3dfb-8704-ae1da96fef2e,1260009003,,,1,,,,1,1,Removal of supragingival plaque and calculus from all teeth using dental instrument (procedure),620.44,,1,0.00,0.00,,0.00,6f45f2e9-a617-570a-1cd2-96a75b27fad7,,6f45f2e9-a617-570a-2d9c-b0c0f17ad90f,1,2e190550-b660-3228-a23c-dc3466037126,2e190550-b660-3228-a23c-dc3466037126
c44f78ac-a3bc-2a2e-0737-b2661ec1a055,6f45f2e9-a617-570a-226d-f03e5e09ef18,37247,6f45f2e9-a617-570a-8867-dec1260088bb,PAYMENT,,ECHECK,2016-10-27T07:11:44Z,2016-10-27T07:43:38Z,fe61f80c-951c-3dfb-8704-ae1da96fef2e,1260009003,,,1,,,,1,1,Removal of supragingival plaque and calculus from all teeth using dental instrument (procedure),0.00,,,496.35,0.00,,124.09,6f45f2e9-a617-570a-1cd2-96a75b27fad7,,6f45f2e9-a617-570a-2d9c-b0c0f17ad90f,1,2e190550-b660-3228-a23c-dc3466037126,2e190550-b660-3228-a23c-dc3466037126
889ef159-4778-5461-0e6f-64cc3d8340b6,6f45f2e9-a617-570a-226d-f03e5e09ef18,37248,6f45f2e9-a617-570a-8867-dec1260088bb,TRANSFEROUT,,,2016-10-27T07:11:44Z,2016-10-27T07:43:38Z,fe61f80c-951c-3dfb-8704-ae1da96fef2e,1260009003,,,1,,,,1,1,Removal of supragingival plaque and calculus from all teeth using dental instrument (procedure),0.00,,,0.00,0.00,124.09,124.09,6f45f2e9-a617-570a-1cd2-96a75b27fad7,,6f45f2e9-a617-570a-2d9c-b0c0f17ad90f,1,2e190550-b660-3228-a23c-dc3466037126,2e190550-b660-3228-a23c-dc3466037126
113de2b2-8ef0-a8d9-1cde-c9987b068172,6f45f2e9-a617-570a-226d-f03e5e09ef18,37249,6f45f2e9-a617-570a-8867-dec1260088bb,TRANSFERIN,124.09,,2016-10-27T07:11:44Z,2016-10-27T07:43:38Z,fe61f80c-951c-3dfb-8704-ae1da96fef2e,1260009003,,,1,,,,1,1,Removal of supragingival plaque and calculus from all teeth using dental instrument (procedure),0.00,37248,p,0.00,0.00,124.09,124.09,6f45f2e9-a617-570a-1cd2-96a75b27fad7,,6f45f2e9-a617-570a-2d9c-b0c0f17ad90f,1,2e190550-b660-3228-a23c-dc3466037126,2e190550-b660-3228-a23c-dc3466037126
aca3bc2a-8f24-4f78-661e-c1a0b56737b2,6f45f2e9-a617-570a-226d-f03e5e09ef18,37250,6f45f2e9-a617-570a-8867-dec1260088bb,PAYMENT,,CC,2016-10-27T07:11:44Z,2016-10-27T07:43:38Z,fe61f80c-951c-3dfb-8704-ae1da96fef2e,1260009003,,,1,,,,1,1,Removal of supragingival plaque and calculus from all teeth using dental instrument (procedure),0.00,,,124.09,0.00,,0.00,6f45f2e9-a617-570a-1cd2-96a75b27fad7,,6f45f2e9-a617-570a-2d9c-b0c0f17ad90f,1,2e190550-b660-3228-a23c-dc3466037126,2e190550-b660-3228-a23c-dc3466037126
b28ef0aa-5a91-3de2-987b-0682f39cdec9,223c7d0d-3fec-47e1-bf85-3e9f11159b37,37252,6f45f2e9-a617-570a-8867-dec1260088bb,CHARGE,620.44,,2016-10-27T07:43:38Z,2016-10-27T07:58:58Z,fe61f80c-951c-3dfb-8704-ae1da96fef2e,1260010008,,,1,,,,1,1,Removal of subgingival plaque and calculus from all teeth using dental instrument (procedure),620.44,,1,0.00,0.00,,0.00,6f45f2e9-a617-570a-1cd2-96a75b27fad7,,6f45f2e9-a617-570a-2d9c-b0c0f17ad90f,1,2e190550-b660-3228-a23c-dc3466037126,2e190550-b660-3228-a23c-dc3466037126
651de154-c522-7bc5-30f6-0d061739bd93,6f45f2e9-a617-570a-226d-f03e5e09ef18,37253,6f45f2e9-a617-570a-8867-dec1260088bb,PAYMENT,,ECHECK,2016-10-27T07:43:38Z,2016-10-27T07:58:58Z,fe61f80c-951c-3dfb-8704-ae1da96fef2e,1260010008,,,1,,,,1,1,Removal of subgingival plaque and calculus from all teeth using dental instrument (procedure),0.00,,,496.35,0.00,,124.09,6f45f2e9-a617-570a-1cd2-96a75b27fad7,,6f45f2e9-a617-570a-2d9c-b0c0f17ad90f,1,2e190550-b660-3228-a23c-dc3466037126,2e190550-b660-3228-a23c-dc3466037126
ca3bc2a9-fa44-f78a-61ec-1a0c5e737b26,6f45f2e9-a617-570a-226d-f03e5e09ef18,37254,6f45f2e9-a617-570a-8867-dec1260088bb,TRANSFEROUT,,,2016-10-27T07:43:38Z,2016-10-27T07:58:58Z,fe61f80c-951c-3dfb-8704-ae1da96fef2e,1260010008,,,1,,,,1,1,Removal of subgingival plaque and calculus from all teeth using dental instrument (procedure),0.00,,,0.00,0.00,124.09,124.09,6f45f2e9-a617-570a-1cd2-96a75b27fad7,,6f45f2e9-a617-570a-2d9c-b0c0f17ad90f,1,2e190550-b660-3228-a23c-dc3466037126,2e190550-b660-3228-a23c-dc3466037126
94778554-3489-ef15-c3d8-34197ce6f64c,6f45f2e9-a617-570a-226d-f03e5e09ef18,37255,6f45f2e9-a617-570a-8867-dec1260088bb,TRANSFERIN,124.09,,2016-10-27T07:43:38Z,2016-10-27T07:58:58Z,fe61f80c-951c-3dfb-8704-ae1da96fef2e,1260010008,,,1,,,,1,1,Removal of subgingival plaque and calculus from all teeth using dental instrument (procedure),0.00,37254,p,0.00,0.00,124.09,124.09,6f45f2e9-a617-570a-1cd2-96a75b27fad7,,6f45f2e9-a617-570a-2d9c-b0c0f17ad90f,1,2e190550-b660-3228-a23c-dc3466037126,2e190550-b660-3228-a23c-dc3466037126
28ef0aa9-7513-de2b-87b0-683305cdec99,6f45f2e9-a617-570a-226d-f03e5e09ef18,37256,6f45f2e9-a617-570a-8867-dec1260088bb,PAYMENT,,CC,2016-10-27T07:43:38Z,2016-10-27T07:58:58Z,fe61f80c-951c-3dfb-8704-ae1da96fef2e,1260010008,,,1,,,,1,1,Removal of subgingival plaque and calculus from all teeth using dental instrument (procedure),0.00,,,124.09,0.00,,0.00,6f45f2e9-a617-570a-1cd2-96a75b27fad7,,6f45f2e9-a617-570a-2d9c-b0c0f17ad90f,1,2e190550-b660-3228-a23c-dc3466037126,2e190550-b660-3228-a23c-dc3466037126
a3bc2aae-d44f-78ac-1ec1-a0d51737b266,6f45f2e9-a617-570a-226d-f03e5e09ef18,37258,6f45f2e9-a617-570a-8867-dec1260088bb,CHARGE,620.44,,2016-10-27T07:58:58Z,2016-10-27T08:30:58Z,fe61f80c-951c-3dfb-8704-ae1da96fef2e,274788003,,,1,,,,1,1,Examination of gingivae (procedure),620.44,,1,0,0.00,,0.00,6f45f2e9-a617-570a-1cd2-96a75b27fad7,,6f45f2e9-a617-570a-2d9c-b0c0f17ad90f,1,2e190550-b660-3228-a23c-dc3466037126,2e190550-b660-3228-a23c-dc3466037126
47785561-a89e-f159-3d83-41b62e6f64cc,6f45f2e9-a617-570a-226d-f03e5e09ef18,37259,6f45f2e9-a617-570a-8867-dec1260088bb,PAYMENT,,ECHECK,2016-10-27T07:58:58Z,2016-10-27T08:30:58Z,fe61f80c-951c-3dfb-8704-ae1da96fef2e,274788003,,,1,,,,1,1,Examination of gingivae (procedure),0.00,,,496.35,0.00,,124.09,6f45f2e9-a617-570a-1cd2-96a75b27fad7,,6f45f2e9-a617-570a-2d9c-b0c0f17ad90f,1,2e190550-b660-3228-a23c-dc3466037126,2e190550-b660-3228-a23c-dc3466037126
841a27bc-5651-de15-993b-9bd9330f60d0,6f45f2e9-a617-570a-226d-f03e5e09ef18,37260,6f45f2e9-a617-570a-8867-dec1260088bb,TRANSFEROUT,,,2016-10-27T07:58:58Z,2016-10-27T08:30:58Z,fe61f80c-951c-3dfb-8704-ae1da96fef2e,274788003,,,1,,,,1,1,Examination of gingivae (procedure),0.00,,,0.00,0.00,124.09,124.09,6f45f2e9-a617-570a-1cd2-96a75b27fad7,,6f45f2e9-a617-570a-2d9c-b0c0f17ad90f,1,2e190550-b660-3228-a23c-dc3466037126,2e190550-b660-3228-a23c-dc3466037126
0f344f78-aca3-bc2b-3577-37b2661ec1a1,6f45f2e9-a617-570a-226d-f03e5e09ef18,37261,6f45f2e9-a617-570a-8867-dec1260088bb,TRANSFERIN,124.09,,2016-10-27T07:58:58Z,2016-10-27T08:30:58Z,fe61f80c-951c-3dfb-8704-ae1da96fef2e,274788003,,,1,,,,1,1,Examination of gingivae (procedure),0.00,37260,p,0.00,0.00,124.09,124.09,6f45f2e9-a617-570a-1cd2-96a75b27fad7,,6f45f2e9-a617-570a-2d9c-b0c0f17ad90f,1,2e190550-b660-3228-a23c-dc3466037126,2e190550-b660-3228-a23c-dc3466037126
22689ef1-5947-7856-76ee-6f64cc3d8342,6f45f2e9-a617-570a-226d-f03e5e09ef18,37262,6f45f2e9-a617-570a-8867-dec1260088bb,PAYMENT,,CC,2016-10-27T07:58:58Z,2016-10-27T08:30:58Z,fe61f80c-951c-3dfb-8704-ae1da96fef2e,274788003,,,1,,,,1,1,Examination of gingivae (procedure),0.00,,,124.09,0.00,,0.00,6f45f2e9-a617-570a-1cd2-96a75b27fad7,,6f45f2e9-a617-570a-2d9c-b0c0f17ad90f,1,2e190550-b660-3228-a23c-dc3466037126,2e190550-b660-3228-a23c-dc3466037126
c5a27bc5-651d-e158-17b9-bd9330f60d0a,6f45f2e9-a617-570a-226d-f03e5e09ef18,37264,6f45f2e9-a617-570a-8867-dec1260088bb,CHARGE,620.44,,2016-10-27T08:30:58Z,2016-10-27T08:46:45Z,fe61f80c-951c-3dfb-8704-ae1da96fef2e,243085009,,,1,,,,1,1,Oral health education (procedure),620.44,,1,0.00,0.00,,0.00,6f45f2e9-a617-570a-1cd2-96a75b27fad7,,6f45f2e9-a617-570a-2d9c-b0c0f17ad90f,1,2e190550-b660-3228-a23c-dc3466037126,2e190550-b660-3228-a23c-dc3466037126
fb44f78a-ca3b-c2b1-5f73-7b2661ec1a14,6f45f2e9-a617-570a-226d-f03e5e09ef18,37265,6f45f2e9-a617-570a-8867-dec1260088bb,PAYMENT,,ECHECK,2016-10-27T08:30:58Z,2016-10-27T08:46:45Z,fe61f80c-951c-3dfb-8704-ae1da96fef2e,243085009,,,1,,,,1,1,Oral health education (procedure),0.00,,,496.35,0.00,,124.09,6f45f2e9-a617-570a-1cd2-96a75b27fad7,,6f45f2e9-a617-570a-2d9c-b0c0f17ad90f,1,2e190550-b660-3228-a23c-dc3466037126,2e190550-b660-3228-a23c-dc3466037126
3689ef15-9477-8564-7ee6-f64cc3d83429,6f45f2e9-a617-570a-226d-f03e5e09ef18,37266,6f45f2e9-a617-570a-8867-dec1260088bb,TRANSFEROUT,,,2016-10-27T08:30:58Z,2016-10-27T08:46:45Z,fe61f80c-951c-3dfb-8704-ae1da96fef2e,243085009,,,1,,,,1,1,Oral health education (procedure),0.00,,,0.00,0.00,124.09,124.09,6f45f2e9-a617-570a-1cd2-96a75b27fad7,,6f45f2e9-a617-570a-2d9c-b0c0f17ad90f,1,2e190550-b660-3228-a23c-dc3466037126,2e190550-b660-3228-a23c-dc3466037126
7313de2b-28ef-0ac9-03cd-ec9987b06853,6f45f2e9-a617-570a-226d-f03e5e09ef18,37267,6f45f2e9-a617-570a-8867-dec1260088bb,TRANSFERIN,124.09,,2016-10-27T08:30:58Z,2016-10-27T08:46:45Z,fe61f80c-951c-3dfb-8704-ae1da96fef2e,243085009,,,1,,,,1,1,Oral health education (procedure),0.00,37266,p,0.00,0.00,124.09,124.09,6f45f2e9-a617-570a-1cd2-96a75b27fad7,,6f45f2e9-a617-570a-2d9c-b0c0f17ad90f,1,2e190550-b660-3228-a23c-dc3466037126,2e190550-b660-3228-a23c-dc3466037126
e627bc56-51de-1595-079b-d9330f60d0a9,6f45f2e9-a617-570a-226d-f03e5e09ef18,37268,6f45f2e9-a617-570a-8867-dec1260088bb,PAYMENT,,CC,2016-10-27T08:30:58Z,2016-10-27T08:46:45Z,fe61f80c-951c-3dfb-8704-ae1da96fef2e,243085009,,,1,,,,1,1,Oral health education (procedure),0.00,,,124.09,0.00,,0.00,6f45f2e9-a617-570a-1cd2-96a75b27fad7,,6f45f2e9-a617-570a-2d9c-b0c0f17ad90f,1,2e190550-b660-3228-a23c-dc3466037126,2e190550-b660-3228-a23c-dc3466037126
a77e1f6a-7559-5969-4063-68f4061367d9,6f45f2e9-a617-570a-ee01-61c09f98ec17,37270,6f45f2e9-a617-570a-8867-dec1260088bb,CHARGE,165.00,,2016-12-27T06:34:20Z,2016-12-27T07:34:20Z,ce6d79ed-6c4d-3ddd-aedb-c73f90d491b6,50849002,,,1,2,3,,1,4,Emergency room admission (procedure),165.00,,1,0.00,0.00,,0.00,6f45f2e9-a617-570a-6b86-bb209d13eaf1,,6f45f2e9-a617-570a-2d9c-b0c0f17ad90f,1,782c5171-b196-33f0-81e0-39b5effa5c32,782c5171-b196-33f0-81e0-39b5effa5c32
4efc3ed7-eab2-b2d3-80c6-d1eb0c26cfb2,6f45f2e9-a617-570a-ee01-61c09f98ec17,37271,6f45f2e9-a617-570a-8867-dec1260088bb,PAYMENT,,ECHECK,2016-12-27T06:34:20Z,2016-12-27T07:34:20Z,ce6d79ed-6c4d-3ddd-aedb-c73f90d491b6,50849002,,,1,2,3,,1,4,Emergency room admission (procedure),0.00,,,132.00,0.00,,33.00,6f45f2e9-a617-570a-6b86-bb209d13eaf1,,6f45f2e9-a617-570a-2d9c-b0c0f17ad90f,1,782c5171-b196-33f0-81e0-39b5effa5c32,782c5171-b196-33f0-81e0-39b5effa5c32
9df87db2-d565-65a6-018d-a3d9184d9f65,6f45f2e9-a617-570a-ee01-61c09f98ec17,37272,6f45f2e9-a617-570a-8867-dec1260088bb,TRANSFEROUT,,,2016-12-27T06:34:20Z,2016-12-27T07:34:20Z,ce6d79ed-6c4d-3ddd-aedb-c73f90d491b6,50849002,,,1,2,3,,1,4,Emergency room admission (procedure),0.00,,,0.00,0.00,33.00,33.00,6f45f2e9-a617-570a-6b86-bb209d13eaf1,,6f45f2e9-a617-570a-2d9c-b0c0f17ad90f,1,782c5171-b196-33f0-81e0-39b5effa5c32,782c5171-b196-33f0-81e0-39b5effa5c32
3bf0fb69-aaca-cb4d-031b-47be309b3eca,6f45f2e9-a617-570a-ee01-61c09f98ec17,37273,6f45f2e9-a617-570a-8867-dec1260088bb,TRANSFERIN,33.00,,2016-12-27T06:34:20Z,2016-12-27T07:34:20Z,ce6d79ed-6c4d-3ddd-aedb-c73f90d491b6,50849002,,,1,2,3,,1,4,Emergency room admission (procedure),0.00,37272,p,0.00,0.00,33.00,33.00,6f45f2e9-a617-570a-6b86-bb209d13eaf1,,6f45f2e9-a617-570a-2d9c-b0c0f17ad90f,1,782c5171-b196-33f0-81e0-39b5effa5c32,782c5171-b196-33f0-81e0-39b5effa5c32
77e1f6e9-5595-969a-0636-8f8261367d94,6f45f2e9-a617-570a-ee01-61c09f98ec17,37274,6f45f2e9-a617-570a-8867-dec1260088bb,PAYMENT,,CC,2016-12-27T06:34:20Z,2016-12-27T07:34:20Z,ce6d79ed-6c4d-3ddd-aedb-c73f90d491b6,50849002,,,1,2,3,,1,4,Emergency room admission (procedure),0.00,,,33.00,0.00,,0.00,6f45f2e9-a617-570a-6b86-bb209d13eaf1,,6f45f2e9-a617-570a-2d9c-b0c0f17ad90f,1,782c5171-b196-33f0-81e0-39b5effa5c32,782c5171-b196-33f0-81e0-39b5effa5c32
8857c011-3d99-5281-4266-2faa22e2dc12,6f45f2e9-a617-570a-8c03-3e9e8bd454e5,37276,6f45f2e9-a617-570a-8867-dec1260088bb,CHARGE,231.50,,2016-12-27T06:34:20Z,2017-01-27T06:34:20Z,ce6d79ed-6c4d-3ddd-aedb-c73f90d491b6,313820,,,1,2,3,,1,4,Acetaminophen 160 MG Chewable Tablet,231.50,,1,0.00,0.00,,0.00,6f45f2e9-a617-570a-6b86-bb209d13eaf1,,6f45f2e9-a617-570a-2d9c-b0c0f17ad90f,1,782c5171-b196-33f0-81e0-39b5effa5c32,782c5171-b196-33f0-81e0-39b5effa5c32
10af8022-7b32-a603-84cc-5f5445c5bb24,6f45f2e9-a617-570a-8c03-3e9e8bd454e5,37277,6f45f2e9-a617-570a-8867-dec1260088bb,PAYMENT,,ECHECK,2016-12-27T06:34:20Z,2017-01-27T06:34:20Z,ce6d79ed-6c4d-3ddd-aedb-c73f90d491b6,313820,,,1,2,3,,1,4,Acetaminophen 160 MG Chewable Tablet,0.00,,,185.20,0.00,,46.30,6f45f2e9-a617-570a-6b86-bb209d13eaf1,,6f45f2e9-a617-570a-2d9c-b0c0f17ad90f,1,782c5171-b196-33f0-81e0-39b5effa5c32,782c5171-b196-33f0-81e0-39b5effa5c32
215f0044-f665-5306-0998-bea88b8b7949,6f45f2e9-a617-570a-8c03-3e9e8bd454e5,37278,6f45f2e9-a617-570a-8867-dec1260088bb,TRANSFEROUT,,,2016-12-27T06:34:20Z,2017-01-27T06:34:20Z,ce6d79ed-6c4d-3ddd-aedb-c73f90d491b6,313820,,,1,2,3,,1,4,Acetaminophen 160 MG Chewable Tablet,0.00,,,0.00,0.00,46.30,46.30,6f45f2e9-a617-570a-6b86-bb209d13eaf1,,6f45f2e9-a617-570a-2d9c-b0c0f17ad90f,1,782c5171-b196-33f0-81e0-39b5effa5c32,782c5171-b196-33f0-81e0-39b5effa5c32
42be0089-ecca-aa0c-1331-7d511716fe92,6f45f2e9-a617-570a-8c03-3e9e8bd454e5,37279,6f45f2e9-a617-570a-8867-dec1260088bb,TRANSFERIN,46.30,,2016-12-27T06:34:20Z,2017-01-27T06:34:20Z,ce6d79ed-6c4d-3ddd-aedb-c73f90d491b6,313820,,,1,2,3,,1,4,Acetaminophen 160 MG Chewable Tablet,0.00,37278,p,0.00,0.00,46.30,46.30,6f45f2e9-a617-570a-6b86-bb209d13eaf1,,6f45f2e9-a617-570a-2d9c-b0c0f17ad90f,1,782c5171-b196-33f0-81e0-39b5effa5c32,782c5171-b196-33f0-81e0-39b5effa5c32
227b32d7-eb10-af80-5445-c5eb0c84cc5f,6f45f2e9-a617-570a-8c03-3e9e8bd454e5,37280,6f45f2e9-a617-570a-8867-dec1260088bb,PAYMENT,,CC,2016-12-27T06:34:20Z,2017-01-27T06:34:20Z,ce6d79ed-6c4d-3ddd-aedb-c73f90d491b6,313820,,,1,2,3,,1,4,Acetaminophen 160 MG Chewable Tablet,0.00,,,46.30,0.00,,0.00,6f45f2e9-a617-570a-6b86-bb209d13eaf1,,6f45f2e9-a617-570a-2d9c-b0c0f17ad90f,1,782c5171-b196-33f0-81e0-39b5effa5c32,782c5171-b196-33f0-81e0-39b5effa5c32
330e2cdc-e0ea-ece9-3eaf-13d66f3f8582,6f45f2e9-a617-570a-dc23-8297ad101452,37282,6f45f2e9-a617-570a-8867-dec1260088bb,CHARGE,166.70,,2016-12-27T06:34:20Z,2017-01-13T06:49:20Z,74186f3f-523b-3157-a8c6-6e104d106cb5,32485007,,,1,,,,1,8,Hospital admission (procedure),166.70,,1,0.00,0.00,,0.00,6f45f2e9-a617-570a-c4c5-0e1385599b49,,6f45f2e9-a617-570a-2d9c-b0c0f17ad90f,1,f16eb5e7-f3cb-3b61-b8dc-be8172542a44,f16eb5e7-f3cb-3b61-b8dc-be8172542a44
661c59b9-c1d5-d9e2-7d5e-27acde7f0b34,6f45f2e9-a617-570a-dc23-8297ad101452,37283,6f45f2e9-a617-570a-8867-dec1260088bb,PAYMENT,,ECHECK,2016-12-27T06:34:20Z,2017-01-13T06:49:20Z,74186f3f-523b-3157-a8c6-6e104d106cb5,32485007,,,1,,,,1,8,Hospital admission (procedure),0.00,,,133.36,0.00,,33.34,6f45f2e9-a617-570a-c4c5-0e1385599b49,,6f45f2e9-a617-570a-2d9c-b0c0f17ad90f,1,f16eb5e7-f3cb-3b61-b8dc-be8172542a44,f16eb5e7-f3cb-3b61-b8dc-be8172542a44
cc38b373-83ab-b434-fabc-4f59bcfe1698,6f45f2e9-a617-570a-dc23-8297ad101452,37284,6f45f2e9-a617-570a-8867-dec1260088bb,TRANSFEROUT,,,2016-12-27T06:34:20Z,2017-01-13T06:49:20Z,74186f3f-523b-3157-a8c6-6e104d106cb5,32485007,,,1,,,,1,8,Hospital admission (procedure),0.00,,,0.00,0.00,33.34,33.34,6f45f2e9-a617-570a-c4c5-0e1385599b49,,6f45f2e9-a617-570a-2d9c-b0c0f17ad90f,1,f16eb5e7-f3cb-3b61-b8dc-be8172542a44,f16eb5e7-f3cb-3b61-b8dc-be8172542a44
987166e7-0757-68a9-f578-9eb379fc2df1,6f45f2e9-a617-570a-dc23-8297ad101452,37285,6f45f2e9-a617-570a-8867-dec1260088bb,TRANSFERIN,33.34,,2016-12-27T06:34:20Z,2017-01-13T06:49:20Z,74186f3f-523b-3157-a8c6-6e104d106cb5,32485007,,,1,,,,1,8,Hospital admission (procedure),0.00,37284,p,0.00,0.00,33.34,33.34,6f45f2e9-a617-570a-c4c5-0e1385599b49,,6f45f2e9-a617-570a-2d9c-b0c0f17ad90f,1,f16eb5e7-f3cb-3b61-b8dc-be8172542a44,f16eb5e7-f3cb-3b61-b8dc-be8172542a44
30e2cdce-0eae-d283-eaf1-3d66f3f85c13,6f45f2e9-a617-570a-dc23-8297ad101452,37286,6f45f2e9-a617-570a-8867-dec1260088bb,PAYMENT,,CC,2016-12-27T06:34:20Z,2017-01-13T06:49:20Z,74186f3f-523b-3157-a8c6-6e104d106cb5,32485007,,,1,,,,1,8,Hospital admission (procedure),0.00,,,33.34,0.00,,0.00,6f45f2e9-a617-570a-c4c5-0e1385599b49,,6f45f2e9-a617-570a-2d9c-b0c0f17ad90f,1,f16eb5e7-f3cb-3b61-b8dc-be8172542a44,f16eb5e7-f3cb-3b61-b8dc-be8172542a44
c38b3738-3abb-530c-abc4-f59bcfe1794f,6f45f2e9-a617-570a-dc23-8297ad101452,37288,6f45f2e9-a617-570a-8867-dec1260088bb,CHARGE,620.44,,2016-12-27T06:34:20Z,2016-12-27T06:49:20Z,74186f3f-523b-3157-a8c6-6e104d106cb5,63332003,,,1,,,,1,8,History AND physical examination (procedure),620.44,,1,0.00,0.00,,0.00,6f45f2e9-a617-570a-c4c5-0e1385599b49,,6f45f2e9-a617-570a-2d9c-b0c0f17ad90f,1,f16eb5e7-f3cb-3b61-b8dc-be8172542a44,f16eb5e7-f3cb-3b61-b8dc-be8172542a44
87166e70-7576-aa19-5789-eb379fc2fe9f,6f45f2e9-a617-570a-dc23-8297ad101452,37289,6f45f2e9-a617-570a-8867-dec1260088bb,PAYMENT,,ECHECK,2016-12-27T06:34:20Z,2016-12-27T06:49:20Z,74186f3f-523b-3157-a8c6-6e104d106cb5,63332003,,,1,,,,1,8,History AND physical examination (procedure),0.00,,,496.35,0.00,,124.09,6f45f2e9-a617-570a-c4c5-0e1385599b49,,6f45f2e9-a617-570a-2d9c-b0c0f17ad90f,1,f16eb5e7-f3cb-3b61-b8dc-be8172542a44,f16eb5e7-f3cb-3b61-b8dc-be8172542a44
9c1d5dd7-ee61-c59b-cde7-f0eb0fd5e27a,6f45f2e9-a617-570a-dc23-8297ad101452,37290,6f45f2e9-a617-570a-8867-dec1260088bb,TRANSFEROUT,,,2016-12-27T06:34:20Z,2016-12-27T06:49:20Z,74186f3f-523b-3157-a8c6-6e104d106cb5,63332003,,,1,,,,1,8,History AND physical examination (procedure),0.00,,,0.00,0.00,124.09,124.09,6f45f2e9-a617-570a-c4c5-0e1385599b49,,6f45f2e9-a617-570a-2d9c-b0c0f17ad90f,1,f16eb5e7-f3cb-3b61-b8dc-be8172542a44,f16eb5e7-f3cb-3b61-b8dc-be8172542a44
383abbb2-dcc3-8b37-9bcf-e1d91fabc4f5,6f45f2e9-a617-570a-dc23-8297ad101452,37291,6f45f2e9-a617-570a-8867-dec1260088bb,TRANSFERIN,124.09,,2016-12-27T06:34:20Z,2016-12-27T06:49:20Z,74186f3f-523b-3157-a8c6-6e104d106cb5,63332003,,,1,,,,1,8,History AND physical examination (procedure),0.00,37290,p,0.00,0.00,124.09,124.09,6f45f2e9-a617-570a-c4c5-0e1385599b49,,6f45f2e9-a617-570a-2d9c-b0c0f17ad90f,1,f16eb5e7-f3cb-3b61-b8dc-be8172542a44,f16eb5e7-f3cb-3b61-b8dc-be8172542a44
70757769-b987-166e-379f-c3be3f5789eb,6f45f2e9-a617-570a-dc23-8297ad101452,37292,6f45f2e9-a617-570a-8867-dec1260088bb,PAYMENT,,CC,2016-12-27T06:34:20Z,2016-12-27T06:49:20Z,74186f3f-523b-3157-a8c6-6e104d106cb5,63332003,,,1,,,,1,8,History AND physical examination (procedure),0.00,,,124.09,0.00,,0.00,6f45f2e9-a617-570a-c4c5-0e1385599b49,,6f45f2e9-a617-570a-2d9c-b0c0f17ad90f,1,f16eb5e7-f3cb-3b61-b8dc-be8172542a44,f16eb5e7-f3cb-3b61-b8dc-be8172542a44
c1d5dde2-e61c-59b9-de7f-0f34fd5e27ac,6f45f2e9-a617-570a-dc23-8297ad101452,37294,6f45f2e9-a617-570a-8867-dec1260088bb,CHARGE,620.44,,2016-12-27T06:34:20Z,2016-12-27T06:49:20Z,74186f3f-523b-3157-a8c6-6e104d106cb5,315639002,,,1,,,,1,8,Initial patient assessment (procedure),620.44,,1,0.00,0.00,,0.00,6f45f2e9-a617-570a-c4c5-0e1385599b49,,6f45f2e9-a617-570a-2d9c-b0c0f17ad90f,1,f16eb5e7-f3cb-3b61-b8dc-be8172542a44,f16eb5e7-f3cb-3b61-b8dc-be8172542a44
83abbc35-cc38-b373-bcfe-1e99fabc4f59,6f45f2e9-a617-570a-dc23-8297ad101452,37295,6f45f2e9-a617-570a-8867-dec1260088bb,PAYMENT,,ECHECK,2016-12-27T06:34:20Z,2016-12-27T06:49:20Z,74186f3f-523b-3157-a8c6-6e104d106cb5,315639002,,,1,,,,1,8,Initial patient assessment (procedure),0.00,,,496.35,0.00,,124.09,6f45f2e9-a617-570a-c4c5-0e1385599b49,,6f45f2e9-a617-570a-2d9c-b0c0f17ad90f,1,f16eb5e7-f3cb-3b61-b8dc-be8172542a44,f16eb5e7-f3cb-3b61-b8dc-be8172542a44
075778ab-9871-66e7-79fc-3df3f5789eb3,6f45f2e9-a617-570a-dc23-8297ad101452,37296,6f45f2e9-a617-570a-8867-dec1260088bb,TRANSFEROUT,,,2016-12-27T06:34:20Z,2016-12-27T06:49:20Z,74186f3f-523b-3157-a8c6-6e104d106cb5,315639002,,,1,,,,1,8,Initial patient assessment (procedure),0.00,,,0.00,0.00,124.09,124.09,6f45f2e9-a617-570a-c4c5-0e1385599b49,,6f45f2e9-a617-570a-2d9c-b0c0f17ad90f,1,f16eb5e7-f3cb-3b61-b8dc-be8172542a44,f16eb5e7-f3cb-3b61-b8dc-be8172542a44
0eaef287-30e2-cdce-f3f8-7c17eaf13d66,6f45f2e9-a617-570a-dc23-8297ad101452,37297,6f45f2e9-a617-570a-8867-dec1260088bb,TRANSFERIN,124.09,,2016-12-27T06:34:20Z,2016-12-27T06:49:20Z,74186f3f-523b-3157-a8c6-6e104d106cb5,315639002,,,1,,,,1,8,Initial patient assessment (procedure),0.00,37296,p,0.00,0.00,124.09,124.09,6f45f2e9-a617-570a-c4c5-0e1385599b49,,6f45f2e9-a617-570a-2d9c-b0c0f17ad90f,1,f16eb5e7-f3cb-3b61-b8dc-be8172542a44,f16eb5e7-f3cb-3b61-b8dc-be8172542a44
1d5de60e-61c5-9b9c-e7f0-fb2fd5e27acd,6f45f2e9-a617-570a-dc23-8297ad101452,37298,6f45f2e9-a617-570a-8867-dec1260088bb,PAYMENT,,CC,2016-12-27T06:34:20Z,2016-12-27T06:49:20Z,74186f3f-523b-3157-a8c6-6e104d106cb5,315639002,,,1,,,,1,8,Initial patient assessment (procedure),0.00,,,124.09,0.00,,0.00,6f45f2e9-a617-570a-c4c5-0e1385599b49,,6f45f2e9-a617-570a-2d9c-b0c0f17ad90f,1,f16eb5e7-f3cb-3b61-b8dc-be8172542a44,f16eb5e7-f3cb-3b61-b8dc-be8172542a44
42a36c16-1236-262b-2d42-eb65c1c15127,6f45f2e9-a617-570a-dc23-8297ad101452,37300,6f45f2e9-a617-570a-8867-dec1260088bb,CHARGE,620.44,,2016-12-27T06:34:20Z,2016-12-27T06:49:20Z,74186f3f-523b-3157-a8c6-6e104d106cb5,370789001,,,1,,,,1,8,Development of individualized plan of care (procedure),620.44,,1,0.00,0.00,,0.00,6f45f2e9-a617-570a-c4c5-0e1385599b49,,6f45f2e9-a617-570a-2d9c-b0c0f17ad90f,1,f16eb5e7-f3cb-3b61-b8dc-be8172542a44,f16eb5e7-f3cb-3b61-b8dc-be8172542a44
0e2cdce0-eb19-6a0a-af13-d66f3fb20315,6f45f2e9-a617-570a-dc23-8297ad101452,37301,6f45f2e9-a617-570a-8867-dec1260088bb,PAYMENT,,ECHECK,2016-12-27T06:34:20Z,2016-12-27T06:49:20Z,74186f3f-523b-3157-a8c6-6e104d106cb5,370789001,,,1,,,,1,8,Development of individualized plan of care (procedure),0.00,,,496.35,0.00,,124.09,6f45f2e9-a617-570a-c4c5-0e1385599b49,,6f45f2e9-a617-570a-2d9c-b0c0f17ad90f,1,f16eb5e7-f3cb-3b61-b8dc-be8172542a44,f16eb5e7-f3cb-3b61-b8dc-be8172542a44
1c59b9c1-d632-e414-5e27-acde7f64362b,6f45f2e9-a617-570a-dc23-8297ad101452,37302,6f45f2e9-a617-570a-8867-dec1260088bb,TRANSFEROUT,,,2016-12-27T06:34:20Z,2016-12-27T06:49:20Z,74186f3f-523b-3157-a8c6-6e104d106cb5,370789001,,,1,,,,1,8,Development of individualized plan of care (procedure),0.00,,,0.00,0.00,124.09,124.09,6f45f2e9-a617-570a-c4c5-0e1385599b49,,6f45f2e9-a617-570a-2d9c-b0c0f17ad90f,1,f16eb5e7-f3cb-3b61-b8dc-be8172542a44,f16eb5e7-f3cb-3b61-b8dc-be8172542a44
38b37383-ac66-3828-bc4f-59bcfec89c56,6f45f2e9-a617-570a-dc23-8297ad101452,37303,6f45f2e9-a617-570a-8867-dec1260088bb,TRANSFERIN,124.09,,2016-12-27T06:34:20Z,2016-12-27T06:49:20Z,74186f3f-523b-3157-a8c6-6e104d106cb5,370789001,,,1,,,,1,8,Development of individualized plan of care (procedure),0.00,37302,p,0.00,0.00,124.09,124.09,6f45f2e9-a617-570a-c4c5-0e1385599b49,,6f45f2e9-a617-570a-2d9c-b0c0f17ad90f,1,f16eb5e7-f3cb-3b61-b8dc-be8172542a44,f16eb5e7-f3cb-3b61-b8dc-be8172542a44
7166e707-58cc-b050-789e-b379fd91f8ad,6f45f2e9-a617-570a-dc23-8297ad101452,37304,6f45f2e9-a617-570a-8867-dec1260088bb,PAYMENT,,CC,2016-12-27T06:34:20Z,2016-12-27T06:49:20Z,74186f3f-523b-3157-a8c6-6e104d106cb5,370789001,,,1,,,,1,8,Development of individualized plan of care (procedure),0.00,,,124.09,0.00,,0.00,6f45f2e9-a617-570a-c4c5-0e1385599b49,,6f45f2e9-a617-570a-2d9c-b0c0f17ad90f,1,f16eb5e7-f3cb-3b61-b8dc-be8172542a44,f16eb5e7-f3cb-3b61-b8dc-be8172542a44
c59b9c1d-6337-f141-e27a-cde7f64b12b5,6f45f2e9-a617-570a-dc23-8297ad101452,37306,6f45f2e9-a617-570a-8867-dec1260088bb,CHARGE,620.44,,2016-12-27T06:34:20Z,2016-12-27T06:49:20Z,74186f3f-523b-3157-a8c6-6e104d106cb5,410401003,,,1,,,,1,8,Nursing care/supplementary surveillance (regime/therapy),620.44,,1,0.00,0.00,,0.00,6f45f2e9-a617-570a-c4c5-0e1385599b49,,6f45f2e9-a617-570a-2d9c-b0c0f17ad90f,1,f16eb5e7-f3cb-3b61-b8dc-be8172542a44,f16eb5e7-f3cb-3b61-b8dc-be8172542a44
8b37383a-c672-e283-c4f5-9bcfec99256b,6f45f2e9-a617-570a-dc23-8297ad101452,37307,6f45f2e9-a617-570a-8867-dec1260088bb,PAYMENT,,ECHECK,2016-12-27T06:34:20Z,2016-12-27T06:49:20Z,74186f3f-523b-3157-a8c6-6e104d106cb5,410401003,,,1,,,,1,8,Nursing care/supplementary surveillance (regime/therapy),0.00,,,496.35,0.00,,124.09,6f45f2e9-a617-570a-c4c5-0e1385599b49,,6f45f2e9-a617-570a-2d9c-b0c0f17ad90f,1,f16eb5e7-f3cb-3b61-b8dc-be8172542a44,f16eb5e7-f3cb-3b61-b8dc-be8172542a44
166e7075-8ce9-c507-89eb-379fd93e4ad7,6f45f2e9-a617-570a-dc23-8297ad101452,37308,6f45f2e9-a617-570a-8867-dec1260088bb,TRANSFEROUT,,,2016-12-27T06:34:20Z,2016-12-27T06:49:20Z,74186f3f-523b-3157-a8c6-6e104d106cb5,410401003,,,1,,,,1,8,Nursing care/supplementary surveillance (regime/therapy),0.00,,,0.00,0.00,124.09,124.09,6f45f2e9-a617-570a-c4c5-0e1385599b49,,6f45f2e9-a617-570a-2d9c-b0c0f17ad90f,1,f16eb5e7-f3cb-3b61-b8dc-be8172542a44,f16eb5e7-f3cb-3b61-b8dc-be8172542a44
2cdce0eb-19e9-8a0e-13d6-6f3fb28295af,6f45f2e9-a617-570a-dc23-8297ad101452,37309,6f45f2e9-a617-570a-8867-dec1260088bb,TRANSFERIN,124.09,,2016-12-27T06:34:20Z,2016-12-27T06:49:20Z,74186f3f-523b-3157-a8c6-6e104d106cb5,410401003,,,1,,,,1,8,Nursing care/supplementary surveillance (regime/therapy),0.00,37308,p,0.00,0.00,124.09,124.09,6f45f2e9-a617-570a-c4c5-0e1385599b49,,6f45f2e9-a617-570a-2d9c-b0c0f17ad90f,1,f16eb5e7-f3cb-3b61-b8dc-be8172542a44,f16eb5e7-f3cb-3b61-b8dc-be8172542a44
3ac6d312-838b-3738-cfec-f9556bc4f59b,6f45f2e9-a617-570a-dc23-8297ad101452,37310,6f45f2e9-a617-570a-8867-dec1260088bb,PAYMENT,,CC,2016-12-27T06:34:20Z,2016-12-27T06:49:20Z,74186f3f-523b-3157-a8c6-6e104d106cb5,410401003,,,1,,,,1,8,Nursing care/supplementary surveillance (regime/therapy),0.00,,,124.09,0.00,,0.00,6f45f2e9-a617-570a-c4c5-0e1385599b49,,6f45f2e9-a617-570a-2d9c-b0c0f17ad90f,1,f16eb5e7-f3cb-3b61-b8dc-be8172542a44,f16eb5e7-f3cb-3b61-b8dc-be8172542a44
eb1b6a4a-0e2c-dce0-3fb4-0355af13d66f,6f45f2e9-a617-570a-dc23-8297ad101452,37312,6f45f2e9-a617-570a-8867-dec1260088bb,CHARGE,620.44,,2016-12-28T06:34:20Z,2016-12-28T06:49:20Z,74186f3f-523b-3157-a8c6-6e104d106cb5,410401003,,,1,,,,1,8,Nursing care/supplementary surveillance (regime/therapy),620.44,,1,0.00,0.00,,0.00,6f45f2e9-a617-570a-c4c5-0e1385599b49,,6f45f2e9-a617-570a-2d9c-b0c0f17ad90f,1,f16eb5e7-f3cb-3b61-b8dc-be8172542a44,f16eb5e7-f3cb-3b61-b8dc-be8172542a44
d636e494-1c59-b9c1-7f68-36ab5e27acde,6f45f2e9-a617-570a-dc23-8297ad101452,37313,6f45f2e9-a617-570a-8867-dec1260088bb,PAYMENT,,ECHECK,2016-12-28T06:34:20Z,2016-12-28T06:49:20Z,74186f3f-523b-3157-a8c6-6e104d106cb5,410401003,,,1,,,,1,8,Nursing care/supplementary surveillance (regime/therapy),0.00,,,496.35,0.00,,124.09,6f45f2e9-a617-570a-c4c5-0e1385599b49,,6f45f2e9-a617-570a-2d9c-b0c0f17ad90f,1,f16eb5e7-f3cb-3b61-b8dc-be8172542a44,f16eb5e7-f3cb-3b61-b8dc-be8172542a44
ac6e3928-38b3-7383-fed0-9d56bc4f59bc,6f45f2e9-a617-570a-dc23-8297ad101452,37314,6f45f2e9-a617-570a-8867-dec1260088bb,TRANSFEROUT,,,2016-12-28T06:34:20Z,2016-12-28T06:49:20Z,74186f3f-523b-3157-a8c6-6e104d106cb5,410401003,,,1,,,,1,8,Nursing care/supplementary surveillance (regime/therapy),0.00,,,0.00,0.00,124.09,124.09,6f45f2e9-a617-570a-c4c5-0e1385599b49,,6f45f2e9-a617-570a-2d9c-b0c0f17ad90f,1,f16eb5e7-f3cb-3b61-b8dc-be8172542a44,f16eb5e7-f3cb-3b61-b8dc-be8172542a44
58dcb250-7166-e707-fda1-faad789eb379,6f45f2e9-a617-570a-dc23-8297ad101452,37315,6f45f2e9-a617-570a-8867-dec1260088bb,TRANSFERIN,124.09,,2016-12-28T06:34:20Z,2016-12-28T06:49:20Z,74186f3f-523b-3157-a8c6-6e104d106cb5,410401003,,,1,,,,1,8,Nursing care/supplementary surveillance (regime/therapy),0.00,37314,p,0.00,0.00,124.09,124.09,6f45f2e9-a617-570a-c4c5-0e1385599b49,,6f45f2e9-a617-570a-2d9c-b0c0f17ad90f,1,f16eb5e7-f3cb-3b61-b8dc-be8172542a44,f16eb5e7-f3cb-3b61-b8dc-be8172542a44
b1ba7ca0-e2cd-ce0e-fb44-0d5af13d66f3,6f45f2e9-a617-570a-dc23-8297ad101452,37316,6f45f2e9-a617-570a-8867-dec1260088bb,PAYMENT,,CC,2016-12-28T06:34:20Z,2016-12-28T06:49:20Z,74186f3f-523b-3157-a8c6-6e104d106cb5,410401003,,,1,,,,1,8,Nursing care/supplementary surveillance (regime/therapy),0.00,,,124.09,0.00,,0.00,6f45f2e9-a617-570a-c4c5-0e1385599b49,,6f45f2e9-a617-570a-2d9c-b0c0f17ad90f,1,f16eb5e7-f3cb-3b61-b8dc-be8172542a44,f16eb5e7-f3cb-3b61-b8dc-be8172542a44
c6f2f283-8b37-383a-ed19-356bc4f59bcf,6f45f2e9-a617-570a-dc23-8297ad101452,37318,6f45f2e9-a617-570a-8867-dec1260088bb,CHARGE,620.44,,2016-12-28T06:34:20Z,2016-12-28T06:49:20Z,74186f3f-523b-3157-a8c6-6e104d106cb5,409023009,,,1,,,,1,8,Professional / ancillary services care (regime/therapy),620.44,,1,0.00,0.00,,0.00,6f45f2e9-a617-570a-c4c5-0e1385599b49,,6f45f2e9-a617-570a-2d9c-b0c0f17ad90f,1,f16eb5e7-f3cb-3b61-b8dc-be8172542a44,f16eb5e7-f3cb-3b61-b8dc-be8172542a44
8de9e507-166e-7075-da3e-6ad789eb379f,6f45f2e9-a617-570a-dc23-8297ad101452,37319,6f45f2e9-a617-570a-8867-dec1260088bb,PAYMENT,,ECHECK,2016-12-28T06:34:20Z,2016-12-28T06:49:20Z,74186f3f-523b-3157-a8c6-6e104d106cb5,409023009,,,1,,,,1,8,Professional / ancillary services care (regime/therapy),0.00,,,496.35,0.00,,124.09,6f45f2e9-a617-570a-c4c5-0e1385599b49,,6f45f2e9-a617-570a-2d9c-b0c0f17ad90f,1,f16eb5e7-f3cb-3b61-b8dc-be8172542a44,f16eb5e7-f3cb-3b61-b8dc-be8172542a44
41c59b9c-1d63-a605-b5e2-7acde7f6bb26,6f45f2e9-a617-570a-dc23-8297ad101452,37320,6f45f2e9-a617-570a-8867-dec1260088bb,TRANSFEROUT,,,2016-12-28T06:34:20Z,2016-12-28T06:49:20Z,74186f3f-523b-3157-a8c6-6e104d106cb5,409023009,,,1,,,,1,8,Professional / ancillary services care (regime/therapy),0.00,,,0.00,0.00,124.09,124.09,6f45f2e9-a617-570a-c4c5-0e1385599b49,,6f45f2e9-a617-570a-2d9c-b0c0f17ad90f,1,f16eb5e7-f3cb-3b61-b8dc-be8172542a44,f16eb5e7-f3cb-3b61-b8dc-be8172542a44
838b3738-3ac7-530a-6bc4-f59bcfed794d,6f45f2e9-a617-570a-dc23-8297ad101452,37321,6f45f2e9-a617-570a-8867-dec1260088bb,TRANSFERIN,124.09,,2016-12-28T06:34:20Z,2016-12-28T06:49:20Z,74186f3f-523b-3157-a8c6-6e104d106cb5,409023009,,,1,,,,1,8,Professional / ancillary services care (regime/therapy),0.00,37320,p,0.00,0.00,124.09,124.09,6f45f2e9-a617-570a-c4c5-0e1385599b49,,6f45f2e9-a617-570a-2d9c-b0c0f17ad90f,1,f16eb5e7-f3cb-3b61-b8dc-be8172542a44,f16eb5e7-f3cb-3b61-b8dc-be8172542a44
07166e70-758e-aa15-d789-eb379fdafe9a,6f45f2e9-a617-570a-dc23-8297ad101452,37322,6f45f2e9-a617-570a-8867-dec1260088bb,PAYMENT,,CC,2016-12-28T06:34:20Z,2016-12-28T06:49:20Z,74186f3f-523b-3157-a8c6-6e104d106cb5,409023009,,,1,,,,1,8,Professional / ancillary services care (regime/therapy),0.00,,,124.09,0.00,,0.00,6f45f2e9-a617-570a-c4c5-0e1385599b49,,6f45f2e9-a617-570a-2d9c-b0c0f17ad90f,1,f16eb5e7-f3cb-3b61-b8dc-be8172542a44,f16eb5e7-f3cb-3b61-b8dc-be8172542a44
1c59b9c1-d63a-e454-5e27-acde7f6c366b,6f45f2e9-a617-570a-dc23-8297ad101452,37324,6f45f2e9-a617-570a-8867-dec1260088bb,CHARGE,620.4400,,2016-12-29T06:34:20Z,2016-12-29T06:49:20Z,74186f3f-523b-3157-a8c6-6e104d106cb5,410401003,,,1,,,,1,8,Nursing care/supplementary surveillance (regime/therapy),620.44,,1,0.00,0.00,,0.00,6f45f2e9-a617-570a-c4c5-0e1385599b49,,6f45f2e9-a617-570a-2d9c-b0c0f17ad90f,1,f16eb5e7-f3cb-3b61-b8dc-be8172542a44,f16eb5e7-f3cb-3b61-b8dc-be8172542a44
38b37383-ac76-38a8-bc4f-59bcfed89cd6,6f45f2e9-a617-570a-dc23-8297ad101452,37325,6f45f2e9-a617-570a-8867-dec1260088bb,PAYMENT,,ECHECK,2016-12-29T06:34:20Z,2016-12-29T06:49:20Z,74186f3f-523b-3157-a8c6-6e104d106cb5,410401003,,,1,,,,1,8,Nursing care/supplementary surveillance (regime/therapy),0.00,,,496.35,0.00,,124.09,6f45f2e9-a617-570a-c4c5-0e1385599b49,,6f45f2e9-a617-570a-2d9c-b0c0f17ad90f,1,f16eb5e7-f3cb-3b61-b8dc-be8172542a44,f16eb5e7-f3cb-3b61-b8dc-be8172542a44
7166e707-58ec-b150-789e-b379fdb1f9ad,6f45f2e9-a617-570a-dc23-8297ad101452,37326,6f45f2e9-a617-570a-8867-dec1260088bb,TRANSFEROUT,,,2016-12-29T06:34:20Z,2016-12-29T06:49:20Z,74186f3f-523b-3157-a8c6-6e104d106cb5,410401003,,,1,,,,1,8,Nursing care/supplementary surveillance (regime/therapy),0.00,,,0.00,0.00,124.09,124.09,6f45f2e9-a617-570a-c4c5-0e1385599b49,,6f45f2e9-a617-570a-2d9c-b0c0f17ad90f,1,f16eb5e7-f3cb-3b61-b8dc-be8172542a44,f16eb5e7-f3cb-3b61-b8dc-be8172542a44
e2cdce0e-b1da-7aa0-f13d-66f3fb640b5a,4dc01a1a-05a7-4fdc-9744-4fa0cb5720fc,37327,6f45f2e9-a617-570a-8867-dec1260088bb,TRANSFERIN,124.09,,2016-12-29T06:34:20Z,2016-12-29T06:49:20Z,74186f3f-523b-3157-a8c6-6e104d106cb5,410401003,,,1,,,,1,8,Nursing care/supplementary surveillance (regime/therapy),0.00,37326,p,0.00,0.00,124.09,124.09,6f45f2e9-a617-570a-c4c5-0e1385599b49,,6f45f2e9-a617-570a-2d9c-b0c0f17ad90f,1,f16eb5e7-f3cb-3b61-b8dc-be8172542a44,f16eb5e7-f3cb-3b61-b8dc-be8172542a44
c59b9c1d-63b7-f541-e27a-cde7f6cb16b5,6f45f2e9-a617-570a-dc23-8297ad101452,37328,6f45f2e9-a617-570a-8867-dec1260088bb,PAYMENT,,CC,2016-12-29T06:34:20Z,2016-12-29T06:49:20Z,74186f3f-523b-3157-a8c6-6e104d106cb5,410401003,,,1,,,,1,8,Nursing care/supplementary surveillance (regime/therapy),0.00,,,124.09,0.00,,0.00,6f45f2e9-a617-570a-c4c5-0e1385599b49,,6f45f2e9-a617-570a-2d9c-b0c0f17ad90f,1,f16eb5e7-f3cb-3b61-b8dc-be8172542a44,f16eb5e7-f3cb-3b61-b8dc-be8172542a44
0eb1f286-a0e2-cdce-f3fb-7c175af13d66,6f45f2e9-a617-570a-dc23-8297ad101452,37330,6f45f2e9-a617-570a-8867-dec1260088bb,CHARGE,620.44,,2016-12-30T06:34:20Z,2016-12-30T06:49:20Z,74186f3f-523b-3157-a8c6-6e104d106cb5,410401003,,,1,,,,1,8,Nursing care/supplementary surveillance (regime/therapy),620.44,,1,0.00,0.00,,0.00,6f45f2e9-a617-570a-c4c5-0e1385599b49,,6f45f2e9-a617-570a-2d9c-b0c0f17ad90f,1,f16eb5e7-f3cb-3b61-b8dc-be8172542a44,f16eb5e7-f3cb-3b61-b8dc-be8172542a44
1d63e60d-41c5-9b9c-e7f6-fb2eb5e27acd,6f45f2e9-a617-570a-dc23-8297ad101452,37331,6f45f2e9-a617-570a-8867-dec1260088bb,PAYMENT,,ECHECK,2016-12-30T06:34:20Z,2016-12-30T06:49:20Z,74186f3f-523b-3157-a8c6-6e104d106cb5,410401003,,,1,,,,1,8,Nursing care/supplementary surveillance (regime/therapy),0.00,,,496.35,0.00,,124.09,6f45f2e9-a617-570a-c4c5-0e1385599b49,,6f45f2e9-a617-570a-2d9c-b0c0f17ad90f,1,f16eb5e7-f3cb-3b61-b8dc-be8172542a44,f16eb5e7-f3cb-3b61-b8dc-be8172542a44
3ac7d31a-838b-3738-cfed-f95d6bc4f59b,6f45f2e9-a617-570a-dc23-8297ad101452,37332,6f45f2e9-a617-570a-8867-dec1260088bb,TRANSFEROUT,,,2016-12-30T06:34:20Z,2016-12-30T06:49:20Z,74186f3f-523b-3157-a8c6-6e104d106cb5,410401003,,,1,,,,1,8,Nursing care/supplementary surveillance (regime/therapy),0.00,,,0.00,0.00,124.09,124.09,6f45f2e9-a617-570a-c4c5-0e1385599b49,,6f45f2e9-a617-570a-2d9c-b0c0f17ad90f,1,f16eb5e7-f3cb-3b61-b8dc-be8172542a44,f16eb5e7-f3cb-3b61-b8dc-be8172542a44
758faa35-0716-6e70-9fdb-febad789eb37,6f45f2e9-a617-570a-dc23-8297ad101452,37333,6f45f2e9-a617-570a-8867-dec1260088bb,TRANSFERIN,124.09,,2016-12-30T06:34:20Z,2016-12-30T06:49:20Z,74186f3f-523b-3157-a8c6-6e104d106cb5,410401003,,,1,,,,1,8,Nursing care/supplementary surveillance (regime/therapy),0.00,37332,p,0.00,0.00,124.09,124.09,6f45f2e9-a617-570a-c4c5-0e1385599b49,,6f45f2e9-a617-570a-2d9c-b0c0f17ad90f,1,f16eb5e7-f3cb-3b61-b8dc-be8172542a44,f16eb5e7-f3cb-3b61-b8dc-be8172542a44
eb1f6a6a-0e2c-dce0-3fb8-0375af13d66f,6f45f2e9-a617-570a-dc23-8297ad101452,37334,6f45f2e9-a617-570a-8867-dec1260088bb,PAYMENT,,CC,2016-12-30T06:34:20Z,2016-12-30T06:49:20Z,74186f3f-523b-3157-a8c6-6e104d106cb5,410401003,,,1,,,,1,8,Nursing care/supplementary surveillance (regime/therapy),0.00,,,124.09,0.00,,0.00,6f45f2e9-a617-570a-c4c5-0e1385599b49,,6f45f2e9-a617-570a-2d9c-b0c0f17ad90f,1,f16eb5e7-f3cb-3b61-b8dc-be8172542a44,f16eb5e7-f3cb-3b61-b8dc-be8172542a44
ac7e39a8-38b3-7383-fee0-9dd6bc4f59bc,6f45f2e9-a617-570a-dc23-8297ad101452,37336,6f45f2e9-a617-570a-8867-dec1260088bb,CHARGE,620.44,,2016-12-31T06:34:20Z,2016-12-31T06:49:20Z,74186f3f-523b-3157-a8c6-6e104d106cb5,410401003,,,1,,,,1,8,Nursing care/supplementary surveillance (regime/therapy),620.44,,1,0.00,0.00,,0.00,6f45f2e9-a617-570a-c4c5-0e1385599b49,,6f45f2e9-a617-570a-2d9c-b0c0f17ad90f,1,f16eb5e7-f3cb-3b61-b8dc-be8172542a44,f16eb5e7-f3cb-3b61-b8dc-be8172542a44
58fcb350-7166-e707-fdc1-fbad789eb379,6f45f2e9-a617-570a-dc23-8297ad101452,37337,6f45f2e9-a617-570a-8867-dec1260088bb,PAYMENT,,ECHECK,2016-12-31T06:34:20Z,2016-12-31T06:49:20Z,74186f3f-523b-3157-a8c6-6e104d106cb5,410401003,,,1,,,,1,8,Nursing care/supplementary surveillance (regime/therapy),0.00,,,496.3500,0.00,,124.09,6f45f2e9-a617-570a-c4c5-0e1385599b49,,6f45f2e9-a617-570a-2d9c-b0c0f17ad90f,1,f16eb5e7-f3cb-3b61-b8dc-be8172542a44,f16eb5e7-f3cb-3b61-b8dc-be8172542a44
b1fa7ea0-e2cd-ce0e-fb84-0f5af13d66f3,6f45f2e9-a617-570a-dc23-8297ad101452,37338,6f45f2e9-a617-570a-8867-dec1260088bb,TRANSFEROUT,,,2016-12-31T06:34:20Z,2016-12-31T06:49:20Z,74186f3f-523b-3157-a8c6-6e104d106cb5,410401003,,,1,,,,1,8,Nursing care/supplementary surveillance (regime/therapy),0.00,,,0.00,0.00,124.09,124.09,6f45f2e9-a617-570a-c4c5-0e1385599b49,,6f45f2e9-a617-570a-2d9c-b0c0f17ad90f,1,f16eb5e7-f3cb-3b61-b8dc-be8172542a44,f16eb5e7-f3cb-3b61-b8dc-be8172542a44
63f7fd41-c59b-9c1d-f70b-1eb5e27acde7,6f45f2e9-a617-570a-dc23-8297ad101452,37339,6f45f2e9-a617-570a-8867-dec1260088bb,TRANSFERIN,124.09,,2016-12-31T06:34:20Z,2016-12-31T06:49:20Z,74186f3f-523b-3157-a8c6-6e104d106cb5,410401003,,,1,,,,1,8,Nursing care/supplementary surveillance (regime/therapy),0.00,37338,p,0.00,0.00,124.09,124.09,6f45f2e9-a617-570a-c4c5-0e1385599b49,,6f45f2e9-a617-570a-2d9c-b0c0f17ad90f,1,f16eb5e7-f3cb-3b61-b8dc-be8172542a44,f16eb5e7-f3cb-3b61-b8dc-be8172542a44
107166e7-0759-08a8-6d78-9eb379fdcdf0,6f45f2e9-a617-570a-dc23-8297ad101452,37340,6f45f2e9-a617-570a-8867-dec1260088bb,PAYMENT,,CC,2016-12-31T06:34:20Z,2016-12-31T06:49:20Z,74186f3f-523b-3157-a8c6-6e104d106cb5,410401003,,,1,,,,1,8,Nursing care/supplementary surveillance (regime/therapy),0.00,,,124.0900,0.00,,0.00,6f45f2e9-a617-570a-c4c5-0e1385599b49,,6f45f2e9-a617-570a-2d9c-b0c0f17ad90f,1,f16eb5e7-f3cb-3b61-b8dc-be8172542a44,f16eb5e7-f3cb-3b61-b8dc-be8172542a44
838b3738-3ac8-5300-6bc4-f59bcfee7943,6f45f2e9-a617-570a-dc23-8297ad101452,37343,6f45f2e9-a617-570a-8867-dec1260088bb,PAYMENT,,ECHECK,2017-01-01T06:34:20Z,2017-01-01T06:49:20Z,74186f3f-523b-3157-a8c6-6e104d106cb5,410401003,,,1,,,,1,8,Nursing care/supplementary surveillance (regime/therapy),0.00,,,496.35,0.00,,124.09,6f45f2e9-a617-570a-c4c5-0e1385599b49,,6f45f2e9-a617-570a-2d9c-b0c0f17ad90f,1,f16eb5e7-f3cb-3b61-b8dc-be8172542a44,f16eb5e7-f3cb-3b61-b8dc-be8172542a44
07166e70-7590-aa01-d789-eb379fdcfe86,6f45f2e9-a617-570a-dc23-8297ad101452,37344,6f45f2e9-a617-570a-8867-dec1260088bb,TRANSFEROUT,,,2017-01-01T06:34:20Z,2017-01-01T06:49:20Z,74186f3f-523b-3157-a8c6-6e104d106cb5,410401003,,,1,,,,1,8,Nursing care/supplementary surveillance (regime/therapy),0.00,,,0.00,0.00,124.09,124.09,6f45f2e9-a617-570a-c4c5-0e1385599b49,,6f45f2e9-a617-570a-2d9c-b0c0f17ad90f,1,f16eb5e7-f3cb-3b61-b8dc-be8172542a44,f16eb5e7-f3cb-3b61-b8dc-be8172542a44
0e2cdce0-eb21-6a02-af13-d66f3fba030d,6f45f2e9-a617-570a-dc23-8297ad101452,37345,6f45f2e9-a617-570a-8867-dec1260088bb,TRANSFERIN,124.09,,2017-01-01T06:34:20Z,2017-01-01T06:49:20Z,74186f3f-523b-3157-a8c6-6e104d106cb5,410401003,,,1,,,,1,8,Nursing care/supplementary surveillance (regime/therapy),0.00,37344,p,0.00,0.00,124.09,124.09,6f45f2e9-a617-570a-c4c5-0e1385599b49,,6f45f2e9-a617-570a-2d9c-b0c0f17ad90f,1,f16eb5e7-f3cb-3b61-b8dc-be8172542a44,f16eb5e7-f3cb-3b61-b8dc-be8172542a44
1c59b9c1-d642-e404-5e27-acde7f74361b,6f45f2e9-a617-570a-dc23-8297ad101452,37346,6f45f2e9-a617-570a-8867-dec1260088bb,PAYMENT,,CC,2017-01-01T06:34:20Z,2017-01-01T06:49:20Z,74186f3f-523b-3157-a8c6-6e104d106cb5,410401003,,,1,,,,1,8,Nursing care/supplementary surveillance (regime/therapy),0.00,,,124.09,0.00,,0.00,6f45f2e9-a617-570a-c4c5-0e1385599b49,,6f45f2e9-a617-570a-2d9c-b0c0f17ad90f,1,f16eb5e7-f3cb-3b61-b8dc-be8172542a44,f16eb5e7-f3cb-3b61-b8dc-be8172542a44
7166e707-590c-b010-789e-b379fdd1f86d,6f45f2e9-a617-570a-dc23-8297ad101452,37348,6f45f2e9-a617-570a-8867-dec1260088bb,CHARGE,620.44,,2017-01-02T06:34:20Z,2017-01-02T06:49:20Z,74186f3f-523b-3157-a8c6-6e104d106cb5,410401003,,,1,,,,1,8,Nursing care/supplementary surveillance (regime/therapy),620.44,,1,0.00,0.00,,0.00,6f45f2e9-a617-570a-c4c5-0e1385599b49,,6f45f2e9-a617-570a-2d9c-b0c0f17ad90f,1,f16eb5e7-f3cb-3b61-b8dc-be8172542a44,f16eb5e7-f3cb-3b61-b8dc-be8172542a44
e2cdce0e-b21a-7820-f13d-66f3fba408da,6f45f2e9-a617-570a-dc23-8297ad101452,37349,6f45f2e9-a617-570a-8867-dec1260088bb,PAYMENT,,ECHECK,2017-01-02T06:34:20Z,2017-01-02T06:49:20Z,74186f3f-523b-3157-a8c6-6e104d106cb5,410401003,,,1,,,,1,8,Nursing care/supplementary surveillance (regime/therapy),0.00,,,496.35,0.00,,124.09,6f45f2e9-a617-570a-c4c5-0e1385599b49,,6f45f2e9-a617-570a-2d9c-b0c0f17ad90f,1,f16eb5e7-f3cb-3b61-b8dc-be8172542a44,f16eb5e7-f3cb-3b61-b8dc-be8172542a44
83ac8c35-0838-b373-bcfe-ee9936bc4f59,6f45f2e9-a617-570a-dc23-8297ad101452,37350,6f45f2e9-a617-570a-8867-dec1260088bb,TRANSFEROUT,,,2017-01-02T06:34:20Z,2017-01-02T06:49:20Z,74186f3f-523b-3157-a8c6-6e104d106cb5,410401003,,,1,,,,1,8,Nursing care/supplementary surveillance (regime/therapy),0.00,,,0.00,0.00,124.09,124.09,6f45f2e9-a617-570a-c4c5-0e1385599b49,,6f45f2e9-a617-570a-2d9c-b0c0f17ad90f,1,f16eb5e7-f3cb-3b61-b8dc-be8172542a44,f16eb5e7-f3cb-3b61-b8dc-be8172542a44
075918aa-1071-66e7-79fd-ddf26d789eb3,6f45f2e9-a617-570a-dc23-8297ad101452,37351,6f45f2e9-a617-570a-8867-dec1260088bb,TRANSFERIN,124.09,,2017-01-02T06:34:20Z,2017-01-02T06:49:20Z,74186f3f-523b-3157-a8c6-6e104d106cb5,410401003,,,1,,,,1,8,Nursing care/supplementary surveillance (regime/therapy),0.00,37350,p,0.00,0.00,124.09,124.09,6f45f2e9-a617-570a-c4c5-0e1385599b49,,6f45f2e9-a617-570a-2d9c-b0c0f17ad90f,1,f16eb5e7-f3cb-3b61-b8dc-be8172542a44,f16eb5e7-f3cb-3b61-b8dc-be8172542a44
0eb23284-20e2-cdce-f3fb-bc14daf13d66,6f45f2e9-a617-570a-dc23-8297ad101452,37352,6f45f2e9-a617-570a-8867-dec1260088bb,PAYMENT,,CC,2017-01-02T06:34:20Z,2017-01-02T06:49:20Z,74186f3f-523b-3157-a8c6-6e104d106cb5,410401003,,,1,,,,1,8,Nursing care/supplementary surveillance (regime/therapy),0.00,,,124.09,0.00,,0.00,6f45f2e9-a617-570a-c4c5-0e1385599b49,,6f45f2e9-a617-570a-2d9c-b0c0f17ad90f,1,f16eb5e7-f3cb-3b61-b8dc-be8172542a44,f16eb5e7-f3cb-3b61-b8dc-be8172542a44
3ac8d310-838b-3738-cfee-f9536bc4f59b,6f45f2e9-a617-570a-dc23-8297ad101452,37354,6f45f2e9-a617-570a-8867-dec1260088bb,CHARGE,620.44,,2017-01-03T06:34:20Z,2017-01-03T06:49:20Z,74186f3f-523b-3157-a8c6-6e104d106cb5,410401003,,,1,,,,1,8,Nursing care/supplementary surveillance (regime/therapy),620.44,,1,0.00,0.00,,0.00,6f45f2e9-a617-570a-c4c5-0e1385599b49,,6f45f2e9-a617-570a-2d9c-b0c0f17ad90f,1,f16eb5e7-f3cb-3b61-b8dc-be8172542a44,f16eb5e7-f3cb-3b61-b8dc-be8172542a44
7591aa21-0716-6e70-9fdd-fea6d789eb37,6f45f2e9-a617-570a-dc23-8297ad101452,37355,6f45f2e9-a617-570a-8867-dec1260088bb,PAYMENT,,ECHECK,2017-01-03T06:34:20Z,2017-01-03T06:49:20Z,74186f3f-523b-3157-a8c6-6e104d106cb5,410401003,,,1,,,,1,8,Nursing care/supplementary surveillance (regime/therapy),0.00,,,496.35,0.00,,124.09,6f45f2e9-a617-570a-c4c5-0e1385599b49,,6f45f2e9-a617-570a-2d9c-b0c0f17ad90f,1,f16eb5e7-f3cb-3b61-b8dc-be8172542a44,f16eb5e7-f3cb-3b61-b8dc-be8172542a44
eb236a42-0e2c-dce0-3fbc-034daf13d66f,6f45f2e9-a617-570a-dc23-8297ad101452,37356,6f45f2e9-a617-570a-8867-dec1260088bb,TRANSFEROUT,,,2017-01-03T06:34:20Z,2017-01-03T06:49:20Z,74186f3f-523b-3157-a8c6-6e104d106cb5,410401003,,,1,,,,1,8,Nursing care/supplementary surveillance (regime/therapy),0.00,,,0.00,0.00,124.09,124.09,6f45f2e9-a617-570a-c4c5-0e1385599b49,,6f45f2e9-a617-570a-2d9c-b0c0f17ad90f,1,f16eb5e7-f3cb-3b61-b8dc-be8172542a44,f16eb5e7-f3cb-3b61-b8dc-be8172542a44
d646e484-1c59-b9c1-7f78-369b5e27acde,6f45f2e9-a617-570a-dc23-8297ad101452,37357,6f45f2e9-a617-570a-8867-dec1260088bb,TRANSFERIN,124.09,,2017-01-03T06:34:20Z,2017-01-03T06:49:20Z,74186f3f-523b-3157-a8c6-6e104d106cb5,410401003,,,1,,,,1,8,Nursing care/supplementary surveillance (regime/therapy),0.00,37356,p,0.00,0.00,124.09,124.09,6f45f2e9-a617-570a-c4c5-0e1385599b49,,6f45f2e9-a617-570a-2d9c-b0c0f17ad90f,1,f16eb5e7-f3cb-3b61-b8dc-be8172542a44,f16eb5e7-f3cb-3b61-b8dc-be8172542a44
ac8e3908-38b3-7383-fef0-9d36bc4f59bc,6f45f2e9-a617-570a-dc23-8297ad101452,37358,6f45f2e9-a617-570a-8867-dec1260088bb,PAYMENT,,CC,2017-01-03T06:34:20Z,2017-01-03T06:49:20Z,74186f3f-523b-3157-a8c6-6e104d106cb5,410401003,,,1,,,,1,8,Nursing care/supplementary surveillance (regime/therapy),0.00,,,124.09,0.00,,0.00,6f45f2e9-a617-570a-c4c5-0e1385599b49,,6f45f2e9-a617-570a-2d9c-b0c0f17ad90f,1,f16eb5e7-f3cb-3b61-b8dc-be8172542a44,f16eb5e7-f3cb-3b61-b8dc-be8172542a44
441c59b9-c1d6-49e2-5b5e-27acde7f7b34,6f45f2e9-a617-570a-dc23-8297ad101452,37360,6f45f2e9-a617-570a-8867-dec1260088bb,CHARGE,620.44,,2017-01-04T06:34:20Z,2017-01-04T06:49:20Z,74186f3f-523b-3157-a8c6-6e104d106cb5,410401003,,,1,,,,1,8,Nursing care/supplementary surveillance (regime/therapy),620.44,,1,0.00,0.00,,0.00,6f45f2e9-a617-570a-c4c5-0e1385599b49,,6f45f2e9-a617-570a-2d9c-b0c0f17ad90f,1,f16eb5e7-f3cb-3b61-b8dc-be8172542a44,f16eb5e7-f3cb-3b61-b8dc-be8172542a44
8838b373-83ac-9434-b6bc-4f59bcfef698,6f45f2e9-a617-570a-dc23-8297ad101452,37361,6f45f2e9-a617-570a-8867-dec1260088bb,PAYMENT,,ECHECK,2017-01-04T06:34:20Z,2017-01-04T06:49:20Z,74186f3f-523b-3157-a8c6-6e104d106cb5,410401003,,,1,,,,1,8,Nursing care/supplementary surveillance (regime/therapy),0.00,,,496.35,0.00,,124.09,6f45f2e9-a617-570a-c4c5-0e1385599b49,,6f45f2e9-a617-570a-2d9c-b0c0f17ad90f,1,f16eb5e7-f3cb-3b61-b8dc-be8172542a44,f16eb5e7-f3cb-3b61-b8dc-be8172542a44
107166e7-0759-28a9-6d78-9eb379fdedf1,6f45f2e9-a617-570a-dc23-8297ad101452,37362,6f45f2e9-a617-570a-8867-dec1260088bb,TRANSFEROUT,,,2017-01-04T06:34:20Z,2017-01-04T06:49:20Z,74186f3f-523b-3157-a8c6-6e104d106cb5,410401003,,,1,,,,1,8,Nursing care/supplementary surveillance (regime/therapy),0.00,,,0.00,0.00,124.09,124.09,6f45f2e9-a617-570a-c4c5-0e1385599b49,,6f45f2e9-a617-570a-2d9c-b0c0f17ad90f,1,f16eb5e7-f3cb-3b61-b8dc-be8172542a44,f16eb5e7-f3cb-3b61-b8dc-be8172542a44
20e2cdce-0eb2-5282-daf1-3d66f3fbdc12,6f45f2e9-a617-570a-dc23-8297ad101452,37363,6f45f2e9-a617-570a-8867-dec1260088bb,TRANSFERIN,124.09,,2017-01-04T06:34:20Z,2017-01-04T06:49:20Z,74186f3f-523b-3157-a8c6-6e104d106cb5,410401003,,,1,,,,1,8,Nursing care/supplementary surveillance (regime/therapy),0.00,37362,p,0.00,0.00,124.09,124.09,6f45f2e9-a617-570a-c4c5-0e1385599b49,,6f45f2e9-a617-570a-2d9c-b0c0f17ad90f,1,f16eb5e7-f3cb-3b61-b8dc-be8172542a44,f16eb5e7-f3cb-3b61-b8dc-be8172542a44
41c59b9c-1d64-a604-b5e2-7acde7f7bb25,6f45f2e9-a617-570a-dc23-8297ad101452,37364,6f45f2e9-a617-570a-8867-dec1260088bb,PAYMENT,,CC,2017-01-04T06:34:20Z,2017-01-04T06:49:20Z,74186f3f-523b-3157-a8c6-6e104d106cb5,410401003,,,1,,,,1,8,Nursing care/supplementary surveillance (regime/therapy),0.00,,,124.09,0.00,,0.00,6f45f2e9-a617-570a-c4c5-0e1385599b49,,6f45f2e9-a617-570a-2d9c-b0c0f17ad90f,1,f16eb5e7-f3cb-3b61-b8dc-be8172542a44,f16eb5e7-f3cb-3b61-b8dc-be8172542a44
07166e70-7592-aa11-d789-eb379fdefe96,6f45f2e9-a617-570a-dc23-8297ad101452,37366,6f45f2e9-a617-570a-8867-dec1260088bb,CHARGE,620.44,,2017-01-05T06:34:20Z,2017-01-05T06:49:20Z,74186f3f-523b-3157-a8c6-6e104d106cb5,410401003,,,1,,,,1,8,Nursing care/supplementary surveillance (regime/therapy),620.44,,1,0.00,0.00,,0.00,6f45f2e9-a617-570a-c4c5-0e1385599b49,,6f45f2e9-a617-570a-2d9c-b0c0f17ad90f,1,f16eb5e7-f3cb-3b61-b8dc-be8172542a44,f16eb5e7-f3cb-3b61-b8dc-be8172542a44
0e2cdce0-eb25-6a22-af13-d66f3fbe032d,6f45f2e9-a617-570a-dc23-8297ad101452,37367,6f45f2e9-a617-570a-8867-dec1260088bb,PAYMENT,,ECHECK,2017-01-05T06:34:20Z,2017-01-05T06:49:20Z,74186f3f-523b-3157-a8c6-6e104d106cb5,410401003,,,1,,,,1,8,Nursing care/supplementary surveillance (regime/therapy),0.00,,,496.35,0.00,,124.09,6f45f2e9-a617-570a-c4c5-0e1385599b49,,6f45f2e9-a617-570a-2d9c-b0c0f17ad90f,1,f16eb5e7-f3cb-3b61-b8dc-be8172542a44,f16eb5e7-f3cb-3b61-b8dc-be8172542a44
1c59b9c1-d64a-e444-5e27-acde7f7c365b,6f45f2e9-a617-570a-dc23-8297ad101452,37368,6f45f2e9-a617-570a-8867-dec1260088bb,TRANSFEROUT,,,2017-01-05T06:34:20Z,2017-01-05T06:49:20Z,74186f3f-523b-3157-a8c6-6e104d106cb5,410401003,,,1,,,,1,8,Nursing care/supplementary surveillance (regime/therapy),0.00,,,0.00,0.00,124.09,124.09,6f45f2e9-a617-570a-c4c5-0e1385599b49,,6f45f2e9-a617-570a-2d9c-b0c0f17ad90f,1,f16eb5e7-f3cb-3b61-b8dc-be8172542a44,f16eb5e7-f3cb-3b61-b8dc-be8172542a44
38b37383-ac96-3888-bc4f-59bcfef89cb6,6f45f2e9-a617-570a-dc23-8297ad101452,37369,6f45f2e9-a617-570a-8867-dec1260088bb,TRANSFERIN,124.09,,2017-01-05T06:34:20Z,2017-01-05T06:49:20Z,74186f3f-523b-3157-a8c6-6e104d106cb5,410401003,,,1,,,,1,8,Nursing care/supplementary surveillance (regime/therapy),0.00,37368,p,0.00,0.00,124.09,124.09,6f45f2e9-a617-570a-c4c5-0e1385599b49,,6f45f2e9-a617-570a-2d9c-b0c0f17ad90f,1,f16eb5e7-f3cb-3b61-b8dc-be8172542a44,f16eb5e7-f3cb-3b61-b8dc-be8172542a44
e0eb26e9-620e-2cdc-6f3f-bf826daf13d6,6f45f2e9-a617-570a-dc23-8297ad101452,37370,6f45f2e9-a617-570a-8867-dec1260088bb,PAYMENT,,CC,2017-01-05T06:34:20Z,2017-01-05T06:49:20Z,74186f3f-523b-3157-a8c6-6e104d106cb5,410401003,,,1,,,,1,8,Nursing care/supplementary surveillance (regime/therapy),0.00,,,124.09,0.00,,0.00,6f45f2e9-a617-570a-c4c5-0e1385599b49,,6f45f2e9-a617-570a-2d9c-b0c0f17ad90f,1,f16eb5e7-f3cb-3b61-b8dc-be8172542a44,f16eb5e7-f3cb-3b61-b8dc-be8172542a44
83ac9c35-8838-b373-bcfe-fe99b6bc4f59,6f45f2e9-a617-570a-dc23-8297ad101452,37372,6f45f2e9-a617-570a-8867-dec1260088bb,CHARGE,620.44,,2017-01-06T06:34:20Z,2017-01-06T06:49:20Z,74186f3f-523b-3157-a8c6-6e104d106cb5,410401003,,,1,,,,1,8,Nursing care/supplementary surveillance (regime/therapy),620.44,,1,0.00,0.00,,0.00,6f45f2e9-a617-570a-c4c5-0e1385599b49,,6f45f2e9-a617-570a-2d9c-b0c0f17ad90f,1,f16eb5e7-f3cb-3b61-b8dc-be8172542a44,f16eb5e7-f3cb-3b61-b8dc-be8172542a44
075938ab-1071-66e7-79fd-fdf36d789eb3,6f45f2e9-a617-570a-dc23-8297ad101452,37373,6f45f2e9-a617-570a-8867-dec1260088bb,PAYMENT,,ECHECK,2017-01-06T06:34:20Z,2017-01-06T06:49:20Z,74186f3f-523b-3157-a8c6-6e104d106cb5,410401003,,,1,,,,1,8,Nursing care/supplementary surveillance (regime/therapy),0.00,,,496,0.00,,124.09,6f45f2e9-a617-570a-c4c5-0e1385599b49,,6f45f2e9-a617-570a-2d9c-b0c0f17ad90f,1,f16eb5e7-f3cb-3b61-b8dc-be8172542a44,f16eb5e7-f3cb-3b61-b8dc-be8172542a44
0eb27286-20e2-cdce-f3fb-fc16daf13d66,6f45f2e9-a617-570a-dc23-8297ad101452,37374,6f45f2e9-a617-570a-8867-dec1260088bb,TRANSFEROUT,,,2017-01-06T06:34:20Z,2017-01-06T06:49:20Z,74186f3f-523b-3157-a8c6-6e104d106cb5,410401003,,,1,,,,1,8,Nursing care/supplementary surveillance (regime/therapy),0.00,,,0.00,0.00,124.09,124.09,6f45f2e9-a617-570a-c4c5-0e1385599b49,,6f45f2e9-a617-570a-2d9c-b0c0f17ad90f,1,f16eb5e7-f3cb-3b61-b8dc-be8172542a44,f16eb5e7-f3cb-3b61-b8dc-be8172542a44
1d64e60c-41c5-9b9c-e7f7-fb2db5e27acd,6f45f2e9-a617-570a-dc23-8297ad101452,37375,6f45f2e9-a617-570a-8867-dec1260088bb,TRANSFERIN,124.09,,2017-01-06T06:34:20Z,2017-01-06T06:49:20Z,74186f3f-523b-3157-a8c6-6e104d106cb5,410401003,,,1,,,,1,8,Nursing care/supplementary surveillance (regime/therapy),0.00,37374,p,0.00,0.00,124.09,124.09,6f45f2e9-a617-570a-c4c5-0e1385599b49,,6f45f2e9-a617-570a-2d9c-b0c0f17ad90f,1,f16eb5e7-f3cb-3b61-b8dc-be8172542a44,f16eb5e7-f3cb-3b61-b8dc-be8172542a44
3ac9d318-838b-3738-cfef-f95b6bc4f59b,6f45f2e9-a617-570a-dc23-8297ad101452,37376,6f45f2e9-a617-570a-8867-dec1260088bb,PAYMENT,,CC,2017-01-06T06:34:20Z,2017-01-06T06:49:20Z,74186f3f-523b-3157-a8c6-6e104d106cb5,410401003,,,1,,,,1,8,Nursing care/supplementary surveillance (regime/therapy),0.00,,,124.09,0.00,,0.00,6f45f2e9-a617-570a-c4c5-0e1385599b49,,6f45f2e9-a617-570a-2d9c-b0c0f17ad90f,1,f16eb5e7-f3cb-3b61-b8dc-be8172542a44,f16eb5e7-f3cb-3b61-b8dc-be8172542a44
eb276a62-0e2c-dce0-3fc0-036daf13d66f,6f45f2e9-a617-570a-dc23-8297ad101452,37378,6f45f2e9-a617-570a-8867-dec1260088bb,CHARGE,310.22,,2017-01-06T06:34:20Z,2017-01-06T06:49:20Z,74186f3f-523b-3157-a8c6-6e104d106cb5,91251008,,,1,,,,1,8,Physical therapy procedure (regime/therapy),310.22,,1,0.00,0.00,,0.00,6f45f2e9-a617-570a-c4c5-0e1385599b49,,6f45f2e9-a617-570a-2d9c-b0c0f17ad90f,1,f16eb5e7-f3cb-3b61-b8dc-be8172542a44,f16eb5e7-f3cb-3b61-b8dc-be8172542a44
d64ee4c4-1c59-b9c1-7f80-36db5e27acde,6f45f2e9-a617-570a-dc23-8297ad101452,37379,6f45f2e9-a617-570a-8867-dec1260088bb,PAYMENT,,ECHECK,2017-01-06T06:34:20Z,2017-01-06T06:49:20Z,74186f3f-523b-3157-a8c6-6e104d106cb5,91251008,,,1,,,,1,8,Physical therapy procedure (regime/therapy),0.00,,,248.18,0.00,,62.04,6f45f2e9-a617-570a-c4c5-0e1385599b49,,6f45f2e9-a617-570a-2d9c-b0c0f17ad90f,1,f16eb5e7-f3cb-3b61-b8dc-be8172542a44,f16eb5e7-f3cb-3b61-b8dc-be8172542a44
8907166e-7075-9469-0ed7-89eb379fe0be,6f45f2e9-a617-570a-dc23-8297ad101452,37380,6f45f2e9-a617-570a-8867-dec1260088bb,TRANSFEROUT,,,2017-01-06T06:34:20Z,2017-01-06T06:49:20Z,74186f3f-523b-3157-a8c6-6e104d106cb5,91251008,,,1,,,,1,8,Physical therapy procedure (regime/therapy),0.00,,,0.00,0.00,62.04,62.04,6f45f2e9-a617-570a-c4c5-0e1385599b49,,6f45f2e9-a617-570a-2d9c-b0c0f17ad90f,1,f16eb5e7-f3cb-3b61-b8dc-be8172542a44,f16eb5e7-f3cb-3b61-b8dc-be8172542a44
120e2cdc-e0eb-28e9-1daf-13d66f3fc182,6f45f2e9-a617-570a-dc23-8297ad101452,37381,6f45f2e9-a617-570a-8867-dec1260088bb,TRANSFERIN,62.04,,2017-01-06T06:34:20Z,2017-01-06T06:49:20Z,74186f3f-523b-3157-a8c6-6e104d106cb5,91251008,,,1,,,,1,8,Physical therapy procedure (regime/therapy),0.00,37380,p,0.00,0.00,62.04,62.04,6f45f2e9-a617-570a-c4c5-0e1385599b49,,6f45f2e9-a617-570a-2d9c-b0c0f17ad90f,1,f16eb5e7-f3cb-3b61-b8dc-be8172542a44,f16eb5e7-f3cb-3b61-b8dc-be8172542a44
241c59b9-c1d6-51e2-3b5e-27acde7f8334,6f45f2e9-a617-570a-dc23-8297ad101452,37382,6f45f2e9-a617-570a-8867-dec1260088bb,PAYMENT,,CC,2017-01-06T06:34:20Z,2017-01-06T06:49:20Z,74186f3f-523b-3157-a8c6-6e104d106cb5,91251008,,,1,,,,1,8,Physical therapy procedure (regime/therapy),0.00,,,62.04,0.00,,0.00,6f45f2e9-a617-570a-c4c5-0e1385599b49,,6f45f2e9-a617-570a-2d9c-b0c0f17ad90f,1,f16eb5e7-f3cb-3b61-b8dc-be8172542a44,f16eb5e7-f3cb-3b61-b8dc-be8172542a44
907166e7-0759-48a8-ed78-9eb379fe0df0,6f45f2e9-a617-570a-dc23-8297ad101452,37384,6f45f2e9-a617-570a-8867-dec1260088bb,CHARGE,620.44,,2017-01-06T06:34:20Z,2017-01-06T06:49:20Z,74186f3f-523b-3157-a8c6-6e104d106cb5,409023009,,,1,,,,1,8,Professional / ancillary services care (regime/therapy),620.44,,1,0.00,0.00,,0.00,6f45f2e9-a617-570a-c4c5-0e1385599b49,,6f45f2e9-a617-570a-2d9c-b0c0f17ad90f,1,f16eb5e7-f3cb-3b61-b8dc-be8172542a44,f16eb5e7-f3cb-3b61-b8dc-be8172542a44
20e2cdce-0eb2-9281-daf1-3d66f3fc1c11,6f45f2e9-a617-570a-dc23-8297ad101452,37385,6f45f2e9-a617-570a-8867-dec1260088bb,PAYMENT,,ECHECK,2017-01-06T06:34:20Z,2017-01-06T06:49:20Z,74186f3f-523b-3157-a8c6-6e104d106cb5,409023009,,,1,,,,1,8,Professional / ancillary services care (regime/therapy),0.00,,,496.35,0.00,,124.09,6f45f2e9-a617-570a-c4c5-0e1385599b49,,6f45f2e9-a617-570a-2d9c-b0c0f17ad90f,1,f16eb5e7-f3cb-3b61-b8dc-be8172542a44,f16eb5e7-f3cb-3b61-b8dc-be8172542a44
41c59b9c-1d65-2602-b5e2-7acde7f83b23,6f45f2e9-a617-570a-dc23-8297ad101452,37386,6f45f2e9-a617-570a-8867-dec1260088bb,TRANSFEROUT,,,2017-01-06T06:34:20Z,2017-01-06T06:49:20Z,74186f3f-523b-3157-a8c6-6e104d106cb5,409023009,,,1,,,,1,8,Professional / ancillary services care (regime/therapy),0.00,,,0.00,0.00,124.09,124.09,6f45f2e9-a617-570a-c4c5-0e1385599b49,,6f45f2e9-a617-570a-2d9c-b0c0f17ad90f,1,f16eb5e7-f3cb-3b61-b8dc-be8172542a44,f16eb5e7-f3cb-3b61-b8dc-be8172542a44
838b3738-3aca-5304-6bc4-f59bcff07947,6f45f2e9-a617-570a-dc23-8297ad101452,37387,6f45f2e9-a617-570a-8867-dec1260088bb,TRANSFERIN,124.09,,2017-01-06T06:34:20Z,2017-01-06T06:49:20Z,74186f3f-523b-3157-a8c6-6e104d106cb5,409023009,,,1,,,,1,8,Professional / ancillary services care (regime/therapy),0.00,37386,p,0.00,0.00,124.09,124.09,6f45f2e9-a617-570a-c4c5-0e1385599b49,,6f45f2e9-a617-570a-2d9c-b0c0f17ad90f,1,f16eb5e7-f3cb-3b61-b8dc-be8172542a44,f16eb5e7-f3cb-3b61-b8dc-be8172542a44
07166e70-7594-aa09-d789-eb379fe0fe8e,6f45f2e9-a617-570a-dc23-8297ad101452,37388,6f45f2e9-a617-570a-8867-dec1260088bb,PAYMENT,,CC,2017-01-06T06:34:20Z,2017-01-06T06:49:20Z,74186f3f-523b-3157-a8c6-6e104d106cb5,409023009,,,1,,,,1,8,Professional / ancillary services care (regime/therapy),0.00,,,124.09,0.00,,0.00,6f45f2e9-a617-570a-c4c5-0e1385599b49,,6f45f2e9-a617-570a-2d9c-b0c0f17ad90f,1,f16eb5e7-f3cb-3b61-b8dc-be8172542a44,f16eb5e7-f3cb-3b61-b8dc-be8172542a44
383acab2-d483-8b37-9bcf-f0d9176bc4f5,6f45f2e9-a617-570a-dc23-8297ad101452,37390,6f45f2e9-a617-570a-8867-dec1260088bb,CHARGE,TBD,,2017-01-07T06:34:20Z,2017-01-07T06:49:20Z,74186f3f-523b-3157-a8c6-6e104d106cb5,410401003,,,1,,,,1,8,Nursing care/supplementary surveillance (regime/therapy),620.44,,1,0.00,0.00,,0.00,6f45f2e9-a617-570a-c4c5-0e1385599b49,,6f45f2e9-a617-570a-2d9c-b0c0f17ad90f,1,f16eb5e7-f3cb-3b61-b8dc-be8172542a44,f16eb5e7-f3cb-3b61-b8dc-be8172542a44
70759569-a907-166e-379f-e1be2ed789eb,6f45f2e9-a617-570a-dc23-8297ad101452,37391,6f45f2e9-a617-570a-8867-dec1260088bb,PAYMENT,,ECHECK,2017-01-07T06:34:20Z,2017-01-07T06:49:20Z,74186f3f-523b-3157-a8c6-6e104d106cb5,410401003,,,1,,,,1,8,Nursing care/supplementary surveillance (regime/therapy),0.00,,,496.35,0.00,,124.09,6f45f2e9-a617-570a-c4c5-0e1385599b49,,6f45f2e9-a617-570a-2d9c-b0c0f17ad90f,1,f16eb5e7-f3cb-3b61-b8dc-be8172542a44,f16eb5e7-f3cb-3b61-b8dc-be8172542a44
e0eb2ae9-520e-2cdc-6f3f-c3825daf13d6,6f45f2e9-a617-570a-dc23-8297ad101452,37392,6f45f2e9-a617-570a-8867-dec1260088bb,TRANSFEROUT,,,2017-01-07T06:34:20Z,2017-01-07T06:49:20Z,74186f3f-523b-3157-a8c6-6e104d106cb5,410401003,,,1,,,,1,8,Nursing care/supplementary surveillance (regime/therapy),0.00,,,0.00,0.00,124.09,124.09,6f45f2e9-a617-570a-c4c5-0e1385599b49,,6f45f2e9-a617-570a-2d9c-b0c0f17ad90f,1,f16eb5e7-f3cb-3b61-b8dc-be8172542a44,f16eb5e7-f3cb-3b61-b8dc-be8172542a44
c1d655e2-a41c-59b9-de7f-8734bb5e27ac,6f45f2e9-a617-570a-dc23-8297ad101452,37393,6f45f2e9-a617-570a-8867-dec1260088bb,TRANSFERIN,124.09,,2017-01-07T06:34:20Z,2017-01-07T06:49:20Z,74186f3f-523b-3157-a8c6-6e104d106cb5,410401003,,,1,,,,1,8,Nursing care/supplementary surveillance (regime/therapy),0.00,37392,p,0.00,0.00,124.09,124.09,6f45f2e9-a617-570a-c4c5-0e1385599b49,,6f45f2e9-a617-570a-2d9c-b0c0f17ad90f,1,f16eb5e7-f3cb-3b61-b8dc-be8172542a44,f16eb5e7-f3cb-3b61-b8dc-be8172542a44
83acac35-4838-b373-bcff-0e9976bc4f59,6f45f2e9-a617-570a-dc23-8297ad101452,37394,6f45f2e9-a617-570a-8867-dec1260088bb,PAYMENT,,CC,2017-01-07T06:34:20Z,2017-01-07T06:49:20Z,74186f3f-523b-3157-a8c6-6e104d106cb5,410401003,,,1,,,,1,8,Nursing care/supplementary surveillance (regime/therapy),0.00,,,124.09,0.00,,0.00,6f45f2e9-a617-570a-c4c5-0e1385599b49,,6f45f2e9-a617-570a-2d9c-b0c0f17ad90f,1,f16eb5e7-f3cb-3b61-b8dc-be8172542a44,f16eb5e7-f3cb-3b61-b8dc-be8172542a44
50159a6e-a778-eb1e-4b99-f8e17219f076,6f45f2e9-a617-570a-dc23-8297ad101452,37396,6f45f2e9-a617-570a-8867-dec1260088bb,CHARGE,620.44,,2017-01-07T06:34:20Z,2017-01-07T06:49:20Z,74186f3f-523b-3157-a8c6-6e104d106cb5,311555007,,,1,,,,1,8,Speech and language therapy regime (regime/therapy),620.44,,1,0.00,0.00,,0.00,6f45f2e9-a617-570a-c4c5-0e1385599b49,,6f45f2e9-a617-570a-2d9c-b0c0f17ad90f,1,f16eb5e7-f3cb-3b61-b8dc-be8172542a44,f16eb5e7-f3cb-3b61-b8dc-be8172542a44
1d65660a-41c5-9b9c-e7f8-7b2bb5e27acd,6f45f2e9-a617-570a-dc23-8297ad101452,37397,6f45f2e9-a617-570a-8867-dec1260088bb,PAYMENT,,ECHECK,2017-01-07T06:34:20Z,2017-01-07T06:49:20Z,74186f3f-523b-3157-a8c6-6e104d106cb5,311555007,,,1,,,,1,8,Speech and language therapy regime (regime/therapy),0.00,,,496.35,0.00,,124.09,6f45f2e9-a617-570a-c4c5-0e1385599b49,,6f45f2e9-a617-570a-2d9c-b0c0f17ad90f,1,f16eb5e7-f3cb-3b61-b8dc-be8172542a44,f16eb5e7-f3cb-3b61-b8dc-be8172542a44
3acad314-838b-3738-cff0-f9576bc4f59b,6f45f2e9-a617-570a-dc23-8297ad101452,37398,6f45f2e9-a617-570a-8867-dec1260088bb,TRANSFEROUT,,,2017-01-07T06:34:20Z,2017-01-07T06:49:20Z,74186f3f-523b-3157-a8c6-6e104d106cb5,311555007,,,1,,,,1,8,Speech and language therapy regime (regime/therapy),0.00,,,0.00,0.00,124.09,124.09,6f45f2e9-a617-570a-c4c5-0e1385599b49,,6f45f2e9-a617-570a-2d9c-b0c0f17ad90f,1,f16eb5e7-f3cb-3b61-b8dc-be8172542a44,f16eb5e7-f3cb-3b61-b8dc-be8172542a44
7595aa29-0716-6e70-9fe1-feaed789eb37,6f45f2e9-a617-570a-dc23-8297ad101452,37399,6f45f2e9-a617-570a-8867-dec1260088bb,TRANSFERIN,124.09,,2017-01-07T06:34:20Z,2017-01-07T06:49:20Z,74186f3f-523b-3157-a8c6-6e104d106cb5,311555007,,,1,,,,1,8,Speech and language therapy regime (regime/therapy),0.00,37398,p,0.00,0.00,124.09,124.09,6f45f2e9-a617-570a-c4c5-0e1385599b49,,6f45f2e9-a617-570a-2d9c-b0c0f17ad90f,1,f16eb5e7-f3cb-3b61-b8dc-be8172542a44,f16eb5e7-f3cb-3b61-b8dc-be8172542a44
0e2cdce0-eb55-6a1c-af13-d66f3fee0327,6f45f2e9-a617-570a-dc23-8297ad101452,37400,6f45f2e9-a617-570a-8867-dec1260088bb,PAYMENT,,CC,2017-01-07T06:34:20Z,2017-01-07T06:49:20Z,74186f3f-523b-3157-a8c6-6e104d106cb5,311555007,,,1,,,,1,8,Speech and language therapy regime (regime/therapy),0.00,,,124.09,0.00,,0.00,6f45f2e9-a617-570a-c4c5-0e1385599b49,,6f45f2e9-a617-570a-2d9c-b0c0f17ad90f,1,f16eb5e7-f3cb-3b61-b8dc-be8172542a44,f16eb5e7-f3cb-3b61-b8dc-be8172542a44
38b37383-ad56-3870-bc4f-59bcffb89c9e,6f45f2e9-a617-570a-dc23-8297ad101452,37402,6f45f2e9-a617-570a-8867-dec1260088bb,CHARGE,620.44,,2017-01-08T06:34:20Z,2017-01-08T06:49:20Z,74186f3f-523b-3157-a8c6-6e104d106cb5,410401003,,,1,,,,1,8,Nursing care/supplementary surveillance (regime/therapy),620.44,,1,0.00,0.00,,0.00,6f45f2e9-a617-570a-c4c5-0e1385599b49,,6f45f2e9-a617-570a-2d9c-b0c0f17ad90f,1,f16eb5e7-f3cb-3b61-b8dc-be8172542a44,f16eb5e7-f3cb-3b61-b8dc-be8172542a44
7166e707-5aac-b0e0-789e-b379ff71f93d,6f45f2e9-a617-570a-dc23-8297ad101452,37403,6f45f2e9-a617-570a-8867-dec1260088bb,PAYMENT,,ECHECK,2017-01-08T06:34:20Z,2017-01-08T06:49:20Z,74186f3f-523b-3157-a8c6-6e104d106cb5,410401003,,,1,,,,1,8,Nursing care/supplementary surveillance (regime/therapy),0.00,,,496.35,0.00,,124.09,6f45f2e9-a617-570a-c4c5-0e1385599b49,,6f45f2e9-a617-570a-2d9c-b0c0f17ad90f,1,f16eb5e7-f3cb-3b61-b8dc-be8172542a44,f16eb5e7-f3cb-3b61-b8dc-be8172542a44
e2cdce0e-b55a-79c0-f13d-66f3fee40a7a,6f45f2e9-a617-570a-dc23-8297ad101452,37404,6f45f2e9-a617-570a-8867-dec1260088bb,TRANSFEROUT,,,2017-01-08T06:34:20Z,2017-01-08T06:49:20Z,74186f3f-523b-3157-a8c6-6e104d106cb5,410401003,,,1,,,,1,8,Nursing care/supplementary surveillance (regime/therapy),0.00,,,0.00,0.00,124.09,124.09,6f45f2e9-a617-570a-c4c5-0e1385599b49,,6f45f2e9-a617-570a-2d9c-b0c0f17ad90f,1,f16eb5e7-f3cb-3b61-b8dc-be8172542a44,f16eb5e7-f3cb-3b61-b8dc-be8172542a44
c59b9c1d-6ab7-f381-e27a-cde7fdcb14f5,6f45f2e9-a617-570a-dc23-8297ad101452,37405,6f45f2e9-a617-570a-8867-dec1260088bb,TRANSFERIN,124.09,,2017-01-08T06:34:20Z,2017-01-08T06:49:20Z,74186f3f-523b-3157-a8c6-6e104d106cb5,410401003,,,1,,,,1,8,Nursing care/supplementary surveillance (regime/therapy),0.00,37404,p,0.00,0.00,124.09,124.09,6f45f2e9-a617-570a-c4c5-0e1385599b49,,6f45f2e9-a617-570a-2d9c-b0c0f17ad90f,1,f16eb5e7-f3cb-3b61-b8dc-be8172542a44,f16eb5e7-f3cb-3b61-b8dc-be8172542a44
8b37383a-d572-e703-c4f5-9bcffb9929eb,6f45f2e9-a617-570a-dc23-8297ad101452,37406,6f45f2e9-a617-570a-8867-dec1260088bb,PAYMENT,,CC,2017-01-08T06:34:20Z,2017-01-08T06:49:20Z,74186f3f-523b-3157-a8c6-6e104d106cb5,410401003,,,1,,,,1,8,Nursing care/supplementary surveillance (regime/therapy),0.00,,,124.09,0.00,,0.00,6f45f2e9-a617-570a-c4c5-0e1385599b49,,6f45f2e9-a617-570a-2d9c-b0c0f17ad90f,1,f16eb5e7-f3cb-3b61-b8dc-be8172542a44,f16eb5e7-f3cb-3b61-b8dc-be8172542a44
2cdce0eb-55e9-9c0e-13d6-6f3fee82a7af,6f45f2e9-a617-570a-dc23-8297ad101452,37408,6f45f2e9-a617-570a-8867-dec1260088bb,CHARGE,620.44,,2017-01-09T06:34:20Z,2017-01-09T06:49:20Z,74186f3f-523b-3157-a8c6-6e104d106cb5,410401003,,,1,,,,1,8,Nursing care/supplementary surveillance (regime/therapy),620.44,,1,0.00,0.00,,0.00,6f45f2e9-a617-570a-c4c5-0e1385599b49,,6f45f2e9-a617-570a-2d9c-b0c0f17ad90f,1,f16eb5e7-f3cb-3b61-b8dc-be8172542a44,f16eb5e7-f3cb-3b61-b8dc-be8172542a44
59b9c1d6-abe3-381c-27ac-de7fdd354f5e,6f45f2e9-a617-570a-dc23-8297ad101452,37409,6f45f2e9-a617-570a-8867-dec1260088bb,PAYMENT,,ECHECK,2017-01-09T06:34:20Z,2017-01-09T06:49:20Z,74186f3f-523b-3157-a8c6-6e104d106cb5,410401003,,,1,,,,1,8,Nursing care/supplementary surveillance (regime/therapy),0.00,,,496.35,0.00,,124.09,6f45f2e9-a617-570a-c4c5-0e1385599b49,,6f45f2e9-a617-570a-2d9c-b0c0f17ad90f,1,f16eb5e7-f3cb-3b61-b8dc-be8172542a44,f16eb5e7-f3cb-3b61-b8dc-be8172542a44
75abaa2e-0716-6e70-9ff7-feb3d789eb37,6f45f2e9-a617-570a-dc23-8297ad101452,37410,6f45f2e9-a617-570a-8867-dec1260088bb,TRANSFEROUT,,,2017-01-09T06:34:20Z,2017-01-09T06:49:20Z,74186f3f-523b-3157-a8c6-6e104d106cb5,410401003,,,1,,,,1,8,Nursing care/supplementary surveillance (regime/therapy),0.00,,,0.00,0.00,124.09,124.09,6f45f2e9-a617-570a-c4c5-0e1385599b49,,6f45f2e9-a617-570a-2d9c-b0c0f17ad90f,1,f16eb5e7-f3cb-3b61-b8dc-be8172542a44,f16eb5e7-f3cb-3b61-b8dc-be8172542a44
eb576a5c-0e2c-dce0-3ff0-0367af13d66f,6f45f2e9-a617-570a-dc23-8297ad101452,37411,6f45f2e9-a617-570a-8867-dec1260088bb,TRANSFERIN,124.09,,2017-01-09T06:34:20Z,2017-01-09T06:49:20Z,74186f3f-523b-3157-a8c6-6e104d106cb5,410401003,,,1,,,,1,8,Nursing care/supplementary surveillance (regime/therapy),0.00,37410,p,0.00,0.00,124.09,124.09,6f45f2e9-a617-570a-c4c5-0e1385599b49,,6f45f2e9-a617-570a-2d9c-b0c0f17ad90f,1,f16eb5e7-f3cb-3b61-b8dc-be8172542a44,f16eb5e7-f3cb-3b61-b8dc-be8172542a44
d6aee4b8-1c59-b9c1-7fe0-36cf5e27acde,6f45f2e9-a617-570a-dc23-8297ad101452,37412,6f45f2e9-a617-570a-8867-dec1260088bb,PAYMENT,,CC,2017-01-09T06:34:20Z,2017-01-09T06:49:20Z,74186f3f-523b-3157-a8c6-6e104d106cb5,410401003,,,1,,,,1,8,Nursing care/supplementary surveillance (regime/therapy),0.00,,,124.09,0.00,,0.00,6f45f2e9-a617-570a-c4c5-0e1385599b49,,6f45f2e9-a617-570a-2d9c-b0c0f17ad90f,1,f16eb5e7-f3cb-3b61-b8dc-be8172542a44,f16eb5e7-f3cb-3b61-b8dc-be8172542a44
5abcb2e0-7166-e707-ff81-fb3d789eb379,6f45f2e9-a617-570a-dc23-8297ad101452,37414,6f45f2e9-a617-570a-8867-dec1260088bb,CHARGE,620.44,,2017-01-10T06:34:20Z,2017-01-10T06:49:20Z,74186f3f-523b-3157-a8c6-6e104d106cb5,410401003,,,1,,,,1,8,Nursing care/supplementary surveillance (regime/therapy),620.44,,1,0.00,0.00,,0.00,6f45f2e9-a617-570a-c4c5-0e1385599b49,,6f45f2e9-a617-570a-2d9c-b0c0f17ad90f,1,f16eb5e7-f3cb-3b61-b8dc-be8172542a44,f16eb5e7-f3cb-3b61-b8dc-be8172542a44
b57a7dc0-e2cd-ce0e-ff04-0e7af13d66f3,6f45f2e9-a617-570a-dc23-8297ad101452,37415,6f45f2e9-a617-570a-8867-dec1260088bb,PAYMENT,,ECHECK,2017-01-10T06:34:20Z,2017-01-10T06:49:20Z,74186f3f-523b-3157-a8c6-6e104d106cb5,410401003,,,1,,,,1,8,Nursing care/supplementary surveillance (regime/therapy),0.00,,,496.35,0.00,,124.09,6f45f2e9-a617-570a-c4c5-0e1385599b49,,6f45f2e9-a617-570a-2d9c-b0c0f17ad90f,1,f16eb5e7-f3cb-3b61-b8dc-be8172542a44,f16eb5e7-f3cb-3b61-b8dc-be8172542a44
6af7fb81-c59b-9c1d-fe0b-1cf5e27acde7,6f45f2e9-a617-570a-dc23-8297ad101452,37416,6f45f2e9-a617-570a-8867-dec1260088bb,TRANSFEROUT,,,2017-01-10T06:34:20Z,2017-01-10T06:49:20Z,74186f3f-523b-3157-a8c6-6e104d106cb5,410401003,,,1,,,,1,8,Nursing care/supplementary surveillance (regime/therapy),0.00,,,0.00,0.00,124.09,124.09,6f45f2e9-a617-570a-c4c5-0e1385599b49,,6f45f2e9-a617-570a-2d9c-b0c0f17ad90f,1,f16eb5e7-f3cb-3b61-b8dc-be8172542a44,f16eb5e7-f3cb-3b61-b8dc-be8172542a44
d5f2f703-8b37-383a-fc19-39ebc4f59bcf,6f45f2e9-a617-570a-dc23-8297ad101452,37417,6f45f2e9-a617-570a-8867-dec1260088bb,TRANSFERIN,124.09,,2017-01-10T06:34:20Z,2017-01-10T06:49:20Z,74186f3f-523b-3157-a8c6-6e104d106cb5,410401003,,,1,,,,1,8,Nursing care/supplementary surveillance (regime/therapy),0.00,37416,p,0.00,0.00,124.09,124.09,6f45f2e9-a617-570a-c4c5-0e1385599b49,,6f45f2e9-a617-570a-2d9c-b0c0f17ad90f,1,f16eb5e7-f3cb-3b61-b8dc-be8172542a44,f16eb5e7-f3cb-3b61-b8dc-be8172542a44
abe9ee07-166e-7075-f83e-73d789eb379f,6f45f2e9-a617-570a-dc23-8297ad101452,37418,6f45f2e9-a617-570a-8867-dec1260088bb,PAYMENT,,CC,2017-01-10T06:34:20Z,2017-01-10T06:49:20Z,74186f3f-523b-3157-a8c6-6e104d106cb5,410401003,,,1,,,,1,8,Nursing care/supplementary surveillance (regime/therapy),0.00,,,124.09,0.00,,0.00,6f45f2e9-a617-570a-c4c5-0e1385599b49,,6f45f2e9-a617-570a-2d9c-b0c0f17ad90f,1,f16eb5e7-f3cb-3b61-b8dc-be8172542a44,f16eb5e7-f3cb-3b61-b8dc-be8172542a44
038b3738-3ad6-5303-ebc4-f59bcffc7945,6f45f2e9-a617-570a-dc23-8297ad101452,37420,6f45f2e9-a617-570a-8867-dec1260088bb,CHARGE,310.22,,2017-01-10T06:34:20Z,2017-01-10T06:49:20Z,74186f3f-523b-3157-a8c6-6e104d106cb5,91251008,,,1,,,,1,8,Physical therapy procedure (regime/therapy),310.22,,1,0.00,0.00,,0.00,6f45f2e9-a617-570a-c4c5-0e1385599b49,,6f45f2e9-a617-570a-2d9c-b0c0f17ad90f,1,f16eb5e7-f3cb-3b61-b8dc-be8172542a44,f16eb5e7-f3cb-3b61-b8dc-be8172542a44
07166e70-75ac-aa06-d789-eb379ff8fe8b,6f45f2e9-a617-570a-dc23-8297ad101452,37421,6f45f2e9-a617-570a-8867-dec1260088bb,PAYMENT,,ECHECK,2017-01-10T06:34:20Z,2017-01-10T06:49:20Z,74186f3f-523b-3157-a8c6-6e104d106cb5,91251008,,,1,,,,1,8,Physical therapy procedure (regime/therapy),0.00,,,248.18,0.00,,62.04,6f45f2e9-a617-570a-c4c5-0e1385599b49,,6f45f2e9-a617-570a-2d9c-b0c0f17ad90f,1,f16eb5e7-f3cb-3b61-b8dc-be8172542a44,f16eb5e7-f3cb-3b61-b8dc-be8172542a44
0e2cdce0-eb59-6a0c-af13-d66f3ff20317,6f45f2e9-a617-570a-dc23-8297ad101452,37422,6f45f2e9-a617-570a-8867-dec1260088bb,TRANSFEROUT,,,2017-01-10T06:34:20Z,2017-01-10T06:49:20Z,74186f3f-523b-3157-a8c6-6e104d106cb5,91251008,,,1,,,,1,8,Physical therapy procedure (regime/therapy),0.00,,,0.00,0.00,62.04,62.04,6f45f2e9-a617-570a-c4c5-0e1385599b49,,6f45f2e9-a617-570a-2d9c-b0c0f17ad90f,1,f16eb5e7-f3cb-3b61-b8dc-be8172542a44,f16eb5e7-f3cb-3b61-b8dc-be8172542a44
1c59b9c1-d6b2-e418-5e27-acde7fe4362f,6f45f2e9-a617-570a-dc23-8297ad101452,37423,6f45f2e9-a617-570a-8867-dec1260088bb,TRANSFERIN,62.04,,2017-01-10T06:34:20Z,2017-01-10T06:49:20Z,74186f3f-523b-3157-a8c6-6e104d106cb5,91251008,,,1,,,,1,8,Physical therapy procedure (regime/therapy),0.00,37422,p,0.00,0.00,62.04,62.04,6f45f2e9-a617-570a-c4c5-0e1385599b49,,6f45f2e9-a617-570a-2d9c-b0c0f17ad90f,1,f16eb5e7-f3cb-3b61-b8dc-be8172542a44,f16eb5e7-f3cb-3b61-b8dc-be8172542a44
38b37383-ad66-3830-bc4f-59bcffc89c5e,6f45f2e9-a617-570a-dc23-8297ad101452,37424,6f45f2e9-a617-570a-8867-dec1260088bb,PAYMENT,,CC,2017-01-10T06:34:20Z,2017-01-10T06:49:20Z,74186f3f-523b-3157-a8c6-6e104d106cb5,91251008,,,1,,,,1,8,Physical therapy procedure (regime/therapy),0.00,,,62.04,0.00,,0.00,6f45f2e9-a617-570a-c4c5-0e1385599b49,,6f45f2e9-a617-570a-2d9c-b0c0f17ad90f,1,f16eb5e7-f3cb-3b61-b8dc-be8172542a44,f16eb5e7-f3cb-3b61-b8dc-be8172542a44
e2cdce0e-b59a-78c0-f13d-66f3ff24097a,6f45f2e9-a617-570a-dc23-8297ad101452,37426,6f45f2e9-a617-570a-8867-dec1260088bb,CHARGE,620.44,,2017-01-11T06:34:20Z,2017-01-11T06:49:20Z,74186f3f-523b-3157-a8c6-6e104d106cb5,410401003,,,1,,,,1,8,Nursing care/supplementary surveillance (regime/therapy),620.44,,1,0.00,0.00,,0.00,6f45f2e9-a617-570a-c4c5-0e1385599b49,,6f45f2e9-a617-570a-2d9c-b0c0f17ad90f,1,f16eb5e7-f3cb-3b61-b8dc-be8172542a44,f16eb5e7-f3cb-3b61-b8dc-be8172542a44
c59b9c1d-6b37-f181-e27a-cde7fe4b12f5,6f45f2e9-a617-570a-dc23-8297ad101452,37427,6f45f2e9-a617-570a-8867-dec1260088bb,PAYMENT,,ECHECK,2017-01-11T06:34:20Z,2017-01-11T06:49:20Z,74186f3f-523b-3157-a8c6-6e104d106cb5,410401003,,,1,,,,1,8,Nursing care/supplementary surveillance (regime/therapy),0.00,,,496.35,0.00,,124.09,6f45f2e9-a617-570a-c4c5-0e1385599b49,,6f45f2e9-a617-570a-2d9c-b0c0f17ad90f,1,f16eb5e7-f3cb-3b61-b8dc-be8172542a44,f16eb5e7-f3cb-3b61-b8dc-be8172542a44
8b37383a-d672-e303-c4f5-9bcffc9925eb,6f45f2e9-a617-570a-dc23-8297ad101452,37428,6f45f2e9-a617-570a-8867-dec1260088bb,TRANSFEROUT,,,2017-01-11T06:34:20Z,2017-01-11T06:49:20Z,74186f3f-523b-3157-a8c6-6e104d106cb5,410401003,,,1,,,,1,8,Nursing care/supplementary surveillance (regime/therapy),0.00,,,0.00,0.00,124.09,124.09,6f45f2e9-a617-570a-c4c5-0e1385599b49,,6f45f2e9-a617-570a-2d9c-b0c0f17ad90f,1,f16eb5e7-f3cb-3b61-b8dc-be8172542a44,f16eb5e7-f3cb-3b61-b8dc-be8172542a44
166e7075-ace9-c607-89eb-379ff93e4bd7,6f45f2e9-a617-570a-dc23-8297ad101452,37429,6f45f2e9-a617-570a-8867-dec1260088bb,TRANSFERIN,124.09,,2017-01-11T06:34:20Z,2017-01-11T06:49:20Z,74186f3f-523b-3157-a8c6-6e104d106cb5,410401003,,,1,,,,1,8,Nursing care/supplementary surveillance (regime/therapy),0.00,37428,p,0.0000,0.00,124.09,124.09,6f45f2e9-a617-570a-c4c5-0e1385599b49,,6f45f2e9-a617-570a-2d9c-b0c0f17ad90f,1,f16eb5e7-f3cb-3b61-b8dc-be8172542a44,f16eb5e7-f3cb-3b61-b8dc-be8172542a44
1d6b6609-81c5-9b9c-e7fe-7b2af5e27acd,6f45f2e9-a617-570a-dc23-8297ad101452,37430,6f45f2e9-a617-570a-8867-dec1260088bb,PAYMENT,,CC,2017-01-11T06:34:20Z,2017-01-11T06:49:20Z,74186f3f-523b-3157-a8c6-6e104d106cb5,410401003,,,1,,,,1,8,Nursing care/supplementary surveillance (regime/therapy),0.00,,,124.09,0.00,,0.00,6f45f2e9-a617-570a-c4c5-0e1385599b49,,6f45f2e9-a617-570a-2d9c-b0c0f17ad90f,1,f16eb5e7-f3cb-3b61-b8dc-be8172542a44,f16eb5e7-f3cb-3b61-b8dc-be8172542a44
75adaa26-0716-6e70-9ff9-feabd789eb37,6f45f2e9-a617-570a-dc23-8297ad101452,37432,6f45f2e9-a617-570a-8867-dec1260088bb,CHARGE,--,,2017-01-12T06:34:20Z,2017-01-12T06:49:20Z,74186f3f-523b-3157-a8c6-6e104d106cb5,410401003,,,1,,,,1,8,Nursing care/supplementary surveillance (regime/therapy),620.44,,1,0.00,0.00,,0.00,6f45f2e9-a617-570a-c4c5-0e1385599b49,,6f45f2e9-a617-570a-2d9c-b0c0f17ad90f,1,f16eb5e7-f3cb-3b61-b8dc-be8172542a44,f16eb5e7-f3cb-3b61-b8dc-be8172542a44
eb5b6a4c-0e2c-dce0-3ff4-0357af13d66f,6f45f2e9-a617-570a-dc23-8297ad101452,37433,6f45f2e9-a617-570a-8867-dec1260088bb,PAYMENT,,ECHECK,2017-01-12T06:34:20Z,2017-01-12T06:49:20Z,74186f3f-523b-3157-a8c6-6e104d106cb5,410401003,,,1,,,,1,8,Nursing care/supplementary surveillance (regime/therapy),0.00,,,496.35,0.00,,124.09,6f45f2e9-a617-570a-c4c5-0e1385599b49,,6f45f2e9-a617-570a-2d9c-b0c0f17ad90f,1,f16eb5e7-f3cb-3b61-b8dc-be8172542a44,f16eb5e7-f3cb-3b61-b8dc-be8172542a44
d6b6e498-1c59-b9c1-7fe8-36af5e27acde,6f45f2e9-a617-570a-dc23-8297ad101452,37434,6f45f2e9-a617-570a-8867-dec1260088bb,TRANSFEROUT,,,2017-01-12T06:34:20Z,2017-01-12T06:49:20Z,74186f3f-523b-3157-a8c6-6e104d106cb5,410401003,,,1,,,,1,8,Nursing care/supplementary surveillance (regime/therapy),0.00,,,0.00,0.00,124.09,124.09,6f45f2e9-a617-570a-c4c5-0e1385599b49,,6f45f2e9-a617-570a-2d9c-b0c0f17ad90f,1,f16eb5e7-f3cb-3b61-b8dc-be8172542a44,f16eb5e7-f3cb-3b61-b8dc-be8172542a44
ad6e3930-38b3-7383-ffd0-9d5ebc4f59bc,6f45f2e9-a617-570a-dc23-8297ad101452,37435,6f45f2e9-a617-570a-8867-dec1260088bb,TRANSFERIN,124.09,,2017-01-12T06:34:20Z,2017-01-12T06:49:20Z,74186f3f-523b-3157-a8c6-6e104d106cb5,410401003,,,1,,,,1,8,Nursing care/supplementary surveillance (regime/therapy),0.00,37434,p,0.00,0.00,124.09,124.09,6f45f2e9-a617-570a-c4c5-0e1385599b49,,6f45f2e9-a617-570a-2d9c-b0c0f17ad90f,1,f16eb5e7-f3cb-3b61-b8dc-be8172542a44,f16eb5e7-f3cb-3b61-b8dc-be8172542a44
5adcb260-7166-e707-ffa1-fabd789eb379,6f45f2e9-a617-570a-dc23-8297ad101452,37436,6f45f2e9-a617-570a-8867-dec1260088bb,PAYMENT,,CC,2017-01-12T06:34:20Z,2017-01-12T06:49:20Z,74186f3f-523b-3157-a8c6-6e104d106cb5,410401003,,,1,,,,1,8,Nursing care/supplementary surveillance (regime/therapy),0.00,,,124.09,0.00,,0.00,6f45f2e9-a617-570a-c4c5-0e1385599b49,,6f45f2e9-a617-570a-2d9c-b0c0f17ad90f,1,f16eb5e7-f3cb-3b61-b8dc-be8172542a44,f16eb5e7-f3cb-3b61-b8dc-be8172542a44
6b77f981-c59b-9c1d-fe8b-1af5e27acde7,6f45f2e9-a617-570a-dc23-8297ad101452,37438,6f45f2e9-a617-570a-8867-dec1260088bb,CHARGE,620.44,,2017-01-13T06:34:20Z,2017-01-13T06:49:20Z,74186f3f-523b-3157-a8c6-6e104d106cb5,225386006,,,1,,,,1,8,Pre-discharge assessment (procedure),620.44,,1,0.00,0.00,,0.00,6f45f2e9-a617-570a-c4c5-0e1385599b49,,6f45f2e9-a617-570a-2d9c-b0c0f17ad90f,1,f16eb5e7-f3cb-3b61-b8dc-be8172542a44,f16eb5e7-f3cb-3b61-b8dc-be8172542a44
d6f2f303-8b37-383a-fd19-35ebc4f59bcf,6f45f2e9-a617-570a-dc23-8297ad101452,37439,6f45f2e9-a617-570a-8867-dec1260088bb,PAYMENT,,ECHECK,2017-01-13T06:34:20Z,2017-01-13T06:49:20Z,74186f3f-523b-3157-a8c6-6e104d106cb5,225386006,,,1,,,,1,8,Pre-discharge assessment (procedure),0.00,,,496.35,0.00,,124.09,6f45f2e9-a617-570a-c4c5-0e1385599b49,,6f45f2e9-a617-570a-2d9c-b0c0f17ad90f,1,f16eb5e7-f3cb-3b61-b8dc-be8172542a44,f16eb5e7-f3cb-3b61-b8dc-be8172542a44
c0e2cdce-0eb5-d282-7af1-3d66f3ff5c13,6f45f2e9-a617-570a-dc23-8297ad101452,37440,6f45f2e9-a617-570a-8867-dec1260088bb,TRANSFEROUT,,,2017-01-13T06:34:20Z,2017-01-13T06:49:20Z,74186f3f-523b-3157-a8c6-6e104d106cb5,225386006,,,1,,,,1,8,Pre-discharge assessment (procedure),0.00,,,0.00,0.00,124.09,124.09,6f45f2e9-a617-570a-c4c5-0e1385599b49,,6f45f2e9-a617-570a-2d9c-b0c0f17ad90f,1,f16eb5e7-f3cb-3b61-b8dc-be8172542a44,f16eb5e7-f3cb-3b61-b8dc-be8172542a44
81c59b9c-1d6b-a605-f5e2-7acde7febb26,6f45f2e9-a617-570a-dc23-8297ad101452,37441,6f45f2e9-a617-570a-8867-dec1260088bb,TRANSFERIN,124.09,,2017-01-13T06:34:20Z,2017-01-13T06:49:20Z,74186f3f-523b-3157-a8c6-6e104d106cb5,225386006,,,1,,,,1,8,Pre-discharge assessment (procedure),0.00,37440,p,0.00,0.00,124.09,124.09,6f45f2e9-a617-570a-c4c5-0e1385599b49,,6f45f2e9-a617-570a-2d9c-b0c0f17ad90f,1,f16eb5e7-f3cb-3b61-b8dc-be8172542a44,f16eb5e7-f3cb-3b61-b8dc-be8172542a44
038b3738-3ad7-530b-ebc4-f59bcffd794d,6f45f2e9-a617-570a-dc23-8297ad101452,37442,6f45f2e9-a617-570a-8867-dec1260088bb,PAYMENT,,CC,2017-01-13T06:34:20Z,2017-01-13T06:49:20Z,74186f3f-523b-3157-a8c6-6e104d106cb5,225386006,,,1,,,,1,8,Pre-discharge assessment (procedure),0.00,,,124.09,0.00,,0.00,6f45f2e9-a617-570a-c4c5-0e1385599b49,,6f45f2e9-a617-570a-2d9c-b0c0f17ad90f,1,f16eb5e7-f3cb-3b61-b8dc-be8172542a44,f16eb5e7-f3cb-3b61-b8dc-be8172542a44
0e2cdce0-eb5d-6a2c-af13-d66f3ff60337,6f45f2e9-a617-570a-dc23-8297ad101452,37444,6f45f2e9-a617-570a-8867-dec1260088bb,CHARGE,620.44,,2017-01-13T06:34:20Z,2017-01-13T06:49:20Z,74186f3f-523b-3157-a8c6-6e104d106cb5,308283009,,,1,,,,1,8,Discharge from hospital (procedure),620.44,,1,0.00,0.00,,0.00,6f45f2e9-a617-570a-c4c5-0e1385599b49,,6f45f2e9-a617-570a-2d9c-b0c0f17ad90f,1,f16eb5e7-f3cb-3b61-b8dc-be8172542a44,f16eb5e7-f3cb-3b61-b8dc-be8172542a44
1c59b9c1-d6ba-e458-5e27-acde7fec366f,6f45f2e9-a617-570a-dc23-8297ad101452,37445,6f45f2e9-a617-570a-8867-dec1260088bb,PAYMENT,,ECHECK,2017-01-13T06:34:20Z,2017-01-13T06:49:20Z,74186f3f-523b-3157-a8c6-6e104d106cb5,308283009,,,1,,,,1,8,Discharge from hospital (procedure),0.00,,,496.35,0.00,,124.09,6f45f2e9-a617-570a-c4c5-0e1385599b49,,6f45f2e9-a617-570a-2d9c-b0c0f17ad90f,1,f16eb5e7-f3cb-3b61-b8dc-be8172542a44,f16eb5e7-f3cb-3b61-b8dc-be8172542a44
38b37383-ad76-38b0-bc4f-59bcffd89cde,6f45f2e9-a617-570a-dc23-8297ad101452,37446,6f45f2e9-a617-570a-8867-dec1260088bb,TRANSFEROUT,,,2017-01-13T06:34:20Z,2017-01-13T06:49:20Z,74186f3f-523b-3157-a8c6-6e104d106cb5,308283009,,,1,,,,1,8,Discharge from hospital (procedure),0.00,,,0.00,0.00,124.09,124.09,6f45f2e9-a617-570a-c4c5-0e1385599b49,,6f45f2e9-a617-570a-2d9c-b0c0f17ad90f,1,f16eb5e7-f3cb-3b61-b8dc-be8172542a44,f16eb5e7-f3cb-3b61-b8dc-be8172542a44
7166e707-5aec-b160-789e-b379ffb1f9bd,6f45f2e9-a617-570a-dc23-8297ad101452,37447,6f45f2e9-a617-570a-8867-dec1260088bb,TRANSFERIN,124.09,,2017-01-13T06:34:20Z,2017-01-13T06:49:20Z,74186f3f-523b-3157-a8c6-6e104d106cb5,308283009,,,1,,,,1,8,Discharge from hospital (procedure),0.00,37446,p,0.00,0.00,124.09,124.09,6f45f2e9-a617-570a-c4c5-0e1385599b49,,6f45f2e9-a617-570a-2d9c-b0c0f17ad90f,1,f16eb5e7-f3cb-3b61-b8dc-be8172542a44,f16eb5e7-f3cb-3b61-b8dc-be8172542a44
e2cdce0e-b5da-7ac0-f13d-66f3ff640b7a,6f45f2e9-a617-570a-dc23-8297ad101452,37448,6f45f2e9-a617-570a-8867-dec1260088bb,PAYMENT,,CC,2017-01-13T06:34:20Z,2017-01-13T06:49:20Z,74186f3f-523b-3157-a8c6-6e104d106cb5,308283009,,,1,,,,1,8,Discharge from hospital (procedure),0.00,,,124.09,0.00,,0.00,6f45f2e9-a617-570a-c4c5-0e1385599b49,,6f45f2e9-a617-570a-2d9c-b0c0f17ad90f,1,f16eb5e7-f3cb-3b61-b8dc-be8172542a44,f16eb5e7-f3cb-3b61-b8dc-be8172542a44
662ed311-c8d2-a08e-327c-f954b10c6136,6f45f2e9-a617-570a-7475-a42b517f9a57,37450,6f45f2e9-a617-570a-8867-dec1260088bb,CHARGE,83,,2017-01-24T10:34:20Z,2017-01-24T10:49:20Z,fe61f80c-951c-3dfb-8704-ae1da96fef2e,185345009,,,1,2,,,1,1,Encounter for symptom (procedure),83.05,,1,0.00,0.00,,0.00,6f45f2e9-a617-570a-e411-55906c91cca4,,6f45f2e9-a617-570a-2d9c-b0c0f17ad90f,1,2e190550-b660-3228-a23c-dc3466037126,2e190550-b660-3228-a23c-dc3466037126
cc5daa23-91a5-411c-64f9-fea96218c26c,6f45f2e9-a617-570a-7475-a42b517f9a57,37451,6f45f2e9-a617-570a-8867-dec1260088bb,PAYMENT,,ECHECK,2017-01-24T10:34:20Z,2017-01-24T10:49:20Z,fe61f80c-951c-3dfb-8704-ae1da96fef2e,185345009,,,1,2,,,1,1,Encounter for symptom (procedure),0.00,,,66.44,0.00,,16.61,6f45f2e9-a617-570a-e411-55906c91cca4,,6f45f2e9-a617-570a-2d9c-b0c0f17ad90f,1,2e190550-b660-3228-a23c-dc3466037126,2e190550-b660-3228-a23c-dc3466037126
98bb6a47-234a-8239-c9f4-0352c43184d8,6f45f2e9-a617-570a-7475-a42b517f9a57,37452,6f45f2e9-a617-570a-8867-dec1260088bb,TRANSFEROUT,,,2017-01-24T10:34:20Z,2017-01-24T10:49:20Z,fe61f80c-951c-3dfb-8704-ae1da96fef2e,185345009,,,1,2,,,1,1,Encounter for symptom (procedure),0.00,,,0.00,0.00,16.61,16.61,6f45f2e9-a617-570a-e411-55906c91cca4,,6f45f2e9-a617-570a-2d9c-b0c0f17ad90f,1,2e190550-b660-3228-a23c-dc3466037126,2e190550-b660-3228-a23c-dc3466037126
3176e48e-4695-0473-93e8-36a5886309b1,6f45f2e9-a617-570a-7475-a42b517f9a57,37453,6f45f2e9-a617-570a-8867-dec1260088bb,TRANSFERIN,16.61,,2017-01-24T10:34:20Z,2017-01-24T10:49:20Z,fe61f80c-951c-3dfb-8704-ae1da96fef2e,185345009,,,1,2,,,1,1,Encounter for symptom (procedure),0.00,37452,p,0.00,0.00,16.61,16.61,6f45f2e9-a617-570a-e411-55906c91cca4,,6f45f2e9-a617-570a-2d9c-b0c0f17ad90f,1,2e190550-b660-3228-a23c-dc3466037126,2e190550-b660-3228-a23c-dc3466037126
62ee391c-8d2a-08e6-27d0-9d4b10c61363,6f45f2e9-a617-570a-7475-a42b517f9a57,37454,6f45f2e9-a617-570a-8867-dec1260088bb,PAYMENT,,CC,2017-01-24T10:34:20Z,2017-01-24T10:49:20Z,fe61f80c-951c-3dfb-8704-ae1da96fef2e,185345009,,,1,2,,,1,1,Encounter for symptom (procedure),0.00,,,16.61,0.00,,0.00,6f45f2e9-a617-570a-e411-55906c91cca4,,6f45f2e9-a617-570a-2d9c-b0c0f17ad90f,1,2e190550-b660-3228-a23c-dc3466037126,2e190550-b660-3228-a23c-dc3466037126
0572c3f4-b529-3308-21b7-fab9fd863a40,f78d29d3-923c-44eb-a13a-33bb91bd8dfa,37456,6f45f2e9-a617-570a-8867-dec1260088bb,CHARGE,83.05,,2017-01-27T06:34:20Z,2017-01-27T06:49:20Z,fe61f80c-951c-3dfb-8704-ae1da96fef2e,185349003,,,1,,,,1,1,Encounter for check up (procedure),83.05,,1,0.00,0.00,,0.00,6f45f2e9-a617-570a-0cbd-b73d048fb5bf,,6f45f2e9-a617-570a-2d9c-b0c0f17ad90f,1,2e190550-b660-3228-a23c-dc3466037126,2e190550-b660-3228-a23c-dc3466037126
0ae587ea-7652-6610-436f-f574070c7480,6f45f2e9-a617-570a-9872-4a5cecd2e0c7,37457,6f45f2e9-a617-570a-8867-dec1260088bb,PAYMENT,,ECHECK,2017-01-27T06:34:20Z,2017-01-27T06:49:20Z,fe61f80c-951c-3dfb-8704-ae1da96fef2e,185349003,,,1,,,,1,1,Encounter for check up (procedure),0.00,,,66.44,0.00,,16.61,6f45f2e9-a617-570a-0cbd-b73d048fb5bf,,6f45f2e9-a617-570a-2d9c-b0c0f17ad90f,1,2e190550-b660-3228-a23c-dc3466037126,2e190550-b660-3228-a23c-dc3466037126
15cb0fd7-eca4-cc20-86df-eaeb0e18e900,6f45f2e9-a617-570a-9872-4a5cecd2e0c7,37458,6f45f2e9-a617-570a-8867-dec1260088bb,TRANSFEROUT,,,2017-01-27T06:34:20Z,2017-01-27T06:49:20Z,fe61f80c-951c-3dfb-8704-ae1da96fef2e,185349003,,,1,,,,1,1,Encounter for check up (procedure),0.00,,,0.00,0.00,16.61,16.61,6f45f2e9-a617-570a-0cbd-b73d048fb5bf,,6f45f2e9-a617-570a-2d9c-b0c0f17ad90f,1,2e190550-b660-3228-a23c-dc3466037126,2e190550-b660-3228-a23c-dc3466037126
2b961fb2-d949-9840-0dbf-d5d91c31d201,6f45f2e9-a617-570a-9872-4a5cecd2e0c7,37459,6f45f2e9-a617-570a-8867-dec1260088bb,TRANSFERIN,16.61,,2017-01-27T06:34:20Z,2017-01-27T06:49:20Z,fe61f80c-951c-3dfb-8704-ae1da96fef2e,185349003,,,1,,,,1,1,Encounter for check up (procedure),0.00,37458,p,0.00,0.00,16.61,16.61,6f45f2e9-a617-570a-0cbd-b73d048fb5bf,,6f45f2e9-a617-570a-2d9c-b0c0f17ad90f,1,2e190550-b660-3228-a23c-dc3466037126,2e190550-b660-3228-a23c-dc3466037126
028e5266-100a-e588-8c1f-0c7480436ff5,6f45f2e9-a617-570a-9872-4a5cecd2e0c7,37460,6f45f2e9-a617-570a-8867-dec1260088bb,PAYMENT,,CC,2017-01-27T06:34:20Z,2017-01-27T06:49:20Z,fe61f80c-951c-3dfb-8704-ae1da96fef2e,185349003,,,1,,,,1,1,Encounter for check up (procedure),0.00,,,16.61,0.00,,0.00,6f45f2e9-a617-570a-0cbd-b73d048fb5bf,,6f45f2e9-a617-570a-2d9c-b0c0f17ad90f,1,2e190550-b660-3228-a23c-dc3466037126,2e190550-b660-3228-a23c-dc3466037126
34885557-ea22-4e30-fc7c-d86b0b966b13,6f45f2e9-a617-570a-3c3f-3b4b734faaf1,37462,6f45f2e9-a617-570a-8867-dec1260088bb,CHARGE,171.78,,2017-04-20T06:34:20Z,2017-04-20T06:49:20Z,775fd387-94cb-3058-adc1-871f8aef9045,410620009,,,1,,,,1,10,Well child visit (procedure),171.78,,1,0.00,0.00,,0.00,6f45f2e9-a617-570a-65af-c533e3c03201,,6f45f2e9-a617-570a-2d9c-b0c0f17ad90f,1,817b5927-2988-302e-af60-4d0b7e0de251,817b5927-2988-302e-af60-4d0b7e0de251
6910aab2-d444-9c60-f8f9-b0d9172cd627,6f45f2e9-a617-570a-3c3f-3b4b734faaf1,37463,6f45f2e9-a617-570a-8867-dec1260088bb,PAYMENT,,ECHECK,2017-04-20T06:34:20Z,2017-04-20T06:49:20Z,775fd387-94cb-3058-adc1-871f8aef9045,410620009,,,1,,,,1,10,Well child visit (procedure),0.00,,,137.42,0.00,,34.36,6f45f2e9-a617-570a-65af-c533e3c03201,,6f45f2e9-a617-570a-2d9c-b0c0f17ad90f,1,817b5927-2988-302e-af60-4d0b7e0de251,817b5927-2988-302e-af60-4d0b7e0de251
d2215569-a889-38c0-f1f3-61be2e59ac4f,6f45f2e9-a617-570a-3c3f-3b4b734faaf1,37464,6f45f2e9-a617-570a-8867-dec1260088bb,TRANSFEROUT,,,2017-04-20T06:34:20Z,2017-04-20T06:49:20Z,775fd387-94cb-3058-adc1-871f8aef9045,410620009,,,1,,,,1,10,Well child visit (procedure),0.00,,,0.00,0.00,34.36,34.36,6f45f2e9-a617-570a-65af-c533e3c03201,,6f45f2e9-a617-570a-2d9c-b0c0f17ad90f,1,817b5927-2988-302e-af60-4d0b7e0de251,817b5927-2988-302e-af60-4d0b7e0de251
a442aae9-5112-7181-e3e6-c3825cb3589f,6f45f2e9-a617-570a-3c3f-3b4b734faaf1,37465,6f45f2e9-a617-570a-8867-dec1260088bb,TRANSFERIN,34,,2017-04-20T06:34:20Z,2017-04-20T06:49:20Z,775fd387-94cb-3058-adc1-871f8aef9045,410620009,,,1,,,,1,10,Well child visit (procedure),0.00,37464,p,0.00,0.00,34.36,34.36,6f45f2e9-a617-570a-65af-c533e3c03201,,6f45f2e9-a617-570a-2d9c-b0c0f17ad90f,1,817b5927-2988-302e-af60-4d0b7e0de251,817b5927-2988-302e-af60-4d0b7e0de251
488555e2-a224-e303-c7cd-8734b966b13f,6f45f2e9-a617-570a-3c3f-3b4b734faaf1,37466,6f45f2e9-a617-570a-8867-dec1260088bb,PAYMENT,,CC,2017-04-20T06:34:20Z,2017-04-20T06:49:20Z,775fd387-94cb-3058-adc1-871f8aef9045,410620009,,,1,,,,1,10,Well child visit (procedure),0.00,,,34.36,0.00,,0.00,6f45f2e9-a617-570a-65af-c533e3c03201,,6f45f2e9-a617-570a-2d9c-b0c0f17ad90f,1,817b5927-2988-302e-af60-4d0b7e0de251,817b5927-2988-302e-af60-4d0b7e0de251
221558aa-8893-8c0d-1f36-1df2e59ac4ff,6f45f2e9-a617-570a-3c3f-3b4b734faaf1,37468,6f45f2e9-a617-570a-8867-dec1260088bb,CHARGE,136.00,,2017-04-20T06:34:20Z,1970-01-01T00:00:00Z,775fd387-94cb-3058-adc1-871f8aef9045,140,,,1,,,,1,10,Influenza  split virus  trivalent  PF,136.00,,1,0.00,0.00,,0.00,6f45f2e9-a617-570a-65af-c533e3c03201,,6f45f2e9-a617-570a-2d9c-b0c0f17ad90f,1,817b5927-2988-302e-af60-4d0b7e0de251,817b5927-2988-302e-af60-4d0b7e0de251
442ab285-1127-181a-3e6c-3c15cb3589fe,6f45f2e9-a617-570a-3c3f-3b4b734faaf1,37469,6f45f2e9-a617-570a-8867-dec1260088bb,PAYMENT,,ECHECK,2017-04-20T06:34:20Z,1970-01-01T00:00:00Z,775fd387-94cb-3058-adc1-871f8aef9045,140,,,1,,,,1,10,Influenza  split virus  trivalent  PF,0.00,,,108.80,0.00,,27.20,6f45f2e9-a617-570a-65af-c533e3c03201,,6f45f2e9-a617-570a-2d9c-b0c0f17ad90f,1,817b5927-2988-302e-af60-4d0b7e0de251,817b5927-2988-302e-af60-4d0b7e0de251
3b4449c6-0691-0ab2-9f72-cd627f8f9b14,6f45f2e9-a617-570a-3c3f-3b4b734faaf1,37470,6f45f2e9-a617-570a-8867-dec1260088bb,TRANSFEROUT,,,2017-04-20T06:34:20Z,1970-01-01T00:00:00Z,775fd387-94cb-3058-adc1-871f8aef9045,140,,,1,,,,1,10,Influenza  split virus  trivalent  PF,0.00,,,0.00,0.00,27.20,27.20,6f45f2e9-a617-570a-65af-c533e3c03201,,6f45f2e9-a617-570a-2d9c-b0c0f17ad90f,1,817b5927-2988-302e-af60-4d0b7e0de251,817b5927-2988-302e-af60-4d0b7e0de251
b688938c-0d22-1564-fee5-9ac4ff1f3629,6f45f2e9-a617-570a-3c3f-3b4b734faaf1,37471,6f45f2e9-a617-570a-8867-dec1260088bb,TRANSFERIN,27.20,,2017-04-20T06:34:20Z,1970-01-01T00:00:00Z,775fd387-94cb-3058-adc1-871f8aef9045,140,,,1,,,,1,10,Influenza  split virus  trivalent  PF,0.00,37470,p,0.00,0.00,27.20,27.20,6f45f2e9-a617-570a-65af-c533e3c03201,,6f45f2e9-a617-570a-2d9c-b0c0f17ad90f,1,817b5927-2988-302e-af60-4d0b7e0de251,817b5927-2988-302e-af60-4d0b7e0de251
73112718-1a44-2aca-03cb-3589fe3e6c54,6f45f2e9-a617-570a-3c3f-3b4b734faaf1,37472,6f45f2e9-a617-570a-8867-dec1260088bb,PAYMENT,,CC,2017-04-20T06:34:20Z,1970-01-01T00:00:00Z,775fd387-94cb-3058-adc1-871f8aef9045,140,,,1,,,,1,10,Influenza  split virus  trivalent  PF,0.00,,,27.20,0.00,,0.00,6f45f2e9-a617-570a-65af-c533e3c03201,,6f45f2e9-a617-570a-2d9c-b0c0f17ad90f,1,817b5927-2988-302e-af60-4d0b7e0de251,817b5927-2988-302e-af60-4d0b7e0de251
cc449c60-6910-ab32-0f2c-d627f8f9b159,6f45f2e9-a617-570a-3c3f-3b4b734faaf1,37474,6f45f2e9-a617-570a-8867-dec1260088bb,CHARGE,620.44,,2017-04-20T06:34:20Z,2017-04-20T06:40:06Z,775fd387-94cb-3058-adc1-871f8aef9045,103697008,,,1,,,,1,10,Patient referral for dental care (procedure),620.44,,1,0.00,0.00,,0.00,6f45f2e9-a617-570a-65af-c533e3c03201,,6f45f2e9-a617-570a-2d9c-b0c0f17ad90f,1,817b5927-2988-302e-af60-4d0b7e0de251,817b5927-2988-302e-af60-4d0b7e0de251
988938c0-d221-5669-1e59-ac4ff1f362be,6f45f2e9-a617-570a-3c3f-3b4b734faaf1,37475,6f45f2e9-a617-570a-8867-dec1260088bb,PAYMENT,,ECHECK,2017-04-20T06:34:20Z,2017-04-20T06:40:06Z,775fd387-94cb-3058-adc1-871f8aef9045,103697008,,,1,,,,1,10,Patient referral for dental care (procedure),0.00,,,496.35,0.00,,124.09,6f45f2e9-a617-570a-65af-c533e3c03201,,6f45f2e9-a617-570a-2d9c-b0c0f17ad90f,1,817b5927-2988-302e-af60-4d0b7e0de251,817b5927-2988-302e-af60-4d0b7e0de251
31127181-a442-ace9-3cb3-589fe3e6c582,6f45f2e9-a617-570a-3c3f-3b4b734faaf1,37476,6f45f2e9-a617-570a-8867-dec1260088bb,TRANSFEROUT,,,2017-04-20T06:34:20Z,2017-04-20T06:40:06Z,775fd387-94cb-3058-adc1-871f8aef9045,103697008,,,1,,,,1,10,Patient referral for dental care (procedure),0.00,,,0.00,0.00,124.09,124.09,6f45f2e9-a617-570a-65af-c533e3c03201,,6f45f2e9-a617-570a-2d9c-b0c0f17ad90f,1,817b5927-2988-302e-af60-4d0b7e0de251,817b5927-2988-302e-af60-4d0b7e0de251
6224e303-4885-59e2-7966-b13fc7cd8b34,6f45f2e9-a617-570a-3c3f-3b4b734faaf1,37477,6f45f2e9-a617-570a-8867-dec1260088bb,TRANSFERIN,124.09,,2017-04-20T06:34:20Z,2017-04-20T06:40:06Z,775fd387-94cb-3058-adc1-871f8aef9045,103697008,,,1,,,,1,10,Patient referral for dental care (procedure),0.00,37476,p,0,0.00,124.09,124.09,6f45f2e9-a617-570a-65af-c533e3c03201,,6f45f2e9-a617-570a-2d9c-b0c0f17ad90f,1,817b5927-2988-302e-af60-4d0b7e0de251,817b5927-2988-302e-af60-4d0b7e0de251
c449c606-910a-b434-f2cd-627f8f9b1698,6f45f2e9-a617-570a-3c3f-3b4b734faaf1,37478,6f45f2e9-a617-570a-8867-dec1260088bb,PAYMENT,,CC,2017-04-20T06:34:20Z,2017-04-20T06:40:06Z,775fd387-94cb-3058-adc1-871f8aef9045,103697008,,,1,,,,1,10,Patient referral for dental care (procedure),0.00,,,124.09,0.00,,0.00,6f45f2e9-a617-570a-65af-c533e3c03201,,6f45f2e9-a617-570a-2d9c-b0c0f17ad90f,1,817b5927-2988-302e-af60-4d0b7e0de251,817b5927-2988-302e-af60-4d0b7e0de251
5bb09e7e-cc28-19e2-72f2-6cbfcd00cb34,6f45f2e9-a617-570a-6eca-cdd1072c7405,37480,6f45f2e9-a617-570a-8867-dec1260088bb,CHARGE,83.05,,2017-04-27T06:34:20Z,2017-04-27T10:06:16Z,fe61f80c-951c-3dfb-8704-ae1da96fef2e,185349003,,,1,,,,1,1,Encounter for check up (procedure),83.05,,1,0.00,0.00,,0.00,6f45f2e9-a617-570a-1585-d870e5b8e140,,6f45f2e9-a617-570a-2d9c-b0c0f17ad90f,1,2e190550-b660-3228-a23c-dc3466037126,2e190550-b660-3228-a23c-dc3466037126
b7613cfd-9850-3434-e5e4-d97f9a019698,6f45f2e9-a617-570a-6eca-cdd1072c7405,37481,6f45f2e9-a617-570a-8867-dec1260088bb,PAYMENT,,ECHECK,2017-04-27T06:34:20Z,2017-04-27T10:06:16Z,fe61f80c-951c-3dfb-8704-ae1da96fef2e,185349003,,,1,,,,1,1,Encounter for check up (procedure),0.00,,,66.44,0.00,,16.61,6f45f2e9-a617-570a-1585-d870e5b8e140,,6f45f2e9-a617-570a-2d9c-b0c0f17ad90f,1,2e190550-b660-3228-a23c-dc3466037126,2e190550-b660-3228-a23c-dc3466037126
6ec279fb-30a0-68a9-cbc9-b2ff34032df1,6f45f2e9-a617-570a-6eca-cdd1072c7405,37482,6f45f2e9-a617-570a-8867-dec1260088bb,TRANSFEROUT,,,2017-04-27T06:34:20Z,2017-04-27T10:06:16Z,fe61f80c-951c-3dfb-8704-ae1da96fef2e,185349003,,,1,,,,1,1,Encounter for check up (procedure),0.00,,,0.00,0.00,16.61,16.61,6f45f2e9-a617-570a-1585-d870e5b8e140,,6f45f2e9-a617-570a-2d9c-b0c0f17ad90f,1,2e190550-b660-3228-a23c-dc3466037126,2e190550-b660-3228-a23c-dc3466037126
dd84f3f6-6140-d282-9793-65fe68065c13,6f45f2e9-a617-570a-6eca-cdd1072c7405,37483,6f45f2e9-a617-570a-8867-dec1260088bb,TRANSFERIN,16.61,,2017-04-27T06:34:20Z,2017-04-27T10:06:16Z,fe61f80c-951c-3dfb-8704-ae1da96fef2e,185349003,,,1,,,,1,1,Encounter for check up (procedure),0.00,37482,p,0.00,0.00,16.61,16.61,6f45f2e9-a617-570a-1585-d870e5b8e140,,6f45f2e9-a617-570a-2d9c-b0c0f17ad90f,1,2e190550-b660-3228-a23c-dc3466037126,2e190550-b660-3228-a23c-dc3466037126
bb09e7ec-c281-a605-2f26-cbfcd00cbb27,6f45f2e9-a617-570a-6eca-cdd1072c7405,37484,6f45f2e9-a617-570a-8867-dec1260088bb,PAYMENT,,CC,2017-04-27T06:34:20Z,2017-04-27T10:06:16Z,fe61f80c-951c-3dfb-8704-ae1da96fef2e,185349003,,,1,,,,1,1,Encounter for check up (procedure),0.00,,,16.61,0.00,,0.00,6f45f2e9-a617-570a-1585-d870e5b8e140,,6f45f2e9-a617-570a-2d9c-b0c0f17ad90f,1,2e190550-b660-3228-a23c-dc3466037126,2e190550-b660-3228-a23c-dc3466037126
ec279fb3-0a06-aa16-bc9b-2ff34032fe9c,6f45f2e9-a617-570a-6eca-cdd1072c7405,37486,6f45f2e9-a617-570a-8867-dec1260088bb,CHARGE,620.44,,2017-04-27T06:34:20Z,2017-04-27T06:59:14Z,fe61f80c-951c-3dfb-8704-ae1da96fef2e,34043003,,,1,,,,1,1,Dental consultation and report (procedure),620.44,,1,0.00,0.00,,0.00,6f45f2e9-a617-570a-1585-d870e5b8e140,,6f45f2e9-a617-570a-2d9c-b0c0f17ad90f,1,2e190550-b660-3228-a23c-dc3466037126,2e190550-b660-3228-a23c-dc3466037126
d84f3f66-140d-6a2d-7936-5fe680660339,6f45f2e9-a617-570a-6eca-cdd1072c7405,37487,6f45f2e9-a617-570a-8867-dec1260088bb,PAYMENT,,ECHECK,2017-04-27T06:34:20Z,2017-04-27T06:59:14Z,fe61f80c-951c-3dfb-8704-ae1da96fef2e,34043003,,,1,,,,1,1,Dental consultation and report (procedure),0.00,,,496.35,0.00,,124.09,6f45f2e9-a617-570a-1585-d870e5b8e140,,6f45f2e9-a617-570a-2d9c-b0c0f17ad90f,1,2e190550-b660-3228-a23c-dc3466037126,2e190550-b660-3228-a23c-dc3466037126
b09e7ecc-281a-e45b-f26c-bfcd00cc3672,6f45f2e9-a617-570a-6eca-cdd1072c7405,37488,6f45f2e9-a617-570a-8867-dec1260088bb,TRANSFEROUT,,,2017-04-27T06:34:20Z,2017-04-27T06:59:14Z,fe61f80c-951c-3dfb-8704-ae1da96fef2e,34043003,,,1,,,,1,1,Dental consultation and report (procedure),0.00,,,0.00,0.00,124.09,124.09,6f45f2e9-a617-570a-1585-d870e5b8e140,,6f45f2e9-a617-570a-2d9c-b0c0f17ad90f,1,2e190550-b660-3228-a23c-dc3466037126,2e190550-b660-3228-a23c-dc3466037126
613cfd98-5036-38b7-e4d9-7f9a01989ce5,6f45f2e9-a617-570a-6eca-cdd1072c7405,37489,6f45f2e9-a617-570a-8867-dec1260088bb,TRANSFERIN,124.09,,2017-04-27T06:34:20Z,2017-04-27T06:59:14Z,fe61f80c-951c-3dfb-8704-ae1da96fef2e,34043003,,,1,,,,1,1,Dental consultation and report (procedure),0.00,37488,p,0.00,0.00,124.09,124.09,6f45f2e9-a617-570a-1585-d870e5b8e140,,6f45f2e9-a617-570a-2d9c-b0c0f17ad90f,1,2e190550-b660-3228-a23c-dc3466037126,2e190550-b660-3228-a23c-dc3466037126
66140ee9-6dd8-4f3f-e680-67827979365f,6f45f2e9-a617-570a-6eca-cdd1072c7405,37490,6f45f2e9-a617-570a-8867-dec1260088bb,PAYMENT,,CC,2017-04-27T06:34:20Z,2017-04-27T06:59:14Z,fe61f80c-951c-3dfb-8704-ae1da96fef2e,34043003,,,1,,,,1,1,Dental consultation and report (procedure),0.00,,,124.09,0.00,,0.00,6f45f2e9-a617-570a-1585-d870e5b8e140,,6f45f2e9-a617-570a-2d9c-b0c0f17ad90f,1,2e190550-b660-3228-a23c-dc3466037126,2e190550-b660-3228-a23c-dc3466037126
98503c35-b761-3cfd-9a01-9e99e5e4d97f,6f45f2e9-a617-570a-6eca-cdd1072c7405,37492,6f45f2e9-a617-570a-8867-dec1260088bb,CHARGE,620.44,,2017-04-27T06:59:14Z,2017-04-27T07:50:37Z,fe61f80c-951c-3dfb-8704-ae1da96fef2e,225362009,,,1,,,,1,1,Dental care (regime/therapy),620.44,,1,0.00,0.00,,0.00,6f45f2e9-a617-570a-1585-d870e5b8e140,,6f45f2e9-a617-570a-2d9c-b0c0f17ad90f,1,2e190550-b660-3228-a23c-dc3466037126,2e190550-b660-3228-a23c-dc3466037126
30a078ab-6ec2-79fb-3403-3df3cbc9b2ff,6f45f2e9-a617-570a-6eca-cdd1072c7405,37493,6f45f2e9-a617-570a-8867-dec1260088bb,PAYMENT,,ECHECK,2017-04-27T06:59:14Z,2017-04-27T07:50:37Z,fe61f80c-951c-3dfb-8704-ae1da96fef2e,225362009,,,1,,,,1,1,Dental care (regime/therapy),0.00,,,496.35,0.00,,124.09,6f45f2e9-a617-570a-1585-d870e5b8e140,,6f45f2e9-a617-570a-2d9c-b0c0f17ad90f,1,2e190550-b660-3228-a23c-dc3466037126,2e190550-b660-3228-a23c-dc3466037126
6140f286-dd84-f3f6-6806-7c17979365fe,6f45f2e9-a617-570a-6eca-cdd1072c7405,37494,6f45f2e9-a617-570a-8867-dec1260088bb,TRANSFEROUT,,,2017-04-27T06:59:14Z,2017-04-27T07:50:37Z,fe61f80c-951c-3dfb-8704-ae1da96fef2e,225362009,,,1,,,,1,1,Dental care (regime/therapy),0.00,,,0.00,0.00,124.09,124.09,6f45f2e9-a617-570a-1585-d870e5b8e140,,6f45f2e9-a617-570a-2d9c-b0c0f17ad90f,1,2e190550-b660-3228-a23c-dc3466037126,2e190550-b660-3228-a23c-dc3466037126
c281e60d-bb09-e7ec-d00c-fb2f2f26cbfc,6f45f2e9-a617-570a-6eca-cdd1072c7405,37495,6f45f2e9-a617-570a-8867-dec1260088bb,TRANSFERIN,124.09,,2017-04-27T06:59:14Z,2017-04-27T07:50:37Z,fe61f80c-951c-3dfb-8704-ae1da96fef2e,225362009,,,1,,,,1,1,Dental care (regime/therapy),0.00,37494,p,0.00,0.00,124.09,124.09,6f45f2e9-a617-570a-1585-d870e5b8e140,,6f45f2e9-a617-570a-2d9c-b0c0f17ad90f,1,2e190550-b660-3228-a23c-dc3466037126,2e190550-b660-3228-a23c-dc3466037126
8503d31b-7613-cfd9-a019-f95e5e4d97f9,6f45f2e9-a617-570a-6eca-cdd1072c7405,37496,6f45f2e9-a617-570a-8867-dec1260088bb,PAYMENT,,CC,2017-04-27T06:59:14Z,2017-04-27T07:50:37Z,fe61f80c-951c-3dfb-8704-ae1da96fef2e,225362009,,,1,,,,1,1,Dental care (regime/therapy),0.00,,,124.09,0.00,,0.00,6f45f2e9-a617-570a-1585-d870e5b8e140,,6f45f2e9-a617-570a-2d9c-b0c0f17ad90f,1,2e190550-b660-3228-a23c-dc3466037126,2e190550-b660-3228-a23c-dc3466037126
140f6a6d-d84f-3f66-8068-037979365fe6,6f45f2e9-a617-570a-6eca-cdd1072c7405,37498,6f45f2e9-a617-570a-8867-dec1260088bb,CHARGE,620.44,,2017-04-27T07:50:37Z,2017-04-27T08:19:47Z,fe61f80c-951c-3dfb-8704-ae1da96fef2e,1260009003,,,1,,,,1,1,Removal of supragingival plaque and calculus from all teeth using dental instrument (procedure),620.44,,1,0.00,0.00,,0.00,6f45f2e9-a617-570a-1585-d870e5b8e140,,6f45f2e9-a617-570a-2d9c-b0c0f17ad90f,1,2e190550-b660-3228-a23c-dc3466037126,2e190550-b660-3228-a23c-dc3466037126
281ee4db-b09e-7ecc-00d0-36f2f26cbfcd,6f45f2e9-a617-570a-6eca-cdd1072c7405,37499,6f45f2e9-a617-570a-8867-dec1260088bb,PAYMENT,,ECHECK,2017-04-27T07:50:37Z,2017-04-27T08:19:47Z,fe61f80c-951c-3dfb-8704-ae1da96fef2e,1260009003,,,1,,,,1,1,Removal of supragingival plaque and calculus from all teeth using dental instrument (procedure),0.00,,,496.35,0.00,,124.09,6f45f2e9-a617-570a-1585-d870e5b8e140,,6f45f2e9-a617-570a-2d9c-b0c0f17ad90f,1,2e190550-b660-3228-a23c-dc3466037126,2e190550-b660-3228-a23c-dc3466037126
613cfd98-50e6-381f-e4d9-7f9a02489c4d,6f45f2e9-a617-570a-6eca-cdd1072c7405,37500,6f45f2e9-a617-570a-8867-dec1260088bb,TRANSFEROUT,,,2017-04-27T07:50:37Z,2017-04-27T08:19:47Z,fe61f80c-951c-3dfb-8704-ae1da96fef2e,1260009003,,,1,,,,1,1,Removal of supragingival plaque and calculus from all teeth using dental instrument (procedure),0.00,,,0.00,0.00,124.09,124.09,6f45f2e9-a617-570a-1585-d870e5b8e140,,6f45f2e9-a617-570a-2d9c-b0c0f17ad90f,1,2e190550-b660-3228-a23c-dc3466037126,2e190550-b660-3228-a23c-dc3466037126
c279fb30-a1cc-b03e-c9b2-ff340491f89b,6f45f2e9-a617-570a-6eca-cdd1072c7405,37501,6f45f2e9-a617-570a-8867-dec1260088bb,TRANSFERIN,124.09,,2017-04-27T07:50:37Z,2017-04-27T08:19:47Z,fe61f80c-951c-3dfb-8704-ae1da96fef2e,1260009003,,,1,,,,1,1,Removal of supragingival plaque and calculus from all teeth using dental instrument (procedure),0.00,37500,p,0.00,0.00,124.09,124.09,6f45f2e9-a617-570a-1585-d870e5b8e140,,6f45f2e9-a617-570a-2d9c-b0c0f17ad90f,1,2e190550-b660-3228-a23c-dc3466037126,2e190550-b660-3228-a23c-dc3466037126
84f3f661-439a-787d-9365-fe6809240937,6f45f2e9-a617-570a-6eca-cdd1072c7405,37502,6f45f2e9-a617-570a-8867-dec1260088bb,PAYMENT,,CC,2017-04-27T07:50:37Z,2017-04-27T08:19:47Z,fe61f80c-951c-3dfb-8704-ae1da96fef2e,1260009003,,,1,,,,1,1,Removal of supragingival plaque and calculus from all teeth using dental instrument (procedure),0.00,,,124.09,0.00,,0.00,6f45f2e9-a617-570a-1585-d870e5b8e140,,6f45f2e9-a617-570a-2d9c-b0c0f17ad90f,1,2e190550-b660-3228-a23c-dc3466037126,2e190550-b660-3228-a23c-dc3466037126
13cfd985-0e72-e1f6-4d97-f9a0249924de,6f45f2e9-a617-570a-6eca-cdd1072c7405,37504,6f45f2e9-a617-570a-8867-dec1260088bb,CHARGE,620.44,,2017-04-27T08:19:47Z,2017-04-27T08:53:01Z,fe61f80c-951c-3dfb-8704-ae1da96fef2e,1260010008,,,1,,,,1,1,Removal of subgingival plaque and calculus from all teeth using dental instrument (procedure),620.44,,1,0.00,0.00,,0.00,6f45f2e9-a617-570a-1585-d870e5b8e140,,6f45f2e9-a617-570a-2d9c-b0c0f17ad90f,1,2e190550-b660-3228-a23c-dc3466037126,2e190550-b660-3228-a23c-dc3466037126
279fb30a-1ce9-c3ec-9b2f-f340493e49bc,6f45f2e9-a617-570a-6eca-cdd1072c7405,37505,6f45f2e9-a617-570a-8867-dec1260088bb,PAYMENT,,ECHECK,2017-04-27T08:19:47Z,2017-04-27T08:53:01Z,fe61f80c-951c-3dfb-8704-ae1da96fef2e,1260010008,,,1,,,,1,1,Removal of subgingival plaque and calculus from all teeth using dental instrument (procedure),0.00,,,496.35,0.00,,124.09,6f45f2e9-a617-570a-1585-d870e5b8e140,,6f45f2e9-a617-570a-2d9c-b0c0f17ad90f,1,2e190550-b660-3228-a23c-dc3466037126,2e190550-b660-3228-a23c-dc3466037126
4f3f6614-39e9-87d8-365f-e68092829379,6f45f2e9-a617-570a-6eca-cdd1072c7405,37506,6f45f2e9-a617-570a-8867-dec1260088bb,TRANSFEROUT,,,2017-04-27T08:19:47Z,2017-04-27T08:53:01Z,fe61f80c-951c-3dfb-8704-ae1da96fef2e,1260010008,,,1,,,,1,1,Removal of subgingival plaque and calculus from all teeth using dental instrument (procedure),0.00,,,0.00,0.00,124.09,124.09,6f45f2e9-a617-570a-1585-d870e5b8e140,,6f45f2e9-a617-570a-2d9c-b0c0f17ad90f,1,2e190550-b660-3228-a23c-dc3466037126,2e190550-b660-3228-a23c-dc3466037126
9e7ecc28-73e3-0fb0-6cbf-cd01253526f2,6f45f2e9-a617-570a-6eca-cdd1072c7405,37507,6f45f2e9-a617-570a-8867-dec1260088bb,TRANSFERIN,124.09,,2017-04-27T08:19:47Z,2017-04-27T08:53:01Z,fe61f80c-951c-3dfb-8704-ae1da96fef2e,1260010008,,,1,,,,1,1,Removal of subgingival plaque and calculus from all teeth using dental instrument (procedure),0.00,37506,p,0.00,0.00,124.09,124.09,6f45f2e9-a617-570a-1585-d870e5b8e140,,6f45f2e9-a617-570a-2d9c-b0c0f17ad90f,1,2e190550-b660-3228-a23c-dc3466037126,2e190550-b660-3228-a23c-dc3466037126
3cfd9850-e836-1f61-d97f-9a024a9a4de4,6f45f2e9-a617-570a-6eca-cdd1072c7405,37508,6f45f2e9-a617-570a-8867-dec1260088bb,PAYMENT,,CC,2017-04-27T08:19:47Z,2017-04-27T08:53:01Z,fe61f80c-951c-3dfb-8704-ae1da96fef2e,1260010008,,,1,,,,1,1,Removal of subgingival plaque and calculus from all teeth using dental instrument (procedure),0.00,,,124.09,0.00,,0.00,6f45f2e9-a617-570a-1585-d870e5b8e140,,6f45f2e9-a617-570a-2d9c-b0c0f17ad90f,1,2e190550-b660-3228-a23c-dc3466037126,2e190550-b660-3228-a23c-dc3466037126
2876e48f-b09e-7ecc-0128-36a6f26cbfcd,6f45f2e9-a617-570a-6eca-cdd1072c7405,37510,6f45f2e9-a617-570a-8867-dec1260088bb,CHARGE,620.44,,2017-04-27T08:53:01Z,2017-04-27T09:23:01Z,fe61f80c-951c-3dfb-8704-ae1da96fef2e,241046008,,,1,,,,1,1,Dental plain X-ray bitewing (procedure),620.44,,1,0.00,0.00,,0.00,6f45f2e9-a617-570a-1585-d870e5b8e140,,6f45f2e9-a617-570a-2d9c-b0c0f17ad90f,1,2e190550-b660-3228-a23c-dc3466037126,2e190550-b660-3228-a23c-dc3466037126
50ee391f-613c-fd98-0250-9d4de4d97f9a,6f45f2e9-a617-570a-6eca-cdd1072c7405,37511,6f45f2e9-a617-570a-8867-dec1260088bb,PAYMENT,,ECHECK,2017-04-27T08:53:01Z,2017-04-27T09:23:01Z,fe61f80c-951c-3dfb-8704-ae1da96fef2e,241046008,,,1,,,,1,1,Dental plain X-ray bitewing (procedure),0.00,,,496.35,0.00,,124.09,6f45f2e9-a617-570a-1585-d870e5b8e140,,6f45f2e9-a617-570a-2d9c-b0c0f17ad90f,1,2e190550-b660-3228-a23c-dc3466037126,2e190550-b660-3228-a23c-dc3466037126
a1dcb23e-c279-fb30-04a1-fa9bc9b2ff34,6f45f2e9-a617-570a-6eca-cdd1072c7405,37512,6f45f2e9-a617-570a-8867-dec1260088bb,TRANSFEROUT,,,2017-04-27T08:53:01Z,2017-04-27T09:23:01Z,fe61f80c-951c-3dfb-8704-ae1da96fef2e,241046008,,,1,,,,1,1,Dental plain X-ray bitewing (procedure),0.00,,,0.00,0.00,124.09,124.09,6f45f2e9-a617-570a-1585-d870e5b8e140,,6f45f2e9-a617-570a-2d9c-b0c0f17ad90f,1,2e190550-b660-3228-a23c-dc3466037126,2e190550-b660-3228-a23c-dc3466037126
43ba7c7d-84f3-f661-0944-0d379365fe68,6f45f2e9-a617-570a-6eca-cdd1072c7405,37513,6f45f2e9-a617-570a-8867-dec1260088bb,TRANSFERIN,124.09,,2017-04-27T08:53:01Z,2017-04-27T09:23:01Z,fe61f80c-951c-3dfb-8704-ae1da96fef2e,241046008,,,1,,,,1,1,Dental plain X-ray bitewing (procedure),0.00,37512,p,0.00,0.00,124.09,124.09,6f45f2e9-a617-570a-1585-d870e5b8e140,,6f45f2e9-a617-570a-2d9c-b0c0f17ad90f,1,2e190550-b660-3228-a23c-dc3466037126,2e190550-b660-3228-a23c-dc3466037126
8777f8fb-09e7-ecc2-128b-1a6f26cbfcd0,6f45f2e9-a617-570a-6eca-cdd1072c7405,37514,6f45f2e9-a617-570a-8867-dec1260088bb,PAYMENT,,CC,2017-04-27T08:53:01Z,2017-04-27T09:23:01Z,fe61f80c-951c-3dfb-8704-ae1da96fef2e,241046008,,,1,,,,1,1,Dental plain X-ray bitewing (procedure),0.00,,,124.09,0.00,,0.00,6f45f2e9-a617-570a-1585-d870e5b8e140,,6f45f2e9-a617-570a-2d9c-b0c0f17ad90f,1,2e190550-b660-3228-a23c-dc3466037126,2e190550-b660-3228-a23c-dc3466037126
1de9e3ec-279f-b30a-4a3e-69bc9b2ff340,6f45f2e9-a617-570a-6eca-cdd1072c7405,37516,6f45f2e9-a617-570a-8867-dec1260088bb,CHARGE,620.44,,2017-04-27T08:53:01Z,2017-04-27T09:32:33Z,fe61f80c-951c-3dfb-8704-ae1da96fef2e,274788003,,,1,,,,1,1,Examination of gingivae (procedure),620.44,,1,0.00,0.00,,0.00,6f45f2e9-a617-570a-1585-d870e5b8e140,,6f45f2e9-a617-570a-2d9c-b0c0f17ad90f,1,2e190550-b660-3228-a23c-dc3466037126,2e190550-b660-3228-a23c-dc3466037126
3be9c7d8-4f3f-6614-9482-d379365fe680,6f45f2e9-a617-570a-6eca-cdd1072c7405,37517,6f45f2e9-a617-570a-8867-dec1260088bb,PAYMENT,,ECHECK,2017-04-27T08:53:01Z,2017-04-27T09:32:33Z,fe61f80c-951c-3dfb-8704-ae1da96fef2e,274788003,,,1,,,,1,1,Examination of gingivae (procedure),0.00,,,496.35,0.00,,124.09,6f45f2e9-a617-570a-1585-d870e5b8e140,,6f45f2e9-a617-570a-2d9c-b0c0f17ad90f,1,2e190550-b660-3228-a23c-dc3466037126,2e190550-b660-3228-a23c-dc3466037126
77e38fb0-9e7e-cc28-2935-a6f26cbfcd01,6f45f2e9-a617-570a-6eca-cdd1072c7405,37518,6f45f2e9-a617-570a-8867-dec1260088bb,TRANSFEROUT,,,2017-04-27T08:53:01Z,2017-04-27T09:32:33Z,fe61f80c-951c-3dfb-8704-ae1da96fef2e,274788003,,,1,,,,1,1,Examination of gingivae (procedure),0.00,,,0.00,0.00,124.09,124.09,6f45f2e9-a617-570a-1585-d870e5b8e140,,6f45f2e9-a617-570a-2d9c-b0c0f17ad90f,1,2e190550-b660-3228-a23c-dc3466037126,2e190550-b660-3228-a23c-dc3466037126
f0371f61-3cfd-9850-529b-4de4d97f9a02,6f45f2e9-a617-570a-6eca-cdd1072c7405,37519,6f45f2e9-a617-570a-8867-dec1260088bb,TRANSFERIN,124.09,,2017-04-27T08:53:01Z,2017-04-27T09:32:33Z,fe61f80c-951c-3dfb-8704-ae1da96fef2e,274788003,,,1,,,,1,1,Examination of gingivae (procedure),0.00,37518,p,0.00,0.00,124.09,124.09,6f45f2e9-a617-570a-1585-d870e5b8e140,,6f45f2e9-a617-570a-2d9c-b0c0f17ad90f,1,2e190550-b660-3228-a23c-dc3466037126,2e190550-b660-3228-a23c-dc3466037126
d84f3f66-143d-6a27-7936-5fe680960333,6f45f2e9-a617-570a-6eca-cdd1072c7405,37520,6f45f2e9-a617-570a-8867-dec1260088bb,PAYMENT,,CC,2017-04-27T08:53:01Z,2017-04-27T09:32:33Z,fe61f80c-951c-3dfb-8704-ae1da96fef2e,274788003,,,1,,,,1,1,Examination of gingivae (procedure),0.00,,,124.09,0.00,,0.00,6f45f2e9-a617-570a-1585-d870e5b8e140,,6f45f2e9-a617-570a-2d9c-b0c0f17ad90f,1,2e190550-b660-3228-a23c-dc3466037126,2e190550-b660-3228-a23c-dc3466037126
613cfd98-50f6-389f-e4d9-7f9a02589ccd,6f45f2e9-a617-570a-6eca-cdd1072c7405,37522,6f45f2e9-a617-570a-8867-dec1260088bb,CHARGE,620.44,,2017-04-27T09:32:33Z,2017-04-27T09:57:46Z,fe61f80c-951c-3dfb-8704-ae1da96fef2e,68071007,,,1,,,,1,1,Dental fluoride treatment (procedure),620.44,,1,0.00,0.00,,0.00,6f45f2e9-a617-570a-1585-d870e5b8e140,,6f45f2e9-a617-570a-2d9c-b0c0f17ad90f,1,2e190550-b660-3228-a23c-dc3466037126,2e190550-b660-3228-a23c-dc3466037126
c279fb30-a1ec-b13e-c9b2-ff3404b1f99b,6f45f2e9-a617-570a-6eca-cdd1072c7405,37523,6f45f2e9-a617-570a-8867-dec1260088bb,PAYMENT,,ECHECK,2017-04-27T09:32:33Z,2017-04-27T09:57:46Z,fe61f80c-951c-3dfb-8704-ae1da96fef2e,68071007,,,1,,,,1,1,Dental fluoride treatment (procedure),0.00,,,496.35,0.00,,124.09,6f45f2e9-a617-570a-1585-d870e5b8e140,,6f45f2e9-a617-570a-2d9c-b0c0f17ad90f,1,2e190550-b660-3228-a23c-dc3466037126,2e190550-b660-3228-a23c-dc3466037126
84f3f661-43da-7a7d-9365-fe6809640b37,6f45f2e9-a617-570a-6eca-cdd1072c7405,37524,6f45f2e9-a617-570a-8867-dec1260088bb,TRANSFEROUT,,,2017-04-27T09:32:33Z,2017-04-27T09:57:46Z,fe61f80c-951c-3dfb-8704-ae1da96fef2e,68071007,,,1,,,,1,1,Dental fluoride treatment (procedure),0.00,,,0.00,0.00,124.09,124.09,6f45f2e9-a617-570a-1585-d870e5b8e140,,6f45f2e9-a617-570a-2d9c-b0c0f17ad90f,1,2e190550-b660-3228-a23c-dc3466037126,2e190550-b660-3228-a23c-dc3466037126
09e7ecc2-87b7-f4fb-26cb-fcd012cb166f,6f45f2e9-a617-570a-6eca-cdd1072c7405,37525,6f45f2e9-a617-570a-8867-dec1260088bb,TRANSFERIN,124.09,,2017-04-27T09:32:33Z,2017-04-27T09:57:46Z,fe61f80c-951c-3dfb-8704-ae1da96fef2e,68071007,,,1,,,,1,1,Dental fluoride treatment (procedure),0.00,37524,p,0.00,0.00,124.09,124.09,6f45f2e9-a617-570a-1585-d870e5b8e140,,6f45f2e9-a617-570a-2d9c-b0c0f17ad90f,1,2e190550-b660-3228-a23c-dc3466037126,2e190550-b660-3228-a23c-dc3466037126
13cfd985-0f72-e9f6-4d97-f9a025992cde,6f45f2e9-a617-570a-6eca-cdd1072c7405,37526,6f45f2e9-a617-570a-8867-dec1260088bb,PAYMENT,,CC,2017-04-27T09:32:33Z,2017-04-27T09:57:46Z,fe61f80c-951c-3dfb-8704-ae1da96fef2e,68071007,,,1,,,,1,1,Dental fluoride treatment (procedure),0.00,,,124.09,0.00,,0.00,6f45f2e9-a617-570a-1585-d870e5b8e140,,6f45f2e9-a617-570a-2d9c-b0c0f17ad90f,1,2e190550-b660-3228-a23c-dc3466037126,2e190550-b660-3228-a23c-dc3466037126
4f3f6614-3de9-a7d8-365f-e6809682b379,6f45f2e9-a617-570a-6eca-cdd1072c7405,37528,6f45f2e9-a617-570a-8867-dec1260088bb,CHARGE,620.44,,2017-04-27T09:57:46Z,2017-04-27T10:06:16Z,fe61f80c-951c-3dfb-8704-ae1da96fef2e,243085009,,,1,,,,1,1,Oral health education (procedure),620.44,,1,0.00,0.00,,0.00,6f45f2e9-a617-570a-1585-d870e5b8e140,,6f45f2e9-a617-570a-2d9c-b0c0f17ad90f,1,2e190550-b660-3228-a23c-dc3466037126,2e190550-b660-3228-a23c-dc3466037126
9e7ecc28-7be3-4fb0-6cbf-cd012d3566f2,6f45f2e9-a617-570a-6eca-cdd1072c7405,37529,6f45f2e9-a617-570a-8867-dec1260088bb,PAYMENT,,ECHECK,2017-04-27T09:57:46Z,2017-04-27T10:06:16Z,fe61f80c-951c-3dfb-8704-ae1da96fef2e,243085009,,,1,,,,1,1,Oral health education (procedure),0.00,,,496.35,0.00,,124.09,6f45f2e9-a617-570a-1585-d870e5b8e140,,6f45f2e9-a617-570a-2d9c-b0c0f17ad90f,1,2e190550-b660-3228-a23c-dc3466037126,2e190550-b660-3228-a23c-dc3466037126
0a1faa33-ec27-9fb3-404b-feb9bc9b2ff3,6f45f2e9-a617-570a-6eca-cdd1072c7405,37530,6f45f2e9-a617-570a-8867-dec1260088bb,TRANSFEROUT,,,2017-04-27T09:57:46Z,2017-04-27T10:06:16Z,fe61f80c-951c-3dfb-8704-ae1da96fef2e,243085009,,,1,,,,1,1,Oral health education (procedure),0.00,,,0.00,0.00,124.09,124.09,6f45f2e9-a617-570a-1585-d870e5b8e140,,6f45f2e9-a617-570a-2d9c-b0c0f17ad90f,1,2e190550-b660-3228-a23c-dc3466037126,2e190550-b660-3228-a23c-dc3466037126
143f6a67-d84f-3f66-8098-037379365fe6,6f45f2e9-a617-570a-6eca-cdd1072c7405,37531,6f45f2e9-a617-570a-8867-dec1260088bb,TRANSFERIN,124.09,,2017-04-27T09:57:46Z,2017-04-27T10:06:16Z,fe61f80c-951c-3dfb-8704-ae1da96fef2e,243085009,,,1,,,,1,1,Oral health education (procedure),0.00,37530,p,0.00,0.00,124.09,124.09,6f45f2e9-a617-570a-1585-d870e5b8e140,,6f45f2e9-a617-570a-2d9c-b0c0f17ad90f,1,2e190550-b660-3228-a23c-dc3466037126,2e190550-b660-3228-a23c-dc3466037126
287ee4cf-b09e-7ecc-0130-36e6f26cbfcd,6f45f2e9-a617-570a-6eca-cdd1072c7405,37532,6f45f2e9-a617-570a-8867-dec1260088bb,PAYMENT,,CC,2017-04-27T09:57:46Z,2017-04-27T10:06:16Z,fe61f80c-951c-3dfb-8704-ae1da96fef2e,243085009,,,1,,,,1,1,Oral health education (procedure),0.00,,,124.09,0.00,,0.00,6f45f2e9-a617-570a-1585-d870e5b8e140,,6f45f2e9-a617-570a-2d9c-b0c0f17ad90f,1,2e190550-b660-3228-a23c-dc3466037126,2e190550-b660-3228-a23c-dc3466037126
fd52eb61-ad35-e44c-3d89-17b6330657dd,6f45f2e9-a617-570a-761f-b0c51220bccf,37534,6f45f2e9-a617-570a-8867-dec1260088bb,CHARGE,245.97,,2017-04-27T09:32:33Z,2017-04-27T09:32:33Z,fe61f80c-951c-3dfb-8704-ae1da96fef2e,1535362,,,1,,,,1,1,sodium fluoride 0.0272 MG/MG Oral Gel,245.97,,1,0.00,0.00,,0.00,6f45f2e9-a617-570a-1585-d870e5b8e140,,6f45f2e9-a617-570a-2d9c-b0c0f17ad90f,1,2e190550-b660-3228-a23c-dc3466037126,2e190550-b660-3228-a23c-dc3466037126
faa5d6d9-5a6b-c899-7b12-2f72660cafba,6f45f2e9-a617-570a-761f-b0c51220bccf,37535,6f45f2e9-a617-570a-8867-dec1260088bb,PAYMENT,,ECHECK,2017-04-27T09:32:33Z,2017-04-27T09:32:33Z,fe61f80c-951c-3dfb-8704-ae1da96fef2e,1535362,,,1,,,,1,1,sodium fluoride 0.0272 MG/MG Oral Gel,0.00,,,196.78,0.00,,49.19,6f45f2e9-a617-570a-1585-d870e5b8e140,,6f45f2e9-a617-570a-2d9c-b0c0f17ad90f,1,2e190550-b660-3228-a23c-dc3466037126,2e190550-b660-3228-a23c-dc3466037126
f54badc2-b4d7-9133-f624-5f14cc195f74,6f45f2e9-a617-570a-761f-b0c51220bccf,37536,6f45f2e9-a617-570a-8867-dec1260088bb,TRANSFEROUT,,,2017-04-27T09:32:33Z,2017-04-27T09:32:33Z,fe61f80c-951c-3dfb-8704-ae1da96fef2e,1535362,,,1,,,,1,1,sodium fluoride 0.0272 MG/MG Oral Gel,0.00,,,0,0.00,49.19,49.19,6f45f2e9-a617-570a-1585-d870e5b8e140,,6f45f2e9-a617-570a-2d9c-b0c0f17ad90f,1,2e190550-b660-3228-a23c-dc3466037126,2e190550-b660-3228-a23c-dc3466037126
ea975bf5-69af-2267-ec48-be599832bee9,6f45f2e9-a617-570a-761f-b0c51220bccf,37537,6f45f2e9-a617-570a-8867-dec1260088bb,TRANSFERIN,49.19,,2017-04-27T09:32:33Z,2017-04-27T09:32:33Z,fe61f80c-951c-3dfb-8704-ae1da96fef2e,1535362,,,1,,,,1,1,sodium fluoride 0.0272 MG/MG Oral Gel,0.00,37536,p,0.00,0.00,49.19,49.19,6f45f2e9-a617-570a-1585-d870e5b8e140,,6f45f2e9-a617-570a-2d9c-b0c0f17ad90f,1,2e190550-b660-3228-a23c-dc3466037126,2e190550-b660-3228-a23c-dc3466037126
d52eb82a-d35e-44cf-d891-7d7330657dd3,6f45f2e9-a617-570a-761f-b0c51220bccf,37538,6f45f2e9-a617-570a-8867-dec1260088bb,PAYMENT,,CC,2017-04-27T09:32:33Z,2017-04-27T09:32:33Z,fe61f80c-951c-3dfb-8704-ae1da96fef2e,1535362,,,1,,,,1,1,sodium fluoride 0.0272 MG/MG Oral Gel,0.00,,,49.19,0.00,,0.00,6f45f2e9-a617-570a-1585-d870e5b8e140,,6f45f2e9-a617-570a-2d9c-b0c0f17ad90f,1,2e190550-b660-3228-a23c-dc3466037126,2e190550-b660-3228-a23c-dc3466037126
b9dee4e6-8d76-7f26-fc30-36fdcf456793,6f45f2e9-a617-570a-c348-8adf1a50f909,37540,6f45f2e9-a617-570a-8867-dec1260088bb,CHARGE,83.05,,2018-01-12T08:34:20Z,2018-01-12T08:49:20Z,fe61f80c-951c-3dfb-8704-ae1da96fef2e,185345009,,,1,2,,,1,1,Encounter for symptom (procedure),83.05,,1,0.00,0.00,,0.00,6f45f2e9-a617-570a-df75-134d9a8a3c1a,,6f45f2e9-a617-570a-2d9c-b0c0f17ad90f,1,2e190550-b660-3228-a23c-dc3466037126,2e190550-b660-3228-a23c-dc3466037126
73be39cd-1aec-fe4d-f860-9dfb9e8acf27,6f45f2e9-a617-570a-c348-8adf1a50f909,37541,6f45f2e9-a617-570a-8867-dec1260088bb,TRANSFEROUT,,,2018-01-12T08:34:20Z,2018-01-12T08:49:20Z,fe61f80c-951c-3dfb-8704-ae1da96fef2e,185345009,,,1,2,,,1,1,Encounter for symptom (procedure),0.00,,,0.00,0.00,83.05,83.05,6f45f2e9-a617-570a-df75-134d9a8a3c1a,,6f45f2e9-a617-570a-2d9c-b0c0f17ad90f,1,2e190550-b660-3228-a23c-dc3466037126,2e190550-b660-3228-a23c-dc3466037126
e77cb39a-35d9-fc9a-f0c1-fbf73d159e4f,6f45f2e9-a617-570a-c348-8adf1a50f909,37542,6f45f2e9-a617-570a-8867-dec1260088bb,TRANSFERIN,83.05,,2018-01-12T08:34:20Z,2018-01-12T08:49:20Z,fe61f80c-951c-3dfb-8704-ae1da96fef2e,185345009,,,1,2,,,1,1,Encounter for symptom (procedure),0.00,37541,p,0.00,0.00,83.05,83.05,6f45f2e9-a617-570a-df75-134d9a8a3c1a,,6f45f2e9-a617-570a-2d9c-b0c0f17ad90f,1,2e190550-b660-3228-a23c-dc3466037126,2e190550-b660-3228-a23c-dc3466037126
cefa7f34-6bb3-f935-e184-0fee7a2b3c9f,6f45f2e9-a617-570a-c348-8adf1a50f909,37543,6f45f2e9-a617-570a-8867-dec1260088bb,PAYMENT,,CHECK,2018-01-12T08:34:20Z,2018-01-12T08:49:20Z,fe61f80c-951c-3dfb-8704-ae1da96fef2e,185345009,,,1,2,,,1,1,Encounter for symptom (procedure),0.00,,,83.05,0.00,,0.00,6f45f2e9-a617-570a-df75-134d9a8a3c1a,,6f45f2e9-a617-570a-2d9c-b0c0f17ad90f,1,2e190550-b660-3228-a23c-dc3466037126,2e190550-b660-3228-a23c-dc3466037126
8d8e3910-52ff-73ac-f2f0-9d3ed69dca50,6f45f2e9-a617-570a-b57c-f8ab837de2b3,37545,6f45f2e9-a617-570a-8867-dec1260088bb,CHARGE,171.78,,2018-04-26T06:34:20Z,2018-04-26T06:49:20Z,775fd387-94cb-3058-adc1-871f8aef9045,410620009,,,1,,,,1,10,Well child visit (procedure),171.78,,1,0.00,0.00,,0.00,6f45f2e9-a617-570a-1231-3a659f710f50,,6f45f2e9-a617-570a-2d9c-b0c0f17ad90f,1,817b5927-2988-302e-af60-4d0b7e0de251,817b5927-2988-302e-af60-4d0b7e0de251
1b1cb220-a5fe-e759-e5e1-fa7dad3b94a1,6f45f2e9-a617-570a-b57c-f8ab837de2b3,37546,6f45f2e9-a617-570a-8867-dec1260088bb,TRANSFEROUT,,,2018-04-26T06:34:20Z,2018-04-26T06:49:20Z,775fd387-94cb-3058-adc1-871f8aef9045,410620009,,,1,,,,1,10,Well child visit (procedure),0.00,,,0.00,0.00,171.78,171.78,6f45f2e9-a617-570a-1231-3a659f710f50,,6f45f2e9-a617-570a-2d9c-b0c0f17ad90f,1,817b5927-2988-302e-af60-4d0b7e0de251,817b5927-2988-302e-af60-4d0b7e0de251
363a7c41-4bfd-ceb2-cbc4-0cfb5a772943,6f45f2e9-a617-570a-b57c-f8ab837de2b3,37547,6f45f2e9-a617-570a-8867-dec1260088bb,TRANSFERIN,171.78,,2018-04-26T06:34:20Z,2018-04-26T06:49:20Z,775fd387-94cb-3058-adc1-871f8aef9045,410620009,,,1,,,,1,10,Well child visit (procedure),0.00,37546,p,0.00,0.00,171.78,171.78,6f45f2e9-a617-570a-1231-3a659f710f50,,6f45f2e9-a617-570a-2d9c-b0c0f17ad90f,1,817b5927-2988-302e-af60-4d0b7e0de251,817b5927-2988-302e-af60-4d0b7e0de251
6c77f882-97fb-9d64-978b-19f6b4ee5287,6f45f2e9-a617-570a-b57c-f8ab837de2b3,37548,6f45f2e9-a617-570a-8867-dec1260088bb,PAYMENT,,CASH,2018-04-26T06:34:20Z,2018-04-26T06:49:20Z,775fd387-94cb-3058-adc1-871f8aef9045,410620009,,,1,,,,1,10,Well child visit (procedure),0.00,,,171.78,0.00,,0.00,6f45f2e9-a617-570a-1231-3a659f710f50,,6f45f2e9-a617-570a-2d9c-b0c0f17ad90f,1,817b5927-2988-302e-af60-4d0b7e0de251,817b5927-2988-302e-af60-4d0b7e0de251
414bfdce-b236-5282-fb5a-772943cbdc12,6f45f2e9-a617-570a-b57c-f8ab837de2b3,37550,6f45f2e9-a617-570a-8867-dec1260088bb,CHARGE,136.00,,2018-04-26T06:34:20Z,1970-01-01T00:00:00Z,775fd387-94cb-3058-adc1-871f8aef9045,21,,,1,,,,1,10,varicella,136.00,,1,0.00,0.00,,0.00,6f45f2e9-a617-570a-1231-3a659f710f50,,6f45f2e9-a617-570a-2d9c-b0c0f17ad90f,1,817b5927-2988-302e-af60-4d0b7e0de251,817b5927-2988-302e-af60-4d0b7e0de251
8297fb9d-646c-a604-f6b4-ee528797bb25,6f45f2e9-a617-570a-b57c-f8ab837de2b3,37551,6f45f2e9-a617-570a-8867-dec1260088bb,TRANSFEROUT,,,2018-04-26T06:34:20Z,1970-01-01T00:00:00Z,775fd387-94cb-3058-adc1-871f8aef9045,21,,,1,,,,1,10,varicella,0.00,,,0.00,0.00,136.00,136.00,6f45f2e9-a617-570a-1231-3a659f710f50,,6f45f2e9-a617-570a-2d9c-b0c0f17ad90f,1,817b5927-2988-302e-af60-4d0b7e0de251,817b5927-2988-302e-af60-4d0b7e0de251
052ff73a-c8d9-5309-ed69-dca50f2f794b,6f45f2e9-a617-570a-b57c-f8ab837de2b3,37552,6f45f2e9-a617-570a-8867-dec1260088bb,TRANSFERIN,136.00,,2018-04-26T06:34:20Z,1970-01-01T00:00:00Z,775fd387-94cb-3058-adc1-871f8aef9045,21,,,1,,,,1,10,varicella,0.00,37551,p,0.0000,0.00,136.00,136.00,6f45f2e9-a617-570a-1231-3a659f710f50,,6f45f2e9-a617-570a-2d9c-b0c0f17ad90f,1,817b5927-2988-302e-af60-4d0b7e0de251,817b5927-2988-302e-af60-4d0b7e0de251
0a5fee75-91b2-aa12-dad3-b94a1e5efe97,6f45f2e9-a617-570a-b57c-f8ab837de2b3,37553,6f45f2e9-a617-570a-8867-dec1260088bb,PAYMENT,,CC,2018-04-26T06:34:20Z,1970-01-01T00:00:00Z,775fd387-94cb-3058-adc1-871f8aef9045,21,,,1,,,,1,10,varicella,0.00,,,136.00,0.00,,0.00,6f45f2e9-a617-570a-1231-3a659f710f50,,6f45f2e9-a617-570a-2d9c-b0c0f17ad90f,1,817b5927-2988-302e-af60-4d0b7e0de251,817b5927-2988-302e-af60-4d0b7e0de251
297fb9d6-46ca-e448-6b4e-e528797c365f,6f45f2e9-a617-570a-b57c-f8ab837de2b3,37555,6f45f2e9-a617-570a-8867-dec1260088bb,CHARGE,136.00,,2018-04-26T06:34:20Z,1970-01-01T00:00:00Z,775fd387-94cb-3058-adc1-871f8aef9045,10,,,1,,,,1,10,IPV,136.00,,1,0.0000,0.00,,0.00,6f45f2e9-a617-570a-1231-3a659f710f50,,6f45f2e9-a617-570a-2d9c-b0c0f17ad90f,1,817b5927-2988-302e-af60-4d0b7e0de251,817b5927-2988-302e-af60-4d0b7e0de251
52ff73ac-8d96-3890-d69d-ca50f2f89cbe,6f45f2e9-a617-570a-b57c-f8ab837de2b3,37556,6f45f2e9-a617-570a-8867-dec1260088bb,TRANSFEROUT,,,2018-04-26T06:34:20Z,1970-01-01T00:00:00Z,775fd387-94cb-3058-adc1-871f8aef9045,10,,,1,,,,1,10,IPV,0.00,,,0.00,0.00,136.00,136.00,6f45f2e9-a617-570a-1231-3a659f710f50,,6f45f2e9-a617-570a-2d9c-b0c0f17ad90f,1,817b5927-2988-302e-af60-4d0b7e0de251,817b5927-2988-302e-af60-4d0b7e0de251
a5fee759-1b2c-b120-ad3b-94a1e5f1f97d,6f45f2e9-a617-570a-b57c-f8ab837de2b3,37557,6f45f2e9-a617-570a-8867-dec1260088bb,TRANSFERIN,136.00,,2018-04-26T06:34:20Z,1970-01-01T00:00:00Z,775fd387-94cb-3058-adc1-871f8aef9045,10,,,1,,,,1,10,IPV,0.00,37556,p,0.00,0.00,136.00,136.00,6f45f2e9-a617-570a-1231-3a659f710f50,,6f45f2e9-a617-570a-2d9c-b0c0f17ad90f,1,817b5927-2988-302e-af60-4d0b7e0de251,817b5927-2988-302e-af60-4d0b7e0de251
4bfdceb2-365a-7a41-5a77-2943cbe40afb,6f45f2e9-a617-570a-b57c-f8ab837de2b3,37558,6f45f2e9-a617-570a-8867-dec1260088bb,PAYMENT,,CHECK,2018-04-26T06:34:20Z,1970-01-01T00:00:00Z,775fd387-94cb-3058-adc1-871f8aef9045,10,,,1,,,,1,10,IPV,0.00,,,136.00,0.00,,0.00,6f45f2e9-a617-570a-1231-3a659f710f50,,6f45f2e9-a617-570a-2d9c-b0c0f17ad90f,1,817b5927-2988-302e-af60-4d0b7e0de251,817b5927-2988-302e-af60-4d0b7e0de251
591b38ab-20a5-fee7-a1e5-fdf37dad3b94,6f45f2e9-a617-570a-b57c-f8ab837de2b3,37560,6f45f2e9-a617-570a-8867-dec1260088bb,CHARGE,136.00,,2018-04-26T06:34:20Z,1970-01-01T00:00:00Z,775fd387-94cb-3058-adc1-871f8aef9045,140,,,1,,,,1,10,Influenza  split virus  trivalent  PF,136.00,,1,0.00,0.00,,0.00,6f45f2e9-a617-570a-1231-3a659f710f50,,6f45f2e9-a617-570a-2d9c-b0c0f17ad90f,1,817b5927-2988-302e-af60-4d0b7e0de251,817b5927-2988-302e-af60-4d0b7e0de251
b2367286-414b-fdce-43cb-fc16fb5a7729,6f45f2e9-a617-570a-b57c-f8ab837de2b3,37561,6f45f2e9-a617-570a-8867-dec1260088bb,TRANSFEROUT,,,2018-04-26T06:34:20Z,1970-01-01T00:00:00Z,775fd387-94cb-3058-adc1-871f8aef9045,140,,,1,,,,1,10,Influenza  split virus  trivalent  PF,0.00,,,0.00,0.00,136.00,136.00,6f45f2e9-a617-570a-1231-3a659f710f50,,6f45f2e9-a617-570a-2d9c-b0c0f17ad90f,1,817b5927-2988-302e-af60-4d0b7e0de251,817b5927-2988-302e-af60-4d0b7e0de251
646ce60c-8297-fb9d-8797-fb2df6b4ee52,6f45f2e9-a617-570a-b57c-f8ab837de2b3,37562,6f45f2e9-a617-570a-8867-dec1260088bb,TRANSFERIN,136.00,,2018-04-26T06:34:20Z,1970-01-01T00:00:00Z,775fd387-94cb-3058-adc1-871f8aef9045,140,,,1,,,,1,10,Influenza  split virus  trivalent  PF,0.00,37561,p,0.00,0.00,136.00,136.00,6f45f2e9-a617-570a-1231-3a659f710f50,,6f45f2e9-a617-570a-2d9c-b0c0f17ad90f,1,817b5927-2988-302e-af60-4d0b7e0de251,817b5927-2988-302e-af60-4d0b7e0de251
c8d9d319-052f-f73a-0f2f-f95bed69dca5,6f45f2e9-a617-570a-b57c-f8ab837de2b3,37563,6f45f2e9-a617-570a-8867-dec1260088bb,PAYMENT,,CASH,2018-04-26T06:34:20Z,1970-01-01T00:00:00Z,775fd387-94cb-3058-adc1-871f8aef9045,140,,,1,,,,1,10,Influenza  split virus  trivalent  PF,0.00,,,136.00,0.00,,0.00,6f45f2e9-a617-570a-1231-3a659f710f50,,6f45f2e9-a617-570a-2d9c-b0c0f17ad90f,1,817b5927-2988-302e-af60-4d0b7e0de251,817b5927-2988-302e-af60-4d0b7e0de251
23676a64-14bf-dceb-3cc0-036fb5a77294,6f45f2e9-a617-570a-b57c-f8ab837de2b3,37565,6f45f2e9-a617-570a-8867-dec1260088bb,CHARGE,136.00,,2018-04-26T06:34:20Z,1970-01-01T00:00:00Z,775fd387-94cb-3058-adc1-871f8aef9045,20,,,1,,,,1,10,DTaP,136.00,,1,0.00,0.00,,0.00,6f45f2e9-a617-570a-1231-3a659f710f50,,6f45f2e9-a617-570a-2d9c-b0c0f17ad90f,1,817b5927-2988-302e-af60-4d0b7e0de251,817b5927-2988-302e-af60-4d0b7e0de251
46cee4c8-297f-b9d6-7980-36df6b4ee528,6f45f2e9-a617-570a-b57c-f8ab837de2b3,37566,6f45f2e9-a617-570a-8867-dec1260088bb,TRANSFEROUT,,,2018-04-26T06:34:20Z,1970-01-01T00:00:00Z,775fd387-94cb-3058-adc1-871f8aef9045,20,,,1,,,,1,10,DTaP,0.00,,,0.00,0.00,136.00,136.00,6f45f2e9-a617-570a-1231-3a659f710f50,,6f45f2e9-a617-570a-2d9c-b0c0f17ad90f,1,817b5927-2988-302e-af60-4d0b7e0de251,817b5927-2988-302e-af60-4d0b7e0de251
8d9e3990-52ff-73ac-f300-9dbed69dca50,6f45f2e9-a617-570a-b57c-f8ab837de2b3,37567,6f45f2e9-a617-570a-8867-dec1260088bb,TRANSFERIN,136.00,,2018-04-26T06:34:20Z,1970-01-01T00:00:00Z,775fd387-94cb-3058-adc1-871f8aef9045,20,,,1,,,,1,10,DTaP,0.00,37566,p,0.00,0.00,136.00,136.00,6f45f2e9-a617-570a-1231-3a659f710f50,,6f45f2e9-a617-570a-2d9c-b0c0f17ad90f,1,817b5927-2988-302e-af60-4d0b7e0de251,817b5927-2988-302e-af60-4d0b7e0de251
1b3cb320-a5fe-e759-e601-fb7dad3b94a1,6f45f2e9-a617-570a-b57c-f8ab837de2b3,37568,6f45f2e9-a617-570a-8867-dec1260088bb,PAYMENT,,CC,2018-04-26T06:34:20Z,1970-01-01T00:00:00Z,775fd387-94cb-3058-adc1-871f8aef9045,20,,,1,,,,1,10,DTaP,0.00,,,136.00,0.00,,0.00,6f45f2e9-a617-570a-1231-3a659f710f50,,6f45f2e9-a617-570a-2d9c-b0c0f17ad90f,1,817b5927-2988-302e-af60-4d0b7e0de251,817b5927-2988-302e-af60-4d0b7e0de251
5052ff73-ac8d-a434-7ed6-9dca50f30698,6f45f2e9-a617-570a-b57c-f8ab837de2b3,37570,6f45f2e9-a617-570a-8867-dec1260088bb,CHARGE,136.00,,2018-04-26T06:34:20Z,1970-01-01T00:00:00Z,775fd387-94cb-3058-adc1-871f8aef9045,03,,,1,,,,1,10,MMR,136.00,,1,0.00,0.00,,0.00,6f45f2e9-a617-570a-1231-3a659f710f50,,6f45f2e9-a617-570a-2d9c-b0c0f17ad90f,1,817b5927-2988-302e-af60-4d0b7e0de251,817b5927-2988-302e-af60-4d0b7e0de251
a0a5fee7-591b-48a8-fdad-3b94a1e60df0,6f45f2e9-a617-570a-b57c-f8ab837de2b3,37571,6f45f2e9-a617-570a-8867-dec1260088bb,TRANSFEROUT,,,2018-04-26T06:34:20Z,1970-01-01T00:00:00Z,775fd387-94cb-3058-adc1-871f8aef9045,03,,,1,,,,1,10,MMR,0.00,,,0.00,0.00,136.00,136.00,6f45f2e9-a617-570a-1231-3a659f710f50,,6f45f2e9-a617-570a-2d9c-b0c0f17ad90f,1,817b5927-2988-302e-af60-4d0b7e0de251,817b5927-2988-302e-af60-4d0b7e0de251
414bfdce-b236-9281-fb5a-772943cc1c11,6f45f2e9-a617-570a-b57c-f8ab837de2b3,37572,6f45f2e9-a617-570a-8867-dec1260088bb,TRANSFERIN,136.00,,2018-04-26T06:34:20Z,1970-01-01T00:00:00Z,775fd387-94cb-3058-adc1-871f8aef9045,03,,,1,,,,1,10,MMR,0.00,37571,p,0.00,0.00,136.00,136.00,6f45f2e9-a617-570a-1231-3a659f710f50,,6f45f2e9-a617-570a-2d9c-b0c0f17ad90f,1,817b5927-2988-302e-af60-4d0b7e0de251,817b5927-2988-302e-af60-4d0b7e0de251
8297fb9d-646d-2602-f6b4-ee5287983b23,6f45f2e9-a617-570a-b57c-f8ab837de2b3,37573,6f45f2e9-a617-570a-8867-dec1260088bb,PAYMENT,,CHECK,2018-04-26T06:34:20Z,1970-01-01T00:00:00Z,775fd387-94cb-3058-adc1-871f8aef9045,03,,,1,,,,1,10,MMR,0.00,,,136.00,0.00,,0.00,6f45f2e9-a617-570a-1231-3a659f710f50,,6f45f2e9-a617-570a-2d9c-b0c0f17ad90f,1,817b5927-2988-302e-af60-4d0b7e0de251,817b5927-2988-302e-af60-4d0b7e0de251
1b2f9614-c963-4f0b-0369-99596d09754e,6f45f2e9-a617-570a-943b-56ef186c5ddb,37575,6f45f2e9-a617-570a-8867-dec1260088bb,CHARGE,171.78,,2019-05-02T06:34:20Z,2019-05-02T06:49:20Z,775fd387-94cb-3058-adc1-871f8aef9045,410620009,,,1,,,,1,10,Well child visit (procedure),171.78,,1,0.00,0.00,,0.00,6f45f2e9-a617-570a-0732-9d98439e290c,,6f45f2e9-a617-570a-2d9c-b0c0f17ad90f,1,817b5927-2988-302e-af60-4d0b7e0de251,817b5927-2988-302e-af60-4d0b7e0de251
365f2c29-92c6-a216-06d3-32b2da12f69c,6f45f2e9-a617-570a-943b-56ef186c5ddb,37576,6f45f2e9-a617-570a-8867-dec1260088bb,TRANSFEROUT,,,2019-05-02T06:34:20Z,2019-05-02T06:49:20Z,775fd387-94cb-3058-adc1-871f8aef9045,410620009,,,1,,,,1,10,Well child visit (procedure),0.00,,,0.00,0.00,171.78,171.78,6f45f2e9-a617-570a-0732-9d98439e290c,,6f45f2e9-a617-570a-2d9c-b0c0f17ad90f,1,817b5927-2988-302e-af60-4d0b7e0de251,817b5927-2988-302e-af60-4d0b7e0de251
6cbe5853-258d-5a2c-0da6-6565b425f338,6f45f2e9-a617-570a-943b-56ef186c5ddb,37577,6f45f2e9-a617-570a-8867-dec1260088bb,TRANSFERIN,171.78,,2019-05-02T06:34:20Z,2019-05-02T06:49:20Z,775fd387-94cb-3058-adc1-871f8aef9045,410620009,,,1,,,,1,10,Well child visit (procedure),0.00,37576,p,0.00,0.00,171.78,171.78,6f45f2e9-a617-570a-0732-9d98439e290c,,6f45f2e9-a617-570a-2d9c-b0c0f17ad90f,1,817b5927-2988-302e-af60-4d0b7e0de251,817b5927-2988-302e-af60-4d0b7e0de251
d97cb0a6-4b1a-c458-1b4c-cacb684c1670,6f45f2e9-a617-570a-943b-56ef186c5ddb,37578,6f45f2e9-a617-570a-8867-dec1260088bb,PAYMENT,,CASH,2019-05-02T06:34:20Z,2019-05-02T06:49:20Z,775fd387-94cb-3058-adc1-871f8aef9045,410620009,,,1,,,,1,10,Well child visit (procedure),0.00,,,171.78,0.00,,0.00,6f45f2e9-a617-570a-0732-9d98439e290c,,6f45f2e9-a617-570a-2d9c-b0c0f17ad90f,1,817b5927-2988-302e-af60-4d0b7e0de251,817b5927-2988-302e-af60-4d0b7e0de251
53258ed9-6c6c-be58-65b4-2772780da665,6f45f2e9-a617-570a-943b-56ef186c5ddb,37580,6f45f2e9-a617-570a-8867-dec1260088bb,CHARGE,136,,2019-05-02T06:34:20Z,1970-01-01T00:00:00Z,775fd387-94cb-3058-adc1-871f8aef9045,140,,,1,,,,1,10,Influenza  split virus  trivalent  PF,136.00,,1,0.00,0.00,,0.00,6f45f2e9-a617-570a-0732-9d98439e290c,,6f45f2e9-a617-570a-2d9c-b0c0f17ad90f,1,817b5927-2988-302e-af60-4d0b7e0de251,817b5927-2988-302e-af60-4d0b7e0de251
a64b1dc2-d8d9-7cb0-cb68-4f14f01b4cca,6f45f2e9-a617-570a-943b-56ef186c5ddb,37581,6f45f2e9-a617-570a-8867-dec1260088bb,TRANSFEROUT,,,2019-05-02T06:34:20Z,1970-01-01T00:00:00Z,775fd387-94cb-3058-adc1-871f8aef9045,140,,,1,,,,1,10,Influenza  split virus  trivalent  PF,0.00,,,0.00,0.00,136.00,136.00,6f45f2e9-a617-570a-0732-9d98439e290c,,6f45f2e9-a617-570a-2d9c-b0c0f17ad90f,1,817b5927-2988-302e-af60-4d0b7e0de251,817b5927-2988-302e-af60-4d0b7e0de251
4c963bf5-b1b2-f961-96d0-9e59e0369995,6f45f2e9-a617-570a-943b-56ef186c5ddb,37582,6f45f2e9-a617-570a-8867-dec1260088bb,TRANSFERIN,136.00,,2019-05-02T06:34:20Z,1970-01-01T00:00:00Z,775fd387-94cb-3058-adc1-871f8aef9045,140,,,1,,,,1,10,Influenza  split virus  trivalent  PF,0.00,37581,p,0.00,0.00,136.00,136.00,6f45f2e9-a617-570a-0732-9d98439e290c,,6f45f2e9-a617-570a-2d9c-b0c0f17ad90f,1,817b5927-2988-302e-af60-4d0b7e0de251,817b5927-2988-302e-af60-4d0b7e0de251
992c782b-6365-f2c2-2da1-3d73c06d332b,6f45f2e9-a617-570a-943b-56ef186c5ddb,37583,6f45f2e9-a617-570a-8867-dec1260088bb,PAYMENT,,CC,2019-05-02T06:34:20Z,1970-01-01T00:00:00Z,775fd387-94cb-3058-adc1-871f8aef9045,140,,,1,,,,1,10,Influenza  split virus  trivalent  PF,0.00,,,136.0000,0.00,,0.00,6f45f2e9-a617-570a-0732-9d98439e290c,,6f45f2e9-a617-570a-2d9c-b0c0f17ad90f,1,817b5927-2988-302e-af60-4d0b7e0de251,817b5927-2988-302e-af60-4d0b7e0de251
64b1e40d-8d97-cb0a-b684-f92f01b4ccac,6f45f2e9-a617-570a-943b-56ef186c5ddb,37585,6f45f2e9-a617-570a-8867-dec1260088bb,CHARGE,469.35,,2019-05-02T06:34:20Z,2019-05-02T06:49:20Z,775fd387-94cb-3058-adc1-871f8aef9045,430193006,,,1,,,,1,10,Medication reconciliation (procedure),469.35,,1,0.00,0.00,,0.00,6f45f2e9-a617-570a-0732-9d98439e290c,,6f45f2e9-a617-570a-2d9c-b0c0f17ad90f,1,817b5927-2988-302e-af60-4d0b7e0de251,817b5927-2988-302e-af60-4d0b7e0de251
c963cf1b-1b2f-9614-6d09-f55e03699959,6f45f2e9-a617-570a-943b-56ef186c5ddb,37586,6f45f2e9-a617-570a-8867-dec1260088bb,TRANSFEROUT,,,2019-05-02T06:34:20Z,2019-05-02T06:49:20Z,775fd387-94cb-3058-adc1-871f8aef9045,430193006,,,1,,,,1,10,Medication reconciliation (procedure),0.00,,,0.00,0.00,469.35,469.35,6f45f2e9-a617-570a-0732-9d98439e290c,,6f45f2e9-a617-570a-2d9c-b0c0f17ad90f,1,817b5927-2988-302e-af60-4d0b7e0de251,817b5927-2988-302e-af60-4d0b7e0de251
92c7a236-365f-2c29-da13-f6bc06d332b2,6f45f2e9-a617-570a-943b-56ef186c5ddb,37587,6f45f2e9-a617-570a-8867-dec1260088bb,TRANSFERIN,469.35,,2019-05-02T06:34:20Z,2019-05-02T06:49:20Z,775fd387-94cb-3058-adc1-871f8aef9045,430193006,,,1,,,,1,10,Medication reconciliation (procedure),0.00,37586,p,0.00,0.00,469.35,469.35,6f45f2e9-a617-570a-0732-9d98439e290c,,6f45f2e9-a617-570a-2d9c-b0c0f17ad90f,1,817b5927-2988-302e-af60-4d0b7e0de251,817b5927-2988-302e-af60-4d0b7e0de251
258f5a6c-6cbe-5853-b427-f3780da66565,6f45f2e9-a617-570a-943b-56ef186c5ddb,37588,6f45f2e9-a617-570a-8867-dec1260088bb,PAYMENT,,CHECK,2019-05-02T06:34:20Z,2019-05-02T06:49:20Z,775fd387-94cb-3058-adc1-871f8aef9045,430193006,,,1,,,,1,10,Medication reconciliation (procedure),0.00,,,469.35,0.00,,0.00,6f45f2e9-a617-570a-0732-9d98439e290c,,6f45f2e9-a617-570a-2d9c-b0c0f17ad90f,1,817b5927-2988-302e-af60-4d0b7e0de251,817b5927-2988-302e-af60-4d0b7e0de251
0c93a127-2257-c969-3d70-2c9376dd99dd,6f45f2e9-a617-570a-3330-9e2169119ec7,37590,6f45f2e9-a617-570a-8867-dec1260088bb,CHARGE,165.00,,2020-01-20T06:34:20Z,2020-01-20T07:34:20Z,ce6d79ed-6c4d-3ddd-aedb-c73f90d491b6,50849002,,,1,2,3,,1,4,Emergency room admission (procedure),165.00,,1,0.00,0.00,,0.00,6f45f2e9-a617-570a-2227-7d5c52f82128,,6f45f2e9-a617-570a-2d9c-b0c0f17ad90f,1,782c5171-b196-33f0-81e0-39b5effa5c32,782c5171-b196-33f0-81e0-39b5effa5c32
1927424e-5aaf-92d2-7ae0-5926f3bb33ba,6f45f2e9-a617-570a-3330-9e2169119ec7,37591,6f45f2e9-a617-570a-8867-dec1260088bb,TRANSFEROUT,,,2020-01-20T06:34:20Z,2020-01-20T07:34:20Z,ce6d79ed-6c4d-3ddd-aedb-c73f90d491b6,50849002,,,1,2,3,,1,4,Emergency room admission (procedure),0.00,,,0.00,0.00,165.00,165.00,6f45f2e9-a617-570a-2227-7d5c52f82128,,6f45f2e9-a617-570a-2d9c-b0c0f17ad90f,1,782c5171-b196-33f0-81e0-39b5effa5c32,782c5171-b196-33f0-81e0-39b5effa5c32
324e849c-c55f-25a4-f5c0-b24e17766774,6f45f2e9-a617-570a-3330-9e2169119ec7,37592,6f45f2e9-a617-570a-8867-dec1260088bb,TRANSFERIN,165.00,,2020-01-20T06:34:20Z,2020-01-20T07:34:20Z,ce6d79ed-6c4d-3ddd-aedb-c73f90d491b6,50849002,,,1,2,3,,1,4,Emergency room admission (procedure),0.00,37591,p,0.00,0.00,165.00,165.00,6f45f2e9-a617-570a-2227-7d5c52f82128,,6f45f2e9-a617-570a-2d9c-b0c0f17ad90f,1,782c5171-b196-33f0-81e0-39b5effa5c32,782c5171-b196-33f0-81e0-39b5effa5c32
649d0939-fabe-4b48-eb81-649c5eeccee9,6f45f2e9-a617-570a-3330-9e2169119ec7,37593,6f45f2e9-a617-570a-8867-dec1260088bb,PAYMENT,,CASH,2020-01-20T06:34:20Z,2020-01-20T07:34:20Z,ce6d79ed-6c4d-3ddd-aedb-c73f90d491b6,50849002,,,1,2,3,,1,4,Emergency room admission (procedure),0.00,,,165.00,0.00,,0.00,6f45f2e9-a617-570a-2227-7d5c52f82128,,6f45f2e9-a617-570a-2d9c-b0c0f17ad90f,1,782c5171-b196-33f0-81e0-39b5effa5c32,782c5171-b196-33f0-81e0-39b5effa5c32
927424e9-76f9-2d21-ae05-927307b33ba7,6f45f2e9-a617-570a-3330-9e2169119ec7,37595,6f45f2e9-a617-570a-8867-dec1260088bb,CHARGE,620.44,,2020-01-20T06:34:20Z,2020-01-20T07:04:20Z,ce6d79ed-6c4d-3ddd-aedb-c73f90d491b6,1290407002,,,1,2,3,,1,4,Plain X-ray of knee region (procedure),620.44,,1,0.00,0.00,,0.00,6f45f2e9-a617-570a-2227-7d5c52f82128,,6f45f2e9-a617-570a-2d9c-b0c0f17ad90f,1,782c5171-b196-33f0-81e0-39b5effa5c32,782c5171-b196-33f0-81e0-39b5effa5c32
24e849d5-edf2-5a43-5c0b-24e90f66774f,6f45f2e9-a617-570a-3330-9e2169119ec7,37596,6f45f2e9-a617-570a-8867-dec1260088bb,TRANSFEROUT,,,2020-01-20T06:34:20Z,2020-01-20T07:04:20Z,ce6d79ed-6c4d-3ddd-aedb-c73f90d491b6,1290407002,,,1,2,3,,1,4,Plain X-ray of knee region (procedure),0.00,,,0.00,0.00,620.44,620.44,6f45f2e9-a617-570a-2227-7d5c52f82128,,6f45f2e9-a617-570a-2d9c-b0c0f17ad90f,1,782c5171-b196-33f0-81e0-39b5effa5c32,782c5171-b196-33f0-81e0-39b5effa5c32
49d093ae-dbe4-b486-b816-49d51eccee9e,6f45f2e9-a617-570a-3330-9e2169119ec7,37597,6f45f2e9-a617-570a-8867-dec1260088bb,TRANSFERIN,620.44,,2020-01-20T06:34:20Z,2020-01-20T07:04:20Z,ce6d79ed-6c4d-3ddd-aedb-c73f90d491b6,1290407002,,,1,2,3,,1,4,Plain X-ray of knee region (procedure),0.00,37596,p,0.00,0.00,620.44,620.44,6f45f2e9-a617-570a-2227-7d5c52f82128,,6f45f2e9-a617-570a-2d9c-b0c0f17ad90f,1,782c5171-b196-33f0-81e0-39b5effa5c32,782c5171-b196-33f0-81e0-39b5effa5c32
93a12761-b7c9-690c-702c-93b63d99dd3d,8cc5891f-3457-4071-b298-4d40a56eab93,37598,6f45f2e9-a617-570a-8867-dec1260088bb,PAYMENT,,CC,2020-01-20T06:34:20Z,2020-01-20T07:04:20Z,ce6d79ed-6c4d-3ddd-aedb-c73f90d491b6,1290407002,,,1,2,3,,1,4,Plain X-ray of knee region (procedure),0.00,,,620.44,0.00,,0.00,6f45f2e9-a617-570a-2227-7d5c52f82128,,6f45f2e9-a617-570a-2d9c-b0c0f17ad90f,1,782c5171-b196-33f0-81e0-39b5effa5c32,782c5171-b196-33f0-81e0-39b5effa5c32
701d234f-4c24-4209-00d7-31d567b5af93,6f45f2e9-a617-570a-f33c-ae41eae2be73,37600,6f45f2e9-a617-570a-8867-dec1260088bb,CHARGE,86.81,,2020-01-20T06:34:20Z,2020-02-28T06:34:20Z,ce6d79ed-6c4d-3ddd-aedb-c73f90d491b6,313820,,,1,2,3,,1,4,Acetaminophen 160 MG Chewable Tablet,86.81,,1,0.00,0.00,,0.00,6f45f2e9-a617-570a-2227-7d5c52f82128,,6f45f2e9-a617-570a-2d9c-b0c0f17ad90f,1,782c5171-b196-33f0-81e0-39b5effa5c32,782c5171-b196-33f0-81e0-39b5effa5c32
e03a469e-9848-8415-01ae-63aacf6b5f29,6f45f2e9-a617-570a-f33c-ae41eae2be73,37601,6f45f2e9-a617-570a-8867-dec1260088bb,TRANSFEROUT,,,2020-01-20T06:34:20Z,2020-02-28T06:34:20Z,ce6d79ed-6c4d-3ddd-aedb-c73f90d491b6,313820,,,1,2,3,,1,4,Acetaminophen 160 MG Chewable Tablet,0.00,,,0.00,0.00,86.81,86.81,6f45f2e9-a617-570a-2227-7d5c52f82128,,6f45f2e9-a617-570a-2d9c-b0c0f17ad90f,1,782c5171-b196-33f0-81e0-39b5effa5c32,782c5171-b196-33f0-81e0-39b5effa5c32
c0748d3d-3091-082e-035c-c7559ed6be55,6f45f2e9-a617-570a-f33c-ae41eae2be73,37602,6f45f2e9-a617-570a-8867-dec1260088bb,TRANSFERIN,86.81,,2020-01-20T06:34:20Z,2020-02-28T06:34:20Z,ce6d79ed-6c4d-3ddd-aedb-c73f90d491b6,313820,,,1,2,3,,1,4,Acetaminophen 160 MG Chewable Tablet,0.00,37601,p,0.00,0.00,86.81,86.81,6f45f2e9-a617-570a-2227-7d5c52f82128,,6f45f2e9-a617-570a-2d9c-b0c0f17ad90f,1,782c5171-b196-33f0-81e0-39b5effa5c32,782c5171-b196-33f0-81e0-39b5effa5c32
80e91a7a-6122-1061-06b9-8eab3dad7cb6,6f45f2e9-a617-570a-f33c-ae41eae2be73,37603,6f45f2e9-a617-570a-8867-dec1260088bb,PAYMENT,,CHECK,2020-01-20T06:34:20Z,2020-02-28T06:34:20Z,ce6d79ed-6c4d-3ddd-aedb-c73f90d491b6,313820,,,1,2,3,,1,4,Acetaminophen 160 MG Chewable Tablet,0.00,,,86.81,0.00,,0.00,6f45f2e9-a617-570a-2227-7d5c52f82128,,6f45f2e9-a617-570a-2d9c-b0c0f17ad90f,1,782c5171-b196-33f0-81e0-39b5effa5c32,782c5171-b196-33f0-81e0-39b5effa5c32
8c71b7b1-461a-783d-9af9-ff7183a408f7,6f45f2e9-a617-570a-c1d8-eeeb0e2349ab,37605,6f45f2e9-a617-570a-8867-dec1260088bb,CHARGE,171.78,,2020-05-07T06:34:20Z,2020-05-07T06:49:20Z,775fd387-94cb-3058-adc1-871f8aef9045,410620009,,,1,,,,1,10,Well child visit (procedure),171.78,,1,0.00,0.00,,0.00,6f45f2e9-a617-570a-1adf-6d02acf0c51d,,6f45f2e9-a617-570a-2d9c-b0c0f17ad90f,1,817b5927-2988-302e-af60-4d0b7e0de251,817b5927-2988-302e-af60-4d0b7e0de251
18e36f62-8c37-f07b-35f3-fee3074b11ef,6f45f2e9-a617-570a-c1d8-eeeb0e2349ab,37606,6f45f2e9-a617-570a-8867-dec1260088bb,TRANSFEROUT,,,2020-05-07T06:34:20Z,2020-05-07T06:49:20Z,775fd387-94cb-3058-adc1-871f8aef9045,410620009,,,1,,,,1,10,Well child visit (procedure),0.00,,,0.00,0.00,171.78,171.78,6f45f2e9-a617-570a-1adf-6d02acf0c51d,,6f45f2e9-a617-570a-2d9c-b0c0f17ad90f,1,817b5927-2988-302e-af60-4d0b7e0de251,817b5927-2988-302e-af60-4d0b7e0de251
31c6dec5-1872-e0f6-6be7-fdc60e9923de,6f45f2e9-a617-570a-c1d8-eeeb0e2349ab,37607,6f45f2e9-a617-570a-8867-dec1260088bb,TRANSFERIN,171.78,,2020-05-07T06:34:20Z,2020-05-07T06:49:20Z,775fd387-94cb-3058-adc1-871f8aef9045,410620009,,,1,,,,1,10,Well child visit (procedure),0.00,37606,p,0.00,0.00,171.78,171.78,6f45f2e9-a617-570a-1adf-6d02acf0c51d,,6f45f2e9-a617-570a-2d9c-b0c0f17ad90f,1,817b5927-2988-302e-af60-4d0b7e0de251,817b5927-2988-302e-af60-4d0b7e0de251
638dbd8a-30e9-c1ec-d7cf-fb8c1d3e47bc,6f45f2e9-a617-570a-c1d8-eeeb0e2349ab,37608,6f45f2e9-a617-570a-8867-dec1260088bb,PAYMENT,,CASH,2020-05-07T06:34:20Z,2020-05-07T06:49:20Z,775fd387-94cb-3058-adc1-871f8aef9045,410620009,,,1,,,,1,10,Well child visit (procedure),0.00,,,171.78,0.00,,0.00,6f45f2e9-a617-570a-1adf-6d02acf0c51d,,6f45f2e9-a617-570a-2d9c-b0c0f17ad90f,1,817b5927-2988-302e-af60-4d0b7e0de251,817b5927-2988-302e-af60-4d0b7e0de251
c518d310-f631-c6de-c60e-f953de6be7fd,6f45f2e9-a617-570a-c1d8-eeeb0e2349ab,37610,6f45f2e9-a617-570a-8867-dec1260088bb,CHARGE,136.00,,2020-05-07T06:34:20Z,1970-01-01T00:00:00Z,775fd387-94cb-3058-adc1-871f8aef9045,140,,,1,,,,1,10,Influenza  split virus  trivalent  PF,136.00,,1,0.00,0.00,,0.00,6f45f2e9-a617-570a-1adf-6d02acf0c51d,,6f45f2e9-a617-570a-2d9c-b0c0f17ad90f,1,817b5927-2988-302e-af60-4d0b7e0de251,817b5927-2988-302e-af60-4d0b7e0de251
8a31aa21-ec63-8dbd-8c1d-fea7bcd7cffb,6f45f2e9-a617-570a-c1d8-eeeb0e2349ab,37611,6f45f2e9-a617-570a-8867-dec1260088bb,TRANSFEROUT,,,2020-05-07T06:34:20Z,1970-01-01T00:00:00Z,775fd387-94cb-3058-adc1-871f8aef9045,140,,,1,,,,1,10,Influenza  split virus  trivalent  PF,0.00,,,0.00,0.00,136.00,136.00,6f45f2e9-a617-570a-1adf-6d02acf0c51d,,6f45f2e9-a617-570a-2d9c-b0c0f17ad90f,1,817b5927-2988-302e-af60-4d0b7e0de251,817b5927-2988-302e-af60-4d0b7e0de251
14636a43-d8c7-1b7b-183c-034f79af9ff7,6f45f2e9-a617-570a-c1d8-eeeb0e2349ab,37612,6f45f2e9-a617-570a-8867-dec1260088bb,TRANSFERIN,136.00,,2020-05-07T06:34:20Z,1970-01-01T00:00:00Z,775fd387-94cb-3058-adc1-871f8aef9045,140,,,1,,,,1,10,Influenza  split virus  trivalent  PF,0.00,37611,p,0.0000,0.00,136.00,136.00,6f45f2e9-a617-570a-1adf-6d02acf0c51d,,6f45f2e9-a617-570a-2d9c-b0c0f17ad90f,1,817b5927-2988-302e-af60-4d0b7e0de251,817b5927-2988-302e-af60-4d0b7e0de251
28c6e487-b18e-36f6-3078-369ef35f3fee,6f45f2e9-a617-570a-c1d8-eeeb0e2349ab,37613,6f45f2e9-a617-570a-8867-dec1260088bb,PAYMENT,,CC,2020-05-07T06:34:20Z,1970-01-01T00:00:00Z,775fd387-94cb-3058-adc1-871f8aef9045,140,,,1,,,,1,10,Influenza  split virus  trivalent  PF,0.00,,,136.00,0.00,,0.00,6f45f2e9-a617-570a-1adf-6d02acf0c51d,,6f45f2e9-a617-570a-2d9c-b0c0f17ad90f,1,817b5927-2988-302e-af60-4d0b7e0de251,817b5927-2988-302e-af60-4d0b7e0de251
a31cb21e-c638-dbd8-c1e1-fa7bcd7cffb8,6f45f2e9-a617-570a-c1d8-eeeb0e2349ab,37615,6f45f2e9-a617-570a-8867-dec1260088bb,CHARGE,310.22,,2020-05-07T06:34:20Z,2020-05-07T06:49:20Z,775fd387-94cb-3058-adc1-871f8aef9045,430193006,,,1,,,,1,10,Medication reconciliation (procedure),310.22,,1,0.00,0.00,,0.00,6f45f2e9-a617-570a-1adf-6d02acf0c51d,,6f45f2e9-a617-570a-2d9c-b0c0f17ad90f,1,817b5927-2988-302e-af60-4d0b7e0de251,817b5927-2988-302e-af60-4d0b7e0de251
463a7c3d-8c71-b7b1-83c4-0cf79af9ff71,6f45f2e9-a617-570a-c1d8-eeeb0e2349ab,37616,6f45f2e9-a617-570a-8867-dec1260088bb,PAYMENT,,ECHECK,2020-05-07T06:34:20Z,2020-05-07T06:49:20Z,775fd387-94cb-3058-adc1-871f8aef9045,430193006,,,1,,,,1,10,Medication reconciliation (procedure),0.00,,,25.80,0.00,,284.42,6f45f2e9-a617-570a-1adf-6d02acf0c51d,,6f45f2e9-a617-570a-2d9c-b0c0f17ad90f,1,817b5927-2988-302e-af60-4d0b7e0de251,817b5927-2988-302e-af60-4d0b7e0de251
8c77f87b-18e3-6f62-078b-19ef35f3fee3,6f45f2e9-a617-570a-c1d8-eeeb0e2349ab,37617,6f45f2e9-a617-570a-8867-dec1260088bb,TRANSFEROUT,,,2020-05-07T06:34:20Z,2020-05-07T06:49:20Z,775fd387-94cb-3058-adc1-871f8aef9045,430193006,,,1,,,,1,10,Medication reconciliation (procedure),0.00,,,0.00,0.00,284.42,284.42,6f45f2e9-a617-570a-1adf-6d02acf0c51d,,6f45f2e9-a617-570a-2d9c-b0c0f17ad90f,1,817b5927-2988-302e-af60-4d0b7e0de251,817b5927-2988-302e-af60-4d0b7e0de251
18f2f0f6-31c6-dec5-0f19-33de6be7fdc6,6f45f2e9-a617-570a-c1d8-eeeb0e2349ab,37618,6f45f2e9-a617-570a-8867-dec1260088bb,TRANSFERIN,284.42,,2020-05-07T06:34:20Z,2020-05-07T06:49:20Z,775fd387-94cb-3058-adc1-871f8aef9045,430193006,,,1,,,,1,10,Medication reconciliation (procedure),0.00,37617,p,0.00,0.00,284.42,284.42,6f45f2e9-a617-570a-1adf-6d02acf0c51d,,6f45f2e9-a617-570a-2d9c-b0c0f17ad90f,1,817b5927-2988-302e-af60-4d0b7e0de251,817b5927-2988-302e-af60-4d0b7e0de251
31e9e1ec-638d-bd8a-1e3e-67bcd7cffb8c,6f45f2e9-a617-570a-c1d8-eeeb0e2349ab,37619,6f45f2e9-a617-570a-8867-dec1260088bb,PAYMENT,,CC,2020-05-07T06:34:20Z,2020-05-07T06:49:20Z,775fd387-94cb-3058-adc1-871f8aef9045,430193006,,,1,,,,1,10,Medication reconciliation (procedure),0.00,,,284.4200,0.00,,0.00,6f45f2e9-a617-570a-1adf-6d02acf0c51d,,6f45f2e9-a617-570a-2d9c-b0c0f17ad90f,1,817b5927-2988-302e-af60-4d0b7e0de251,817b5927-2988-302e-af60-4d0b7e0de251
ae7736e3-fb5f-a8a8-0b7e-7ec327286df1,6f45f2e9-a617-570a-8082-495ef02b086e,37621,6f45f2e9-a617-570a-8867-dec1260088bb,CHARGE,171.78,,2021-05-13T06:34:20Z,2021-05-13T06:49:20Z,775fd387-94cb-3058-adc1-871f8aef9045,410620009,,,1,,,,1,10,Well child visit (procedure),171.78,,1,0.00,0.00,,0.00,6f45f2e9-a617-570a-2cc0-8b5d2b0fa66e,,6f45f2e9-a617-570a-2d9c-b0c0f17ad90f,1,817b5927-2988-302e-af60-4d0b7e0de251,817b5927-2988-302e-af60-4d0b7e0de251
5cee6dc7-f6bf-5281-16fc-fd864e50dc12,6f45f2e9-a617-570a-8082-495ef02b086e,37622,6f45f2e9-a617-570a-8867-dec1260088bb,TRANSFEROUT,,,2021-05-13T06:34:20Z,2021-05-13T06:49:20Z,775fd387-94cb-3058-adc1-871f8aef9045,410620009,,,1,,,,1,10,Well child visit (procedure),0.00,,,0,0.00,171.78,171.78,6f45f2e9-a617-570a-2cc0-8b5d2b0fa66e,,6f45f2e9-a617-570a-2d9c-b0c0f17ad90f,1,817b5927-2988-302e-af60-4d0b7e0de251,817b5927-2988-302e-af60-4d0b7e0de251
b9dcdb8f-ed7e-a602-2df9-fb0c9ca1bb24,6f45f2e9-a617-570a-8082-495ef02b086e,37623,6f45f2e9-a617-570a-8867-dec1260088bb,TRANSFERIN,171.78,,2021-05-13T06:34:20Z,2021-05-13T06:49:20Z,775fd387-94cb-3058-adc1-871f8aef9045,410620009,,,1,,,,1,10,Well child visit (procedure),0.00,37622,p,0.00,0.00,171.78,171.78,6f45f2e9-a617-570a-2cc0-8b5d2b0fa66e,,6f45f2e9-a617-570a-2d9c-b0c0f17ad90f,1,817b5927-2988-302e-af60-4d0b7e0de251,817b5927-2988-302e-af60-4d0b7e0de251
73b9b71f-dafd-5305-5bf3-f61939437948,6f45f2e9-a617-570a-8082-495ef02b086e,37624,6f45f2e9-a617-570a-8867-dec1260088bb,PAYMENT,,CHECK,2021-05-13T06:34:20Z,2021-05-13T06:49:20Z,775fd387-94cb-3058-adc1-871f8aef9045,410620009,,,1,,,,1,10,Well child visit (procedure),0.00,,,171.78,0.00,,0.00,6f45f2e9-a617-570a-2cc0-8b5d2b0fa66e,,6f45f2e9-a617-570a-2d9c-b0c0f17ad90f,1,817b5927-2988-302e-af60-4d0b7e0de251,817b5927-2988-302e-af60-4d0b7e0de251
cee6dc7f-6bf5-6a15-6fcf-d864e50e0321,6f45f2e9-a617-570a-8082-495ef02b086e,37626,6f45f2e9-a617-570a-8867-dec1260088bb,CHARGE,136.00,,2021-05-13T06:34:20Z,1970-01-01T00:00:00Z,775fd387-94cb-3058-adc1-871f8aef9045,140,,,1,,,,1,10,Influenza  split virus  trivalent  PF,136.00,,1,0.00,0.00,,0.00,6f45f2e9-a617-570a-2cc0-8b5d2b0fa66e,,6f45f2e9-a617-570a-2d9c-b0c0f17ad90f,1,817b5927-2988-302e-af60-4d0b7e0de251,817b5927-2988-302e-af60-4d0b7e0de251
9dcdb8fe-d7ea-e42b-df9f-b0c9ca1c3642,6f45f2e9-a617-570a-8082-495ef02b086e,37627,6f45f2e9-a617-570a-8867-dec1260088bb,TRANSFEROUT,,,2021-05-13T06:34:20Z,1970-01-01T00:00:00Z,775fd387-94cb-3058-adc1-871f8aef9045,140,,,1,,,,1,10,Influenza  split virus  trivalent  PF,0.00,,,0,0.00,136.00,136.00,6f45f2e9-a617-570a-2cc0-8b5d2b0fa66e,,6f45f2e9-a617-570a-2d9c-b0c0f17ad90f,1,817b5927-2988-302e-af60-4d0b7e0de251,817b5927-2988-302e-af60-4d0b7e0de251
3b9b71fd-afd6-3857-bf3f-619394389c85,6f45f2e9-a617-570a-8082-495ef02b086e,37628,6f45f2e9-a617-570a-8867-dec1260088bb,TRANSFERIN,136,,2021-05-13T06:34:20Z,1970-01-01T00:00:00Z,775fd387-94cb-3058-adc1-871f8aef9045,140,,,1,,,,1,10,Influenza  split virus  trivalent  PF,0.00,37627,p,0.00,0.00,136.00,136.00,6f45f2e9-a617-570a-2cc0-8b5d2b0fa66e,,6f45f2e9-a617-570a-2d9c-b0c0f17ad90f,1,817b5927-2988-302e-af60-4d0b7e0de251,817b5927-2988-302e-af60-4d0b7e0de251
7736e3fb-5fac-b0ae-7e7e-c3272871f90b,6f45f2e9-a617-570a-8082-495ef02b086e,37629,6f45f2e9-a617-570a-8867-dec1260088bb,PAYMENT,,CASH,2021-05-13T06:34:20Z,1970-01-01T00:00:00Z,775fd387-94cb-3058-adc1-871f8aef9045,140,,,1,,,,1,10,Influenza  split virus  trivalent  PF,0.00,,,136.00,0.00,,0.00,6f45f2e9-a617-570a-2cc0-8b5d2b0fa66e,,6f45f2e9-a617-570a-2d9c-b0c0f17ad90f,1,817b5927-2988-302e-af60-4d0b7e0de251,817b5927-2988-302e-af60-4d0b7e0de251
ff786607-d812-bba8-12bb-7b294c2fdc46,6f45f2e9-a617-570a-479d-dd3a148215b8,37631,6f45f2e9-a617-570a-8867-dec1260088bb,CHARGE,138.42,,2021-06-10T06:34:20Z,2021-06-10T06:49:20Z,07649fd1-c4de-3075-9308-be02b756f191,702927004,,,1,,,,1,5,Urgent care clinic (environment),138.42,,1,0.00,0.00,,0.00,6f45f2e9-a617-570a-f7ee-b4beea8c12a3,,6f45f2e9-a617-570a-2d9c-b0c0f17ad90f,1,3426301a-3113-39d3-944e-d1766e6f8bd4,3426301a-3113-39d3-944e-d1766e6f8bd4
fef0d30f-b025-7751-2576-f952985fb88c,6f45f2e9-a617-570a-479d-dd3a148215b8,37632,6f45f2e9-a617-570a-8867-dec1260088bb,TRANSFEROUT,,,2021-06-10T06:34:20Z,2021-06-10T06:49:20Z,07649fd1-c4de-3075-9308-be02b756f191,702927004,,,1,,,,1,5,Urgent care clinic (environment),0.00,,,0.00,0.00,138.42,138.42,6f45f2e9-a617-570a-f7ee-b4beea8c12a3,,6f45f2e9-a617-570a-2d9c-b0c0f17ad90f,1,3426301a-3113-39d3-944e-d1766e6f8bd4,3426301a-3113-39d3-944e-d1766e6f8bd4
fde1aa1f-604a-eea3-4aed-fea530bf7118,6f45f2e9-a617-570a-479d-dd3a148215b8,37633,6f45f2e9-a617-570a-8867-dec1260088bb,TRANSFERIN,138.42,,2021-06-10T06:34:20Z,2021-06-10T06:49:20Z,07649fd1-c4de-3075-9308-be02b756f191,702927004,,,1,,,,1,5,Urgent care clinic (environment),0.00,37632,p,0.00,0.00,138.42,138.42,6f45f2e9-a617-570a-f7ee-b4beea8c12a3,,6f45f2e9-a617-570a-2d9c-b0c0f17ad90f,1,3426301a-3113-39d3-944e-d1766e6f8bd4,3426301a-3113-39d3-944e-d1766e6f8bd4
07337cec-cdd9-af4e-f03a-a64f2672baee,6f45f2e9-a617-570a-a650-a9a8b74fd924,37636,6f45f2e9-a617-570a-8867-dec1260088bb,CHARGE,83.05,,2021-06-17T06:34:20Z,2021-06-17T06:49:20Z,fe61f80c-951c-3dfb-8704-ae1da96fef2e,185349003,,,1,,,,1,2,Encounter for check up (procedure),83.05,,1,0.00,0.00,,0.00,6f45f2e9-a617-570a-9eca-8372ed09647d,,6f45f2e9-a617-570a-2d9c-b0c0f17ad90f,1,2e190550-b660-3228-a23c-dc3466037126,2e190550-b660-3228-a23c-dc3466037126
0e66f9d9-9bc3-5e9c-e075-4c9e4d1575dd,6f45f2e9-a617-570a-a650-a9a8b74fd924,37637,6f45f2e9-a617-570a-8867-dec1260088bb,TRANSFEROUT,,,2021-06-17T06:34:20Z,2021-06-17T06:49:20Z,fe61f80c-951c-3dfb-8704-ae1da96fef2e,185349003,,,1,,,,1,2,Encounter for check up (procedure),0.00,,,0.00,0.00,83.05,83.05,6f45f2e9-a617-570a-9eca-8372ed09647d,,6f45f2e9-a617-570a-2d9c-b0c0f17ad90f,1,2e190550-b660-3228-a23c-dc3466037126,2e190550-b660-3228-a23c-dc3466037126
1ccdf3b3-37f6-bd38-c0ea-993c9a5aebbb,6f45f2e9-a617-570a-a650-a9a8b74fd924,37638,6f45f2e9-a617-570a-8867-dec1260088bb,TRANSFERIN,83.05,,2021-06-17T06:34:20Z,2021-06-17T06:49:20Z,fe61f80c-951c-3dfb-8704-ae1da96fef2e,185349003,,,1,,,,1,2,Encounter for check up (procedure),0.00,37637,p,0.00,0.00,83.05,83.05,6f45f2e9-a617-570a-9eca-8372ed09647d,,6f45f2e9-a617-570a-2d9c-b0c0f17ad90f,1,2e190550-b660-3228-a23c-dc3466037126,2e190550-b660-3228-a23c-dc3466037126
399be766-702d-7a70-81d5-32793575d777,6f45f2e9-a617-570a-a650-a9a8b74fd924,37639,6f45f2e9-a617-570a-8867-dec1260088bb,PAYMENT,,CHECK,2021-06-17T06:34:20Z,2021-06-17T06:49:20Z,fe61f80c-951c-3dfb-8704-ae1da96fef2e,185349003,,,1,,,,1,2,Encounter for check up (procedure),0.00,,,83.05,0.00,,0.00,6f45f2e9-a617-570a-9eca-8372ed09647d,,6f45f2e9-a617-570a-2d9c-b0c0f17ad90f,1,2e190550-b660-3228-a23c-dc3466037126,2e190550-b660-3228-a23c-dc3466037126
b33df9bd-381c-cdf3-3ca0-5debbbc0ea99,6f45f2e9-a617-570a-a650-a9a8b74fd924,37641,6f45f2e9-a617-570a-8867-dec1260088bb,CHARGE,379.55,,2021-06-17T06:34:20Z,2021-06-17T06:49:20Z,fe61f80c-951c-3dfb-8704-ae1da96fef2e,430193006,,,1,,,,1,2,Medication reconciliation (procedure),379.55,,1,0.00,0.00,,0.00,6f45f2e9-a617-570a-9eca-8372ed09647d,,6f45f2e9-a617-570a-2d9c-b0c0f17ad90f,1,2e190550-b660-3228-a23c-dc3466037126,2e190550-b660-3228-a23c-dc3466037126
667c337a-7039-9be7-7941-7bd77781d532,6f45f2e9-a617-570a-a650-a9a8b74fd924,37642,6f45f2e9-a617-570a-8867-dec1260088bb,TRANSFEROUT,,,2021-06-17T06:34:20Z,2021-06-17T06:49:20Z,fe61f80c-951c-3dfb-8704-ae1da96fef2e,430193006,,,1,,,,1,2,Medication reconciliation (procedure),0.00,,,0.00,0.00,379.55,379.55,6f45f2e9-a617-570a-9eca-8372ed09647d,,6f45f2e9-a617-570a-2d9c-b0c0f17ad90f,1,2e190550-b660-3228-a23c-dc3466037126,2e190550-b660-3228-a23c-dc3466037126
ccf97ef4-e073-37ce-f283-0faeef03aa64,6f45f2e9-a617-570a-a650-a9a8b74fd924,37643,6f45f2e9-a617-570a-8867-dec1260088bb,TRANSFERIN,379.55,,2021-06-17T06:34:20Z,2021-06-17T06:49:20Z,fe61f80c-951c-3dfb-8704-ae1da96fef2e,430193006,,,1,,,,1,2,Medication reconciliation (procedure),0.00,37642,p,0.00,0.00,379.55,379.55,6f45f2e9-a617-570a-9eca-8372ed09647d,,6f45f2e9-a617-570a-2d9c-b0c0f17ad90f,1,2e190550-b660-3228-a23c-dc3466037126,2e190550-b660-3228-a23c-dc3466037126
99f5fde9-c0e6-6f9d-e509-1f5dde0754c9,6f45f2e9-a617-570a-a650-a9a8b74fd924,37644,6f45f2e9-a617-570a-8867-dec1260088bb,PAYMENT,,CASH,2021-06-17T06:34:20Z,2021-06-17T06:49:20Z,fe61f80c-951c-3dfb-8704-ae1da96fef2e,430193006,,,1,,,,1,2,Medication reconciliation (procedure),0.00,,,379.55,0.00,,0.00,6f45f2e9-a617-570a-9eca-8372ed09647d,,6f45f2e9-a617-570a-2d9c-b0c0f17ad90f,1,2e190550-b660-3228-a23c-dc3466037126,2e190550-b660-3228-a23c-dc3466037126
c3a8f066-caa5-f232-0691-2aa925309859,6f45f2e9-a617-570a-678e-0db21b145d0c,37646,6f45f2e9-a617-570a-8867-dec1260088bb,CHARGE,83.05,,2021-06-24T06:34:20Z,2021-06-24T06:49:20Z,fe61f80c-951c-3dfb-8704-ae1da96fef2e,185345009,,,1,2,,,1,1,Encounter for symptom (procedure),83.05,,1,0.00,0.00,,0.00,6f45f2e9-a617-570a-144f-5e953d5f3931,,6f45f2e9-a617-570a-2d9c-b0c0f17ad90f,1,2e190550-b660-3228-a23c-dc3466037126,2e190550-b660-3228-a23c-dc3466037126
8751e0cd-954b-e469-0d22-55524a6130be,6f45f2e9-a617-570a-678e-0db21b145d0c,37647,6f45f2e9-a617-570a-8867-dec1260088bb,TRANSFEROUT,,,2021-06-24T06:34:20Z,2021-06-24T06:49:20Z,fe61f80c-951c-3dfb-8704-ae1da96fef2e,185345009,,,1,2,,,1,1,Encounter for symptom (procedure),0.00,,,0.00,0.00,83.05,83.05,6f45f2e9-a617-570a-144f-5e953d5f3931,,6f45f2e9-a617-570a-2d9c-b0c0f17ad90f,1,2e190550-b660-3228-a23c-dc3466037126,2e190550-b660-3228-a23c-dc3466037126
0ea3c19b-2a97-c8e9-1a44-aaa494c26182,6f45f2e9-a617-570a-678e-0db21b145d0c,37648,6f45f2e9-a617-570a-8867-dec1260088bb,TRANSFERIN,83.05,,2021-06-24T06:34:20Z,2021-06-24T06:49:20Z,fe61f80c-951c-3dfb-8704-ae1da96fef2e,185345009,,,1,2,,,1,1,Encounter for symptom (procedure),0.00,37647,p,0.00,0.00,83.05,83.05,6f45f2e9-a617-570a-144f-5e953d5f3931,,6f45f2e9-a617-570a-2d9c-b0c0f17ad90f,1,2e190550-b660-3228-a23c-dc3466037126,2e190550-b660-3228-a23c-dc3466037126
1d478336-552f-91e2-3489-55492984c334,6f45f2e9-a617-570a-678e-0db21b145d0c,37649,6f45f2e9-a617-570a-8867-dec1260088bb,PAYMENT,,CC,2021-06-24T06:34:20Z,2021-06-24T06:49:20Z,fe61f80c-951c-3dfb-8704-ae1da96fef2e,185345009,,,1,2,,,1,1,Encounter for symptom (procedure),0.00,,,83.05,0.00,,0.00,6f45f2e9-a617-570a-144f-5e953d5f3931,,6f45f2e9-a617-570a-2d9c-b0c0f17ad90f,1,2e190550-b660-3228-a23c-dc3466037126,2e190550-b660-3228-a23c-dc3466037126
10dca8aa-05e9-9d8c-f9e6-12d49e82a92c,6f45f2e9-a617-570a-d390-22d922abad3d,37651,6f45f2e9-a617-570a-8867-dec1260088bb,CHARGE,347.25,,2021-06-24T06:34:20Z,2021-07-08T06:34:20Z,fe61f80c-951c-3dfb-8704-ae1da96fef2e,313782,,,1,2,,,1,1,Acetaminophen 325 MG Oral Tablet,347.25,,1,0.00,0.00,,0.00,6f45f2e9-a617-570a-144f-5e953d5f3931,,6f45f2e9-a617-570a-2d9c-b0c0f17ad90f,1,2e190550-b660-3228-a23c-dc3466037126,2e190550-b660-3228-a23c-dc3466037126
21b95154-0be3-3b18-f3cc-25a93d355259,6f45f2e9-a617-570a-d390-22d922abad3d,37652,6f45f2e9-a617-570a-8867-dec1260088bb,TRANSFEROUT,,,2021-06-24T06:34:20Z,2021-07-08T06:34:20Z,fe61f80c-951c-3dfb-8704-ae1da96fef2e,313782,,,1,2,,,1,1,Acetaminophen 325 MG Oral Tablet,0.00,,,0.00,0.00,347.25,347.25,6f45f2e9-a617-570a-144f-5e953d5f3931,,6f45f2e9-a617-570a-2d9c-b0c0f17ad90f,1,2e190550-b660-3228-a23c-dc3466037126,2e190550-b660-3228-a23c-dc3466037126
4372a2a8-1836-7630-e798-4b527a9aa4b3,6f45f2e9-a617-570a-d390-22d922abad3d,37653,6f45f2e9-a617-570a-8867-dec1260088bb,TRANSFERIN,347.25,,2021-06-24T06:34:20Z,2021-07-08T06:34:20Z,fe61f80c-951c-3dfb-8704-ae1da96fef2e,313782,,,1,2,,,1,1,Acetaminophen 325 MG Oral Tablet,0.00,37652,p,0.00,0.00,347.25,347.25,6f45f2e9-a617-570a-144f-5e953d5f3931,,6f45f2e9-a617-570a-2d9c-b0c0f17ad90f,1,2e190550-b660-3228-a23c-dc3466037126,2e190550-b660-3228-a23c-dc3466037126
86e54550-30ac-ec60-cf30-96a4f5f54967,6f45f2e9-a617-570a-d390-22d922abad3d,37654,6f45f2e9-a617-570a-8867-dec1260088bb,PAYMENT,,CHECK,2021-06-24T06:34:20Z,2021-07-08T06:34:20Z,fe61f80c-951c-3dfb-8704-ae1da96fef2e,313782,,,1,2,,,1,1,Acetaminophen 325 MG Oral Tablet,0.00,,,347.25,0.00,,0.00,6f45f2e9-a617-570a-144f-5e953d5f3931,,6f45f2e9-a617-570a-2d9c-b0c0f17ad90f,1,2e190550-b660-3228-a23c-dc3466037126,2e190550-b660-3228-a23c-dc3466037126
2c4325b8-5db5-f662-4971-8f9628c917d6,6f45f2e9-a617-570a-139f-eb433a3a673e,37656,6f45f2e9-a617-570a-8867-dec1260088bb,CHARGE,171.78,,2022-05-19T06:34:20Z,2022-05-19T06:49:20Z,775fd387-94cb-3058-adc1-871f8aef9045,410620009,,,1,,,,1,10,Well child visit (procedure),171.78,,1,0.00,0.00,,0.00,6f45f2e9-a617-570a-a799-0a378ebf567c,,6f45f2e9-a617-570a-2d9c-b0c0f17ad90f,1,817b5927-2988-302e-af60-4d0b7e0de251,817b5927-2988-302e-af60-4d0b7e0de251
58864b70-bb6e-ecc4-92e3-1f2c51952fac,6f45f2e9-a617-570a-139f-eb433a3a673e,37657,6f45f2e9-a617-570a-8867-dec1260088bb,TRANSFEROUT,,,2022-05-19T06:34:20Z,2022-05-19T06:49:20Z,775fd387-94cb-3058-adc1-871f8aef9045,410620009,,,1,,,,1,10,Well child visit (procedure),0.00,,,0.00,0.00,171.78,171.78,6f45f2e9-a617-570a-a799-0a378ebf567c,,6f45f2e9-a617-570a-2d9c-b0c0f17ad90f,1,817b5927-2988-302e-af60-4d0b7e0de251,817b5927-2988-302e-af60-4d0b7e0de251
b10c96e1-76e1-d988-25c6-3e58a3365f59,6f45f2e9-a617-570a-139f-eb433a3a673e,37658,6f45f2e9-a617-570a-8867-dec1260088bb,TRANSFERIN,171.78,,2022-05-19T06:34:20Z,2022-05-19T06:49:20Z,775fd387-94cb-3058-adc1-871f8aef9045,410620009,,,1,,,,1,10,Well child visit (procedure),0.00,37657,p,0.00,0.00,171.78,171.78,6f45f2e9-a617-570a-a799-0a378ebf567c,,6f45f2e9-a617-570a-2d9c-b0c0f17ad90f,1,817b5927-2988-302e-af60-4d0b7e0de251,817b5927-2988-302e-af60-4d0b7e0de251
62192dc2-edd9-b311-4b8c-7cb14672beb2,6f45f2e9-a617-570a-139f-eb433a3a673e,37659,6f45f2e9-a617-570a-8867-dec1260088bb,PAYMENT,,CASH,2022-05-19T06:34:20Z,2022-05-19T06:49:20Z,775fd387-94cb-3058-adc1-871f8aef9045,410620009,,,1,,,,1,10,Well child visit (procedure),0.00,,,171.78,0.00,,0.00,6f45f2e9-a617-570a-a799-0a378ebf567c,,6f45f2e9-a617-570a-2d9c-b0c0f17ad90f,1,817b5927-2988-302e-af60-4d0b7e0de251,817b5927-2988-302e-af60-4d0b7e0de251
e177a239-88b1-0c96-58a3-f6bf5925c63e,6f45f2e9-a617-570a-139f-eb433a3a673e,37661,6f45f2e9-a617-570a-8867-dec1260088bb,CHARGE,136.00,,2022-05-19T06:34:20Z,1970-01-01T00:00:00Z,775fd387-94cb-3058-adc1-871f8aef9045,140,,,1,,,,1,10,Influenza  split virus  trivalent  PF,136.00,,1,0.00,0.00,,0.00,6f45f2e9-a617-570a-a799-0a378ebf567c,,6f45f2e9-a617-570a-2d9c-b0c0f17ad90f,1,817b5927-2988-302e-af60-4d0b7e0de251,817b5927-2988-302e-af60-4d0b7e0de251
c2ef5a73-1162-192d-b147-f37eb24b8c7c,6f45f2e9-a617-570a-139f-eb433a3a673e,37662,6f45f2e9-a617-570a-8867-dec1260088bb,TRANSFEROUT,,,2022-05-19T06:34:20Z,1970-01-01T00:00:00Z,775fd387-94cb-3058-adc1-871f8aef9045,140,,,1,,,,1,10,Influenza  split virus  trivalent  PF,0.00,,,0.00,0.00,136.00,136.00,6f45f2e9-a617-570a-a799-0a378ebf567c,,6f45f2e9-a617-570a-2d9c-b0c0f17ad90f,1,817b5927-2988-302e-af60-4d0b7e0de251,817b5927-2988-302e-af60-4d0b7e0de251
85dec4e6-22c4-325b-6290-16fd649718f9,6f45f2e9-a617-570a-139f-eb433a3a673e,37663,6f45f2e9-a617-570a-8867-dec1260088bb,TRANSFERIN,136.00,,2022-05-19T06:34:20Z,1970-01-01T00:00:00Z,775fd387-94cb-3058-adc1-871f8aef9045,140,,,1,,,,1,10,Influenza  split virus  trivalent  PF,0.00,37662,p,0.00,0.00,136.00,136.00,6f45f2e9-a617-570a-a799-0a378ebf567c,,6f45f2e9-a617-570a-2d9c-b0c0f17ad90f,1,817b5927-2988-302e-af60-4d0b7e0de251,817b5927-2988-302e-af60-4d0b7e0de251
0bbdf9cc-4588-64b7-c520-5dfac92e31f2,6f45f2e9-a617-570a-139f-eb433a3a673e,37664,6f45f2e9-a617-570a-8867-dec1260088bb,PAYMENT,,CC,2022-05-19T06:34:20Z,1970-01-01T00:00:00Z,775fd387-94cb-3058-adc1-871f8aef9045,140,,,1,,,,1,10,Influenza  split virus  trivalent  PF,0.00,,,136.00,0.00,,0.00,6f45f2e9-a617-570a-a799-0a378ebf567c,,6f45f2e9-a617-570a-2d9c-b0c0f17ad90f,1,817b5927-2988-302e-af60-4d0b7e0de251,817b5927-2988-302e-af60-4d0b7e0de251
8e832083-e6b5-f2fe-abbd-9f4a5cc91472,6f45f2e9-a617-570a-5879-35a94c9efda0,37666,6f45f2e9-a617-570a-8867-dec1260088bb,CHARGE,83.05,,2023-03-15T13:34:20Z,2023-03-15T13:49:20Z,fe61f80c-951c-3dfb-8704-ae1da96fef2e,185345009,,,1,2,,,1,1,Encounter for symptom (procedure),83.05,,1,0.00,0.00,,0.00,6f45f2e9-a617-570a-a728-bce169a5b20a,,6f45f2e9-a617-570a-2d9c-b0c0f17ad90f,1,2e190550-b660-3228-a23c-dc3466037126,2e190550-b660-3228-a23c-dc3466037126
1d064107-cd6e-e5fd-577b-3e94b99528e5,6f45f2e9-a617-570a-5879-35a94c9efda0,37667,6f45f2e9-a617-570a-8867-dec1260088bb,TRANSFEROUT,,,2023-03-15T13:34:20Z,2023-03-15T13:49:20Z,fe61f80c-951c-3dfb-8704-ae1da96fef2e,185345009,,,1,2,,,1,1,Encounter for symptom (procedure),0.00,,,0.00,0.00,83.05,83.05,6f45f2e9-a617-570a-a728-bce169a5b20a,,6f45f2e9-a617-570a-2d9c-b0c0f17ad90f,1,2e190550-b660-3228-a23c-dc3466037126,2e190550-b660-3228-a23c-dc3466037126
3a0c820f-9ae1-cbfa-aef6-7d29733651ca,6f45f2e9-a617-570a-5879-35a94c9efda0,37668,6f45f2e9-a617-570a-8867-dec1260088bb,TRANSFERIN,83.05,,2023-03-15T13:34:20Z,2023-03-15T13:49:20Z,fe61f80c-951c-3dfb-8704-ae1da96fef2e,185345009,,,1,2,,,1,1,Encounter for symptom (procedure),0.00,37667,p,0.00,0.00,83.05,83.05,6f45f2e9-a617-570a-a728-bce169a5b20a,,6f45f2e9-a617-570a-2d9c-b0c0f17ad90f,1,2e190550-b660-3228-a23c-dc3466037126,2e190550-b660-3228-a23c-dc3466037126
7419041f-35d9-97f4-5dec-fa52e672a395,6f45f2e9-a617-570a-5879-35a94c9efda0,37669,6f45f2e9-a617-570a-8867-dec1260088bb,PAYMENT,,CHECK,2023-03-15T13:34:20Z,2023-03-15T13:49:20Z,fe61f80c-951c-3dfb-8704-ae1da96fef2e,185345009,,,1,2,,,1,1,Encounter for symptom (procedure),0.00,,,83.05,0.00,,0.00,6f45f2e9-a617-570a-a728-bce169a5b20a,,6f45f2e9-a617-570a-2d9c-b0c0f17ad90f,1,2e190550-b660-3228-a23c-dc3466037126,2e190550-b660-3228-a23c-dc3466037126
aeced125-2a47-c9b5-a42b-02f17ecd9a2a,6f45f2e9-a617-570a-5a19-c28af1103497,37671,6f45f2e9-a617-570a-8867-dec1260088bb,CHARGE,171.78,,2023-05-25T06:34:20Z,2023-05-25T06:49:20Z,775fd387-94cb-3058-adc1-871f8aef9045,410620009,,,1,,,,1,10,Well child visit (procedure),171.78,,1,0.00,0.00,,0.00,6f45f2e9-a617-570a-542d-aa11389be885,,6f45f2e9-a617-570a-2d9c-b0c0f17ad90f,1,817b5927-2988-302e-af60-4d0b7e0de251,817b5927-2988-302e-af60-4d0b7e0de251
5d9da24a-6a8f-936b-4856-05e3039b3455,6f45f2e9-a617-570a-5a19-c28af1103497,37672,6f45f2e9-a617-570a-8867-dec1260088bb,TRANSFEROUT,,,2023-05-25T06:34:20Z,2023-05-25T06:49:20Z,775fd387-94cb-3058-adc1-871f8aef9045,410620009,,,1,,,,1,10,Well child visit (procedure),0.00,,,0.00,0.00,171.78,171.78,6f45f2e9-a617-570a-542d-aa11389be885,,6f45f2e9-a617-570a-2d9c-b0c0f17ad90f,1,817b5927-2988-302e-af60-4d0b7e0de251,817b5927-2988-302e-af60-4d0b7e0de251
bb3b4494-e51f-26d6-90ac-0bc6373668aa,6f45f2e9-a617-570a-5a19-c28af1103497,37673,6f45f2e9-a617-570a-8867-dec1260088bb,TRANSFERIN,171.78,,2023-05-25T06:34:20Z,2023-05-25T06:49:20Z,775fd387-94cb-3058-adc1-871f8aef9045,410620009,,,1,,,,1,10,Well child visit (procedure),0.00,37672,p,0.00,0.00,171.78,171.78,6f45f2e9-a617-570a-542d-aa11389be885,,6f45f2e9-a617-570a-2d9c-b0c0f17ad90f,1,817b5927-2988-302e-af60-4d0b7e0de251,817b5927-2988-302e-af60-4d0b7e0de251
7676892a-3a3e-4dad-2158-178c9e6cd155,6f45f2e9-a617-570a-5a19-c28af1103497,37674,6f45f2e9-a617-570a-8867-dec1260088bb,PAYMENT,,CASH,2023-05-25T06:34:20Z,2023-05-25T06:49:20Z,775fd387-94cb-3058-adc1-871f8aef9045,410620009,,,1,,,,1,10,Well child visit (procedure),0.00,,,171.78,0.00,,0.00,6f45f2e9-a617-570a-542d-aa11389be885,,6f45f2e9-a617-570a-2d9c-b0c0f17ad90f,1,817b5927-2988-302e-af60-4d0b7e0de251,817b5927-2988-302e-af60-4d0b7e0de251
d9da24aa-74f9-36b5-8560-5e3405b34554,6f45f2e9-a617-570a-5a19-c28af1103497,37676,6f45f2e9-a617-570a-8867-dec1260088bb,CHARGE,136.00,,2023-05-25T06:34:20Z,1970-01-01T00:00:00Z,775fd387-94cb-3058-adc1-871f8aef9045,140,,,1,,,,1,10,Influenza  split virus  trivalent  PF,136.00,,1,0.00,0.00,,0.00,6f45f2e9-a617-570a-542d-aa11389be885,,6f45f2e9-a617-570a-2d9c-b0c0f17ad90f,1,817b5927-2988-302e-af60-4d0b7e0de251,817b5927-2988-302e-af60-4d0b7e0de251
b3b44957-e9f2-6d6b-0ac0-bc6b0b668aa9,6f45f2e9-a617-570a-5a19-c28af1103497,37677,6f45f2e9-a617-570a-8867-dec1260088bb,TRANSFEROUT,,,2023-05-25T06:34:20Z,1970-01-01T00:00:00Z,775fd387-94cb-3058-adc1-871f8aef9045,140,,,1,,,,1,10,Influenza  split virus  trivalent  PF,0.00,,,0.00,0.00,136.00,136.00,6f45f2e9-a617-570a-542d-aa11389be885,,6f45f2e9-a617-570a-2d9c-b0c0f17ad90f,1,817b5927-2988-302e-af60-4d0b7e0de251,817b5927-2988-302e-af60-4d0b7e0de251
676892b2-d3e4-dad7-1581-78d916cd1552,6f45f2e9-a617-570a-5a19-c28af1103497,37678,6f45f2e9-a617-570a-8867-dec1260088bb,TRANSFERIN,136.00,,2023-05-25T06:34:20Z,1970-01-01T00:00:00Z,775fd387-94cb-3058-adc1-871f8aef9045,140,,,1,,,,1,10,Influenza  split virus  trivalent  PF,0.00,37677,p,0.00,0.00,136.00,136.00,6f45f2e9-a617-570a-542d-aa11389be885,,6f45f2e9-a617-570a-2d9c-b0c0f17ad90f,1,817b5927-2988-302e-af60-4d0b7e0de251,817b5927-2988-302e-af60-4d0b7e0de251
ced12569-a7c9-b5ae-2b02-f1be2d9a2aa4,6f45f2e9-a617-570a-5a19-c28af1103497,37679,6f45f2e9-a617-570a-8867-dec1260088bb,PAYMENT,,CC,2023-05-25T06:34:20Z,1970-01-01T00:00:00Z,775fd387-94cb-3058-adc1-871f8aef9045,140,,,1,,,,1,10,Influenza  split virus  trivalent  PF,0.00,,,136.00,0.00,,0.00,6f45f2e9-a617-570a-542d-aa11389be885,,6f45f2e9-a617-570a-2d9c-b0c0f17ad90f,1,817b5927-2988-302e-af60-4d0b7e0de251,817b5927-2988-302e-af60-4d0b7e0de251
898716d9-b075-7461-0f57-8c0ac161e0b6,6f45f2e9-a617-570a-51d5-ca2beaa118ce,37681,6f45f2e9-a617-570a-8867-dec1260088bb,CHARGE,171.78,,2024-05-30T06:34:20Z,2024-05-30T06:49:20Z,775fd387-94cb-3058-adc1-871f8aef9045,410620009,,,1,,,,1,10,Well child visit (procedure),171.78,,1,0.00,0.00,,0.00,6f45f2e9-a617-570a-027c-293417fabeaf,,6f45f2e9-a617-570a-2d9c-b0c0f17ad90f,1,817b5927-2988-302e-af60-4d0b7e0de251,817b5927-2988-302e-af60-4d0b7e0de251
130e2db3-60ea-e8d9-1eaf-181582c3c172,6f45f2e9-a617-570a-51d5-ca2beaa118ce,37682,6f45f2e9-a617-570a-8867-dec1260088bb,TRANSFEROUT,,,2024-05-30T06:34:20Z,2024-05-30T06:49:20Z,775fd387-94cb-3058-adc1-871f8aef9045,410620009,,,1,,,,1,10,Well child visit (procedure),0.00,,,0.00,0.00,171.78,171.78,6f45f2e9-a617-570a-027c-293417fabeaf,,6f45f2e9-a617-570a-2d9c-b0c0f17ad90f,1,817b5927-2988-302e-af60-4d0b7e0de251,817b5927-2988-302e-af60-4d0b7e0de251
261c5b66-c1d5-d1c2-3d5e-302b05878314,6f45f2e9-a617-570a-51d5-ca2beaa118ce,37683,6f45f2e9-a617-570a-8867-dec1260088bb,TRANSFERIN,171.78,,2024-05-30T06:34:20Z,2024-05-30T06:49:20Z,775fd387-94cb-3058-adc1-871f8aef9045,410620009,,,1,,,,1,10,Well child visit (procedure),0.00,37682,p,0.0000,0.00,171.78,171.78,6f45f2e9-a617-570a-027c-293417fabeaf,,6f45f2e9-a617-570a-2d9c-b0c0f17ad90f,1,817b5927-2988-302e-af60-4d0b7e0de251,817b5927-2988-302e-af60-4d0b7e0de251
4c38b6cd-83ab-a3f4-7abc-60560b0f0658,6f45f2e9-a617-570a-51d5-ca2beaa118ce,37684,6f45f2e9-a617-570a-8867-dec1260088bb,PAYMENT,,CHECK,2024-05-30T06:34:20Z,2024-05-30T06:49:20Z,775fd387-94cb-3058-adc1-871f8aef9045,410620009,,,1,,,,1,10,Well child visit (procedure),0.00,,,171.78,0.00,,0.00,6f45f2e9-a617-570a-027c-293417fabeaf,,6f45f2e9-a617-570a-2d9c-b0c0f17ad90f,1,817b5927-2988-302e-af60-4d0b7e0de251,817b5927-2988-302e-af60-4d0b7e0de251
30e2db36-0eae-9181-eaf1-81582c3c1b11,6f45f2e9-a617-570a-51d5-ca2beaa118ce,37686,6f45f2e9-a617-570a-8867-dec1260088bb,CHARGE,136.00,,2024-05-30T06:34:20Z,1970-01-01T00:00:00Z,775fd387-94cb-3058-adc1-871f8aef9045,115,,,1,,,,1,10,Tdap,136.00,,1,0.00,0.00,,0.00,6f45f2e9-a617-570a-027c-293417fabeaf,,6f45f2e9-a617-570a-2d9c-b0c0f17ad90f,1,817b5927-2988-302e-af60-4d0b7e0de251,817b5927-2988-302e-af60-4d0b7e0de251
61c5b66c-1d5d-2402-d5e3-02b058783923,6f45f2e9-a617-570a-51d5-ca2beaa118ce,37687,6f45f2e9-a617-570a-8867-dec1260088bb,TRANSFEROUT,,,2024-05-30T06:34:20Z,1970-01-01T00:00:00Z,775fd387-94cb-3058-adc1-871f8aef9045,115,,,1,,,,1,10,Tdap,0.00,,,0.00,0.00,136.00,136.00,6f45f2e9-a617-570a-027c-293417fabeaf,,6f45f2e9-a617-570a-2d9c-b0c0f17ad90f,1,817b5927-2988-302e-af60-4d0b7e0de251,817b5927-2988-302e-af60-4d0b7e0de251
c38b6cd8-3aba-4f04-abc6-0560b0f07547,6f45f2e9-a617-570a-51d5-ca2beaa118ce,37688,6f45f2e9-a617-570a-8867-dec1260088bb,TRANSFERIN,136.00,,2024-05-30T06:34:20Z,1970-01-01T00:00:00Z,775fd387-94cb-3058-adc1-871f8aef9045,115,,,1,,,,1,10,Tdap,0.00,37687,p,0.00,0.00,136.00,136.00,6f45f2e9-a617-570a-027c-293417fabeaf,,6f45f2e9-a617-570a-2d9c-b0c0f17ad90f,1,817b5927-2988-302e-af60-4d0b7e0de251,817b5927-2988-302e-af60-4d0b7e0de251
8716d9b0-7574-a209-578c-0ac161e0f68f,6f45f2e9-a617-570a-51d5-ca2beaa118ce,37689,6f45f2e9-a617-570a-8867-dec1260088bb,PAYMENT,,CASH,2024-05-30T06:34:20Z,1970-01-01T00:00:00Z,775fd387-94cb-3058-adc1-871f8aef9045,115,,,1,,,,1,10,Tdap,0.00,,,136.00,0.00,,0.00,6f45f2e9-a617-570a-027c-293417fabeaf,,6f45f2e9-a617-570a-2d9c-b0c0f17ad90f,1,817b5927-2988-302e-af60-4d0b7e0de251,817b5927-2988-302e-af60-4d0b7e0de251
d83abaae-d4c3-8b6c-60b0-f0d517abc605,6f45f2e9-a617-570a-51d5-ca2beaa118ce,37691,6f45f2e9-a617-570a-8867-dec1260088bb,CHARGE,136.00,,2024-05-30T06:34:20Z,1970-01-01T00:00:00Z,775fd387-94cb-3058-adc1-871f8aef9045,140,,,1,,,,1,10,Influenza  split virus  trivalent  PF,136.00,,1,0.00,0.00,,0.00,6f45f2e9-a617-570a-027c-293417fabeaf,,6f45f2e9-a617-570a-2d9c-b0c0f17ad90f,1,817b5927-2988-302e-af60-4d0b7e0de251,817b5927-2988-302e-af60-4d0b7e0de251
b0757561-a987-16d9-c161-e1b62f578c0a,6f45f2e9-a617-570a-51d5-ca2beaa118ce,37692,6f45f2e9-a617-570a-8867-dec1260088bb,TRANSFEROUT,,,2024-05-30T06:34:20Z,1970-01-01T00:00:00Z,775fd387-94cb-3058-adc1-871f8aef9045,140,,,1,,,,1,10,Influenza  split virus  trivalent  PF,0.00,,,0.00,0.00,136.00,136.00,6f45f2e9-a617-570a-027c-293417fabeaf,,6f45f2e9-a617-570a-2d9c-b0c0f17ad90f,1,817b5927-2988-302e-af60-4d0b7e0de251,817b5927-2988-302e-af60-4d0b7e0de251
60eaead9-530e-2db3-82c3-c3725eaf1815,6f45f2e9-a617-570a-51d5-ca2beaa118ce,37693,6f45f2e9-a617-570a-8867-dec1260088bb,TRANSFERIN,136.00,,2024-05-30T06:34:20Z,1970-01-01T00:00:00Z,775fd387-94cb-3058-adc1-871f8aef9045,140,,,1,,,,1,10,Influenza  split virus  trivalent  PF,0.00,37692,p,0.00,0.00,136.00,136.00,6f45f2e9-a617-570a-027c-293417fabeaf,,6f45f2e9-a617-570a-2d9c-b0c0f17ad90f,1,817b5927-2988-302e-af60-4d0b7e0de251,817b5927-2988-302e-af60-4d0b7e0de251
c1d5d5c2-a61c-5b66-0587-8714bd5e302b,6f45f2e9-a617-570a-51d5-ca2beaa118ce,37694,6f45f2e9-a617-570a-8867-dec1260088bb,PAYMENT,,CC,2024-05-30T06:34:20Z,1970-01-01T00:00:00Z,775fd387-94cb-3058-adc1-871f8aef9045,140,,,1,,,,1,10,Influenza  split virus  trivalent  PF,0.00,,,136.00,0.00,,0.00,6f45f2e9-a617-570a-027c-293417fabeaf,,6f45f2e9-a617-570a-2d9c-b0c0f17ad90f,1,817b5927-2988-302e-af60-4d0b7e0de251,817b5927-2988-302e-af60-4d0b7e0de251
0757582a-9871-6d9b-161e-1d72f578c0ac,6f45f2e9-a617-570a-51d5-ca2beaa118ce,37696,6f45f2e9-a617-570a-8867-dec1260088bb,CHARGE,136.00,,2024-05-30T06:34:20Z,1970-01-01T00:00:00Z,775fd387-94cb-3058-adc1-871f8aef9045,62,,,1,,,,1,10,HPV  quadrivalent,136.00,,1,0.00,0.00,,0.00,6f45f2e9-a617-570a-027c-293417fabeaf,,6f45f2e9-a617-570a-2d9c-b0c0f17ad90f,1,817b5927-2988-302e-af60-4d0b7e0de251,817b5927-2988-302e-af60-4d0b7e0de251
0eaeb185-30e2-db36-2c3c-3b15eaf18158,6f45f2e9-a617-570a-51d5-ca2beaa118ce,37697,6f45f2e9-a617-570a-8867-dec1260088bb,TRANSFEROUT,,,2024-05-30T06:34:20Z,1970-01-01T00:00:00Z,775fd387-94cb-3058-adc1-871f8aef9045,62,,,1,,,,1,10,HPV  quadrivalent,0.00,,,0.00,0.00,136.00,136.00,6f45f2e9-a617-570a-027c-293417fabeaf,,6f45f2e9-a617-570a-2d9c-b0c0f17ad90f,1,817b5927-2988-302e-af60-4d0b7e0de251,817b5927-2988-302e-af60-4d0b7e0de251
1d5d640a-61c5-b66c-5878-792bd5e302b0,6f45f2e9-a617-570a-51d5-ca2beaa118ce,37698,6f45f2e9-a617-570a-8867-dec1260088bb,TRANSFERIN,136.00,,2024-05-30T06:34:20Z,1970-01-01T00:00:00Z,775fd387-94cb-3058-adc1-871f8aef9045,62,,,1,,,,1,10,HPV  quadrivalent,0.00,37697,p,0.00,0.00,136.00,136.00,6f45f2e9-a617-570a-027c-293417fabeaf,,6f45f2e9-a617-570a-2d9c-b0c0f17ad90f,1,817b5927-2988-302e-af60-4d0b7e0de251,817b5927-2988-302e-af60-4d0b7e0de251
3abacf14-c38b-6cd8-b0f0-f557abc60560,6f45f2e9-a617-570a-51d5-ca2beaa118ce,37699,6f45f2e9-a617-570a-8867-dec1260088bb,PAYMENT,,CHECK,2024-05-30T06:34:20Z,1970-01-01T00:00:00Z,775fd387-94cb-3058-adc1-871f8aef9045,62,,,1,,,,1,10,HPV  quadrivalent,0.00,,,136.00,0.00,,0.00,6f45f2e9-a617-570a-027c-293417fabeaf,,6f45f2e9-a617-570a-2d9c-b0c0f17ad90f,1,817b5927-2988-302e-af60-4d0b7e0de251,817b5927-2988-302e-af60-4d0b7e0de251
0e2db360-eb15-5a1a-af18-1582c3edf325,6f45f2e9-a617-570a-51d5-ca2beaa118ce,37701,6f45f2e9-a617-570a-8867-dec1260088bb,CHARGE,136.00,,2024-05-30T06:34:20Z,1970-01-01T00:00:00Z,775fd387-94cb-3058-adc1-871f8aef9045,114,,,1,,,,1,10,meningococcal MCV4P,136.00,,1,0.00,0.00,,0.00,6f45f2e9-a617-570a-027c-293417fabeaf,,6f45f2e9-a617-570a-2d9c-b0c0f17ad90f,1,817b5927-2988-302e-af60-4d0b7e0de251,817b5927-2988-302e-af60-4d0b7e0de251
1c5b66c1-d62a-c434-5e30-2b0587dc164b,6f45f2e9-a617-570a-51d5-ca2beaa118ce,37702,6f45f2e9-a617-570a-8867-dec1260088bb,TRANSFEROUT,,,2024-05-30T06:34:20Z,1970-01-01T00:00:00Z,775fd387-94cb-3058-adc1-871f8aef9045,114,,,1,,,,1,10,meningococcal MCV4P,0.00,,,0.00,0.00,136.00,136.00,6f45f2e9-a617-570a-027c-293417fabeaf,,6f45f2e9-a617-570a-2d9c-b0c0f17ad90f,1,817b5927-2988-302e-af60-4d0b7e0de251,817b5927-2988-302e-af60-4d0b7e0de251
38b6cd83-ac55-f868-bc60-560b0fb85c96,6f45f2e9-a617-570a-51d5-ca2beaa118ce,37703,6f45f2e9-a617-570a-8867-dec1260088bb,TRANSFERIN,136.00,,2024-05-30T06:34:20Z,1970-01-01T00:00:00Z,775fd387-94cb-3058-adc1-871f8aef9045,114,,,1,,,,1,10,meningococcal MCV4P,0.00,37702,p,0.00,0.00,136.00,136.00,6f45f2e9-a617-570a-027c-293417fabeaf,,6f45f2e9-a617-570a-2d9c-b0c0f17ad90f,1,817b5927-2988-302e-af60-4d0b7e0de251,817b5927-2988-302e-af60-4d0b7e0de251
716d9b07-58ac-30d0-78c0-ac161f71792d,6f45f2e9-a617-570a-51d5-ca2beaa118ce,37704,6f45f2e9-a617-570a-8867-dec1260088bb,PAYMENT,,CASH,2024-05-30T06:34:20Z,1970-01-01T00:00:00Z,775fd387-94cb-3058-adc1-871f8aef9045,114,,,1,,,,1,10,meningococcal MCV4P,0.00,,,136.00,0.00,,0.00,6f45f2e9-a617-570a-027c-293417fabeaf,,6f45f2e9-a617-570a-2d9c-b0c0f17ad90f,1,817b5927-2988-302e-af60-4d0b7e0de251,817b5927-2988-302e-af60-4d0b7e0de251
c5b66c1d-62b5-f341-e302-b0587dc914b5,6f45f2e9-a617-570a-51d5-ca2beaa118ce,37706,6f45f2e9-a617-570a-8867-dec1260088bb,CHARGE,310.22,,2024-05-30T06:34:20Z,2024-05-30T06:49:20Z,775fd387-94cb-3058-adc1-871f8aef9045,430193006,,,1,,,,1,10,Medication reconciliation (procedure),310.22,,1,0.00,0.00,,0.00,6f45f2e9-a617-570a-027c-293417fabeaf,,6f45f2e9-a617-570a-2d9c-b0c0f17ad90f,1,817b5927-2988-302e-af60-4d0b7e0de251,817b5927-2988-302e-af60-4d0b7e0de251
8b6cd83a-c56e-e683-c605-60b0fb95296b,6f45f2e9-a617-570a-51d5-ca2beaa118ce,37707,6f45f2e9-a617-570a-8867-dec1260088bb,TRANSFEROUT,,,2024-05-30T06:34:20Z,2024-05-30T06:49:20Z,775fd387-94cb-3058-adc1-871f8aef9045,430193006,,,1,,,,1,10,Medication reconciliation (procedure),0.00,,,0.00,0.00,310.22,310.22,6f45f2e9-a617-570a-027c-293417fabeaf,,6f45f2e9-a617-570a-2d9c-b0c0f17ad90f,1,817b5927-2988-302e-af60-4d0b7e0de251,817b5927-2988-302e-af60-4d0b7e0de251
16d9b075-8ae1-cd07-8c0a-c161f73652d7,6f45f2e9-a617-570a-51d5-ca2beaa118ce,37708,6f45f2e9-a617-570a-8867-dec1260088bb,TRANSFERIN,310.22,,2024-05-30T06:34:20Z,2024-05-30T06:49:20Z,775fd387-94cb-3058-adc1-871f8aef9045,430193006,,,1,,,,1,10,Medication reconciliation (procedure),0.00,37707,p,0.00,0.00,310.22,310.22,6f45f2e9-a617-570a-027c-293417fabeaf,,6f45f2e9-a617-570a-2d9c-b0c0f17ad90f,1,817b5927-2988-302e-af60-4d0b7e0de251,817b5927-2988-302e-af60-4d0b7e0de251
2db360eb-15d9-9a0e-1815-82c3ee72a5af,6f45f2e9-a617-570a-51d5-ca2beaa118ce,37709,6f45f2e9-a617-570a-8867-dec1260088bb,PAYMENT,,CC,2024-05-30T06:34:20Z,2024-05-30T06:49:20Z,775fd387-94cb-3058-adc1-871f8aef9045,430193006,,,1,,,,1,10,Medication reconciliation (procedure),0.00,,,310.22,0.00,,0.00,6f45f2e9-a617-570a-027c-293417fabeaf,,6f45f2e9-a617-570a-2d9c-b0c0f17ad90f,1,817b5927-2988-302e-af60-4d0b7e0de251,817b5927-2988-302e-af60-4d0b7e0de251
758ba22d-0716-d9b0-61f7-f6b2d78c0ac1,6f45f2e9-a617-570a-51d5-ca2beaa118ce,37711,6f45f2e9-a617-570a-8867-dec1260088bb,CHARGE,620.44,,2024-05-30T06:34:20Z,2024-05-30T06:43:22Z,775fd387-94cb-3058-adc1-871f8aef9045,103697008,,,1,,,,1,10,Patient referral for dental care (procedure),620.44,,1,0.00,0.00,,0.00,6f45f2e9-a617-570a-027c-293417fabeaf,,6f45f2e9-a617-570a-2d9c-b0c0f17ad90f,1,817b5927-2988-302e-af60-4d0b7e0de251,817b5927-2988-302e-af60-4d0b7e0de251
eb175a5a-0e2d-b360-c3ef-f365af181582,6f45f2e9-a617-570a-51d5-ca2beaa118ce,37712,6f45f2e9-a617-570a-8867-dec1260088bb,PAYMENT,,ECHECK,2024-05-30T06:34:20Z,2024-05-30T06:43:22Z,775fd387-94cb-3058-adc1-871f8aef9045,103697008,,,1,,,,1,10,Patient referral for dental care (procedure),0.00,,,265.38,0.00,,355.06,6f45f2e9-a617-570a-027c-293417fabeaf,,6f45f2e9-a617-570a-2d9c-b0c0f17ad90f,1,817b5927-2988-302e-af60-4d0b7e0de251,817b5927-2988-302e-af60-4d0b7e0de251
d62ec4b4-1c5b-66c1-87e0-16cb5e302b05,6f45f2e9-a617-570a-51d5-ca2beaa118ce,37713,6f45f2e9-a617-570a-8867-dec1260088bb,TRANSFEROUT,,,2024-05-30T06:34:20Z,2024-05-30T06:43:22Z,775fd387-94cb-3058-adc1-871f8aef9045,103697008,,,1,,,,1,10,Patient referral for dental care (procedure),0.00,,,0.00,0.00,355.06,355.06,6f45f2e9-a617-570a-027c-293417fabeaf,,6f45f2e9-a617-570a-2d9c-b0c0f17ad90f,1,817b5927-2988-302e-af60-4d0b7e0de251,817b5927-2988-302e-af60-4d0b7e0de251
ac5df968-38b6-cd83-0fc0-5d96bc60560b,6f45f2e9-a617-570a-51d5-ca2beaa118ce,37714,6f45f2e9-a617-570a-8867-dec1260088bb,TRANSFERIN,355.06,,2024-05-30T06:34:20Z,2024-05-30T06:43:22Z,775fd387-94cb-3058-adc1-871f8aef9045,103697008,,,1,,,,1,10,Patient referral for dental care (procedure),0.00,37713,p,0.00,0.00,355.06,355.06,6f45f2e9-a617-570a-027c-293417fabeaf,,6f45f2e9-a617-570a-2d9c-b0c0f17ad90f,1,817b5927-2988-302e-af60-4d0b7e0de251,817b5927-2988-302e-af60-4d0b7e0de251
58bc32d0-716d-9b07-1f81-7b2d78c0ac16,6f45f2e9-a617-570a-51d5-ca2beaa118ce,37715,6f45f2e9-a617-570a-8867-dec1260088bb,PAYMENT,,CC,2024-05-30T06:34:20Z,2024-05-30T06:43:22Z,775fd387-94cb-3058-adc1-871f8aef9045,103697008,,,1,,,,1,10,Patient referral for dental care (procedure),0.00,,,355.06,0.00,,0.00,6f45f2e9-a617-570a-027c-293417fabeaf,,6f45f2e9-a617-570a-2d9c-b0c0f17ad90f,1,817b5927-2988-302e-af60-4d0b7e0de251,817b5927-2988-302e-af60-4d0b7e0de251
5f609ae9-4936-ee40-c201-b38254d7d8a4,6f45f2e9-a617-570a-00b6-2e284445b7f4,37717,6f45f2e9-a617-570a-8867-dec1260088bb,CHARGE,83.05,,2024-06-06T06:34:20Z,2024-06-06T09:50:24Z,fe61f80c-951c-3dfb-8704-ae1da96fef2e,185349003,,,1,,,,1,1,Encounter for check up (procedure),83.05,,1,0.00,0.00,,0.00,6f45f2e9-a617-570a-05eb-74cf9a0530d6,,6f45f2e9-a617-570a-2d9c-b0c0f17ad90f,1,2e190550-b660-3228-a23c-dc3466037126,2e190550-b660-3228-a23c-dc3466037126
bec135e2-926d-dc80-8403-6734a9afb149,6f45f2e9-a617-570a-00b6-2e284445b7f4,37718,6f45f2e9-a617-570a-8867-dec1260088bb,PAYMENT,,ECHECK,2024-06-06T06:34:20Z,2024-06-06T09:50:24Z,fe61f80c-951c-3dfb-8704-ae1da96fef2e,185349003,,,1,,,,1,1,Encounter for check up (procedure),0.00,,,66.44,0.00,,16.61,6f45f2e9-a617-570a-05eb-74cf9a0530d6,,6f45f2e9-a617-570a-2d9c-b0c0f17ad90f,1,2e190550-b660-3228-a23c-dc3466037126,2e190550-b660-3228-a23c-dc3466037126
7d826c35-24db-b901-0806-ce99535f6293,6f45f2e9-a617-570a-00b6-2e284445b7f4,37719,6f45f2e9-a617-570a-8867-dec1260088bb,TRANSFEROUT,,,2024-06-06T06:34:20Z,2024-06-06T09:50:24Z,fe61f80c-951c-3dfb-8704-ae1da96fef2e,185349003,,,1,,,,1,1,Encounter for check up (procedure),0.00,,,0.00,0.00,16.61,16.61,6f45f2e9-a617-570a-05eb-74cf9a0530d6,,6f45f2e9-a617-570a-2d9c-b0c0f17ad90f,1,2e190550-b660-3228-a23c-dc3466037126,2e190550-b660-3228-a23c-dc3466037126
6ac936ee-405f-609c-03d4-d7d8a4c201b5,6f45f2e9-a617-570a-00b6-2e284445b7f4,37720,6f45f2e9-a617-570a-8867-dec1260088bb,TRANSFERIN,16.61,,2024-06-06T06:34:20Z,2024-06-06T09:50:24Z,fe61f80c-951c-3dfb-8704-ae1da96fef2e,185349003,,,1,,,,1,1,Encounter for check up (procedure),0.00,37719,p,0.00,0.00,16.61,16.61,6f45f2e9-a617-570a-05eb-74cf9a0530d6,,6f45f2e9-a617-570a-2d9c-b0c0f17ad90f,1,2e190550-b660-3228-a23c-dc3466037126,2e190550-b660-3228-a23c-dc3466037126
e5926ddc-80be-c138-37a9-afb14984036a,6f45f2e9-a617-570a-00b6-2e284445b7f4,37721,6f45f2e9-a617-570a-8867-dec1260088bb,PAYMENT,,CC,2024-06-06T06:34:20Z,2024-06-06T09:50:24Z,fe61f80c-951c-3dfb-8704-ae1da96fef2e,185349003,,,1,,,,1,1,Encounter for check up (procedure),0.00,,,16.61,0.00,,0.00,6f45f2e9-a617-570a-05eb-74cf9a0530d6,,6f45f2e9-a617-570a-2d9c-b0c0f17ad90f,1,2e190550-b660-3228-a23c-dc3466037126,2e190550-b660-3228-a23c-dc3466037126
b649b772-02fb-04e4-fea6-bec526100da9,6f45f2e9-a617-570a-00b6-2e284445b7f4,37723,6f45f2e9-a617-570a-8867-dec1260088bb,CHARGE,620.44,,2024-06-06T06:34:20Z,2024-06-06T06:56:31Z,fe61f80c-951c-3dfb-8704-ae1da96fef2e,34043003,,,1,,,,1,1,Dental consultation and report (procedure),620.44,,1,0.00,0.00,,0.00,6f45f2e9-a617-570a-05eb-74cf9a0530d6,,6f45f2e9-a617-570a-2d9c-b0c0f17ad90f,1,2e190550-b660-3228-a23c-dc3466037126,2e190550-b660-3228-a23c-dc3466037126
72936ee4-05f6-09ca-034d-7d8a4c201b54,6f45f2e9-a617-570a-00b6-2e284445b7f4,37724,6f45f2e9-a617-570a-8867-dec1260088bb,PAYMENT,,ECHECK,2024-06-06T06:34:20Z,2024-06-06T06:56:31Z,fe61f80c-951c-3dfb-8704-ae1da96fef2e,34043003,,,1,,,,1,1,Dental consultation and report (procedure),0.00,,,496.35,0.00,,124.09,6f45f2e9-a617-570a-05eb-74cf9a0530d6,,6f45f2e9-a617-570a-2d9c-b0c0f17ad90f,1,2e190550-b660-3228-a23c-dc3466037126,2e190550-b660-3228-a23c-dc3466037126
e526ddc8-0bec-1397-069a-fb14984036ab,6f45f2e9-a617-570a-00b6-2e284445b7f4,37725,6f45f2e9-a617-570a-8867-dec1260088bb,TRANSFEROUT,,,2024-06-06T06:34:20Z,2024-06-06T06:56:31Z,fe61f80c-951c-3dfb-8704-ae1da96fef2e,34043003,,,1,,,,1,1,Dental consultation and report (procedure),0.00,,,0.00,0.00,124.09,124.09,6f45f2e9-a617-570a-05eb-74cf9a0530d6,,6f45f2e9-a617-570a-2d9c-b0c0f17ad90f,1,2e190550-b660-3228-a23c-dc3466037126,2e190550-b660-3228-a23c-dc3466037126
ca4dbb90-17d8-2732-0d35-f62930806d59,6f45f2e9-a617-570a-00b6-2e284445b7f4,37726,6f45f2e9-a617-570a-8867-dec1260088bb,TRANSFERIN,124.09,,2024-06-06T06:34:20Z,2024-06-06T06:56:31Z,fe61f80c-951c-3dfb-8704-ae1da96fef2e,34043003,,,1,,,,1,1,Dental consultation and report (procedure),0.00,37725,p,0.00,0.00,124.09,124.09,6f45f2e9-a617-570a-05eb-74cf9a0530d6,,6f45f2e9-a617-570a-2d9c-b0c0f17ad90f,1,2e190550-b660-3228-a23c-dc3466037126,2e190550-b660-3228-a23c-dc3466037126
949b7720-2fb0-4e69-1a6b-ec526100dabe,6f45f2e9-a617-570a-00b6-2e284445b7f4,37727,6f45f2e9-a617-570a-8867-dec1260088bb,PAYMENT,,CC,2024-06-06T06:34:20Z,2024-06-06T06:56:31Z,fe61f80c-951c-3dfb-8704-ae1da96fef2e,34043003,,,1,,,,1,1,Dental consultation and report (procedure),0.00,,,124.09,0.00,,0.00,6f45f2e9-a617-570a-05eb-74cf9a0530d6,,6f45f2e9-a617-570a-2d9c-b0c0f17ad90f,1,2e190550-b660-3228-a23c-dc3466037126,2e190550-b660-3228-a23c-dc3466037126
526ddc80-bec1-39e2-69af-b14984036b34,6f45f2e9-a617-570a-00b6-2e284445b7f4,37729,6f45f2e9-a617-570a-8867-dec1260088bb,CHARGE,620.4400,,2024-06-06T06:56:31Z,2024-06-06T07:29:08Z,fe61f80c-951c-3dfb-8704-ae1da96fef2e,225362009,,,1,,,,1,1,Dental care (regime/therapy),620.44,,1,0.00,0.00,,0.00,6f45f2e9-a617-570a-05eb-74cf9a0530d6,,6f45f2e9-a617-570a-2d9c-b0c0f17ad90f,1,2e190550-b660-3228-a23c-dc3466037126,2e190550-b660-3228-a23c-dc3466037126
202fb04f-2a54-9b77-5261-00db7eda6bec,6f45f2e9-a617-570a-00b6-2e284445b7f4,37730,6f45f2e9-a617-570a-8867-dec1260088bb,PAYMENT,,ECHECK,2024-06-06T06:56:31Z,2024-06-06T07:29:08Z,fe61f80c-951c-3dfb-8704-ae1da96fef2e,225362009,,,1,,,,1,1,Dental care (regime/therapy),0.00,,,496.35,0.00,,124.09,6f45f2e9-a617-570a-05eb-74cf9a0530d6,,6f45f2e9-a617-570a-2d9c-b0c0f17ad90f,1,2e190550-b660-3228-a23c-dc3466037126,2e190550-b660-3228-a23c-dc3466037126
405f609e-6aa9-36ee-a4c2-01b703b4d7d8,6f45f2e9-a617-570a-00b6-2e284445b7f4,37731,6f45f2e9-a617-570a-8867-dec1260088bb,TRANSFEROUT,,,2024-06-06T06:56:31Z,2024-06-06T07:29:08Z,fe61f80c-951c-3dfb-8704-ae1da96fef2e,225362009,,,1,,,,1,1,Dental care (regime/therapy),0.00,,,0.00,0.00,124.09,124.09,6f45f2e9-a617-570a-05eb-74cf9a0530d6,,6f45f2e9-a617-570a-2d9c-b0c0f17ad90f,1,2e190550-b660-3228-a23c-dc3466037126,2e190550-b660-3228-a23c-dc3466037126
80bec13c-e552-6ddc-4984-036e3769afb1,6f45f2e9-a617-570a-00b6-2e284445b7f4,37732,6f45f2e9-a617-570a-8867-dec1260088bb,TRANSFERIN,124.09,,2024-06-06T06:56:31Z,2024-06-06T07:29:08Z,fe61f80c-951c-3dfb-8704-ae1da96fef2e,225362009,,,1,,,,1,1,Dental care (regime/therapy),0.00,37731,p,0.00,0.00,124.09,124.09,6f45f2e9-a617-570a-05eb-74cf9a0530d6,,6f45f2e9-a617-570a-2d9c-b0c0f17ad90f,1,2e190550-b660-3228-a23c-dc3466037126,2e190550-b660-3228-a23c-dc3466037126
017d827a-3aa4-dbb9-9308-06dc9ed35f62,6f45f2e9-a617-570a-00b6-2e284445b7f4,37733,6f45f2e9-a617-570a-8867-dec1260088bb,PAYMENT,,CC,2024-06-06T06:56:31Z,2024-06-06T07:29:08Z,fe61f80c-951c-3dfb-8704-ae1da96fef2e,225362009,,,1,,,,1,1,Dental care (regime/therapy),0.00,,,124.09,0.00,,0.00,6f45f2e9-a617-570a-05eb-74cf9a0530d6,,6f45f2e9-a617-570a-2d9c-b0c0f17ad90f,1,2e190550-b660-3228-a23c-dc3466037126,2e190550-b660-3228-a23c-dc3466037126
05f609ea-7693-6ee4-4c20-1b74074d7d8a,6f45f2e9-a617-570a-00b6-2e284445b7f4,37735,6f45f2e9-a617-570a-8867-dec1260088bb,CHARGE,620.44,,2024-06-06T07:29:08Z,2024-06-06T07:50:32Z,fe61f80c-951c-3dfb-8704-ae1da96fef2e,1260009003,,,1,,,,1,1,Removal of supragingival plaque and calculus from all teeth using dental instrument (procedure),620.44,,1,0.00,0.00,,0.00,6f45f2e9-a617-570a-05eb-74cf9a0530d6,,6f45f2e9-a617-570a-2d9c-b0c0f17ad90f,1,2e190550-b660-3228-a23c-dc3466037126,2e190550-b660-3228-a23c-dc3466037126
0bec13d7-ed26-ddc8-9840-36eb0e9afb14,6f45f2e9-a617-570a-00b6-2e284445b7f4,37736,6f45f2e9-a617-570a-8867-dec1260088bb,PAYMENT,,ECHECK,2024-06-06T07:29:08Z,2024-06-06T07:50:32Z,fe61f80c-951c-3dfb-8704-ae1da96fef2e,1260009003,,,1,,,,1,1,Removal of supragingival plaque and calculus from all teeth using dental instrument (procedure),0.00,,,496.35,0.00,,124.09,6f45f2e9-a617-570a-05eb-74cf9a0530d6,,6f45f2e9-a617-570a-2d9c-b0c0f17ad90f,1,2e190550-b660-3228-a23c-dc3466037126,2e190550-b660-3228-a23c-dc3466037126
17d827b2-da4d-bb90-3080-6dd91d35f629,6f45f2e9-a617-570a-00b6-2e284445b7f4,37737,6f45f2e9-a617-570a-8867-dec1260088bb,TRANSFEROUT,,,2024-06-06T07:29:08Z,2024-06-06T07:50:32Z,fe61f80c-951c-3dfb-8704-ae1da96fef2e,1260009003,,,1,,,,1,1,Removal of supragingival plaque and calculus from all teeth using dental instrument (procedure),0.00,,,0.00,0.00,124.09,124.09,6f45f2e9-a617-570a-05eb-74cf9a0530d6,,6f45f2e9-a617-570a-2d9c-b0c0f17ad90f,1,2e190550-b660-3228-a23c-dc3466037126,2e190550-b660-3228-a23c-dc3466037126
2fb04f69-b49b-7720-6100-dbbe3a6bec52,6f45f2e9-a617-570a-00b6-2e284445b7f4,37738,6f45f2e9-a617-570a-8867-dec1260088bb,TRANSFERIN,124.09,,2024-06-06T07:29:08Z,2024-06-06T07:50:32Z,fe61f80c-951c-3dfb-8704-ae1da96fef2e,1260009003,,,1,,,,1,1,Removal of supragingival plaque and calculus from all teeth using dental instrument (procedure),0.00,37737,p,0.00,0.00,124.09,124.09,6f45f2e9-a617-570a-05eb-74cf9a0530d6,,6f45f2e9-a617-570a-2d9c-b0c0f17ad90f,1,2e190550-b660-3228-a23c-dc3466037126,2e190550-b660-3228-a23c-dc3466037126
5f609ee9-6936-ee40-c201-b78274d7d8a4,6f45f2e9-a617-570a-00b6-2e284445b7f4,37739,6f45f2e9-a617-570a-8867-dec1260088bb,PAYMENT,,CC,2024-06-06T07:29:08Z,2024-06-06T07:50:32Z,fe61f80c-951c-3dfb-8704-ae1da96fef2e,1260009003,,,1,,,,1,1,Removal of supragingival plaque and calculus from all teeth using dental instrument (procedure),0.00,,,124.09,0.00,,0.00,6f45f2e9-a617-570a-05eb-74cf9a0530d6,,6f45f2e9-a617-570a-2d9c-b0c0f17ad90f,1,2e190550-b660-3228-a23c-dc3466037126,2e190550-b660-3228-a23c-dc3466037126
2a749b77-202f-b050-7efa-6bec526100dc,6f45f2e9-a617-570a-00b6-2e284445b7f4,37741,6f45f2e9-a617-570a-8867-dec1260088bb,CHARGE,620.44,,2024-06-06T07:50:32Z,2024-06-06T08:23:18Z,fe61f80c-951c-3dfb-8704-ae1da96fef2e,1260010008,,,1,,,,1,1,Removal of subgingival plaque and calculus from all teeth using dental instrument (procedure),620.44,,1,0.00,0.00,,0.00,6f45f2e9-a617-570a-05eb-74cf9a0530d6,,6f45f2e9-a617-570a-2d9c-b0c0f17ad90f,1,2e190550-b660-3228-a23c-dc3466037126,2e190550-b660-3228-a23c-dc3466037126
6ae936ee-405f-60a0-03f4-d7d8a4c201b9,6f45f2e9-a617-570a-00b6-2e284445b7f4,37742,6f45f2e9-a617-570a-8867-dec1260088bb,PAYMENT,,ECHECK,2024-06-06T07:50:32Z,2024-06-06T08:23:18Z,fe61f80c-951c-3dfb-8704-ae1da96fef2e,1260010008,,,1,,,,1,1,Removal of subgingival plaque and calculus from all teeth using dental instrument (procedure),0.00,,,496.35,0.00,,124.09,6f45f2e9-a617-570a-05eb-74cf9a0530d6,,6f45f2e9-a617-570a-2d9c-b0c0f17ad90f,1,2e190550-b660-3228-a23c-dc3466037126,2e190550-b660-3228-a23c-dc3466037126
e5d26ddc-80be-c140-37e9-afb149840372,6f45f2e9-a617-570a-00b6-2e284445b7f4,37743,6f45f2e9-a617-570a-8867-dec1260088bb,TRANSFEROUT,,,2024-06-06T07:50:32Z,2024-06-06T08:23:18Z,fe61f80c-951c-3dfb-8704-ae1da96fef2e,1260010008,,,1,,,,1,1,Removal of subgingival plaque and calculus from all teeth using dental instrument (procedure),0.00,,,0.00,0.00,124.09,124.09,6f45f2e9-a617-570a-05eb-74cf9a0530d6,,6f45f2e9-a617-570a-2d9c-b0c0f17ad90f,1,2e190550-b660-3228-a23c-dc3466037126,2e190550-b660-3228-a23c-dc3466037126
3ba4dbb9-017d-8282-9fd3-5f62930806e4,6f45f2e9-a617-570a-00b6-2e284445b7f4,37744,6f45f2e9-a617-570a-8867-dec1260088bb,TRANSFERIN,124.09,,2024-06-06T07:50:32Z,2024-06-06T08:23:18Z,fe61f80c-951c-3dfb-8704-ae1da96fef2e,1260010008,,,1,,,,1,1,Removal of subgingival plaque and calculus from all teeth using dental instrument (procedure),0.00,37743,p,0.00,0.00,124.09,124.09,6f45f2e9-a617-570a-05eb-74cf9a0530d6,,6f45f2e9-a617-570a-2d9c-b0c0f17ad90f,1,2e190550-b660-3228-a23c-dc3466037126,2e190550-b660-3228-a23c-dc3466037126
b749b772-02fb-0504-ffa6-bec526100dc9,6f45f2e9-a617-570a-00b6-2e284445b7f4,37745,6f45f2e9-a617-570a-8867-dec1260088bb,PAYMENT,,CC,2024-06-06T07:50:32Z,2024-06-06T08:23:18Z,fe61f80c-951c-3dfb-8704-ae1da96fef2e,1260010008,,,1,,,,1,1,Removal of subgingival plaque and calculus from all teeth using dental instrument (procedure),0.00,,,124.09,0.00,,0.00,6f45f2e9-a617-570a-05eb-74cf9a0530d6,,6f45f2e9-a617-570a-2d9c-b0c0f17ad90f,1,2e190550-b660-3228-a23c-dc3466037126,2e190550-b660-3228-a23c-dc3466037126
e026ddc8-0bec-1417-019a-fb149840372b,6f45f2e9-a617-570a-00b6-2e284445b7f4,37747,6f45f2e9-a617-570a-8867-dec1260088bb,CHARGE,620.44,,2024-06-06T08:23:18Z,2024-06-06T09:06:40Z,fe61f80c-951c-3dfb-8704-ae1da96fef2e,274788003,,,1,,,,1,1,Examination of gingivae (procedure),620.44,,1,0.00,0.00,,0.00,6f45f2e9-a617-570a-05eb-74cf9a0530d6,,6f45f2e9-a617-570a-2d9c-b0c0f17ad90f,1,2e190550-b660-3228-a23c-dc3466037126,2e190550-b660-3228-a23c-dc3466037126
c04dbb90-17d8-2832-0335-f62930806e59,6f45f2e9-a617-570a-00b6-2e284445b7f4,37748,6f45f2e9-a617-570a-8867-dec1260088bb,PAYMENT,,ECHECK,2024-06-06T08:23:18Z,2024-06-06T09:06:40Z,fe61f80c-951c-3dfb-8704-ae1da96fef2e,274788003,,,1,,,,1,1,Examination of gingivae (procedure),0.00,,,496.35,0.00,,124.09,6f45f2e9-a617-570a-05eb-74cf9a0530d6,,6f45f2e9-a617-570a-2d9c-b0c0f17ad90f,1,2e190550-b660-3228-a23c-dc3466037126,2e190550-b660-3228-a23c-dc3466037126
809b7720-2fb0-5069-066b-ec526100dcbe,6f45f2e9-a617-570a-00b6-2e284445b7f4,37749,6f45f2e9-a617-570a-8867-dec1260088bb,TRANSFEROUT,,,2024-06-06T08:23:18Z,2024-06-06T09:06:40Z,fe61f80c-951c-3dfb-8704-ae1da96fef2e,274788003,,,1,,,,1,1,Examination of gingivae (procedure),0.00,,,0.00,0.00,124.09,124.09,6f45f2e9-a617-570a-05eb-74cf9a0530d6,,6f45f2e9-a617-570a-2d9c-b0c0f17ad90f,1,2e190550-b660-3228-a23c-dc3466037126,2e190550-b660-3228-a23c-dc3466037126
c80bec14-4610-26dd-1498-40375b319afb,6f45f2e9-a617-570a-00b6-2e284445b7f4,37750,6f45f2e9-a617-570a-8867-dec1260088bb,TRANSFERIN,124.09,,2024-06-06T08:23:18Z,2024-06-06T09:06:40Z,fe61f80c-951c-3dfb-8704-ae1da96fef2e,274788003,,,1,,,,1,1,Examination of gingivae (procedure),0.00,37749,p,0.00,0.00,124.09,124.09,6f45f2e9-a617-570a-05eb-74cf9a0530d6,,6f45f2e9-a617-570a-2d9c-b0c0f17ad90f,1,2e190550-b660-3228-a23c-dc3466037126,2e190550-b660-3228-a23c-dc3466037126
9017d828-9320-4dbb-2930-806eb96335f6,6f45f2e9-a617-570a-00b6-2e284445b7f4,37751,6f45f2e9-a617-570a-8867-dec1260088bb,PAYMENT,,CC,2024-06-06T08:23:18Z,2024-06-06T09:06:40Z,fe61f80c-951c-3dfb-8704-ae1da96fef2e,274788003,,,1,,,,1,1,Examination of gingivae (procedure),0.00,,,124.09,0.00,,0.00,6f45f2e9-a617-570a-05eb-74cf9a0530d6,,6f45f2e9-a617-570a-2d9c-b0c0f17ad90f,1,2e190550-b660-3228-a23c-dc3466037126,2e190550-b660-3228-a23c-dc3466037126
405f60a2-6a81-36ee-a4c2-01bb038cd7d8,6f45f2e9-a617-570a-00b6-2e284445b7f4,37753,6f45f2e9-a617-570a-8867-dec1260088bb,CHARGE,620.44,,2024-06-06T09:06:40Z,2024-06-06T09:35:23Z,fe61f80c-951c-3dfb-8704-ae1da96fef2e,68071007,,,1,,,,1,1,Dental fluoride treatment (procedure),620.44,,1,0.00,0.00,,0.00,6f45f2e9-a617-570a-05eb-74cf9a0530d6,,6f45f2e9-a617-570a-2d9c-b0c0f17ad90f,1,2e190550-b660-3228-a23c-dc3466037126,2e190550-b660-3228-a23c-dc3466037126
80bec144-e502-6ddc-4984-03763719afb1,6f45f2e9-a617-570a-00b6-2e284445b7f4,37754,6f45f2e9-a617-570a-8867-dec1260088bb,PAYMENT,,ECHECK,2024-06-06T09:06:40Z,2024-06-06T09:35:23Z,fe61f80c-951c-3dfb-8704-ae1da96fef2e,68071007,,,1,,,,1,1,Dental fluoride treatment (procedure),0.00,,,496.35,0.00,,124.09,6f45f2e9-a617-570a-05eb-74cf9a0530d6,,6f45f2e9-a617-570a-2d9c-b0c0f17ad90f,1,2e190550-b660-3228-a23c-dc3466037126,2e190550-b660-3228-a23c-dc3466037126
017d828a-3a04-dbb9-9308-06ec9e335f62,6f45f2e9-a617-570a-00b6-2e284445b7f4,37755,6f45f2e9-a617-570a-8867-dec1260088bb,TRANSFEROUT,,,2024-06-06T09:06:40Z,2024-06-06T09:35:23Z,fe61f80c-951c-3dfb-8704-ae1da96fef2e,68071007,,,1,,,,1,1,Dental fluoride treatment (procedure),0.00,,,0.00,0.00,124.09,124.09,6f45f2e9-a617-570a-05eb-74cf9a0530d6,,6f45f2e9-a617-570a-2d9c-b0c0f17ad90f,1,2e190550-b660-3228-a23c-dc3466037126,2e190550-b660-3228-a23c-dc3466037126
02fb0514-b409-b772-2610-0dd9fc66bec5,6f45f2e9-a617-570a-00b6-2e284445b7f4,37756,6f45f2e9-a617-570a-8867-dec1260088bb,TRANSFERIN,124.09,,2024-06-06T09:06:40Z,2024-06-06T09:35:23Z,fe61f80c-951c-3dfb-8704-ae1da96fef2e,68071007,,,1,,,,1,1,Dental fluoride treatment (procedure),0.00,37755,p,0.00,0.00,124.09,124.09,6f45f2e9-a617-570a-05eb-74cf9a0530d6,,6f45f2e9-a617-570a-2d9c-b0c0f17ad90f,1,2e190550-b660-3228-a23c-dc3466037126,2e190550-b660-3228-a23c-dc3466037126
05f60a2a-7413-6ee4-4c20-1bb404cd7d8a,6f45f2e9-a617-570a-00b6-2e284445b7f4,37757,6f45f2e9-a617-570a-8867-dec1260088bb,PAYMENT,,CC,2024-06-06T09:06:40Z,2024-06-06T09:35:23Z,fe61f80c-951c-3dfb-8704-ae1da96fef2e,68071007,,,1,,,,1,1,Dental fluoride treatment (procedure),0.00,,,124.09,0.00,,0.00,6f45f2e9-a617-570a-05eb-74cf9a0530d6,,6f45f2e9-a617-570a-2d9c-b0c0f17ad90f,1,2e190550-b660-3228-a23c-dc3466037126,2e190550-b660-3228-a23c-dc3466037126
17d828b2-d04d-bb90-3080-6ed91335f629,6f45f2e9-a617-570a-00b6-2e284445b7f4,37759,6f45f2e9-a617-570a-8867-dec1260088bb,CHARGE,620.44,,2024-06-06T09:35:23Z,2024-06-06T09:50:24Z,fe61f80c-951c-3dfb-8704-ae1da96fef2e,243085009,,,1,,,,1,1,Oral health education (procedure),620.44,,1,0.00,0.00,,0.00,6f45f2e9-a617-570a-05eb-74cf9a0530d6,,6f45f2e9-a617-570a-2d9c-b0c0f17ad90f,1,2e190550-b660-3228-a23c-dc3466037126,2e190550-b660-3228-a23c-dc3466037126
428c136e-e405-f60a-cc1c-cd7d8a4c201b,6f45f2e9-a617-570a-00b6-2e284445b7f4,37760,6f45f2e9-a617-570a-8867-dec1260088bb,PAYMENT,,ECHECK,2024-06-06T09:35:23Z,2024-06-06T09:50:24Z,fe61f80c-951c-3dfb-8704-ae1da96fef2e,243085009,,,1,,,,1,1,Oral health education (procedure),0.00,,,496.35,0.00,,124.09,6f45f2e9-a617-570a-05eb-74cf9a0530d6,,6f45f2e9-a617-570a-2d9c-b0c0f17ad90f,1,2e190550-b660-3228-a23c-dc3466037126,2e190550-b660-3228-a23c-dc3466037126
861826dd-c80b-ec14-9b39-9afb14984037,6f45f2e9-a617-570a-00b6-2e284445b7f4,37761,6f45f2e9-a617-570a-8867-dec1260088bb,TRANSFEROUT,,,2024-06-06T09:35:23Z,2024-06-06T09:50:24Z,fe61f80c-951c-3dfb-8704-ae1da96fef2e,243085009,,,1,,,,1,1,Oral health education (procedure),0.00,,,0.00,0.00,124.09,124.09,6f45f2e9-a617-570a-05eb-74cf9a0530d6,,6f45f2e9-a617-570a-2d9c-b0c0f17ad90f,1,2e190550-b660-3228-a23c-dc3466037126,2e190550-b660-3228-a23c-dc3466037126
13304dbb-9017-d829-3973-35f62930806f,6f45f2e9-a617-570a-00b6-2e284445b7f4,37762,6f45f2e9-a617-570a-8867-dec1260088bb,TRANSFERIN,124.09,,2024-06-06T09:35:23Z,2024-06-06T09:50:24Z,fe61f80c-951c-3dfb-8704-ae1da96fef2e,243085009,,,1,,,,1,1,Oral health education (procedure),0.00,37761,p,0.00,0.00,124.09,124.09,6f45f2e9-a617-570a-05eb-74cf9a0530d6,,6f45f2e9-a617-570a-2d9c-b0c0f17ad90f,1,2e190550-b660-3228-a23c-dc3466037126,2e190550-b660-3228-a23c-dc3466037126
2a609b77-202f-b052-7ee6-6bec526100de,6f45f2e9-a617-570a-00b6-2e284445b7f4,37763,6f45f2e9-a617-570a-8867-dec1260088bb,PAYMENT,,CC,2024-06-06T09:35:23Z,2024-06-06T09:50:24Z,fe61f80c-951c-3dfb-8704-ae1da96fef2e,243085009,,,1,,,,1,1,Oral health education (procedure),0.00,,,124.09,0.00,,0.00,6f45f2e9-a617-570a-05eb-74cf9a0530d6,,6f45f2e9-a617-570a-2d9c-b0c0f17ad90f,1,2e190550-b660-3228-a23c-dc3466037126,2e190550-b660-3228-a23c-dc3466037126
7ff7a5ed-7e65-b6b8-e25b-d47127f7413c,6f45f2e9-a617-570a-139e-585227b3dd71,37765,6f45f2e9-a617-570a-8867-dec1260088bb,CHARGE,245.97,,2024-06-06T09:06:40Z,2024-06-06T09:06:40Z,fe61f80c-951c-3dfb-8704-ae1da96fef2e,1535362,,,1,,,,1,1,sodium fluoride 0.0272 MG/MG Oral Gel,245.97,,1,0.00,0.00,,0.00,6f45f2e9-a617-570a-05eb-74cf9a0530d6,,6f45f2e9-a617-570a-2d9c-b0c0f17ad90f,1,2e190550-b660-3228-a23c-dc3466037126,2e190550-b660-3228-a23c-dc3466037126
002f4bda-fccb-6d71-c577-a8e24fee8279,6f45f2e9-a617-570a-139e-585227b3dd71,37766,6f45f2e9-a617-570a-8867-dec1260088bb,PAYMENT,,ECHECK,2024-06-06T09:06:40Z,2024-06-06T09:06:40Z,fe61f80c-951c-3dfb-8704-ae1da96fef2e,1535362,,,1,,,,1,1,sodium fluoride 0.0272 MG/MG Oral Gel,0.00,,,196.78,0.00,,49.19,6f45f2e9-a617-570a-05eb-74cf9a0530d6,,6f45f2e9-a617-570a-2d9c-b0c0f17ad90f,1,2e190550-b660-3228-a23c-dc3466037126,2e190550-b660-3228-a23c-dc3466037126
018e97b5-f996-dae2-8b1f-51c49fdd04f3,6f45f2e9-a617-570a-139e-585227b3dd71,37767,6f45f2e9-a617-570a-8867-dec1260088bb,TRANSFEROUT,,,2024-06-06T09:06:40Z,2024-06-06T09:06:40Z,fe61f80c-951c-3dfb-8704-ae1da96fef2e,1535362,,,1,,,,1,1,sodium fluoride 0.0272 MG/MG Oral Gel,0.00,,,0.00,0.00,49.19,49.19,6f45f2e9-a617-570a-05eb-74cf9a0530d6,,6f45f2e9-a617-570a-2d9c-b0c0f17ad90f,1,2e190550-b660-3228-a23c-dc3466037126,2e190550-b660-3228-a23c-dc3466037126
041d2f6b-f32d-b5c4-193e-a3893fba09e7,6f45f2e9-a617-570a-139e-585227b3dd71,37768,6f45f2e9-a617-570a-8867-dec1260088bb,TRANSFERIN,49.19,,2024-06-06T09:06:40Z,2024-06-06T09:06:40Z,fe61f80c-951c-3dfb-8704-ae1da96fef2e,1535362,,,1,,,,1,1,sodium fluoride 0.0272 MG/MG Oral Gel,0.00,37767,p,0.00,0.00,49.19,49.19,6f45f2e9-a617-570a-05eb-74cf9a0530d6,,6f45f2e9-a617-570a-2d9c-b0c0f17ad90f,1,2e190550-b660-3228-a23c-dc3466037126,2e190550-b660-3228-a23c-dc3466037126
0f3a5ed7-e65b-6b88-357d-47127f7413ce,6f45f2e9-a617-570a-139e-585227b3dd71,37769,6f45f2e9-a617-570a-8867-dec1260088bb,PAYMENT,,CC,2024-06-06T09:06:40Z,2024-06-06T09:06:40Z,fe61f80c-951c-3dfb-8704-ae1da96fef2e,1535362,,,1,,,,1,1,sodium fluoride 0.0272 MG/MG Oral Gel,0.00,,,49.19,0.00,,0.00,6f45f2e9-a617-570a-05eb-74cf9a0530d6,,6f45f2e9-a617-570a-2d9c-b0c0f17ad90f,1,2e190550-b660-3228-a23c-dc3466037126,2e190550-b660-3228-a23c-dc3466037126
34ffdced-20cd-6a2f-d5ea-887198a6033a,6f45f2e9-a617-570a-c111-45cc098527cb,37771,6f45f2e9-a617-570a-8867-dec1260088bb,CHARGE,165.00,,2025-01-13T06:34:20Z,2025-01-13T07:34:20Z,ce6d79ed-6c4d-3ddd-aedb-c73f90d491b6,50849002,,,1,2,3,,1,4,Emergency room admission (procedure),165.00,,1,0.00,0.00,,0.00,6f45f2e9-a617-570a-1743-6d0272447c5e,,6f45f2e9-a617-570a-2d9c-b0c0f17ad90f,1,782c5171-b196-33f0-81e0-39b5effa5c32,782c5171-b196-33f0-81e0-39b5effa5c32
69ffb9da-419a-e45e-abd5-10e3314c3675,6f45f2e9-a617-570a-c111-45cc098527cb,37772,6f45f2e9-a617-570a-8867-dec1260088bb,PAYMENT,,ECHECK,2025-01-13T06:34:20Z,2025-01-13T07:34:20Z,ce6d79ed-6c4d-3ddd-aedb-c73f90d491b6,50849002,,,1,2,3,,1,4,Emergency room admission (procedure),0.00,,,132.00,0.00,,33.00,6f45f2e9-a617-570a-1743-6d0272447c5e,,6f45f2e9-a617-570a-2d9c-b0c0f17ad90f,1,782c5171-b196-33f0-81e0-39b5effa5c32,782c5171-b196-33f0-81e0-39b5effa5c32
d3ff73b4-8336-38bc-57aa-21c662989ceb,6f45f2e9-a617-570a-c111-45cc098527cb,37773,6f45f2e9-a617-570a-8867-dec1260088bb,TRANSFEROUT,,,2025-01-13T06:34:20Z,2025-01-13T07:34:20Z,ce6d79ed-6c4d-3ddd-aedb-c73f90d491b6,50849002,,,1,2,3,,1,4,Emergency room admission (procedure),0.00,,,0.00,0.00,33.00,33.00,6f45f2e9-a617-570a-1743-6d0272447c5e,,6f45f2e9-a617-570a-2d9c-b0c0f17ad90f,1,782c5171-b196-33f0-81e0-39b5effa5c32,782c5171-b196-33f0-81e0-39b5effa5c32
a7fee769-066c-b179-af54-438cc531f9d6,6f45f2e9-a617-570a-c111-45cc098527cb,37774,6f45f2e9-a617-570a-8867-dec1260088bb,TRANSFERIN,33.00,,2025-01-13T06:34:20Z,2025-01-13T07:34:20Z,ce6d79ed-6c4d-3ddd-aedb-c73f90d491b6,50849002,,,1,2,3,,1,4,Emergency room admission (procedure),0.00,37773,p,0.00,0.00,33.00,33.00,6f45f2e9-a617-570a-1743-6d0272447c5e,,6f45f2e9-a617-570a-2d9c-b0c0f17ad90f,1,782c5171-b196-33f0-81e0-39b5effa5c32,782c5171-b196-33f0-81e0-39b5effa5c32
4ffdced2-0cda-7af3-5ea8-87198a640bad,6f45f2e9-a617-570a-c111-45cc098527cb,37775,6f45f2e9-a617-570a-8867-dec1260088bb,PAYMENT,,CC,2025-01-13T06:34:20Z,2025-01-13T07:34:20Z,ce6d79ed-6c4d-3ddd-aedb-c73f90d491b6,50849002,,,1,2,3,,1,4,Emergency room admission (procedure),0.00,,,33.00,0.00,,0.00,6f45f2e9-a617-570a-1743-6d0272447c5e,,6f45f2e9-a617-570a-2d9c-b0c0f17ad90f,1,782c5171-b196-33f0-81e0-39b5effa5c32,782c5171-b196-33f0-81e0-39b5effa5c32
3ff73b48-3372-ebcd-7aa2-1c6629992eb5,6f45f2e9-a617-570a-c111-45cc098527cb,37777,6f45f2e9-a617-570a-8867-dec1260088bb,CHARGE,620.44,,2025-01-13T06:34:20Z,2025-01-13T07:04:20Z,ce6d79ed-6c4d-3ddd-aedb-c73f90d491b6,1290459008,,,1,2,3,,1,4,Plain X-ray of ankle region (procedure),620.44,,1,0.00,0.00,,0.00,6f45f2e9-a617-570a-1743-6d0272447c5e,,6f45f2e9-a617-570a-2d9c-b0c0f17ad90f,1,782c5171-b196-33f0-81e0-39b5effa5c32,782c5171-b196-33f0-81e0-39b5effa5c32
7fee7690-66e9-d79a-f544-38cc533e5d6a,6f45f2e9-a617-570a-c111-45cc098527cb,37778,6f45f2e9-a617-570a-8867-dec1260088bb,PAYMENT,,ECHECK,2025-01-13T06:34:20Z,2025-01-13T07:04:20Z,ce6d79ed-6c4d-3ddd-aedb-c73f90d491b6,1290459008,,,1,2,3,,1,4,Plain X-ray of ankle region (procedure),0.00,,,496.35,0.00,,124.09,6f45f2e9-a617-570a-1743-6d0272447c5e,,6f45f2e9-a617-570a-2d9c-b0c0f17ad90f,1,782c5171-b196-33f0-81e0-39b5effa5c32,782c5171-b196-33f0-81e0-39b5effa5c32
ffdced20-cde9-af34-ea88-7198a682bad5,6f45f2e9-a617-570a-c111-45cc098527cb,37779,6f45f2e9-a617-570a-8867-dec1260088bb,TRANSFEROUT,,,2025-01-13T06:34:20Z,2025-01-13T07:04:20Z,ce6d79ed-6c4d-3ddd-aedb-c73f90d491b6,1290459008,,,1,2,3,,1,4,Plain X-ray of ankle region (procedure),0.00,,,0.00,0.00,124.09,124.09,6f45f2e9-a617-570a-1743-6d0272447c5e,,6f45f2e9-a617-570a-2d9c-b0c0f17ad90f,1,782c5171-b196-33f0-81e0-39b5effa5c32,782c5171-b196-33f0-81e0-39b5effa5c32
4833d31b-cd3f-f73b-6629-f95eb57aa21c,6f45f2e9-a617-570a-c111-45cc098527cb,37780,6f45f2e9-a617-570a-8867-dec1260088bb,TRANSFERIN,124.09,,2025-01-13T06:34:20Z,2025-01-13T07:04:20Z,ce6d79ed-6c4d-3ddd-aedb-c73f90d491b6,1290459008,,,1,2,3,,1,4,Plain X-ray of ankle region (procedure),0.00,37779,p,0.00,0.00,124.09,124.09,6f45f2e9-a617-570a-1743-6d0272447c5e,,6f45f2e9-a617-570a-2d9c-b0c0f17ad90f,1,782c5171-b196-33f0-81e0-39b5effa5c32,782c5171-b196-33f0-81e0-39b5effa5c32
9067aa37-9a7f-ee76-cc53-febd6af54438,6f45f2e9-a617-570a-c111-45cc098527cb,37781,6f45f2e9-a617-570a-8867-dec1260088bb,PAYMENT,,CC,2025-01-13T06:34:20Z,2025-01-13T07:04:20Z,ce6d79ed-6c4d-3ddd-aedb-c73f90d491b6,1290459008,,,1,2,3,,1,4,Plain X-ray of ankle region (procedure),0.00,,,124.09,0.00,,0.00,6f45f2e9-a617-570a-1743-6d0272447c5e,,6f45f2e9-a617-570a-2d9c-b0c0f17ad90f,1,782c5171-b196-33f0-81e0-39b5effa5c32,782c5171-b196-33f0-81e0-39b5effa5c32
419ee4de-69ff-b9da-3150-36f5abd510e3,6f45f2e9-a617-570a-c111-45cc098527cb,37783,6f45f2e9-a617-570a-8867-dec1260088bb,CHARGE,620.44,,2025-01-13T06:34:20Z,2025-01-13T07:11:28Z,ce6d79ed-6c4d-3ddd-aedb-c73f90d491b6,274474001,,,1,2,3,,1,4,Bone immobilization (procedure),620.44,,1,0.00,0.00,,0.00,6f45f2e9-a617-570a-1743-6d0272447c5e,,6f45f2e9-a617-570a-2d9c-b0c0f17ad90f,1,782c5171-b196-33f0-81e0-39b5effa5c32,782c5171-b196-33f0-81e0-39b5effa5c32
833e39bc-d3ff-73b4-62a0-9deb57aa21c6,6f45f2e9-a617-570a-c111-45cc098527cb,37784,6f45f2e9-a617-570a-8867-dec1260088bb,PAYMENT,,ECHECK,2025-01-13T06:34:20Z,2025-01-13T07:11:28Z,ce6d79ed-6c4d-3ddd-aedb-c73f90d491b6,274474001,,,1,2,3,,1,4,Bone immobilization (procedure),0.00,,,496.35,0.00,,124.09,6f45f2e9-a617-570a-1743-6d0272447c5e,,6f45f2e9-a617-570a-2d9c-b0c0f17ad90f,1,782c5171-b196-33f0-81e0-39b5effa5c32,782c5171-b196-33f0-81e0-39b5effa5c32
067cb379-a7fe-e769-c541-fbd6af54438c,6f45f2e9-a617-570a-c111-45cc098527cb,37785,6f45f2e9-a617-570a-8867-dec1260088bb,TRANSFEROUT,,,2025-01-13T06:34:20Z,2025-01-13T07:11:28Z,ce6d79ed-6c4d-3ddd-aedb-c73f90d491b6,274474001,,,1,2,3,,1,4,Bone immobilization (procedure),0.00,,,0.00,0.00,124.09,124.09,6f45f2e9-a617-570a-1743-6d0272447c5e,,6f45f2e9-a617-570a-2d9c-b0c0f17ad90f,1,782c5171-b196-33f0-81e0-39b5effa5c32,782c5171-b196-33f0-81e0-39b5effa5c32
0cfa7ef3-4ffd-ced2-8a84-0fad5ea88719,6f45f2e9-a617-570a-c111-45cc098527cb,37786,6f45f2e9-a617-570a-8867-dec1260088bb,TRANSFERIN,124.09,,2025-01-13T06:34:20Z,2025-01-13T07:11:28Z,ce6d79ed-6c4d-3ddd-aedb-c73f90d491b6,274474001,,,1,2,3,,1,4,Bone immobilization (procedure),0.00,37785,p,0.00,0.00,124.09,124.09,6f45f2e9-a617-570a-1743-6d0272447c5e,,6f45f2e9-a617-570a-2d9c-b0c0f17ad90f,1,782c5171-b196-33f0-81e0-39b5effa5c32,782c5171-b196-33f0-81e0-39b5effa5c32
19f7fde6-9ffb-9da4-150b-1f5abd510e33,6f45f2e9-a617-570a-c111-45cc098527cb,37787,6f45f2e9-a617-570a-8867-dec1260088bb,PAYMENT,,CC,2025-01-13T06:34:20Z,2025-01-13T07:11:28Z,ce6d79ed-6c4d-3ddd-aedb-c73f90d491b6,274474001,,,1,2,3,,1,4,Bone immobilization (procedure),0.00,,,124.09,0.00,,0.00,6f45f2e9-a617-570a-1743-6d0272447c5e,,6f45f2e9-a617-570a-2d9c-b0c0f17ad90f,1,782c5171-b196-33f0-81e0-39b5effa5c32,782c5171-b196-33f0-81e0-39b5effa5c32
018ef7a8-6189-cffa-ac47-3f25eb1a8a08,6f45f2e9-a617-570a-605d-d154ae0d16ce,37789,6f45f2e9-a617-570a-8867-dec1260088bb,CHARGE,64.96,,2025-01-13T07:11:28Z,2025-02-18T07:11:28Z,ce6d79ed-6c4d-3ddd-aedb-c73f90d491b6,198405,,,1,2,3,,1,4,Ibuprofen 100 MG Oral Tablet,64.96,,1,0.00,0.00,,0.00,6f45f2e9-a617-570a-1743-6d0272447c5e,,6f45f2e9-a617-570a-2d9c-b0c0f17ad90f,1,782c5171-b196-33f0-81e0-39b5effa5c32,782c5171-b196-33f0-81e0-39b5effa5c32
ea1df973-fe80-63bd-c980-5da2822b11cf,6f45f2e9-a617-570a-605d-d154ae0d16ce,37790,6f45f2e9-a617-570a-8867-dec1260088bb,PAYMENT,,ECHECK,2025-01-13T07:11:28Z,2025-02-18T07:11:28Z,ce6d79ed-6c4d-3ddd-aedb-c73f90d491b6,198405,,,1,2,3,,1,4,Ibuprofen 100 MG Oral Tablet,0.00,,,51.97,0.00,,12.99,6f45f2e9-a617-570a-1743-6d0272447c5e,,6f45f2e9-a617-570a-2d9c-b0c0f17ad90f,1,782c5171-b196-33f0-81e0-39b5effa5c32,782c5171-b196-33f0-81e0-39b5effa5c32
d43c32e7-fd00-c77b-9301-7b450456239f,6f45f2e9-a617-570a-605d-d154ae0d16ce,37791,6f45f2e9-a617-570a-8867-dec1260088bb,TRANSFEROUT,,,2025-01-13T07:11:28Z,2025-02-18T07:11:28Z,ce6d79ed-6c4d-3ddd-aedb-c73f90d491b6,198405,,,1,2,3,,1,4,Ibuprofen 100 MG Oral Tablet,0.00,,,0.00,0.00,12.99,12.99,6f45f2e9-a617-570a-1743-6d0272447c5e,,6f45f2e9-a617-570a-2d9c-b0c0f17ad90f,1,782c5171-b196-33f0-81e0-39b5effa5c32,782c5171-b196-33f0-81e0-39b5effa5c32
a8797dcf-fa01-8ef7-2603-0e8a08ac473f,6f45f2e9-a617-570a-605d-d154ae0d16ce,37792,6f45f2e9-a617-570a-8867-dec1260088bb,TRANSFERIN,12.99,,2025-01-13T07:11:28Z,2025-02-18T07:11:28Z,ce6d79ed-6c4d-3ddd-aedb-c73f90d491b6,198405,,,1,2,3,,1,4,Ibuprofen 100 MG Oral Tablet,0.00,37791,p,0.00,0.00,12.99,12.99,6f45f2e9-a617-570a-1743-6d0272447c5e,,6f45f2e9-a617-570a-2d9c-b0c0f17ad90f,1,782c5171-b196-33f0-81e0-39b5effa5c32,782c5171-b196-33f0-81e0-39b5effa5c32
50f5fb9f-f403-1def-4c09-1d1411588e7e,6f45f2e9-a617-570a-605d-d154ae0d16ce,37793,6f45f2e9-a617-570a-8867-dec1260088bb,PAYMENT,,CC,2025-01-13T07:11:28Z,2025-02-18T07:11:28Z,ce6d79ed-6c4d-3ddd-aedb-c73f90d491b6,198405,,,1,2,3,,1,4,Ibuprofen 100 MG Oral Tablet,0.00,,,12.99,0.00,,0.00,6f45f2e9-a617-570a-1743-6d0272447c5e,,6f45f2e9-a617-570a-2d9c-b0c0f17ad90f,1,782c5171-b196-33f0-81e0-39b5effa5c32,782c5171-b196-33f0-81e0-39b5effa5c32
f5aec4b5-fed4-327a-c344-16cd40a9a0b4,6f45f2e9-a617-570a-48cb-f1692226526f,37795,6f45f2e9-a617-570a-8867-dec1260088bb,CHARGE,83.05,,2025-02-18T07:11:28Z,2025-02-18T07:26:28Z,fe61f80c-951c-3dfb-8704-ae1da96fef2e,185349003,,,1,,,,1,1,Encounter for check up (procedure),83.05,,1,0.00,0.00,,0.00,6f45f2e9-a617-570a-2b37-a8f5b4233854,,6f45f2e9-a617-570a-2d9c-b0c0f17ad90f,1,2e190550-b660-3228-a23c-dc3466037126,2e190550-b660-3228-a23c-dc3466037126
eb5df96b-fda8-64f5-8688-5d9a81534169,6f45f2e9-a617-570a-48cb-f1692226526f,37796,6f45f2e9-a617-570a-8867-dec1260088bb,PAYMENT,,ECHECK,2025-02-18T07:11:28Z,2025-02-18T07:26:28Z,fe61f80c-951c-3dfb-8704-ae1da96fef2e,185349003,,,1,,,,1,1,Encounter for check up (procedure),0.00,,,66.4400,0.00,,16.61,6f45f2e9-a617-570a-2b37-a8f5b4233854,,6f45f2e9-a617-570a-2d9c-b0c0f17ad90f,1,2e190550-b660-3228-a23c-dc3466037126,2e190550-b660-3228-a23c-dc3466037126
d6bc32d7-fb50-c9eb-0d11-7b3502a682d3,6f45f2e9-a617-570a-48cb-f1692226526f,37797,6f45f2e9-a617-570a-8867-dec1260088bb,TRANSFEROUT,,,2025-02-18T07:11:28Z,2025-02-18T07:26:28Z,fe61f80c-951c-3dfb-8704-ae1da96fef2e,185349003,,,1,,,,1,1,Encounter for check up (procedure),0.00,,,0.00,0.00,16.61,16.61,6f45f2e9-a617-570a-2b37-a8f5b4233854,,6f45f2e9-a617-570a-2d9c-b0c0f17ad90f,1,2e190550-b660-3228-a23c-dc3466037126,2e190550-b660-3228-a23c-dc3466037126
ad797daf-f6a1-93d7-1a23-0e6a054d05a6,6f45f2e9-a617-570a-48cb-f1692226526f,37798,6f45f2e9-a617-570a-8867-dec1260088bb,TRANSFERIN,16.61,,2025-02-18T07:11:28Z,2025-02-18T07:26:28Z,fe61f80c-951c-3dfb-8704-ae1da96fef2e,185349003,,,1,,,,1,1,Encounter for check up (procedure),0.00,37797,p,0.00,0.00,16.61,16.61,6f45f2e9-a617-570a-2b37-a8f5b4233854,,6f45f2e9-a617-570a-2d9c-b0c0f17ad90f,1,2e190550-b660-3228-a23c-dc3466037126,2e190550-b660-3228-a23c-dc3466037126
5af5fb5f-ed43-27af-3449-1cd40a9a0b4c,6f45f2e9-a617-570a-48cb-f1692226526f,37799,6f45f2e9-a617-570a-8867-dec1260088bb,PAYMENT,,CC,2025-02-18T07:11:28Z,2025-02-18T07:26:28Z,fe61f80c-951c-3dfb-8704-ae1da96fef2e,185349003,,,1,,,,1,1,Encounter for check up (procedure),0.00,,,16.61,0.00,,0.00,6f45f2e9-a617-570a-2b37-a8f5b4233854,,6f45f2e9-a617-570a-2d9c-b0c0f17ad90f,1,2e190550-b660-3228-a23c-dc3466037126,2e190550-b660-3228-a23c-dc3466037126
c590cd0e-eaf8-ab38-17a8-0ee49e0f476a,6f45f2e9-a617-570a-5ae5-936a044ffe08,37801,6f45f2e9-a617-570a-8867-dec1260088bb,CHARGE,171.78,,2025-06-05T06:34:20Z,2025-06-05T06:49:20Z,775fd387-94cb-3058-adc1-871f8aef9045,410620009,,,1,,,,1,10,Well child visit (procedure),171.78,,1,0.00,0.00,,0.00,6f45f2e9-a617-570a-b451-f25b0a269d31,,6f45f2e9-a617-570a-2d9c-b0c0f17ad90f,1,817b5927-2988-302e-af60-4d0b7e0de251,817b5927-2988-302e-af60-4d0b7e0de251
fb219a1d-d5f1-5671-5f50-1dc93c1e8ed4,6f45f2e9-a617-570a-5ae5-936a044ffe08,37802,6f45f2e9-a617-570a-8867-dec1260088bb,TRANSFEROUT,,,2025-06-05T06:34:20Z,2025-06-05T06:49:20Z,775fd387-94cb-3058-adc1-871f8aef9045,410620009,,,1,,,,1,10,Well child visit (procedure),0.00,,,0.00,0.00,171.78,171.78,6f45f2e9-a617-570a-b451-f25b0a269d31,,6f45f2e9-a617-570a-2d9c-b0c0f17ad90f,1,817b5927-2988-302e-af60-4d0b7e0de251,817b5927-2988-302e-af60-4d0b7e0de251
3643343b-abe2-ace4-7ea0-3b92783d1da9,6f45f2e9-a617-570a-5ae5-936a044ffe08,37803,6f45f2e9-a617-570a-8867-dec1260088bb,TRANSFERIN,171.78,,2025-06-05T06:34:20Z,2025-06-05T06:49:20Z,775fd387-94cb-3058-adc1-871f8aef9045,410620009,,,1,,,,1,10,Well child visit (procedure),0.00,37802,p,0.00,0.00,171.78,171.78,6f45f2e9-a617-570a-b451-f25b0a269d31,,6f45f2e9-a617-570a-2d9c-b0c0f17ad90f,1,817b5927-2988-302e-af60-4d0b7e0de251,817b5927-2988-302e-af60-4d0b7e0de251
72866877-57c5-59c9-0340-7724f07a3b53,6f45f2e9-a617-570a-5ae5-936a044ffe08,37804,6f45f2e9-a617-570a-8867-dec1260088bb,PAYMENT,,CHECK,2025-06-05T06:34:20Z,2025-06-05T06:49:20Z,775fd387-94cb-3058-adc1-871f8aef9045,410620009,,,1,,,,1,10,Well child visit (procedure),0.00,,,171.78,0.00,,0.00,6f45f2e9-a617-570a-b451-f25b0a269d31,,6f45f2e9-a617-570a-2d9c-b0c0f17ad90f,1,817b5927-2988-302e-af60-4d0b7e0de251,817b5927-2988-302e-af60-4d0b7e0de251
ca19a1dd-5f15-672e-0d01-dc93c1e8ed55,6f45f2e9-a617-570a-5ae5-936a044ffe08,37806,6f45f2e9-a617-570a-8867-dec1260088bb,CHARGE,136.00,,2025-06-05T06:34:20Z,1970-01-01T00:00:00Z,775fd387-94cb-3058-adc1-871f8aef9045,140,,,1,,,,1,10,Influenza  split virus  trivalent  PF,136.00,,1,0.0000,0.00,,0.00,6f45f2e9-a617-570a-b451-f25b0a269d31,,6f45f2e9-a617-570a-2d9c-b0c0f17ad90f,1,817b5927-2988-302e-af60-4d0b7e0de251,817b5927-2988-302e-af60-4d0b7e0de251
943343ba-be2a-ce61-1a03-b92783d1dab6,6f45f2e9-a617-570a-5ae5-936a044ffe08,37807,6f45f2e9-a617-570a-8867-dec1260088bb,TRANSFEROUT,,,2025-06-05T06:34:20Z,1970-01-01T00:00:00Z,775fd387-94cb-3058-adc1-871f8aef9045,140,,,1,,,,1,10,Influenza  split virus  trivalent  PF,0.00,,,0.00,0.00,136.00,136.00,6f45f2e9-a617-570a-b451-f25b0a269d31,,6f45f2e9-a617-570a-2d9c-b0c0f17ad90f,1,817b5927-2988-302e-af60-4d0b7e0de251,817b5927-2988-302e-af60-4d0b7e0de251
28668775-7c55-9cd9-3407-724f07a3b572,6f45f2e9-a617-570a-5ae5-936a044ffe08,37808,6f45f2e9-a617-570a-8867-dec1260088bb,TRANSFERIN,136.00,,2025-06-05T06:34:20Z,1970-01-01T00:00:00Z,775fd387-94cb-3058-adc1-871f8aef9045,140,,,1,,,,1,10,Influenza  split virus  trivalent  PF,0.00,37807,p,0.00,0.00,136.00,136.00,6f45f2e9-a617-570a-b451-f25b0a269d31,,6f45f2e9-a617-570a-2d9c-b0c0f17ad90f,1,817b5927-2988-302e-af60-4d0b7e0de251,817b5927-2988-302e-af60-4d0b7e0de251
50cd0eea-f8ab-39c2-680e-e49e0f476b14,6f45f2e9-a617-570a-5ae5-936a044ffe08,37809,6f45f2e9-a617-570a-8867-dec1260088bb,PAYMENT,,CASH,2025-06-05T06:34:20Z,1970-01-01T00:00:00Z,775fd387-94cb-3058-adc1-871f8aef9045,140,,,1,,,,1,10,Influenza  split virus  trivalent  PF,0.00,,,136.00,0.00,,0.00,6f45f2e9-a617-570a-b451-f25b0a269d31,,6f45f2e9-a617-570a-2d9c-b0c0f17ad90f,1,817b5927-2988-302e-af60-4d0b7e0de251,817b5927-2988-302e-af60-4d0b7e0de251
757c559e-5aa8-6687-4f07-a3b6f3b40772,6f45f2e9-a617-570a-5ae5-936a044ffe08,37811,6f45f2e9-a617-570a-8867-dec1260088bb,CHARGE,136.00,,2025-06-05T06:34:20Z,1970-01-01T00:00:00Z,775fd387-94cb-3058-adc1-871f8aef9045,62,,,1,,,,1,10,HPV  quadrivalent,136.00,,1,0.00,0.00,,0.00,6f45f2e9-a617-570a-b451-f25b0a269d31,,6f45f2e9-a617-570a-2d9c-b0c0f17ad90f,1,817b5927-2988-302e-af60-4d0b7e0de251,817b5927-2988-302e-af60-4d0b7e0de251
eaf8ab3c-c550-cd0e-9e0f-476e17680ee4,6f45f2e9-a617-570a-5ae5-936a044ffe08,37812,6f45f2e9-a617-570a-8867-dec1260088bb,TRANSFEROUT,,,2025-06-05T06:34:20Z,1970-01-01T00:00:00Z,775fd387-94cb-3058-adc1-871f8aef9045,62,,,1,,,,1,10,HPV  quadrivalent,0.00,,,0.00,0.00,136.00,136.00,6f45f2e9-a617-570a-b451-f25b0a269d31,,6f45f2e9-a617-570a-2d9c-b0c0f17ad90f,1,817b5927-2988-302e-af60-4d0b7e0de251,817b5927-2988-302e-af60-4d0b7e0de251
d5f15679-faa1-9a1d-3c1e-8edc5ed01dc9,6f45f2e9-a617-570a-5ae5-936a044ffe08,37813,6f45f2e9-a617-570a-8867-dec1260088bb,TRANSFERIN,136.00,,2025-06-05T06:34:20Z,1970-01-01T00:00:00Z,775fd387-94cb-3058-adc1-871f8aef9045,62,,,1,,,,1,10,HPV  quadrivalent,0.00,37812,p,0.00,0.00,136.00,136.00,6f45f2e9-a617-570a-b451-f25b0a269d31,,6f45f2e9-a617-570a-2d9c-b0c0f17ad90f,1,817b5927-2988-302e-af60-4d0b7e0de251,817b5927-2988-302e-af60-4d0b7e0de251
abe2acf4-3543-343b-783d-1db97da03b92,6f45f2e9-a617-570a-5ae5-936a044ffe08,37814,6f45f2e9-a617-570a-8867-dec1260088bb,PAYMENT,,CC,2025-06-05T06:34:20Z,1970-01-01T00:00:00Z,775fd387-94cb-3058-adc1-871f8aef9045,62,,,1,,,,1,10,HPV  quadrivalent,0.00,,,136.00,0.00,,0.00,6f45f2e9-a617-570a-b451-f25b0a269d31,,6f45f2e9-a617-570a-2d9c-b0c0f17ad90f,1,817b5927-2988-302e-af60-4d0b7e0de251,817b5927-2988-302e-af60-4d0b7e0de251
af8ab3d5-ed0c-d0ee-e0f4-76e90e80ee49,6f45f2e9-a617-570a-5ae5-936a044ffe08,37816,6f45f2e9-a617-570a-8867-dec1260088bb,CHARGE,620.44,,2025-06-05T06:34:20Z,2025-06-05T06:44:37Z,775fd387-94cb-3058-adc1-871f8aef9045,428211000124100,,,1,,,,1,10,Assessment of substance use (procedure),620.44,,1,0.00,0.00,,0.00,6f45f2e9-a617-570a-b451-f25b0a269d31,,6f45f2e9-a617-570a-2d9c-b0c0f17ad90f,1,817b5927-2988-302e-af60-4d0b7e0de251,817b5927-2988-302e-af60-4d0b7e0de251
5f1567ae-da19-a1dd-c1e8-edd51d01dc93,6f45f2e9-a617-570a-5ae5-936a044ffe08,37817,6f45f2e9-a617-570a-8867-dec1260088bb,TRANSFEROUT,,,2025-06-05T06:34:20Z,2025-06-05T06:44:37Z,775fd387-94cb-3058-adc1-871f8aef9045,428211000124100,,,1,,,,1,10,Assessment of substance use (procedure),0.00,,,0.00,0.00,620.44,620.44,6f45f2e9-a617-570a-b451-f25b0a269d31,,6f45f2e9-a617-570a-2d9c-b0c0f17ad90f,1,817b5927-2988-302e-af60-4d0b7e0de251,817b5927-2988-302e-af60-4d0b7e0de251
be2acf61-b433-43ba-83d1-dbb63a03b927,6f45f2e9-a617-570a-5ae5-936a044ffe08,37818,6f45f2e9-a617-570a-8867-dec1260088bb,TRANSFERIN,620.44,,2025-06-05T06:34:20Z,2025-06-05T06:44:37Z,775fd387-94cb-3058-adc1-871f8aef9045,428211000124100,,,1,,,,1,10,Assessment of substance use (procedure),0.00,37817,p,0.00,0.00,620.44,620.44,6f45f2e9-a617-570a-b451-f25b0a269d31,,6f45f2e9-a617-570a-2d9c-b0c0f17ad90f,1,817b5927-2988-302e-af60-4d0b7e0de251,817b5927-2988-302e-af60-4d0b7e0de251
7c559ed9-6866-8775-07a3-b7727407724f,6f45f2e9-a617-570a-5ae5-936a044ffe08,37819,6f45f2e9-a617-570a-8867-dec1260088bb,PAYMENT,,CHECK,2025-06-05T06:34:20Z,2025-06-05T06:44:37Z,775fd387-94cb-3058-adc1-871f8aef9045,428211000124100,,,1,,,,1,10,Assessment of substance use (procedure),0.00,,,620.4400,0.00,,0.00,6f45f2e9-a617-570a-b451-f25b0a269d31,,6f45f2e9-a617-570a-2d9c-b0c0f17ad90f,1,817b5927-2988-302e-af60-4d0b7e0de251,817b5927-2988-302e-af60-4d0b7e0de251
22743343-babe-2ad0-76fa-03b92783d1dc,6f45f2e9-a617-570a-5ae5-936a044ffe08,37821,6f45f2e9-a617-570a-8867-dec1260088bb,CHARGE,0.00,,2025-06-05T06:44:37Z,2025-06-05T07:13:06Z,775fd387-94cb-3058-adc1-871f8aef9045,868187001,,,1,,,,1,10,Assessment using Car  Relax  Alone  Forget  Friends  Trouble Screening Test (procedure),0.00,,1,0.00,0.00,,0.00,6f45f2e9-a617-570a-b451-f25b0a269d31,,6f45f2e9-a617-570a-2d9c-b0c0f17ad90f,1,817b5927-2988-302e-af60-4d0b7e0de251,817b5927-2988-302e-af60-4d0b7e0de251
c5d0cd0e-eaf8-ab40-17e8-0ee49e0f4772,6f45f2e9-a617-570a-5ae5-936a044ffe08,37823,6f45f2e9-a617-570a-8867-dec1260088bb,CHARGE,0.00,,2025-06-05T07:13:06Z,2025-06-05T07:22:51Z,775fd387-94cb-3058-adc1-871f8aef9045,386516004,,,1,,,,1,10,Anticipatory guidance (procedure),0.00,,1,0.00,0.00,,0.00,6f45f2e9-a617-570a-b451-f25b0a269d31,,6f45f2e9-a617-570a-2d9c-b0c0f17ad90f,1,817b5927-2988-302e-af60-4d0b7e0de251,817b5927-2988-302e-af60-4d0b7e0de251
60376c45-4efc-170b-429b-9ac8faff8d28,6f45f2e9-a617-570a-1b70-68a86e564035,37825,6f45f2e9-a617-570a-8867-dec1260088bb,CHARGE,83.05,,2025-10-05T10:34:20Z,2025-10-05T10:49:20Z,fe61f80c-951c-3dfb-8704-ae1da96fef2e,185345009,,,1,2,,,1,1,Encounter for symptom (procedure),83.05,,1,0.00,0.00,,0.00,6f45f2e9-a617-570a-76e9-d5ca472eebfc,,6f45f2e9-a617-570a-2d9c-b0c0f17ad90f,1,2e190550-b660-3228-a23c-dc3466037126,2e190550-b660-3228-a23c-dc3466037126
c0aed88a-9df8-2e16-85f7-3591f5ff1a50,6f45f2e9-a617-570a-1b70-68a86e564035,37826,6f45f2e9-a617-570a-8867-dec1260088bb,PAYMENT,,ECHECK,2025-10-05T10:34:20Z,2025-10-05T10:49:20Z,fe61f80c-951c-3dfb-8704-ae1da96fef2e,185345009,,,1,2,,,1,1,Encounter for symptom (procedure),0.00,,,64.38,0.00,,18.67,6f45f2e9-a617-570a-76e9-d5ca472eebfc,,6f45f2e9-a617-570a-2d9c-b0c0f17ad90f,1,2e190550-b660-3228-a23c-dc3466037126,2e190550-b660-3228-a23c-dc3466037126
828db115-3bf0-5c2d-0c1e-6b23ebfe34a1,6f45f2e9-a617-570a-1b70-68a86e564035,37827,6f45f2e9-a617-570a-8867-dec1260088bb,TRANSFEROUT,,,2025-10-05T10:34:20Z,2025-10-05T10:49:20Z,fe61f80c-951c-3dfb-8704-ae1da96fef2e,185345009,,,1,2,,,1,1,Encounter for symptom (procedure),0.00,,,0.00,0.00,18.67,18.67,6f45f2e9-a617-570a-76e9-d5ca472eebfc,,6f45f2e9-a617-570a-2d9c-b0c0f17ad90f,1,2e190550-b660-3228-a23c-dc3466037126,2e190550-b660-3228-a23c-dc3466037126
061b622a-77e0-b85b-1b3c-d647d7fc6942,6f45f2e9-a617-570a-1b70-68a86e564035,37828,6f45f2e9-a617-570a-8867-dec1260088bb,TRANSFERIN,18.67,,2025-10-05T10:34:20Z,2025-10-05T10:49:20Z,fe61f80c-951c-3dfb-8704-ae1da96fef2e,185345009,,,1,2,,,1,1,Encounter for symptom (procedure),0.00,37827,p,0.00,0.00,18.67,18.67,6f45f2e9-a617-570a-76e9-d5ca472eebfc,,6f45f2e9-a617-570a-2d9c-b0c0f17ad90f,1,2e190550-b660-3228-a23c-dc3466037126,2e190550-b660-3228-a23c-dc3466037126
1336c454-efc1-70b6-3979-ac8faff8d284,6f45f2e9-a617-570a-1b70-68a86e564035,37829,6f45f2e9-a617-570a-8867-dec1260088bb,PAYMENT,,CC,2025-10-05T10:34:20Z,2025-10-05T10:49:20Z,fe61f80c-951c-3dfb-8704-ae1da96fef2e,185345009,,,1,2,,,1,1,Encounter for symptom (procedure),0.00,,,18.67,0.00,,0.00,6f45f2e9-a617-570a-76e9-d5ca472eebfc,,6f45f2e9-a617-570a-2d9c-b0c0f17ad90f,1,2e190550-b660-3228-a23c-dc3466037126,2e190550-b660-3228-a23c-dc3466037126
31c007d4-c525-a15a-337b-1646173ce330,6f45f2e9-a617-570a-374d-5b99db48775c,37831,6f45f2e9-a617-570a-8867-dec1260088bb,CHARGE,391.21,,2025-10-05T10:34:20Z,2025-10-28T10:34:20Z,fe61f80c-951c-3dfb-8704-ae1da96fef2e,562251,,,1,2,,,1,1,Amoxicillin 250 MG / Clavulanate 125 MG Oral Tablet,391.21,,1,0.00,0.00,,0.00,6f45f2e9-a617-570a-76e9-d5ca472eebfc,,6f45f2e9-a617-570a-2d9c-b0c0f17ad90f,1,2e190550-b660-3228-a23c-dc3466037126,2e190550-b660-3228-a23c-dc3466037126
63800fa9-fa4b-42b4-66f6-2c8c5e79c660,6f45f2e9-a617-570a-374d-5b99db48775c,37832,6f45f2e9-a617-570a-8867-dec1260088bb,TRANSFEROUT,,,2025-10-05T10:34:20Z,2025-10-28T10:34:20Z,fe61f80c-951c-3dfb-8704-ae1da96fef2e,562251,,,1,2,,,1,1,Amoxicillin 250 MG / Clavulanate 125 MG Oral Tablet,0.00,,,0.00,0.00,391.21,391.21,6f45f2e9-a617-570a-76e9-d5ca472eebfc,,6f45f2e9-a617-570a-2d9c-b0c0f17ad90f,1,2e190550-b660-3228-a23c-dc3466037126,2e190550-b660-3228-a23c-dc3466037126
c7001f54-3496-8568-cdec-59197cf38cc0,6f45f2e9-a617-570a-374d-5b99db48775c,37833,6f45f2e9-a617-570a-8867-dec1260088bb,TRANSFERIN,391.21,,2025-10-05T10:34:20Z,2025-10-28T10:34:20Z,fe61f80c-951c-3dfb-8704-ae1da96fef2e,562251,,,1,2,,,1,1,Amoxicillin 250 MG / Clavulanate 125 MG Oral Tablet,0.00,37832,p,0.00,0.00,391.21,391.21,6f45f2e9-a617-570a-76e9-d5ca472eebfc,,6f45f2e9-a617-570a-2d9c-b0c0f17ad90f,1,2e190550-b660-3228-a23c-dc3466037126,2e190550-b660-3228-a23c-dc3466037126
8e003ea9-752d-0ad1-9bd8-b23305e71981,6f45f2e9-a617-570a-374d-5b99db48775c,37834,6f45f2e9-a617-570a-8867-dec1260088bb,PAYMENT,,CHECK,2025-10-05T10:34:20Z,2025-10-28T10:34:20Z,fe61f80c-951c-3dfb-8704-ae1da96fef2e,562251,,,1,2,,,1,1,Amoxicillin 250 MG / Clavulanate 125 MG Oral Tablet,0.00,,,391.21,0.00,,0.00,6f45f2e9-a617-570a-76e9-d5ca472eebfc,,6f45f2e9-a617-570a-2d9c-b0c0f17ad90f,1,2e190550-b660-3228-a23c-dc3466037126,2e190550-b660-3228-a23c-dc3466037126
c80b1f6e-460e-9823-298d-96095b300c41,6f45f2e9-a617-570a-0a80-aa500e697382,37836,6f45f2e9-a617-570a-8867-dec1260088bb,CHARGE,83.05,,2025-11-09T06:34:20Z,2025-11-09T06:49:20Z,fe61f80c-951c-3dfb-8704-ae1da96fef2e,185347001,,,1,2,,,1,1,Encounter for problem (procedure),83.05,,1,0.00,0.00,,0.00,6f45f2e9-a617-570a-9e8f-f9a6a60df82e,,6f45f2e9-a617-570a-2d9c-b0c0f17ad90f,1,2e190550-b660-3228-a23c-dc3466037126,2e190550-b660-3228-a23c-dc3466037126
90163edc-931d-3047-531b-2c12b9601882,6f45f2e9-a617-570a-0a80-aa500e697382,37837,6f45f2e9-a617-570a-8867-dec1260088bb,PAYMENT,,ECHECK,2025-11-09T06:34:20Z,2025-11-09T06:49:20Z,fe61f80c-951c-3dfb-8704-ae1da96fef2e,185347001,,,1,2,,,1,1,Encounter for problem (procedure),0.00,,,66.44,0.00,,16.61,6f45f2e9-a617-570a-9e8f-f9a6a60df82e,,6f45f2e9-a617-570a-2d9c-b0c0f17ad90f,1,2e190550-b660-3228-a23c-dc3466037126,2e190550-b660-3228-a23c-dc3466037126
202c7db9-2a3a-608f-a636-58257ec03104,6f45f2e9-a617-570a-0a80-aa500e697382,37838,6f45f2e9-a617-570a-8867-dec1260088bb,TRANSFEROUT,,,2025-11-09T06:34:20Z,2025-11-09T06:49:20Z,fe61f80c-951c-3dfb-8704-ae1da96fef2e,185347001,,,1,2,,,1,1,Encounter for problem (procedure),0.00,,,0.00,0.00,16.61,16.61,6f45f2e9-a617-570a-9e8f-f9a6a60df82e,,6f45f2e9-a617-570a-2d9c-b0c0f17ad90f,1,2e190550-b660-3228-a23c-dc3466037126,2e190550-b660-3228-a23c-dc3466037126
4058fb72-6a74-c11e-4c6c-b04b03806209,6f45f2e9-a617-570a-0a80-aa500e697382,37839,6f45f2e9-a617-570a-8867-dec1260088bb,TRANSFERIN,16.61,,2025-11-09T06:34:20Z,2025-11-09T06:49:20Z,fe61f80c-951c-3dfb-8704-ae1da96fef2e,185347001,,,1,2,,,1,1,Encounter for problem (procedure),0.00,37838,p,0.00,0.00,16.61,16.61,6f45f2e9-a617-570a-9e8f-f9a6a60df82e,,6f45f2e9-a617-570a-2d9c-b0c0f17ad90f,1,2e190550-b660-3228-a23c-dc3466037126,2e190550-b660-3228-a23c-dc3466037126
dcf2ed30-4790-163e-1319-301882531b2c,6f45f2e9-a617-570a-0a80-aa500e697382,37840,6f45f2e9-a617-570a-8867-dec1260088bb,PAYMENT,,CHECK,2025-11-09T06:34:20Z,2025-11-09T06:49:20Z,fe61f80c-951c-3dfb-8704-ae1da96fef2e,185347001,,,1,2,,,1,1,Encounter for problem (procedure),0.00,,,16.61,0.00,,0.00,6f45f2e9-a617-570a-9e8f-f9a6a60df82e,,6f45f2e9-a617-570a-2d9c-b0c0f17ad90f,1,2e190550-b660-3228-a23c-dc3466037126,2e190550-b660-3228-a23c-dc3466037126
e5dd34be-7b6a-c42c-27b3-4ce5e51c1644,6f45f2e9-a617-570a-d024-4fe7613517dd,37842,6f45f2e9-a617-570a-8867-dec1260088bb,CHARGE,244.23,,2025-11-09T06:34:20Z,2026-08-12T14:34:20Z,fe61f80c-951c-3dfb-8704-ae1da96fef2e,608139,,,1,2,,,1,1,atomoxetine 100 MG Oral Capsule,244.23,,1,0.00,0.00,,0.00,6f45f2e9-a617-570a-9e8f-f9a6a60df82e,,6f45f2e9-a617-570a-2d9c-b0c0f17ad90f,1,2e190550-b660-3228-a23c-dc3466037126,2e190550-b660-3228-a23c-dc3466037126
cbba697c-f6d5-f859-4f66-99cbca385c88,6f45f2e9-a617-570a-d024-4fe7613517dd,37843,6f45f2e9-a617-570a-8867-dec1260088bb,PAYMENT,,ECHECK,2025-11-09T06:34:20Z,2026-08-12T14:34:20Z,fe61f80c-951c-3dfb-8704-ae1da96fef2e,608139,,,1,2,,,1,1,atomoxetine 100 MG Oral Capsule,0.00,,,195.38,0.00,,48.85,6f45f2e9-a617-570a-9e8f-f9a6a60df82e,,6f45f2e9-a617-570a-2d9c-b0c0f17ad90f,1,2e190550-b660-3228-a23c-dc3466037126,2e190550-b660-3228-a23c-dc3466037126
9774d2f9-edac-30b3-9ecd-339794717910,6f45f2e9-a617-570a-d024-4fe7613517dd,37844,6f45f2e9-a617-570a-8867-dec1260088bb,TRANSFEROUT,,,2025-11-09T06:34:20Z,2026-08-12T14:34:20Z,fe61f80c-951c-3dfb-8704-ae1da96fef2e,608139,,,1,2,,,1,1,atomoxetine 100 MG Oral Capsule,0.00,,,0.00,0.00,48.85,48.85,6f45f2e9-a617-570a-9e8f-f9a6a60df82e,,6f45f2e9-a617-570a-2d9c-b0c0f17ad90f,1,2e190550-b660-3228-a23c-dc3466037126,2e190550-b660-3228-a23c-dc3466037126
2ee9a5f3-db59-7967-3d9a-672f28e30a21,6f45f2e9-a617-570a-d024-4fe7613517dd,37845,6f45f2e9-a617-570a-8867-dec1260088bb,TRANSFERIN,48.85,,2025-11-09T06:34:20Z,2026-08-12T14:34:20Z,fe61f80c-951c-3dfb-8704-ae1da96fef2e,608139,,,1,2,,,1,1,atomoxetine 100 MG Oral Capsule,0.00,37844,p,0.00,0.00,48.85,48.85,6f45f2e9-a617-570a-9e8f-f9a6a60df82e,,6f45f2e9-a617-570a-2d9c-b0c0f17ad90f,1,2e190550-b660-3228-a23c-dc3466037126,2e190550-b660-3228-a23c-dc3466037126
5dd34be7-b6b5-f2ce-7b34-ce5e51c91442,6f45f2e9-a617-570a-d024-4fe7613517dd,37846,6f45f2e9-a617-570a-8867-dec1260088bb,PAYMENT,,CHECK,2025-11-09T06:34:20Z,2026-08-12T14:34:20Z,fe61f80c-951c-3dfb-8704-ae1da96fef2e,608139,,,1,2,,,1,1,atomoxetine 100 MG Oral Capsule,0.00,,,49,0.00,,0.00,6f45f2e9-a617-570a-9e8f-f9a6a60df82e,,6f45f2e9-a617-570a-2d9c-b0c0f17ad90f,1,2e190550-b660-3228-a23c-dc3466037126,2e190550-b660-3228-a23c-dc3466037126
1eadf942-a072-cb62-f310-5d71241f2de6,6f45f2e9-a617-570a-2b93-0b0fd73d9391,37848,6f45f2e9-a617-570a-8867-dec1260088bb,CHARGE,83.05,,2025-12-18T06:34:20Z,2025-12-18T07:34:20Z,fe61f80c-951c-3dfb-8704-ae1da96fef2e,185347001,,,1,,,,1,1,Encounter for problem (procedure),83.05,,1,0.00,0.00,,0.00,6f45f2e9-a617-570a-277a-4627356efd50,,6f45f2e9-a617-570a-2d9c-b0c0f17ad90f,1,2e190550-b660-3228-a23c-dc3466037126,2e190550-b660-3228-a23c-dc3466037126
3d5c3285-40e5-96c4-e621-7ae2483e5bcd,6f45f2e9-a617-570a-2b93-0b0fd73d9391,37849,6f45f2e9-a617-570a-8867-dec1260088bb,PAYMENT,,ECHECK,2025-12-18T06:34:20Z,2025-12-18T07:34:20Z,fe61f80c-951c-3dfb-8704-ae1da96fef2e,185347001,,,1,,,,1,1,Encounter for problem (procedure),0.00,,,66.44,0.00,,16.61,6f45f2e9-a617-570a-277a-4627356efd50,,6f45f2e9-a617-570a-2d9c-b0c0f17ad90f,1,2e190550-b660-3228-a23c-dc3466037126,2e190550-b660-3228-a23c-dc3466037126
61503965-b10f-59c2-7892-0f96f3798b14,6f45f2e9-a617-570a-2b93-0b0fd73d9391,37850,6f45f2e9-a617-570a-8867-dec1260088bb,TRANSFEROUT,,,2025-12-18T06:34:20Z,2025-12-18T07:34:20Z,fe61f80c-951c-3dfb-8704-ae1da96fef2e,185347001,,,1,,,,1,1,Encounter for problem (procedure),0.00,,,0.00,0.00,16.61,16.61,6f45f2e9-a617-570a-277a-4627356efd50,,6f45f2e9-a617-570a-2d9c-b0c0f17ad90f,1,2e190550-b660-3228-a23c-dc3466037126,2e190550-b660-3228-a23c-dc3466037126
c2a072cb-621e-b3f4-f124-1f2de6f31658,6f45f2e9-a617-570a-2b93-0b0fd73d9391,37851,6f45f2e9-a617-570a-8867-dec1260088bb,TRANSFERIN,16.61,,2025-12-18T06:34:20Z,2025-12-18T07:34:20Z,fe61f80c-951c-3dfb-8704-ae1da96fef2e,185347001,,,1,,,,1,1,Encounter for problem (procedure),0.00,37850,p,0.00,0.00,16.61,16.61,6f45f2e9-a617-570a-277a-4627356efd50,,6f45f2e9-a617-570a-2d9c-b0c0f17ad90f,1,2e190550-b660-3228-a23c-dc3466037126,2e190550-b660-3228-a23c-dc3466037126
8540e596-c43d-6829-e248-3e5bcde62d71,6f45f2e9-a617-570a-2b93-0b0fd73d9391,37852,6f45f2e9-a617-570a-8867-dec1260088bb,PAYMENT,,CHECK,2025-12-18T06:34:20Z,2025-12-18T07:34:20Z,fe61f80c-951c-3dfb-8704-ae1da96fef2e,185347001,,,1,,,,1,1,Encounter for problem (procedure),0.00,,,16.61,0.00,,0.00,6f45f2e9-a617-570a-277a-4627356efd50,,6f45f2e9-a617-570a-2d9c-b0c0f17ad90f,1,2e190550-b660-3228-a23c-dc3466037126,2e190550-b660-3228-a23c-dc3466037126
1503965b-10f5-a406-8920-f96f3798b927,6f45f2e9-a617-570a-2b93-0b0fd73d9391,37854,6f45f2e9-a617-570a-8867-dec1260088bb,CHARGE,6369.29,,2025-12-18T06:34:20Z,2025-12-18T07:34:20Z,fe61f80c-951c-3dfb-8704-ae1da96fef2e,228557008,,,1,,,,1,1,Cognitive and behavioral therapy (regime/therapy),6369.29,,1,0.00,0.00,,0.00,6f45f2e9-a617-570a-277a-4627356efd50,,6f45f2e9-a617-570a-2d9c-b0c0f17ad90f,1,2e190550-b660-3228-a23c-dc3466037126,2e190550-b660-3228-a23c-dc3466037126
2a072cb6-21eb-4f0c-1241-f2de6f31754f,6f45f2e9-a617-570a-2b93-0b0fd73d9391,37855,6f45f2e9-a617-570a-8867-dec1260088bb,PAYMENT,,ECHECK,2025-12-18T06:34:20Z,2025-12-18T07:34:20Z,fe61f80c-951c-3dfb-8704-ae1da96fef2e,228557008,,,1,,,,1,1,Cognitive and behavioral therapy (regime/therapy),0.00,,,5095.43,0.00,,1273.86,6f45f2e9-a617-570a-277a-4627356efd50,,6f45f2e9-a617-570a-2d9c-b0c0f17ad90f,1,2e190550-b660-3228-a23c-dc3466037126,2e190550-b660-3228-a23c-dc3466037126
540e596c-43d6-a218-2483-e5bcde62f69e,6f45f2e9-a617-570a-2b93-0b0fd73d9391,37856,6f45f2e9-a617-570a-8867-dec1260088bb,TRANSFEROUT,,,2025-12-18T06:34:20Z,2025-12-18T07:34:20Z,fe61f80c-951c-3dfb-8704-ae1da96fef2e,228557008,,,1,,,,1,1,Cognitive and behavioral therapy (regime/therapy),0.00,,,0.00,0.00,1273.86,1273.86,6f45f2e9-a617-570a-277a-4627356efd50,,6f45f2e9-a617-570a-2d9c-b0c0f17ad90f,1,2e190550-b660-3228-a23c-dc3466037126,2e190550-b660-3228-a23c-dc3466037126
a81cb2d8-87ad-5a30-4907-cb79bcc5f33c,6f45f2e9-a617-570a-2b93-0b0fd73d9391,37857,6f45f2e9-a617-570a-8867-dec1260088bb,TRANSFERIN,1273.86,,2025-12-18T06:34:20Z,2025-12-18T07:34:20Z,fe61f80c-951c-3dfb-8704-ae1da96fef2e,228557008,,,1,,,,1,1,Cognitive and behavioral therapy (regime/therapy),0.00,37856,p,0.00,0.00,1273.86,1273.86,6f45f2e9-a617-570a-277a-4627356efd50,,6f45f2e9-a617-570a-2d9c-b0c0f17ad90f,1,2e190550-b660-3228-a23c-dc3466037126,2e190550-b660-3228-a23c-dc3466037126
503965b1-0f5a-c461-920f-96f3798c1678,6f45f2e9-a617-570a-2b93-0b0fd73d9391,37858,6f45f2e9-a617-570a-8867-dec1260088bb,PAYMENT,,CHECK,2025-12-18T06:34:20Z,2025-12-18T07:34:20Z,fe61f80c-951c-3dfb-8704-ae1da96fef2e,228557008,,,1,,,,1,1,Cognitive and behavioral therapy (regime/therapy),0.00,,,1273.86,0.00,,0.00,6f45f2e9-a617-570a-277a-4627356efd50,,6f45f2e9-a617-570a-2d9c-b0c0f17ad90f,1,2e190550-b660-3228-a23c-dc3466037126,2e190550-b660-3228-a23c-dc3466037126
e6c0a6a3-5497-530a-cefb-6f744507794d,6f45f2e9-a617-570a-d978-21fafc4e1ff9,37860,6f45f2e9-a617-570a-8867-dec1260088bb,CHARGE,83.05,,2026-01-20T07:34:20Z,2026-01-20T08:34:20Z,fe61f80c-951c-3dfb-8704-ae1da96fef2e,185347001,,,1,,,,1,1,Encounter for problem (procedure),83.05,,1,0.00,0.00,,0.00,6f45f2e9-a617-570a-0381-0696d3cd6fd0,,6f45f2e9-a617-570a-2d9c-b0c0f17ad90f,1,2e190550-b660-3228-a23c-dc3466037126,2e190550-b660-3228-a23c-dc3466037126
cd814d46-a92e-aa15-9df6-dee88a0efe9b,6f45f2e9-a617-570a-d978-21fafc4e1ff9,37861,6f45f2e9-a617-570a-8867-dec1260088bb,PAYMENT,,ECHECK,2026-01-20T07:34:20Z,2026-01-20T08:34:20Z,fe61f80c-951c-3dfb-8704-ae1da96fef2e,185347001,,,1,,,,1,1,Encounter for problem (procedure),0.00,,,66.44,0.00,,16.61,6f45f2e9-a617-570a-0381-0696d3cd6fd0,,6f45f2e9-a617-570a-2d9c-b0c0f17ad90f,1,2e190550-b660-3228-a23c-dc3466037126,2e190550-b660-3228-a23c-dc3466037126
9b029a8d-525d-6a2b-3bed-bdd1141e0337,6f45f2e9-a617-570a-d978-21fafc4e1ff9,37862,6f45f2e9-a617-570a-8867-dec1260088bb,TRANSFEROUT,,,2026-01-20T07:34:20Z,2026-01-20T08:34:20Z,fe61f80c-951c-3dfb-8704-ae1da96fef2e,185347001,,,1,,,,1,1,Encounter for problem (procedure),0.00,,,0.00,0.00,16.61,16.61,6f45f2e9-a617-570a-0381-0696d3cd6fd0,,6f45f2e9-a617-570a-2d9c-b0c0f17ad90f,1,2e190550-b660-3228-a23c-dc3466037126,2e190550-b660-3228-a23c-dc3466037126
3605351a-a4ba-e457-77db-7ba2283c366e,6f45f2e9-a617-570a-d978-21fafc4e1ff9,37863,6f45f2e9-a617-570a-8867-dec1260088bb,TRANSFERIN,16.61,,2026-01-20T07:34:20Z,2026-01-20T08:34:20Z,fe61f80c-951c-3dfb-8704-ae1da96fef2e,185347001,,,1,,,,1,1,Encounter for problem (procedure),0.00,37862,p,0.00,0.00,16.61,16.61,6f45f2e9-a617-570a-0381-0696d3cd6fd0,,6f45f2e9-a617-570a-2d9c-b0c0f17ad90f,1,2e190550-b660-3228-a23c-dc3466037126,2e190550-b660-3228-a23c-dc3466037126
6c0a6a35-4976-38ae-efb6-f74450789cdc,6f45f2e9-a617-570a-d978-21fafc4e1ff9,37864,6f45f2e9-a617-570a-8867-dec1260088bb,PAYMENT,,CHECK,2026-01-20T07:34:20Z,2026-01-20T08:34:20Z,fe61f80c-951c-3dfb-8704-ae1da96fef2e,185347001,,,1,,,,1,1,Encounter for problem (procedure),0.00,,,16.61,0.00,,0.00,6f45f2e9-a617-570a-0381-0696d3cd6fd0,,6f45f2e9-a617-570a-2d9c-b0c0f17ad90f,1,2e190550-b660-3228-a23c-dc3466037126,2e190550-b660-3228-a23c-dc3466037126
b029a8d5-25da-7ab9-bedb-dd1141e40b73,6f45f2e9-a617-570a-d978-21fafc4e1ff9,37866,6f45f2e9-a617-570a-8867-dec1260088bb,CHARGE,TBD,,2026-01-20T07:34:20Z,2026-01-20T08:34:20Z,fe61f80c-951c-3dfb-8704-ae1da96fef2e,228557008,,,1,,,,1,1,Cognitive and behavioral therapy (regime/therapy),25477.15,,1,0.00,0.00,,0.00,6f45f2e9-a617-570a-0381-0696d3cd6fd0,,6f45f2e9-a617-570a-2d9c-b0c0f17ad90f,1,2e190550-b660-3228-a23c-dc3466037126,2e190550-b660-3228-a23c-dc3466037126
605351aa-4bb7-f573-7db7-ba2283cb16e7,6f45f2e9-a617-570a-d978-21fafc4e1ff9,37867,6f45f2e9-a617-570a-8867-dec1260088bb,PAYMENT,,ECHECK,2026-01-20T07:34:20Z,2026-01-20T08:34:20Z,fe61f80c-951c-3dfb-8704-ae1da96fef2e,228557008,,,1,,,,1,1,Cognitive and behavioral therapy (regime/therapy),0.00,,,20381.72,0.00,,5095.43,6f45f2e9-a617-570a-0381-0696d3cd6fd0,,6f45f2e9-a617-570a-2d9c-b0c0f17ad90f,1,2e190550-b660-3228-a23c-dc3466037126,2e190550-b660-3228-a23c-dc3466037126
c0a6a354-9772-eae6-fb6f-744507992dce,6f45f2e9-a617-570a-d978-21fafc4e1ff9,37868,6f45f2e9-a617-570a-8867-dec1260088bb,TRANSFEROUT,,,2026-01-20T07:34:20Z,2026-01-20T08:34:20Z,fe61f80c-951c-3dfb-8704-ae1da96fef2e,228557008,,,1,,,,1,1,Cognitive and behavioral therapy (regime/therapy),0.00,,,0.00,0.00,5095.43,5095.43,6f45f2e9-a617-570a-0381-0696d3cd6fd0,,6f45f2e9-a617-570a-2d9c-b0c0f17ad90f,1,2e190550-b660-3228-a23c-dc3466037126,2e190550-b660-3228-a23c-dc3466037126
814d46a9-2ee9-d5cd-f6de-e88a0f3e5b9d,6f45f2e9-a617-570a-d978-21fafc4e1ff9,37869,6f45f2e9-a617-570a-8867-dec1260088bb,TRANSFERIN,5095.43,,2026-01-20T07:34:20Z,2026-01-20T08:34:20Z,fe61f80c-951c-3dfb-8704-ae1da96fef2e,228557008,,,1,,,,1,1,Cognitive and behavioral therapy (regime/therapy),0.00,37868,p,0.00,0.00,5095.43,5095.43,6f45f2e9-a617-570a-0381-0696d3cd6fd0,,6f45f2e9-a617-570a-2d9c-b0c0f17ad90f,1,2e190550-b660-3228-a23c-dc3466037126,2e190550-b660-3228-a23c-dc3466037126
aa4be60d-7360-5351-2283-fb2ee77db7ba,6f45f2e9-a617-570a-d978-21fafc4e1ff9,37870,6f45f2e9-a617-570a-8867-dec1260088bb,PAYMENT,,CHECK,2026-01-20T07:34:20Z,2026-01-20T08:34:20Z,fe61f80c-951c-3dfb-8704-ae1da96fef2e,228557008,,,1,,,,1,1,Cognitive and behavioral therapy (regime/therapy),0.00,,,5095.43,0.00,,0.00,6f45f2e9-a617-570a-0381-0696d3cd6fd0,,6f45f2e9-a617-570a-2d9c-b0c0f17ad90f,1,2e190550-b660-3228-a23c-dc3466037126,2e190550-b660-3228-a23c-dc3466037126
5477f822-8c13-55c4-f98b-1996a978f3a7,6f45f2e9-a617-570a-ae72-f1025ca821c1,37872,6f45f2e9-a617-570a-8867-dec1260088bb,CHARGE,83.05,,2026-02-19T08:34:20Z,2026-02-19T09:34:20Z,fe61f80c-951c-3dfb-8704-ae1da96fef2e,185347001,,,1,,,,1,1,Encounter for problem (procedure),83.05,,1,0.00,0.00,,0.00,6f45f2e9-a617-570a-92f6-3be8a15a455f,,6f45f2e9-a617-570a-2d9c-b0c0f17ad90f,1,2e190550-b660-3228-a23c-dc3466037126,2e190550-b660-3228-a23c-dc3466037126
a8f2f045-1826-ab88-f319-332d52f1e74f,6f45f2e9-a617-570a-ae72-f1025ca821c1,37873,6f45f2e9-a617-570a-8867-dec1260088bb,PAYMENT,,ECHECK,2026-02-19T08:34:20Z,2026-02-19T09:34:20Z,fe61f80c-951c-3dfb-8704-ae1da96fef2e,185347001,,,1,,,,1,1,Encounter for problem (procedure),0.00,,,66.44,0.00,,16.61,6f45f2e9-a617-570a-92f6-3be8a15a455f,,6f45f2e9-a617-570a-2d9c-b0c0f17ad90f,1,2e190550-b660-3228-a23c-dc3466037126,2e190550-b660-3228-a23c-dc3466037126
51e9e08a-304d-5711-e63e-665aa5e3ce9f,6f45f2e9-a617-570a-ae72-f1025ca821c1,37874,6f45f2e9-a617-570a-8867-dec1260088bb,TRANSFEROUT,,,2026-02-19T08:34:20Z,2026-02-19T09:34:20Z,fe61f80c-951c-3dfb-8704-ae1da96fef2e,185347001,,,1,,,,1,1,Encounter for problem (procedure),0.00,,,0.00,0.00,16.61,16.61,6f45f2e9-a617-570a-92f6-3be8a15a455f,,6f45f2e9-a617-570a-2d9c-b0c0f17ad90f,1,2e190550-b660-3228-a23c-dc3466037126,2e190550-b660-3228-a23c-dc3466037126
