Id,START,STOP,PATIENT,ORGANIZATION,PROVIDER,PAYER,ENCOUNTERCLASS,CODE,DESCRIPTION,BASE_ENCOUNTER_COST,TOTAL_CLAIM_COST,PAYER_COVERAGE,REASONCODE,REASONDESCRIPTION
06eb6dda-a918-928f-05da-e90a4f6f7869,2021-11-21T02:15:34Z,2021-11-21T02:30:34Z,06eb6dda-a918-928f-76cf-6bf370cf2014,dc600fd8-ab8a-3b44-aeb0-d36fad382e69,7d80b4ac-e8fa-3a34-bbc5-1774437fafc1,a735bf55-83e9-331a-899d-a82a60b9f60c,wellness,410620009,Well child visit (procedure),171.78,2169.11,1735.28,,
06eb6dda-a918-928f-07b8-81ebe14dc76a,2017-12-17T02:15:34Z,2017-12-17T02:30:34Z,06eb6dda-a918-928f-76cf-6bf370cf2014,dc600fd8-ab8a-3b44-aeb0-d36fad382e69,7d80b4ac-e8fa-3a34-bbc5-1774437fafc1,b046940f-1664-3047-bca7-dfa76be352a4,wellness,410620009,Well child visit (procedure),171.78,451.06,0.00,,
06eb6dda-a918-928f-0a8e-a3e01669d337,2022-03-28T02:15:34Z,2022-03-28T02:30:34Z,06eb6dda-a918-928f-76cf-6bf370cf2014,7edd5482-7e46-3757-82de-52ad028f7dca,3050af6e-c011-3c03-b396-eee932098529,a735bf55-83e9-331a-899d-a82a60b9f60c,ambulatory,185345009,Encounter for symptom (procedure),83.05,83.05,0.00,446096008,Perennial allergic rhinitis (disorder)
06eb6dda-a918-928f-167b-24d2cb1d3507,2021-05-30T02:15:34Z,2021-05-30T05:43:40Z,06eb6dda-a918-928f-76cf-6bf370cf2014,7edd5482-7e46-3757-82de-52ad028f7dca,3050af6e-c011-3c03-b396-eee932098529,a735bf55-83e9-331a-899d-a82a60b9f60c,ambulatory,185349003,Encounter for check up (procedure),83.05,5046.57,4037.24,103697008,Patient referral for dental care (procedure)
06eb6dda-a918-928f-1728-d49d5a8d959e,2024-11-10T02:15:34Z,2024-11-10T02:30:34Z,06eb6dda-a918-928f-76cf-6bf370cf2014,7edd5482-7e46-3757-82de-52ad028f7dca,3050af6e-c011-3c03-b396-eee932098529,a735bf55-83e9-331a-899d-a82a60b9f60c,ambulatory,185345009,Encounter for symptom (procedure),83.05,83.05,66.44,444814009,Viral sinusitis (disorder)
06eb6dda-a918-928f-20d3-111646a20975,2019-05-26T02:15:34Z,2019-05-26T02:30:34Z,06eb6dda-a918-928f-76cf-6bf370cf2014,dc600fd8-ab8a-3b44-aeb0-d36fad382e69,7d80b4ac-e8fa-3a34-bbc5-1774437fafc1,b046940f-1664-3047-bca7-dfa76be352a4,wellness,410620009,Well child visit (procedure),171.78,618.00,0.00,,
06eb6dda-a918-928f-251d-81f853a6bd45,2024-12-15T02:15:34Z,2024-12-15T10:40:05Z,06eb6dda-a918-928f-76cf-6bf370cf2014,7edd5482-7e46-3757-82de-52ad028f7dca,3050af6e-c011-3c03-b396-eee932098529,a735bf55-83e9-331a-899d-a82a60b9f60c,ambulatory,185349003,Encounter for check up (procedure),83.05,8148.77,6518.99,103697008,Patient referral for dental care (procedure)
06eb6dda-a918-928f-2533-1767c134658a,2022-11-27T02:15:34Z,2022-11-27T02:30:34Z,06eb6dda-a918-928f-76cf-6bf370cf2014,dc600fd8-ab8a-3b44-aeb0-d36fad382e69,7d80b4ac-e8fa-3a34-bbc5-1774437fafc1,a735bf55-83e9-331a-899d-a82a60b9f60c,wellness,410620009,Well child visit (procedure),171.78,851.78,681.42,,
06eb6dda-a918-928f-2c4c-81fcd206a75b,2020-05-24T02:15:34Z,2020-05-24T02:30:34Z,06eb6dda-a918-928f-76cf-6bf370cf2014,dc600fd8-ab8a-3b44-aeb0-d36fad382e69,7d80b4ac-e8fa-3a34-bbc5-1774437fafc1,b046940f-1664-3047-bca7-dfa76be352a4,wellness,410620009,Well child visit (procedure),171.78,307.78,0.00,,
06eb6dda-a918-928f-3812-a30616d650d1,2024-10-27T02:15:34Z,2024-10-27T02:30:34Z,06eb6dda-a918-928f-76cf-6bf370cf2014,e64207ba-0d19-3a1f-b4bd-e5571b831dd3,01c67114-4dff-3e46-9b2d-38dc05c019fa,a735bf55-83e9-331a-899d-a82a60b9f60c,urgentcare,702927004,Urgent care clinic (environment),138.42,138.42,110.74,,
06eb6dda-a918-928f-3a77-d414865fbe0e,2022-04-18T02:15:34Z,2022-04-18T02:30:34Z,06eb6dda-a918-928f-76cf-6bf370cf2014,7edd5482-7e46-3757-82de-52ad028f7dca,3050af6e-c011-3c03-b396-eee932098529,a735bf55-83e9-331a-899d-a82a60b9f60c,ambulatory,185345009,Encounter for symptom (procedure),83.05,703.49,562.79,233678006,Childhood asthma (disorder)
06eb6dda-a918-928f-3c96-118ec8d39ec9,2024-04-07T02:15:34Z,2024-04-07T02:30:34Z,06eb6dda-a918-928f-76cf-6bf370cf2014,7edd5482-7e46-3757-82de-52ad028f7dca,3050af6e-c011-3c03-b396-eee932098529,a735bf55-83e9-331a-899d-a82a60b9f60c,ambulatory,394701000,Asthma follow-up (regime/therapy),138.42,138.42,0.00,233678006,Childhood asthma (disorder)
06eb6dda-a918-928f-42d1-b2c950b7fd4b,2020-12-19T02:15:34Z,2020-12-19T03:15:34Z,06eb6dda-a918-928f-76cf-6bf370cf2014,c04a796d-bc42-3364-891e-c1209f001537,e4c8d629-5110-3b31-ab85-e2b4da6107c0,b046940f-1664-3047-bca7-dfa76be352a4,emergency,50849002,Emergency room admission (procedure),165.00,11244.73,7871.31,312608009,Laceration - injury (disorder)
06eb6dda-a918-928f-42d1-b2c950b7fd4b,2020-12-19T02:15:34Z,2020-12-19T03:15:34Z,06eb6dda-a918-928f-76cf-6bf370cf2014,c04a796d-bc42-3364-891e-c1209f001537,e4c8d629-5110-3b31-ab85-e2b4da6107c0,b046940f-1664-3047-bca7-dfa76be352a4,emergency,50849002,Emergency room admission (procedure),165.00,11244.73,7871.31,312608009,Laceration - injury (disorder)
06eb6dda-a918-928f-486d-e2c54599c0d1,2020-11-22T02:15:34Z,2020-11-22T02:30:34Z,06eb6dda-a918-928f-76cf-6bf370cf2014,dc600fd8-ab8a-3b44-aeb0-d36fad382e69,7d80b4ac-e8fa-3a34-bbc5-1774437fafc1,b046940f-1664-3047-bca7-dfa76be352a4,wellness,410620009,Well child visit (procedure),171.78,928.22,0.00,,
06eb6dda-a918-928f-4daa-7ec6bd712fc4,2024-11-03T02:15:34Z,2024-11-03T02:30:34Z,06eb6dda-a918-928f-76cf-6bf370cf2014,e178d6bb-518a-3487-acef-8019207de6f5,3e85ad95-a63b-3e3b-bcbd-d9e5c69cea5c,a735bf55-83e9-331a-899d-a82a60b9f60c,outpatient,185349003,Encounter for check up (procedure),83.05,393.27,314.62,,
06eb6dda-a918-928f-640b-b3e2ccb6c1e4,2021-08-28T18:15:34Z,2021-08-28T18:30:34Z,06eb6dda-a918-928f-76cf-6bf370cf2014,7edd5482-7e46-3757-82de-52ad028f7dca,3050af6e-c011-3c03-b396-eee932098529,a735bf55-83e9-331a-899d-a82a60b9f60c,ambulatory,185347001,Encounter for problem (procedure),83.05,83.05,66.44,762952008,Peanut (substance)
06eb6dda-a918-928f-689a-987f6ea1587d,2021-06-17T17:15:34Z,2021-06-17T17:30:34Z,06eb6dda-a918-928f-76cf-6bf370cf2014,7edd5482-7e46-3757-82de-52ad028f7dca,3050af6e-c011-3c03-b396-eee932098529,a735bf55-83e9-331a-899d-a82a60b9f60c,ambulatory,185347001,Encounter for problem (procedure),83.05,83.05,66.44,24079001,Atopic dermatitis (disorder)
06eb6dda-a918-928f-73ff-5a265119312d,2020-04-25T02:15:34Z,2020-04-25T02:30:34Z,06eb6dda-a918-928f-76cf-6bf370cf2014,7edd5482-7e46-3757-82de-52ad028f7dca,3050af6e-c011-3c03-b396-eee932098529,b046940f-1664-3047-bca7-dfa76be352a4,ambulatory,185347001,Encounter for problem (procedure),83.05,83.05,0.00,24079001,Atopic dermatitis (disorder)
06eb6dda-a918-928f-7604-d990e578f987,2018-01-21T02:15:34Z,2018-01-21T02:30:34Z,06eb6dda-a918-928f-76cf-6bf370cf2014,dc600fd8-ab8a-3b44-aeb0-d36fad382e69,7d80b4ac-e8fa-3a34-bbc5-1774437fafc1,b046940f-1664-3047-bca7-dfa76be352a4,wellness,410620009,Well child visit (procedure),171.78,718.11,0.00,,
06eb6dda-a918-928f-784c-c347ae8dc8e3,2018-08-26T02:15:34Z,2018-08-26T02:30:34Z,06eb6dda-a918-928f-76cf-6bf370cf2014,dc600fd8-ab8a-3b44-aeb0-d36fad382e69,7d80b4ac-e8fa-3a34-bbc5-1774437fafc1,b046940f-1664-3047-bca7-dfa76be352a4,wellness,410620009,Well child visit (procedure),171.78,851.78,0.00,,
06eb6dda-a918-928f-7c3b-015712e3ed23,2018-03-25T02:15:34Z,2018-03-25T02:30:34Z,06eb6dda-a918-928f-76cf-6bf370cf2014,dc600fd8-ab8a-3b44-aeb0-d36fad382e69,7d80b4ac-e8fa-3a34-bbc5-1774437fafc1,b046940f-1664-3047-bca7-dfa76be352a4,wellness,410620009,Well child visit (procedure),171.78,unknown,0.00,,
06eb6dda-a918-928f-7d99-d8bb42dfdc02,2021-11-28T02:15:34Z,2021-11-28T05:28:07Z,06eb6dda-a918-928f-76cf-6bf370cf2014,7edd5482-7e46-3757-82de-52ad028f7dca,3050af6e-c011-3c03-b396-eee932098529,a735bf55-83e9-331a-899d-a82a60b9f60c,ambulatory,185349003,Encounter for check up (procedure),83.05,4426.13,3540.89,103697008,Patient referral for dental care (procedure)
06eb6dda-a918-928f-7dcd-d36a0467d2f1,2018-11-25T02:15:34Z,2018-11-25T02:30:34Z,06eb6dda-a918-928f-76cf-6bf370cf2014,dc600fd8-ab8a-3b44-aeb0-d36fad382e69,7d80b4ac-e8fa-3a34-bbc5-1774437fafc1,b046940f-1664-3047-bca7-dfa76be352a4,wellness,410620009,Well child visit (procedure),171.78,171.78,0.00,,
06eb6dda-a918-928f-7fd2-c246393978ca,2025-12-14T02:15:34Z,2025-12-14T02:30:34Z,06eb6dda-a918-928f-76cf-6bf370cf2014,dc600fd8-ab8a-3b44-aeb0-d36fad382e69,7d80b4ac-e8fa-3a34-bbc5-1774437fafc1,a735bf55-83e9-331a-899d-a82a60b9f60c,wellness,410620009,Well child visit (procedure),171.78,928.22,742.57,,
06eb6dda-a918-928f-8133-db7d5952159b,2020-05-01T05:15:34Z,2020-05-01T05:30:34Z,06eb6dda-a918-928f-76cf-6bf370cf2014,7edd5482-7e46-3757-82de-52ad028f7dca,3050af6e-c011-3c03-b396-eee932098529,b046940f-1664-3047-bca7-dfa76be352a4,ambulatory,185347001,Encounter for problem (procedure),83.05,83.05,0.00,24079001,Atopic dermatitis (disorder)
06eb6dda-a918-928f-864c-af6ccef2a777,2018-05-27T02:15:34Z,2018-05-27T02:30:34Z,06eb6dda-a918-928f-76cf-6bf370cf2014,dc600fd8-ab8a-3b44-aeb0-d36fad382e69,7d80b4ac-e8fa-3a34-bbc5-1774437fafc1,b046940f-1664-3047-bca7-dfa76be352a4,wellness,410620009,Well child visit (procedure),171.78,1162.00,0.00,,
06eb6dda-a918-928f-87e8-9c38cbaad88a,2019-11-24T02:15:34Z,2019-11-24T02:30:34Z,06eb6dda-a918-928f-76cf-6bf370cf2014,dc600fd8-ab8a-3b44-aeb0-d36fad382e69,7d80b4ac-e8fa-3a34-bbc5-1774437fafc1,b046940f-1664-3047-bca7-dfa76be352a4,wellness,410620009,Well child visit (procedure),171.78,307.78,0.00,,
06eb6dda-a918-928f-8c6c-b32c1c0c931d,2023-12-03T02:15:34Z,2023-12-03T02:30:34Z,06eb6dda-a918-928f-76cf-6bf370cf2014,dc600fd8-ab8a-3b44-aeb0-d36fad382e69,7d80b4ac-e8fa-3a34-bbc5-1774437fafc1,a735bf55-83e9-331a-899d-a82a60b9f60c,wellness,410620009,Well child visit (procedure),171.78,451.06,360.84,,
06eb6dda-a918-928f-a05c-22d15078180f,2021-05-23T02:15:34Z,2021-05-23T02:30:34Z,06eb6dda-a918-928f-76cf-6bf370cf2014,dc600fd8-ab8a-3b44-aeb0-d36fad382e69,7d80b4ac-e8fa-3a34-bbc5-1774437fafc1,a735bf55-83e9-331a-899d-a82a60b9f60c,wellness,410620009,Well child visit (procedure),171.78,792.22,447.38,,
06eb6dda-a918-928f-af29-0f63cf6bc41d,2020-11-29T02:15:34Z,2020-11-29T06:03:08Z,06eb6dda-a918-928f-76cf-6bf370cf2014,7edd5482-7e46-3757-82de-52ad028f7dca,3050af6e-c011-3c03-b396-eee932098529,b046940f-1664-3047-bca7-dfa76be352a4,ambulatory,185349003,Encounter for check up (procedure),83.05,4426.13,1101.94,103697008,Patient referral for dental care (procedure)
06eb6dda-a918-928f-b00c-c8d7ecc5744a,2021-08-15T02:15:34Z,2021-08-15T02:30:34Z,06eb6dda-a918-928f-76cf-6bf370cf2014,e178d6bb-518a-3487-acef-8019207de6f5,3e85ad95-a63b-3e3b-bcbd-d9e5c69cea5c,a735bf55-83e9-331a-899d-a82a60b9f60c,outpatient,185345009,Encounter for symptom (procedure),83.05,83.05,66.44,65363002,Otitis media (disorder)
06eb6dda-a918-928f-b1b4-daa01e8406e5,2024-12-08T02:15:34Z,2024-12-08T02:32:56Z,06eb6dda-a918-928f-76cf-6bf370cf2014,dc600fd8-ab8a-3b44-aeb0-d36fad382e69,7d80b4ac-e8fa-3a34-bbc5-1774437fafc1,a735bf55-83e9-331a-899d-a82a60b9f60c,wellness,410620009,Well child visit (procedure),171.78,792.22,633.77,,
06eb6dda-a918-928f-b559-e01b436377aa,2019-01-29T14:15:34Z,2019-01-29T14:30:34Z,06eb6dda-a918-928f-76cf-6bf370cf2014,7edd5482-7e46-3757-82de-52ad028f7dca,3050af6e-c011-3c03-b396-eee932098529,b046940f-1664-3047-bca7-dfa76be352a4,ambulatory,185347001,Encounter for problem (procedure),83.05,83.05,0.00,735971005,Fish (substance)
06eb6dda-a918-928f-b9ac-c8ae1cd4f27d,2025-12-21T02:15:34Z,2025-12-21T04:35:52Z,06eb6dda-a918-928f-76cf-6bf370cf2014,7edd5482-7e46-3757-82de-52ad028f7dca,3050af6e-c011-3c03-b396-eee932098529,a735bf55-83e9-331a-899d-a82a60b9f60c,ambulatory,185349003,Encounter for check up (procedure),83.05,4426.13,3354.49,103697008,Patient referral for dental care (procedure)
06eb6dda-a918-928f-cf60-beb0a5a2142b,2019-02-16T18:15:34Z,2019-02-16T18:44:37Z,06eb6dda-a918-928f-76cf-6bf370cf2014,7edd5482-7e46-3757-82de-52ad028f7dca,3050af6e-c011-3c03-b396-eee932098529,b046940f-1664-3047-bca7-dfa76be352a4,ambulatory,185347001,Encounter for problem (procedure),83.05,703.49,0.00,609328004,Allergic disposition (finding)
06eb6dda-a918-928f-ec14-c98dfef98857,2024-10-20T02:15:34Z,2024-10-20T02:30:34Z,06eb6dda-a918-928f-76cf-6bf370cf2014,e64207ba-0d19-3a1f-b4bd-e5571b831dd3,01c67114-4dff-3e46-9b2d-38dc05c019fa,a735bf55-83e9-331a-899d-a82a60b9f60c,urgentcare,702927004,Urgent care clinic (environment),138.42,1313.08,1050.47,,
06eb6dda-a918-928f-f095-6c608d682166,2019-08-09T02:15:34Z,2019-08-09T02:30:34Z,06eb6dda-a918-928f-76cf-6bf370cf2014,e178d6bb-518a-3487-acef-8019207de6f5,3e85ad95-a63b-3e3b-bcbd-d9e5c69cea5c,b046940f-1664-3047-bca7-dfa76be352a4,outpatient,185345009,Encounter for symptom (procedure),83.05,83.05,0.00,65363002,Otitis media (disorder)
06eb6dda-a918-928f-f3c2-d6ecb623a6f7,2019-02-24T02:15:34Z,2019-02-24T02:30:34Z,06eb6dda-a918-928f-76cf-6bf370cf2014,dc600fd8-ab8a-3b44-aeb0-d36fad382e69,7d80b4ac-e8fa-3a34-bbc5-1774437fafc1,b046940f-1664-3047-bca7-dfa76be352a4,wellness,410620009,Well child visit (procedure),171.78,851.78,0.00,,
06eb6dda-a918-928f-f927-f6526620f7e7,2022-10-15T02:15:34Z,2022-10-15T02:30:34Z,06eb6dda-a918-928f-76cf-6bf370cf2014,7edd5482-7e46-3757-82de-52ad028f7dca,3050af6e-c011-3c03-b396-eee932098529,a735bf55-83e9-331a-899d-a82a60b9f60c,ambulatory,394701000,,138.42,138,110.74,233678006,Childhood asthma (disorder)
23c94034-f050-04d5-2f49-f11be93a9100,2026-01-11T07:02:46Z,2026-01-11T07:17:46Z,23c94034-f050-04d5-c5a3-2d42bf3ccc7f,ffe115f0-752c-3724-b986-57f9df18078a,154361de-b3c9-3674-8ff3-0f420192988a,26aab0cd-6aba-3e1b-ac5b-05c8867e762c,wellness,410620009,Well child visit (procedure),171.78,851.78,0.00,,
23c94034-f050-04d5-37ed-b5364f04dfc9,2025-02-09T07:02:46Z,2025-02-09T07:17:46Z,23c94034-f050-04d5-c5a3-2d42bf3ccc7f,ffe115f0-752c-3724-b986-57f9df18078a,154361de-b3c9-3674-8ff3-0f420192988a,26aab0cd-6aba-3e1b-ac5b-05c8867e762c,wellness,410620009,Well child visit (procedure),171.78,1162.00,0.00,,
23c94034-f050-04d5-46b9-15281bcff3ed,2025-07-13T07:02:46Z,2025-07-13T07:17:46Z,23c94034-f050-04d5-c5a3-2d42bf3ccc7f,ffe115f0-752c-3724-b986-57f9df18078a,154361de-b3c9-3674-8ff3-0f420192988a,26aab0cd-6aba-3e1b-ac5b-05c8867e762c,wellness,410620009,Well child visit (procedure),171.78,851.78,0.00,,
23c94034-f050-04d5-555c-6d7fb39a3267,2025-04-13T07:02:46Z,2025-04-13T07:17:46Z,23c94034-f050-04d5-c5a3-2d42bf3ccc7f,ffe115f0-752c-3724-b986-57f9df18078a,154361de-b3c9-3674-8ff3-0f420192988a,26aab0cd-6aba-3e1b-ac5b-05c8867e762c,wellness,410620009,Well child visit (procedure),171.78,851.78,0.00,,
23c94034-f050-04d5-78da-33e37861355f,2024-12-08T07:02:46Z,2024-12-08T07:17:46Z,23c94034-f050-04d5-c5a3-2d42bf3ccc7f,ffe115f0-752c-3724-b986-57f9df18078a,154361de-b3c9-3674-8ff3-0f420192988a,26aab0cd-6aba-3e1b-ac5b-05c8867e762c,wellness,410620009,Well child visit (procedure),171.78,307.78,0.00,,
23c94034-f050-04d5-8030-daec49766d5b,2025-10-12T07:02:46Z,2025-10-12T07:17:46Z,23c94034-f050-04d5-c5a3-2d42bf3ccc7f,ffe115f0-752c-3724-b986-57f9df18078a,154361de-b3c9-3674-8ff3-0f420192988a,26aab0cd-6aba-3e1b-ac5b-05c8867e762c,wellness,410620009,Well child visit (procedure),171.7800,482.00,0.00,,
23c94034-f050-04d5-93df-33c2db1d7fd6,2025-04-02T07:02:46Z,2025-04-02T07:17:46Z,23c94034-f050-04d5-c5a3-2d42bf3ccc7f,b8b7bf8b-b60f-3b07-8117-b4b17363e4ca,4da784b4-106a-3b08-a365-ec48ced9707f,26aab0cd-6aba-3e1b-ac5b-05c8867e762c,outpatient,185345009,Encounter for sym ptom (procedure),83.05,83.05,0.00,65363002,Otitis media (disorder)
23c94034-f050-04d5-cbfa-81e28ba3da9b,2024-11-03T07:02:46Z,2024-11-03T07:17:46Z,23c94034-f050-04d5-c5a3-2d42bf3ccc7f,ffe115f0-752c-3724-b986-57f9df18078a,154361de-b3c9-3674-8ff3-0f420192988a,26aab0cd-6aba-3e1b-ac5b-05c8867e762c,wellness,410620009,Well child visit (procedure),171.78,451.06,0.00,,
23c94034-f050-04d5-f506-de266e960edf,2026-04-12T07:02:46Z,2026-04-12T07:17:46Z,23c94034-f050-04d5-c5a3-2d42bf3ccc7f,ffe115f0-752c-3724-b986-57f9df18078a,154361de-b3c9-3674-8ff3-0f420192988a,26aab0cd-6aba-3e1b-ac5b-05c8867e762c,wellness,410620009,,171.78,307.78,0.00,,
3236b1f8-2bc1-3e38-028c-16b76416d713,2019-10-29T14:48:26Z,2019-10-29T15:29:25Z,3236b1f8-2bc1-3e38-c539-a29407c6a206,30721694-3390-3f48-a696-946a05b94968,13b774a4-f1f1-35fc-9c15-337161433bbe,a735bf55-83e9-331a-899d-a82a60b9f60c,ambulatory,371883000,Outpatient procedure (procedure),138,29599.55,23679.64,609328004,Allergic disposition (finding)
3236b1f8-2bc1-3e38-02e5-7bafa70ee4ec,2018-06-07T11:57:07Z,2018-06-07T12:20:10Z,3236b1f8-2bc1-3e38-c539-a29407c6a206,30721694-3390-3f48-a696-946a05b94968,13b774a4-f1f1-35fc-9c15-337161433bbe,a735bf55-83e9-331a-899d-a82a60b9f60c,ambulatory,371883000,Outpatient procedure (procedure),138.42,29599.55,23679.64,609328004,Allergic disposition (finding)
3236b1f8-2bc1-3e38-03f1-cbbfde4a1014,2026-02-10T21:01:14Z,2026-02-10T21:16:14Z,3236b1f8-2bc1-3e38-c539-a29407c6a206,30721694-3390-3f48-a696-946a05b94968,13b774a4-f1f1-35fc-9c15-337161433bbe,26aab0cd-6aba-3e1b-ac5b-05c8867e762c,outpatient,698314001,Consultation for treatment (procedure),138.42,138.42,0.00,389095005,Contraception care (regime/therapy)
3236b1f8-2bc1-3e38-0714-1929e79f1e59,2018-06-30T12:20:10Z,2018-06-30T12:57:56Z,3236b1f8-2bc1-3e38-c539-a29407c6a206,30721694-3390-3f48-a696-946a05b94968,13b774a4-f1f1-35fc-9c15-337161433bbe,a735bf55-83e9-331a-899d-a82a60b9f60c,ambulatory,371883000,Outpatient procedure (procedure),138.42,13934.33,11147.47,609328004,Allergic disposition (finding)
3236b1f8-2bc1-3e38-09c5-bbf3f76e66fd,2017-09-27T05:21:48Z,2017-09-27T06:06:39Z,3236b1f8-2bc1-3e38-c539-a29407c6a206,30721694-3390-3f48-a696-946a05b94968,13b774a4-f1f1-35fc-9c15-337161433bbe,a735bf55-83e9-331a-899d-a82a60b9f60c,ambulatory,371883000,Outpatient procedure (procedure),138.42,7911.24,6329.00,609328004,Allergic disposition (finding)
3236b1f8-2bc1-3e38-0ae6-e252dce768b0,2018-03-31T10:15:51Z,2018-03-31T10:34:23Z,3236b1f8-2bc1-3e38-c539-a29407c6a206,30721694-3390-3f48-a696-946a05b94968,13b774a4-f1f1-35fc-9c15-337161433bbe,a735bf55-83e9-331a-899d-a82a60b9f60c,ambulatory,371883000,Outpatient procedure (procedure),138.42,10004.61,8003.69,609328004,Allergic disposition (finding)
3236b1f8-2bc1-3e38-0ba2-ecf9a70a2a61,2019-03-15T04:52:26Z,2019-03-15T05:07:26Z,3236b1f8-2bc1-3e38-c539-a29407c6a206,30721694-3390-3f48-a696-946a05b94968,13b774a4-f1f1-35fc-9c15-337161433bbe,a735bf55-83e9-331a-899d-a82a60b9f60c,ambulatory,185345009,Encounter for symptom (procedure),83.05,83.05,66.44,75498004,Acute bacterial sinusitis (disorder)
3236b1f8-2bc1-3e38-0d9f-b5674c00c141,2016-09-16T04:52:26Z,2016-09-16T05:07:26Z,3236b1f8-2bc1-3e38-c539-a29407c6a206,581a8572-6b21-32e1-84bb-7d82fc6c047c,b73d5fef-7a76-334c-af1c-4d3803aa6288,a735bf55-83e9-331a-899d-a82a60b9f60c,wellness,410620009,Well child visit (procedure),171.78,1064.22,664.97,,
3236b1f8-2bc1-3e38-0df9-9b7c42b44234,2022-12-23T04:52:26Z,2022-12-23T05:07:26Z,3236b1f8-2bc1-3e38-c539-a29407c6a206,30721694-3390-3f48-a696-946a05b94968,13b774a4-f1f1-35fc-9c15-337161433bbe,26aab0cd-6aba-3e1b-ac5b-05c8867e762c,ambulatory,424619006,Prenatal visit (regime/therapy),138.42,,7884.95,72892002,Normal pregnancy (finding)
3236b1f8-2bc1-3e38-0f7e-0644792aeef4,2019-12-15T16:13:38Z,2019-12-15T16:59:31Z,3236b1f8-2bc1-3e38-c539-a29407c6a206,30721694-3390-3f48-a696-946a05b94968,13b774a4-f1f1-35fc-9c15-337161433bbe,a735bf55-83e9-331a-899d-a82a60b9f60c,ambulatory,371883000,Outpatient procedure (procedure),138.42,17771.56,14217.25,609328004,Allergic disposition (finding)
3236b1f8-2bc1-3e38-14ae-bc063cd29ce2,2020-04-15T00:52:26Z,2020-04-15T06:12:26Z,3236b1f8-2bc1-3e38-c539-a29407c6a206,d503ca3a-4000-3a9c-b21c-ed80a23da354,5ece97a8-0332-39a6-a070-70c0a727b695,a735bf55-83e9-331a-899d-a82a60b9f60c,emergency,50849002,Emergency room admission (procedure),165.00,1758.94,1407.15,241929008,Acute allergic reaction (disorder)
3236b1f8-2bc1-3e38-14ae-beaedb596124,2022-07-29T04:52:26Z,2022-07-29T05:07:26Z,3236b1f8-2bc1-3e38-c539-a29407c6a206,30721694-3390-3f48-a696-946a05b94968,13b774a4-f1f1-35fc-9c15-337161433bbe,a735bf55-83e9-331a-899d-a82a60b9f60c,ambulatory,424619006,Prenatal visit (regime/therapy),138.42,13834.83,11067.87,72892002,Normal pregnancy (finding)
3236b1f8-2bc1-3e38-17d8-75a175a81bab,2022-09-23T04:52:26Z,2022-09-23T05:07:26Z,3236b1f8-2bc1-3e38-c539-a29407c6a206,30721694-3390-3f48-a696-946a05b94968,13b774a4-f1f1-35fc-9c15-337161433bbe,26aab0cd-6aba-3e1b-ac5b-05c8867e762c,ambulatory,424619006,Prenatal visit (regime/therapy),138.42,16402.51,6185.11,72892002,Normal pregnancy (finding)
3236b1f8-2bc1-3e38-21a6-378f0d63fbca,2018-05-13T10:58:01Z,2018-05-13T11:57:07Z,3236b1f8-2bc1-3e38-c539-a29407c6a206,30721694-3390-3f48-a696-946a05b94968,13b774a4-f1f1-35fc-9c15-337161433bbe,a735bf55-83e9-331a-899d-a82a60b9f60c,ambulatory,371883000,Outpatient procedure (procedure),138.42,7503.70,6002.96,609328004,Allergic disposition (finding)
3236b1f8-2bc1-3e38-2622-d23d74276c3e,2019-03-22T04:52:26Z,2019-03-22T07:13:10Z,3236b1f8-2bc1-3e38-c539-a29407c6a206,30721694-3390-3f48-a696-946a05b94968,13b774a4-f1f1-35fc-9c15-337161433bbe,a735bf55-83e9-331a-899d-a82a60b9f60c,ambulatory,185349003,Encounter for check up (procedure),83.05,4426.13,3540.89,103697008,Patient referral for dental care (procedure)
3236b1f8-2bc1-3e38-286b-7559997f666d,2018-10-26T04:52:26Z,2018-10-26T05:51:48Z,3236b1f8-2bc1-3e38-c539-a29407c6a206,30721694-3390-3f48-a696-946a05b94968,13b774a4-f1f1-35fc-9c15-337161433bbe,a735bf55-83e9-331a-899d-a82a60b9f60c,ambulatory,371883000,Outpatient procedure (procedure),138.42,17792.85,14234.28,609328004,Allergic disposition (finding)
3236b1f8-2bc1-3e38-28ae-2bd6d1bd92fc,2021-10-15T04:52:26Z,2021-10-15T05:09:23Z,3236b1f8-2bc1-3e38-c539-a29407c6a206,581a8572-6b21-32e1-84bb-7d82fc6c047c,b73d5fef-7a76-334c-af1c-4d3803aa6288,a735bf55-83e9-331a-899d-a82a60b9f60c,wellness,410620009,Well child visit (procedure),171.78,2169.11,1735.28,,
3236b1f8-2bc1-3e38-2cb0-529751754ced,2017-10-06T04:52:26Z,2017-10-06T07:42:42Z,3236b1f8-2bc1-3e38-c539-a29407c6a206,30721694-3390-3f48-a696-946a05b94968,13b774a4-f1f1-35fc-9c15-337161433bbe,a735bf55-83e9-331a-899d-a82a60b9f60c,ambulatory,185349003,Encounter for check up (procedure),83.05,4426.13,3540.89,103697008,Patient referral for dental care (procedure)
3236b1f8-2bc1-3e38-2e60-c6c444f95d8c,2021-01-21T03:22:40Z,2021-01-21T04:08:06Z,3236b1f8-2bc1-3e38-c539-a29407c6a206,30721694-3390-3f48-a696-946a05b94968,13b774a4-f1f1-35fc-9c15-337161433bbe,a735bf55-83e9-331a-899d-a82a60b9f60c,ambulatory,371883000,Outpatient procedure (procedure),138.42,22786.64,18229.32,609328004,Allergic disposition (finding)
3236b1f8-2bc1-3e38-30d3-ce65dfff3bee,2023-01-06T04:52:26Z,2023-01-06T05:52:26Z,3236b1f8-2bc1-3e38-c539-a29407c6a206,d503ca3a-4000-3a9c-b21c-ed80a23da354,5ece97a8-0332-39a6-a070-70c0a727b695,26aab0cd-6aba-3e1b-ac5b-05c8867e762c,emergency,183460006,Obstetric emergency hospital admission (procedure),165.00,14293.38,14293.38,72892002,Normal pregnancy (finding)
3236b1f8-2bc1-3e38-33b5-4275242e8154,2018-12-16T06:13:28Z,2018-12-16T06:51:49Z,3236b1f8-2bc1-3e38-c539-a29407c6a206,30721694-3390-3f48-a696-946a05b94968,13b774a4-f1f1-35fc-9c15-337161433bbe,a735bf55-83e9-331a-899d-a82a60b9f60c,ambulatory,371883000,Outpatient procedure (procedure),138.42,7504,6002.96,609328004,Allergic disposition (finding)
3236b1f8-2bc1-3e38-33c5-ec6c60971d78,2023-06-10T18:52:26Z,2023-06-10T19:07:26Z,3236b1f8-2bc1-3e38-c539-a29407c6a206,30721694-3390-3f48-a696-946a05b94968,13b774a4-f1f1-35fc-9c15-337161433bbe,26aab0cd-6aba-3e1b-ac5b-05c8867e762c,ambulatory,185345009,Encounter for symptom (procedure),83.05,83.05,83.05,444814009,Viral sinusitis (disorder)
3236b1f8-2bc1-3e38-34b1-00bcaca02a61,2019-06-04T10:59:54Z,2019-06-04T11:33:19Z,3236b1f8-2bc1-3e38-c539-a29407c6a206,30721694-3390-3f48-a696-946a05b94968,13b774a4-f1f1-35fc-9c15-337161433bbe,a735bf55-83e9-331a-899d-a82a60b9f60c,ambulatory,371883000,Outpatient procedure ( procedure),138.42,7503.70,6002.96,609328004,Allergic disposition (finding)
3236b1f8-2bc1-3e38-34f6-3276ed013813,2010-04-03T04:52:26Z,2010-04-03T05:07:26Z,3236b1f8-2bc1-3e38-c539-a29407c6a206,30721694-3390-3f48-a696-946a05b94968,13b774a4-f1f1-35fc-9c15-337161433bbe,a735bf55-83e9-331a-899d-a82a60b9f60c,ambulatory,185345009,Encounter for symptom (procedure),83.05,83.05,66.44,232353008,Perennial allergic rhinitis with seasonal variation (disorder)
3236b1f8-2bc1-3e38-3557-067c2f27500c,2021-08-30T09:31:44Z,2021-08-30T09:51:44Z,3236b1f8-2bc1-3e38-c539-a29407c6a206,30721694-3390-3f48-a696-946a05b94968,13b774a4-f1f1-35fc-9c15-337161433bbe,a735bf55-83e9-331a-899d-a82a60b9f60c,ambulatory,371883000,Outpatient procedure (procedure),138.42,23245.68,18410.14,609328004,Allergic disposition (finding)
3236b1f8-2bc1-3e38-3d91-d11189716f10,2019-10-07T14:31:55Z,2019-10-07T14:48:26Z,3236b1f8-2bc1-3e38-c539-a29407c6a206,30721694-3390-3f48-a696-946a05b94968,13b774a4-f1f1-35fc-9c15-337161433bbe,a735bf55-83e9-331a-899d-a82a60b9f60c,ambulatory,371883000,,138.42,16009.45,12807.56,609328004,Allergic disposition (finding)
3236b1f8-2bc1-3e38-4061-ad02b2075f31,2021-10-16T10:48:13Z,2021-10-16T11:23:24Z,3236b1f8-2bc1-3e38-c539-a29407c6a206,30721694-3390-3f48-a696-946a05b94968,13b774a4-f1f1-35fc-9c15-337161433bbe,a735bf55-83e9-331a-899d-a82a60b9f60c,ambulatory,170838006,Allergic disorder follow-up assessment (regime/therapy),138.42,758.86,607.09,609328004,Allergic disposition (finding)
3236b1f8-2bc1-3e38-41c8-b14fde7c0909,2021-03-16T04:40:45Z,2021-03-16T05:16:28Z,3236b1f8-2bc1-3e38-c539-a29407c6a206,30721694-3390-3f48-a696-946a05b94968,13b774a4-f1f1-35fc-9c15-337161433bbe,a735bf55-83e9-331a-899d-a82a60b9f60c,ambulatory,371883000,Outpatient procedure (procedure),138.42,8036.88,6429.51,609328004,Allergic disposition (finding)
3236b1f8-2bc1-3e38-422b-a9a7d3a1ef44,2020-02-03T17:26:55Z,2020-02-03T17:59:57Z,3236b1f8-2bc1-3e38-c539-a29407c6a206,30721694-3390-3f48-a696-946a05b94968,13b774a4-f1f1-35fc-9c15-337161433bbe,a735bf55-83e9-331a-899d-a82a60b9f60c,ambulatory,371883000,Outpatient procedure (procedure),138.42,28460.97,22768.78,609328004,Allergic disposition (finding)
3236b1f8-2bc1-3e38-429b-672bec154348,2020-06-07T21:08:19Z,2020-06-07T21:47:03Z,3236b1f8-2bc1-3e38-c539-a29407c6a206,30721694-3390-3f48-a696-946a05b94968,13b774a4-f1f1-35fc-9c15-337161433bbe,a735bf55-83e9-331a-899d-a82a60b9f60c,ambulatory,371883000,Outpatient procedure (procedure),138.42,7503.70,6002.96,609328004,Allergic disposition (finding)
3236b1f8-2bc1-3e38-4346-bd2b998691df,2005-08-12T00:52:26Z,2005-08-12T01:07:26Z,3236b1f8-2bc1-3e38-c539-a29407c6a206,30721694-3390-3f48-a696-946a05b94968,13b774a4-f1f1-35fc-9c15-337161433bbe,e03e23c9-4df1-3eb6-a62d-f70f02301496,ambulatory,185347001,Encounter for problem (procedure),83.05,83.05,0.00,735971005,Fish (substance)
3236b1f8-2bc1-3e38-43c5-2e38845e60b4,2021-08-07T08:36:52Z,2021-08-07T09:31:44Z,3236b1f8-2bc1-3e38-c539-a29407c6a206,30721694-3390-3f48-a696-946a05b94968,13b774a4-f1f1-35fc-9c15-337161433bbe,a735bf55-83e9-331a-899d-a82a60b9f60c,ambulatory,371883000,Outpatient procedure (procedure),138.42,7503.70,6002.96,609328004,Allergic disposition (finding)
3236b1f8-2bc1-3e38-4eab-de414868df6b,2019-04-13T09:49:44Z,2019-04-13T10:16:01Z,3236b1f8-2bc1-3e38-c539-a29407c6a206,30721694-3390-3f48-a696-946a05b94968,13b774a4-f1f1-35fc-9c15-337161433bbe,a735bf55-83e9-331a-899d-a82a60b9f60c,ambulatory,371883000,Outpatient procedure (procedure),138.42,29549.55,23639.64,609328004,Allergic disposition (finding)
3236b1f8-2bc1-3e38-4f5f-c9be38cc11e7,2020-10-09T04:52:26Z,2020-10-09T05:16:53Z,3236b1f8-2bc1-3e38-c539-a29407c6a206,581a8572-6b21-32e1-84bb-7d82fc6c047c,b73d5fef-7a76-334c-af1c-4d3803aa6288,a735bf55-83e9-331a-899d-a82a60b9f60c,wellness,410620009,Well child visit (procedure),171.78,1207.50,965.99,,
3236b1f8-2bc1-3e38-4f97-fe6e2458aa42,2020-04-22T19:18:28Z,2020-04-22T20:08:46Z,3236b1f8-2bc1-3e38-c539-a29407c6a206,30721694-3390-3f48-a696-946a05b94968,13b774a4-f1f1-35fc-9c15-337161433bbe,a735bf55-83e9-331a-899d-a82a60b9f60c,ambulatory,371883000,Outpatient procedure (procedure),138.42,29599.55,23679.64,609328004,Allergic disposition (finding)
3236b1f8-2bc1-3e38-5322-1a4f43e5ab10,2021-05-28T06:26:57Z,2021-05-28T06:47:45Z,3236b1f8-2bc1-3e38-c539-a29407c6a206,30721694-3390-3f48-a696-946a05b94968,13b774a4-f1f1-35fc-9c15-337161433bbe,a735bf55-83e9-331a-899d-a82a60b9f60c,ambulatory,371883000,Outpatient procedure (procedure),138.42,24307.26,19445.81,609328004,Allergic disposition (finding)
3236b1f8-2bc1-3e38-5a5b-9bee99ae2ca8,2020-11-06T01:36:19Z,2020-11-06T02:29:50Z,3236b1f8-2bc1-3e38-c539-a29407c6a206,30721694-3390-3f48-a696-946a05b94968,13b774a4-f1f1-35fc-9c15-337161433bbe,a735bf55-83e9-331a-899d-a82a60b9f60c,ambulatory,371883000,Outpatient procedure (procedure),138.42,12930.5100,10344.41,609328004,Allergic disposition (finding)
3236b1f8-2bc1-3e38-6182-2f9bb6b31ef2,2018-03-05T09:43:22Z,2018-03-05T10:15:51Z,3236b1f8-2bc1-3e38-c539-a29407c6a206,30721694-3390-3f48-a696-946a05b94968,13b774a4-f1f1-35fc-9c15-337161433bbe,a735bf55-83e9-331a-899d-a82a60b9f60c,ambulatory,371883000,,138.42,26271.62,21017.30,609328004,Allergic disposition (finding)
3236b1f8-2bc1-3e38-61df-c886db52651d,2022-06-03T04:52:26Z,2022-06-03T05:07:26Z,3236b1f8-2bc1-3e38-c539-a29407c6a206,30721694-3390-3f48-a696-946a05b94968,13b774a4-f1f1-35fc-9c15-337161433bbe,a735bf55-83e9-331a-899d-a82a60b9f60c,ambulatory,424441002,Prenatal initial visit (regime/therapy),138.42,62728.12,50182.50,72892002,Normal pregnancy (finding)
3236b1f8-2bc1-3e38-622e-b7ba6571c2d8,2021-05-07T06:10:33Z,2021-05-07T06:26:57Z,3236b1f8-2bc1-3e38-c539-a29407c6a206,30721694-3390-3f48-a696-946a05b94968,13b774a4-f1f1-35fc-9c15-337161433bbe,a735bf55-83e9-331a-899d-a82a60b9f60c,ambulatory,371883000,Outpatient procedure (procedure),138.42,7503.70,6002.96,609328004,Allergic disposition (finding)
3236b1f8-2bc1-3e38-6269-ec7669456155,2019-10-18T04:52:26Z,2019-10-18T08:32:15Z,3236b1f8-2bc1-3e38-c539-a29407c6a206,30721694-3390-3f48-a696-946a05b94968,13b774a4-f1f1-35fc-9c15-337161433bbe,a735bf55-83e9-331a-899d-a82a60b9f60c,ambulatory,185349003,Encounter for check up (procedure),83.05,5046.57,4037.24,66383009,Gingivitis (disorder)
3236b1f8-2bc1-3e38-67b0-1da917700587,2018-11-21T05:51:48Z,2018-11-21T06:13:28Z,3236b1f8-2bc1-3e38-c539-a29407c6a206,30721694-3390-3f48-a696-946a05b94968,13b774a4-f1f1-35fc-9c15-337161433bbe,a735bf55-83e9-331a-899d-a82a60b9f60c,ambulatory,371883000,Outpatient procedure (procedure),138.42,26356.66,21085.33,609328004,Allergic disposition (finding)
3236b1f8-2bc1-3e38-6d47-52dc715504fb,2019-03-08T04:52:26Z,2019-03-08T05:07:26Z,3236b1f8-2bc1-3e38-c539-a29407c6a206,30721694-3390-3f48-a696-946a05b94968,13b774a4-f1f1-35fc-9c15-337161433bbe,a735bf55-83e9-331a-899d-a82a60b9f60c,outpatient,185349003,Encounter for check up (procedure),83.05,1149.71,919.77,,
3236b1f8-2bc1-3e38-7023-169a16403d03,2019-09-11T13:34:21Z,2019-09-11T14:31:55Z,3236b1f8-2bc1-3e38-c539-a29407c6a206,30721694-3390-3f48-a696-946a05b94968,13b774a4-f1f1-35fc-9c15-337161433bbe,a735bf55-83e9-331a-899d-a82a60b9f60c,ambulatory,371883000,Outpatient procedure (procedure),138.42,7783.28,6226.63,609328004,Allergic disposition (finding)
3236b1f8-2bc1-3e38-72c9-cb13cc25c31c,2021-04-11T05:16:28Z,2021-04-11T06:10:33Z,3236b1f8-2bc1-3e38-c539-a29407c6a206,30721694-3390-3f48-a696-946a05b94968,13b774a4-f1f1-35fc-9c15-337161433bbe,a735bf55-83e9-331a-899d-a82a60b9f60c,ambulatory,371883000,Outpatient procedure (procedure),138.42,16352.31,13081.85,609328004,Allergic disposition (finding)
3236b1f8-2bc1-3e38-749f-31d065ad9572,2017-10-20T06:06:39Z,2017-10-20T06:52:54Z,3236b1f8-2bc1-3e38-c539-a29407c6a206,30721694-3390-3f48-a696-946a05b94968,13b774a4-f1f1-35fc-9c15-337161433bbe,a735bf55-83e9-331a-899d-a82a60b9f60c,ambulatory,371883000,Outpatient procedure (procedure),138.42,18759.10,15007.28,609328004,Allergic disposition (finding)
3236b1f8-2bc1-3e38-75c0-98b22eb26ebb,2019-03-18T08:57:30Z,2019-03-18T09:49:44Z,3236b1f8-2bc1-3e38-c539-a29407c6a206,30721694-3390-3f48-a696-946a05b94968,13b774a4-f1f1-35fc-9c15-337161433bbe,a735bf55-83e9-331a-899d-a82a60b9f60c,ambulatory,371883000,Outpatient procedure (procedure),138.42,7503.70,6002.96,609328004,Allergic disposition (finding)
3236b1f8-2bc1-3e38-7774-b2b5b510b926,2005-08-25T18:52:26Z,2005-08-25T19:16:23Z,3236b1f8-2bc1-3e38-c539-a29407c6a206,30721694-3390-3f48-a696-946a05b94968,13b774a4-f1f1-35fc-9c15-337161433bbe,e03e23c9-4df1-3eb6-a62d-f70f02301496,ambulatory,185347001,Encounter for problem (procedure),83.05,,0.00,609328004,Allergic disposition (finding)
3236b1f8-2bc1-3e38-77a8-b2d768d01922,2025-02-13T04:52:26Z,2025-02-13T05:07:26Z,3236b1f8-2bc1-3e38-c539-a29407c6a206,30721694-3390-3f48-a696-946a05b94968,13b774a4-f1f1-35fc-9c15-337161433bbe,26aab0cd-6aba-3e1b-ac5b-05c8867e762c,outpatient,698314001,Consultation for treatment (procedure),138.42,138.42,0.00,389095005,Contraception care (regime/therapy)
3236b1f8-2bc1-3e38-7e68-7b254ba61f2e,2018-08-27T05:50:47Z,2018-08-27T06:35:34Z,3236b1f8-2bc1-3e38-c539-a29407c6a206,30721694-3390-3f48-a696-946a05b94968,13b774a4-f1f1-35fc-9c15-337161433bbe,a735bf55-83e9-331a-899d-a82a60b9f60c,ambulatory,371883000,Outpatient procedure (procedure),138.42,13927.01,11141.61,609328004,Allergic disposition (finding)
3236b1f8-2bc1-3e38-7e80-b9e0697ae1ce,2019-05-09T10:16:01Z,2019-05-09T10:59:54Z,3236b1f8-2bc1-3e38-c539-a29407c6a206,30721694-3390-3f48-a696-946a05b94968,13b774a4-f1f1-35fc-9c15-337161433bbe,a735bf55-83e9-331a-899d-a82a60b9f60c,ambulatory,371883000,Outpatient procedure (procedure),138.42,18078.79,14463.04,609328004,Allergic disposition (finding)
3236b1f8-2bc1-3e38-810f-4ec6c376038c,2022-08-26T04:52:26Z,2022-08-26T05:07:26Z,3236b1f8-2bc1-3e38-c539-a29407c6a206,30721694-3390-3f48-a696-946a05b94968,13b774a4-f1f1-35fc-9c15-337161433bbe,a735bf55-83e9-331a-899d-a82a60b9f60c,ambulatory,424619006,Prenatal visit (regime/therapy),138.42,17794.96,14235.98,72892002,Normal pregnancy (finding)
3236b1f8-2bc1-3e38-86e9-237a984ef5e0,2018-07-27T04:52:26Z,2018-07-27T05:15:11Z,3236b1f8-2bc1-3e38-c539-a29407c6a206,30721694-3390-3f48-a696-946a05b94968,13b774a4-f1f1-35fc-9c15-337161433bbe,a735bf55-83e9-331a-899d-a82a60b9f60c,outpatient,185349003,,83.05,839.49,671.59,,
3236b1f8-2bc1-3e38-8881-a34c2ee49160,2019-07-20T12:13:56Z,2019-07-20T13:10:57Z,3236b1f8-2bc1-3e38-c539-a29407c6a206,30721694-3390-3f48-a696-946a05b94968,a1b67115-6579-4ff6-aa25-05e50b30db41,a735bf55-83e9-331a-899d-a82a60b9f60c,ambulatory,371883000,Outpatient procedure (procedure),138.42,20963.74,16771.00,609328004,Allergic disposition (finding)
3236b1f8-2bc1-3e38-8b11-d3fd10e5d637,2018-09-28T04:52:26Z,2018-09-28T05:19:46Z,3236b1f8-2bc1-3e38-c539-a29407c6a206,581a8572-6b21-32e1-84bb-7d82fc6c047c,b73d5fef-7a76-334c-af1c-4d3803aa6288,a735bf55-83e9-331a-899d-a82a60b9f60c,wellness,410620009,,171.78,,633.77,,
3236b1f8-2bc1-3e38-8b74-a8094baa0b25,2017-11-11T06:52:54Z,2017-11-11T07:34:38Z,3236b1f8-2bc1-3e38-c539-a29407c6a206,30721694-3390-3f48-a696-946a05b94968,13b774a4-f1f1-35fc-9c15-337161433bbe,a735bf55-83e9-331a-899d-a82a60b9f60c,ambulatory,371883000,Outpatient procedure (procedure),138.42,7503.70,6002.96,609328004,Allergic disposition (finding)
3236b1f8-2bc1-3e38-8ce3-59cf699d85b8,2023-02-24T04:52:26Z,2023-02-24T05:07:26Z,3236b1f8-2bc1-3e38-c539-a29407c6a206,30721694-3390-3f48-a696-946a05b94968,13b774a4-f1f1-35fc-9c15-337161433bbe,26aab0cd-6aba-3e1b-ac5b-05c8867e762c,outpatient,698314001,Consultation for treatment (procedure),138.42,138.42,138.42,389095005,Contraception care (regime/therapy)
3236b1f8-2bc1-3e38-8d98-3a7543a8a65e,2018-08-27T04:52:26Z,2018-08-27T05:07:26Z,3236b1f8-2bc1-3e38-c539-a29407c6a206,30721694-3390-3f48-a696-946a05b94968,13b774a4-f1f1-35fc-9c15-337161433bbe,a735bf55-83e9-331a-899d-a82a60b9f60c,outpatient,698314001,Consultation for treatment (procedure),138.42,138.42,110.74,389095005,Contraception care (regime/therapy)
3236b1f8-2bc1-3e38-8e0b-c87e63eb56f2,2019-08-31T23:16:05Z,2019-09-01T01:45:09Z,3236b1f8-2bc1-3e38-c539-a29407c6a206,d503ca3a-4000-3a9c-b21c-ed80a23da354,5ece97a8-0332-39a6-a070-70c0a727b695,a735bf55-83e9-331a-899d-a82a60b9f60c,emergency,185345009,Encounter for symptom (procedure),99.00,6446.68,5157.32,307426000,Acute infective cystitis (disorder)
3236b1f8-2bc1-3e38-9031-02cbc8c268e0,2019-01-08T06:51:49Z,2019-01-08T07:38:00Z,3236b1f8-2bc1-3e38-c539-a29407c6a206,30721694-3390-3f48-a696-946a05b94968,13b774a4-f1f1-35fc-9c15-337161433bbe,a735bf55-83e9-331a-899d-a82a60b9f60c,ambulatory,371883000,Outpatient procedure (procedure),138.42,8908.57,7126.86,609328004,Allergic disposition (finding)
3236b1f8-2bc1-3e38-9065-d833ad1d12ef,2018-02-12T09:20:00Z,2018-02-12T09:43:22Z,3236b1f8-2bc1-3e38-c539-a29407c6a206,30721694-3390-3f48-a696-946a05b94968,13b774a4-f1f1-35fc-9c15-337161433bbe,a735bf55-83e9-331a-899d-a82a60b9f60c,ambulatory,371883000,Outpatient procedure (procedure),138.42,29599.55,23679.64,609328004,Allergic disposition (finding)
3236b1f8-2bc1-3e38-921a-8a5fe438912b,2020-08-16T04:52:26Z,2020-08-16T05:07:26Z,3236b1f8-2bc1-3e38-c539-a29407c6a206,30721694-3390-3f48-a696-946a05b94968,13b774a4-f1f1-35fc-9c15-337161433bbe,a735bf55-83e9-331a-899d-a82a60b9f60c,outpatient,698314001,Consultation for treatment (procedure),138.42,138.42,110.74,389095005,Contraception care (regime/therapy)
3236b1f8-2bc1-3e38-9289-03b17dae4dff,2022-13-01T04:52:26Z,2022-07-01T05:07:26Z,3236b1f8-2bc1-3e38-c539-a29407c6a206,30721694-3390-3f48-a696-946a05b94968,13b774a4-f1f1-35fc-9c15-337161433bbe,a735bf55-83e9-331a-899d-a82a60b9f60c,ambulatory,424619006,Prenatal visit (regime/therapy),138.42,7884.95,6307.97,72892002,Normal pregnancy (finding)
3236b1f8-2bc1-3e38-92c1-aeff291ef3a9,2020-08-20T22:57:37Z,2020-08-20T23:54:39Z,3236b1f8-2bc1-3e38-c539-a29407c6a206,30721694-3390-3f48-a696-946a05b94968,13b774a4-f1f1-35fc-9c15-337161433bbe,a735bf55-83e9-331a-899d-a82a60b9f60c,ambulatory,371883000,Outpatient procedure (procedure),138.42,29599.55,23679.64,609328004,Allergic disposition (finding)
3236b1f8-2bc1-3e38-9395-011cfc56f1eb,2025-02-15T19:52:26Z,2025-02-15T21:01:14Z,3236b1f8-2bc1-3e38-c539-a29407c6a206,30721694-3390-3f48-a696-946a05b94968,13b774a4-f1f1-35fc-9c15-337161433bbe,26aab0cd-6aba-3e1b-ac5b-05c8867e762c,outpatient,308335008,Patient encounter procedure (procedure),138.42,5762.36,0.00,389095005,Contraception care (regime/therapy)
3236b1f8-2bc1-3e38-9626-c1c9f54c0d56,2020-01-11T16:59:31Z,2020-01-11T17:26:55Z,3236b1f8-2bc1-3e38-c539-a29407c6a206,30721694-3390-3f48-a696-946a05b94968,13b774a4-f1f1-35fc-9c15-337161433bbe,a735bf55-83e9-331a-899d-a82a60b9f60c,ambulatory,371883000,Outpatient procedure (procedure),138.42,7503.70,6002.96,609328004,Allergic disposition (finding)
3236b1f8-2bc1-3e38-965d-adaa199ad1e1,2023-02-17T04:52:26Z,2023-02-17T05:07:26Z,3236b1f8-2bc1-3e38-c539-a29407c6a206,30721694-3390-3f48-a696-946a05b94968,13b774a4-f1f1-35fc-9c15-337161433bbe,26aab0cd-6aba-3e1b-ac5b-05c8867e762c,ambulatory,169762003,Postnatal visit (regime/therapy),138.42,1379.30,1379.30,,
3236b1f8-2bc1-3e38-96e3-4b55e1ed77db,2019-08-30T04:52:26Z,2019-08-30T07:16:05Z,3236b1f8-2bc1-3e38-c539-a29407c6a206,c354fe89-c7bd-45b1-8f78-5e3e42bc0b31,5ece97a8-0332-39a6-a070-70c0a727b695,a735bf55-83e9-331a-899d-a82a60b9f60c,emergency,185345009,Encounter for symptom (procedure),99.00,6446.68,5157.32,307426000,Acute infective cystitis (disorder)
3236b1f8-2bc1-3e38-98a1-98d6f988ad5b,2023-11-10T04:52:26Z,2023-11-10T07:50:47Z,3236b1f8-2bc1-3e38-c539-a29407c6a206,30721694-3390-3f48-a696-946a05b94968,13b774a4-f1f1-35fc-9c15-337161433bbe,26aab0cd-6aba-3e1b-ac5b-05c8867e762c,ambulatory,185349003,Encounter for check up (procedure),83.05,5667.01,448.32,103697008,Patient referral for dental care (procedure)
3236b1f8-2bc1-3e38-9a5c-62be8771fad8,2021-09-23T09:51:44Z,2021-09-23T10:48:13Z,3236b1f8-2bc1-3e38-c539-a29407c6a206,30721694-3390-3f48-a696-946a05b94968,13b774a4-f1f1-35fc-9c15-337161433bbe,a735bf55-83e9-331a-899d-a82a60b9f60c,ambulatory,371883000,Outpatient procedure (procedure),138.42,16420.02,13136.02,609328004,Allergic disposition (finding)
3236b1f8-2bc1-3e38-9b70-6e04c0b339a2,2020-07-25T22:29:20Z,2020-07-25T22:57:37Z,3236b1f8-2bc1-3e38-c539-a29407c6a206,30721694-3390-3f48-a696-946a05b94968,13b774a4-f1f1-35fc-9c15-337161433bbe,a735bf55-83e9-331a-899d-a82a60b9f60c,ambulatory,371883000,Outpatient procedure (procedure),138.42,8299.21,6639.37,609328004,Allergic disposition (finding)
3236b1f8-2bc1-3e38-a09c-1433b96011c8,2017-12-12T04:52:26Z,2017-12-12T05:52:26Z,3236b1f8-2bc1-3e38-c539-a29407c6a206,d503ca3a-4000-3a9c-b21c-ed80a23da354,5ece97a8-0332-39a6-a070-70c0a727b695,a735bf55-83e9-331a-899d-a82a60b9f60c,emergency,50849002,Emergency room admission (procedure),165.00,5910.29,4728.23,312608009,Laceration - injury (disorder)
3236b1f8-2bc1-3e38-a44a-b0af462cef03,2017-09-22T04:52:26Z,2017-09-22T05:11:22Z,3236b1f8-2bc1-3e38-c539-a29407c6a206,581a8572-6b21-32e1-84bb-7d82fc6c047c,b73d5fef-7a76-334c-af1c-4d3803aa6288,a735bf55-83e9-331a-899d-a82a60b9f60c,wellness,410620009,Well child visit (procedure),171.78,1064.22,851.37,,
3236b1f8-2bc1-3e38-a579-959ecf594fff,2020-03-26T18:21:49Z,2020-03-26T19:18:28Z,3236b1f8-2bc1-3e38-c539-a29407c6a206,30721694-3390-3f48-a696-946a05b94968,13b774a4-f1f1-35fc-9c15-337161433bbe,a735bf55-83e9-331a-899d-a82a60b9f60c,ambulatory,371883000,Outpatient procedure (procedure),138.42,7503.70,6002.96,609328004,Allergic disposition (finding)
3236b1f8-2bc1-3e38-a5ff-a942c7cc9c7f,2005-03-11T04:52:26Z,2005-03-11T05:07:26Z,3236b1f8-2bc1-3e38-c539-a29407c6a206,30721694-3390-3f48-a696-946a05b94968,13b774a4-f1f1-35fc-9c15-337161433bbe,e03e23c9-4df1-3eb6-a62d-f70f02301496,ambulatory,185347001,Encounter for problem (procedure),83.05,83.05,0.00,24079001,Atopic dermatitis (disorder)
3236b1f8-2bc1-3e38-ae56-76208a6046cf,2021-02-17T04:08:06Z,2021-02-17T04:40:45Z,3236b1f8-2bc1-3e38-c539-a29407c6a206,30721694-3390-3f48-a696-946a05b94968,13b774a4-f1f1-35fc-9c15-337161433bbe,a735bf55-83e9-331a-899d-a82a60b9f60c,ambulatory,371883000,Outpatient procedure (procedure),138.42,7503.70,6002.96,609328004,Allergic disposition (finding)
3236b1f8-2bc1-3e38-af23-2cfe66c2a010,2019-10-04T04:52:26Z,2019-10-04T05:07:26Z,3236b1f8-2bc1-3e38-c539-a29407c6a206,581a8572-6b21-32e1-84bb-7d82fc6c047c,b73d5fef-7a76-334c-af1c-4d3803aa6288,a735bf55-83e9-331a-899d-a82a60b9f60c,wellness,410620009,Well child visit (procedure),171.78,1279.88,1023.90,,
3236b1f8-2bc1-3e38-af3c-6269fa71232f,2020-12-26T03:00:52Z,2020-12-26T03:22:40Z,3236b1f8-2bc1-3e38-c539-a29407c6a206,30721694-3390-3f48-a696-946a05b94968,13b774a4-f1f1-35fc-9c15-337161433bbe,a735bf55-83e9-331a-899d-a82a60b9f60c,ambulatory,371883000,Outpatient procedure (procedure),138.42,7503.70,6002.96,609328004,Allergic disposition (finding)
3236b1f8-2bc1-3e38-b805-4fea7664332e,2019-01-29T07:38:00Z,2019-01-29T08:09:25Z,3236b1f8-2bc1-3e38-c539-a29407c6a206,30721694-3390-3f48-a696-946a05b94968,13b774a4-f1f1-35fc-9c15-337161433bbe,a735bf55-83e9-331a-899d-a82a60b9f60c,ambulatory,371883000,Outpatient procedure (procedure),138.42,19280.10,15424.08,609328004,Allergic disposition (finding)
3236b1f8-2bc1-3e38-b9ea-a3d1e909fbf0,2017-12-05T07:34:38Z,2017-12-05T08:15:32Z,3236b1f8-2bc1-3e38-c539-a29407c6a206,30721694-3390-3f48-a696-946a05b94968,13b774a4-f1f1-35fc-9c15-337161433bbe,a735bf55-83e9-331a-899d-a82a60b9f60c,ambulatory,371883000,Outpatient procedure (procedure),138.42,12573.69,10058.96,609328004,Allergic disposition (finding)
3236b1f8-2bc1-3e38-b9ef-910d571bb623,2022-11-04T04:52:26Z,2022-11-04T08:58:57Z,3236b1f8-2bc1-3e38-c539-a29407c6a206,30721694-3390-3f48-a696-946a05b94968,13b774a4-f1f1-35fc-9c15-337161433bbe,26aab0cd-6aba-3e1b-ac5b-05c8867e762c,ambulatory,185349003,Encounter for check up (procedure),83.05,5046.57,5046.57,66383009,Gingivitis (disorder)
3236b1f8-2bc1-3e38-ba6e-10feb79bb5e9,2018-10-12T04:52:26Z,2018-10-12T07:35:52Z,3236b1f8-2bc1-3e38-c539-a29407c6a206,30721694-3390-3f48-a696-946a05b94968,13b774a4-f1f1-35fc-9c15-337161433bbe,a735bf55-83e9-331a-899d-a82a60b9f60c,ambulatory,185349003,Encounter for check up (procedure),83.05,5046.57,4037.24,103697008,Patient referral for dental care (procedure)
3236b1f8-2bc1-3e38-bcf5-1a14322dc851,2019-11-21T15:29:25Z,2019-11-21T16:13:38Z,3236b1f8-2bc1-3e38-c539-a29407c6a206,30721694-3390-3f48-a696-946a05b94968,13b774a4-f1f1-35fc-9c15-337161433bbe,a735bf55-83e9-331a-899d-a82a60b9f60c,ambulatory,371883000,Outpatient procedure (procedure),138.42,24658.69,19726.96,609328004,Allergic disposition (finding)
3236b1f8-2bc1-3e38-c44b-a1bb65dcf658,2019-08-15T13:10:57Z,2019-08-15T13:34:21Z,3236b1f8-2bc1-3e38-c539-a29407c6a206,30721694-3390-3f48-a696-946a05b94968,13b774a4-f1f1-35fc-9c15-337161433bbe,a735bf55-83e9-331a-899d-a82a60b9f60c,ambulatory,371883000,Outpatient procedure (procedure),138.42,23072.34,18457.88,609328004,Allergic disposition (finding)
3236b1f8-2bc1-3e38-cd94-36ecfc383aed,2022-10-28T04:52:26Z,2022-10-28T05:07:26Z,3236b1f8-2bc1-3e38-c539-a29407c6a206,30721694-3390-3f48-a696-946a05b94968,13b774a4-f1f1-35fc-9c15-337161433bbe,26aab0cd-6aba-3e1b-ac5b-05c8867e762c,ambulatory,424619006,Prenatal visit (regime/therapy),138.42,21889.31,21889.31,72892002,Normal pregnancy (finding)
3236b1f8-2bc1-3e38-d357-0acb75a9ccd6,2022-11-25T04:52:26Z,2022-11-25T05:07:26Z,3236b1f8-2bc1-3e38-c539-a29407c6a206,30721694-3390-3f48-a696-946a05b94968,13b774a4-f1f1-35fc-9c15-337161433bbe,26aab0cd-6aba-3e1b-ac5b-05c8867e762c,ambulatory,424619006,Prenatal visit (regime/therapy),138.42,26160.96,26160.96,72892002,Normal pregnancy (finding)
3236b1f8-2bc1-3e38-d60b-97ff6bb49ee9,2020-04-15T17:12:26Z,2020-04-15T17:27:26Z,3236b1f8-2bc1-3e38-c539-a29407c6a206,30721694-3390-3f48-a696-946a05b94968,13b774a4-f1f1-35fc-9c15-337161433bbe,a735bf55-83e9-331a-899d-a82a60b9f60c,ambulatory,185347001,Encounter for problem (procedure),83.05,,66.44,735971005,Fish (substance)
3236b1f8-2bc1-3e38-d6a2-6c790691d682,2020-10-11T00:40:26Z,2020-10-11T01:36:19Z,3236b1f8-2bc1-3e38-c539-a29407c6a206,30721694-3390-3f48-a696-946a05b94968,13b774a4-f1f1-35fc-9c15-337161433bbe,a735bf55-83e9-331a-899d-a82a60b9f60c,ambulatory,371883000,Outpatient procedure (procedure),138.42,8883.57,7106.86,609328004,Allergic disposition (finding)
3236b1f8-2bc1-3e38-d6c3-f7bec5d5d1c1,2020-06-28T21:47:03Z,2020-06-28T22:29:20Z,3236b1f8-2bc1-3e38-c539-a29407c6a206,30721694-3390-3f48-a696-946a05b94968,13b774a4-f1f1-35fc-9c15-337161433bbe,a735bf55-83e9-331a-899d-a82a60b9f60c,ambulatory,371883000,Outpatient procedure (procedure),138.42,7503.70,6002.96,609328004,Allergic disposition (finding)
3236b1f8-2bc1-3e38-d94b-96d8b1296211,2024-02-19T04:52:26Z,2024-02-19T05:07:26Z,3236b1f8-2bc1-3e38-c539-a29407c6a206,30721694-3390-3f48-a696-946a05b94968,13b774a4-f1f1-35fc-9c15-337161433bbe,26aab0cd-6aba-3e1b-ac5b-05c8867e762c,outpatient,698314001,Consultation for treatment (procedure),138.42,138.42,83.05,389095005,Contraception care (regime/therapy)
3236b1f8-2bc1-3e38-d960-13932ab56c15,2021-07-14T07:41:43Z,2021-07-14T08:36:52Z,3236b1f8-2bc1-3e38-c539-a29407c6a206,30721694-3390-3f48-a696-946a05b94968,13b774a4-f1f1-35fc-9c15-337161433bbe,a735bf55-83e9-331a-899d-a82a60b9f60c,ambulatory,371883000,Outpatient procedure (procedure),138.42,29599.55,23679.64,609328004,Allergic disposition (finding)
3236b1f8-2bc1-3e38-dafa-cbb2972b010a,19-02-19T08:09:25Z,2019-02-19T08:57:30Z,3236b1f8-2bc1-3e38-c539-a29407c6a206,30721694-3390-3f48-a696-946a05b94968,13b774a4-f1f1-35fc-9c15-337161433bbe,a735bf55-83e9-331a-899d-a82a60b9f60c,ambulatory,371883000,Outpatient procedure (procedure),138.42,13296.73,10637.39,609328004,Allergic disposition (finding)
3236b1f8-2bc1-3e38-de68-1f02db0a85ec,2017-12-31T08:15:32Z,2017-12-31T08:43:04Z,3236b1f8-2bc1-3e38-c539-a29407c6a206,30721694-3390-3f48-a696-946a05b94968,13b774a4-f1f1-35fc-9c15-337161433bbe,a735bf55-83e9-331a-899d-a82a60b9f60c,ambulatory,371883000,Outpatient procedure (procedure),138.42,24742.10,19793.68,609328004,Allergic disposition (finding)
3236b1f8-2bc1-3e38-e189-c81d83498a16,2021-06-18T04:52:26Z,2021-06-18T05:07:26Z,3236b1f8-2bc1-3e38-c539-a29407c6a206,30721694-3390-3f48-a696-946a05b94968,13b774a4-f1f1-35fc-9c15-337161433bbe,a735bf55-83e9-331a-899d-a82a60b9f60c,outpatient,33879002,Administration of vaccine to produce active immunity (procedure),138.42,274.42,219.54,,
3236b1f8-2bc1-3e38-e3aa-9d6f906d8be3,2018-01-21T08:43:04Z,2018-01-21T09:20:00Z,3236b1f8-2bc1-3e38-c539-a29407c6a206,30721694-3390-3f48-a696-946a05b94968,13b774a4-f1f1-35fc-9c15-337161433bbe,a735bf55-83e9-331a-899d-a82a60b9f60c,ambulatory,371883000,Outpatient procedure (procedure),138.42,20183.56,16146.85,609328004,Allergic disposition (finding)
3236b1f8-2bc1-3e38-e4cd-fc6f74dff31c,2022-10-21T04:52:26Z,2022-10-21T05:47:59Z,3236b1f8-2bc1-3e38-c539-a29407c6a206,581a8572-6b21-32e1-84bb-7d82fc6c047c,b73d5fef-7a76-334c-af1c-4d3803aa6288,26aab0cd-6aba-3e1b-ac5b-05c8867e762c,wellness,162673000,General examination of patient (procedure),171.78,928.22,928.22,,
3236b1f8-2bc1-3e38-e4e3-6e0d41b032f5,2014-09-05T04:52:26Z,2014-09-05T05:07:26Z,3236b1f8-2bc1-3e38-c539-a29407c6a206,2e949acc-d492-42d2-bd12-2e7ae0a0c90b,b73d5fef-7a76-334c-af1c-4d3803aa6288,a735bf55-83e9-331a-899d-a82a60b9f60c,wellness,410620009,Well child visit (procedure),171.78,307.78,59.82,,
3236b1f8-2bc1-3e38-e55e-a5cacf0a76a7,2018-09-18T06:35:34Z,2018-09-18T07:08:53Z,3236b1f8-2bc1-3e38-c539-a29407c6a206,30721694-3390-3f48-a696-946a05b94968,13b774a4-f1f1-35fc-9c15-337161433bbe,a735bf55-83e9-331a-899d-a82a60b9f60c,ambulatory,371883000,Outpatient procedure (procedure),138.42,29599.55,23493.24,609328004,Allergic disposition (finding)
3236b1f8-2bc1-3e38-e5af-a143e456c216,2020-11-30T02:29:50Z,2020-11-30T03:00:52Z,3236b1f8-2bc1-3e38-c539-a29407c6a206,30721694-3390-3f48-a696-946a05b94968,13b774a4-f1f1-35fc-9c15-337161433bbe,a735bf55-83e9-331a-899d-a82a60b9f60c,ambulatory,371883000,Outpatient procedure (procedure),138.42,13427.31,10741.85,609328004,Allergic disposition (finding)
3236b1f8-2bc1-3e38-e6c4-c47bb55497c3,2023-10-27T04:52:26Z,2023-10-27T05:43:51Z,3236b1f8-2bc1-3e38-c539-a29407c6a206,581a8572-6b21-32e1-84bb-7d82fc6c047c,b73d5fef-7a76-334c-af1c-4d3803aa6288,26aab0cd-6aba-3e1b-ac5b-05c8867e762c,wellness,162673000,General examination of patient (procedure),171.78,928.22,0.00,,
3236b1f8-2bc1-3e38-e998-27f417331dfa,2019-06-25T11:33:19Z,2019-06-25T12:13:56Z,3236b1f8-2bc1-3e38-c539-a29407c6a206,30721694-3390-3f48-a696-946a05b94968,13b774a4-f1f1-35fc-9c15-337161433bbe,a735bf55-83e9-331a-899d-a82a60b9f60c,ambulatory,371883000,Outpatient procedure (procedure),138.42,13073.60,10458.88,609328004,Allergic disposition (finding)
3236b1f8-2bc1-3e38-ea15-c13f3cc3b1c0,2018-08-03T04:52:26Z,2018-08-03T05:50:47Z,3236b1f8-2bc1-3e38-c539-a29407c6a206,30721694-3390-3f48-a696-946a05b94968,13b774a4-f1f1-35fc-9c15-337161433bbe,a735bf55-83e9-331a-899d-a82a60b9f60c,ambulatory,371883000,Outpatient procedure (procedure),138.42,29599.55,23679.64,609328004,Allergic disposition (finding)
3236b1f8-2bc1-3e38-ed89-b1a16f3fbdc3,2021-13-28T04:52:26Z,2021-05-28T05:07:26Z,3236b1f8-2bc1-3e38-c539-a29407c6a206,30721694-3390-3f48-a696-946a05b94968,13b774a4-f1f1-35fc-9c15-337161433bbe,a735bf55-83e9-331a-899d-a82a60b9f60c,outpatient,33879002,Administration of vaccine to produce active immunity (procedure),138.42,274.42,219.54,,
3236b1f8-2bc1-3e38-efae-268f1168e342,2017-09-01T04:52:26Z,2017-09-01T05:21:48Z,3236b1f8-2bc1-3e38-c539-a29407c6a206,30721694-3390-3f48-a696-946a05b94968,13b774a4-f1f1-35fc-9c15-337161433bbe,a735bf55-83e9-331a-899d-a82a60b9f60c,ambulatory,170837001,Allergic disorder initial assessment (regime/therapy),138.42,758.86,420.69,609328004,Allergic disposition (finding)
3236b1f8-2bc1-3e38-f17d-e62cbce90dc4,2020-02-28T17:59:57Z,2020-02-28T18:21:49Z,3236b1f8-2bc1-3e38-c539-a29407c6a206,30721694-3390-3f48-a696-946a05b94968,13b774a4-f1f1-35fc-9c15-337161433bbe,a735bf55-83e9-331a-899d-a82a60b9f60c,ambulatory,371883000,Outpatient procedure (procedure),138.42,7503.70,6002.96,609328004,Allergic disposition (finding)
3236b1f8-2bc1-3e38-f62e-79ebc53cb282,2020-09-14T23:54:39Z,2020-09-15T00:40:26Z,3236b1f8-2bc1-3e38-c539-a29407c6a206,30721694-3390-3f48-a696-946a05b94968,13b774a4-f1f1-35fc-9c15-337161433bbe,a735bf55-83e9-331a-899d-a82a60b9f60c,ambulatory,371883000,Outpatient procedure (procedure),138.42,15693.12,12368.10,609328004,Allergic disposition (finding)
3236b1f8-2bc1-3e38-fb88-10439cc7846a,2021-06-21T06:47:45Z,2021-06-21T07:41:43Z,3236b1f8-2bc1-3e38-c539-a29407c6a206,30721694-3390-3f48-a696-946a05b94968,13b774a4-f1f1-35fc-9c15-337161433bbe,a735bf55-83e9-331a-899d-a82a60b9f60c,ambulatory,371883000,Outpatient procedure (procedure),138.42,7503.70,6002.96,609328004,Allergic disposition (finding)
3236b1f8-2bc1-3e38-fc54-6e428e5d56b3,2018-08-10T04:52:26Z,2018-08-10T05:07:26Z,3236b1f8-2bc1-3e38-c539-a29407c6a206,30721694-3390-3f48-a696-946a05b94968,13b774a4-f1f1-35fc-9c15-337161433bbe,a735bf55-83e9-331a-899d-a82a60b9f60c,ambulatory,185345009,Encounter for symptom (procedure),83.05,83.05,66.44,444814009,Viral sinusitis (disorder)
6aed9210-c500-4375-04df-a35299f3ab1e,2014-02-06T21:42:53Z,2014-02-06T21:57:53Z,6aed9210-c500-4375-b0fc-3374c40b8591,99204b0a-62e2-34dc-b3f6-290819949428,5aabe8ce-ac28-3172-a0af-663137c7f5f5,b046940f-1664-3047-bca7-dfa76be352a4,outpatient,185347001,Encounter for problem (procedure),83.05,83.05,58.14,82423001,Chronic pain (finding)
6aed9210-c500-4375-0b52-604cc6c71918,2000-06-27T21:42:53Z,2000-06-27T21:57:53Z,6aed9210-c500-4375-b0fc-3374c40b8591,c958be17-14d8-3fc0-995a-9b952974be91,39b1cdc4-1ebb-35a1-bba7-2c9614175d2c,b046940f-1664-3047-bca7-dfa76be352a4,wellness,410620009,Well child visit (procedure),171.78,1238.44,866.91,,
6aed9210-c500-4375-1ea7-678e450a81e9,2020-09-08T21:42:53Z,2020-09-08T22:38:20Z,6aed9210-c500-4375-b0fc-3374c40b8591,c958be17-14d8-3fc0-995a-9b952974be91,39b1cdc4-1ebb-35a1-bba7-2c9614175d2c,b046940f-1664-3047-bca7-dfa76be352a4,wellness,162673000,General examination of patient (procedure),171.78,1148.44,0.00,,
6aed9210-c500-4375-1ea7-678e450a81e9,2020-09-08T21:42:53Z,2020-09-08T22:38:20Z,6aed9210-c500-4375-b0fc-3374c40b8591,c958be17-14d8-3fc0-995a-9b952974be91,39b1cdc4-1ebb-35a1-bba7-2c9614175d2c,b046940f-1664-3047-bca7-dfa76be352a4,wellness,162673000,General examination of patient (procedure),172,1148.44,0.00,,
6aed9210-c500-4375-319c-0afc9416b3fd,1986-11-04T21:42:53Z,1986-11-04T22:16:41Z,6aed9210-c500-4375-b0fc-3374c40b8591,99204b0a-62e2-34dc-b3f6-290819949428,5aabe8ce-ac28-3172-a0af-663137c7f5f5,b046940f-1664-3047-bca7-dfa76be352a4,ambulatory,185347001,Encounter for problem (procedure),83.05,703.49,0.00,609328004,Allergic disposition (finding)
6aed9210-c500-4375-3842-8b8fcbeac34d,2017-08-22T21:42:53Z,2017-08-22T22:14:22Z,6aed9210-c500-4375-b0fc-3374c40b8591,02e24fef-5748-4249-8e8e-97b379303da5,39b1cdc4-1ebb-35a1-bba7-2c9614175d2c,b046940f-1664-3047-bca7-dfa76be352a4,wellness,162673000,General examination of patient (procedure),171.78,1883.96,0.00,,
6aed9210-c500-4375-4681-3583dd0a0fae,2016-08-16T21:42:53Z,2016-08-16T22:26:37Z,6aed9210-c500-4375-b0fc-3374c40b8591,c958be17-14d8-3fc0-995a-9b952974be91,39b1cdc4-1ebb-35a1-bba7-2c9614175d2c,b046940f-1664-3047-bca7-dfa76be352a4,wellness,162673000,General examination of patient (procedure),171.78,1614.47,0.00,,
6aed9210-c500-4375-5752-ffa68a5e9ac6,1986-10-11T19:42:53Z,1986-10-11T19:57:53Z,6aed9210-c500-4375-b0fc-3374c40b8591,99204b0a-62e2-34dc-b3f6-290819949428,5aabe8ce-ac28-3172-a0af-663137c7f5f5,b046940f-1664-3047-bca7-dfa76be352a4,ambulatory,185347001,Encounter for problem (procedure),83.05,83.05,0.00,412071004,Wheat (substance)
6aed9210-c500-4375-616e-61d7bab35d1a,2025-10-07T21:42:53Z,2025-10-07T22:19:14Z,6aed9210-c500-4375-b0fc-3374c40b8591,c958be17-14d8-3fc0-995a-9b952974be91,39b1cdc4-1ebb-35a1-bba7-2c9614175d2c,b046940f-1664-3047-bca7-dfa76be352a4,wellness,162673000,General examination of patient (procedure),171.78,2183.82,1528.68,,
6aed9210-c500-4375-62c9-f7a0dd542764,2014-10-21T21:42:53Z,2014-10-21T22:39:42Z,6aed9210-c500-4375-b0fc-3374c40b8591,4e154441-6b56-369c-8001-c6aa0499a3af,9d25b9ed-2f7c-3d50-ba26-5cdc7212151c,b046940f-1664-3047-bca7-dfa76be352a4,urgentcare,702927004,Urgent care clinic (environment),138.42,894.86,0.00,,
6aed9210-c500-4375-6496-e1fd8fc58c59,2025-08-01T09:42:53Z,2025-08-01T09:57:53Z,6aed9210-c500-4375-b0fc-3374c40b8591,99204b0a-62e2-34dc-b3f6-290819949428,5aabe8ce-ac28-3172-a0af-663137c7f5f5,b046940f-1664-3047-bca7-dfa76be352a4,ambulatory,185345009,Encounter for symptom (procedure),83.05,284.44,0.00,10509002,Acute bronchitis (disorder)
6aed9210-c500-4375-67eb-bb575b10f2f9,2022-10-04T21:42:53Z,2022-10-05T02:14:41Z,6aed9210-c500-4375-b0fc-3374c40b8591,99204b0a-62e2-34dc-b3f6-290819949428,5aabe8ce-ac28-3172-a0af-663137c7f5f5,b046940f-1664-3047-bca7-dfa76be352a4,ambulatory,185349003,Encounter for check up (procedure),83.05,5046.57,1477.01,103697008,Patient referral for dental care (procedure)
6aed9210-c500-4375-722a-d4e9e6219624,2025-08-26T21:42:53Z,2025-08-27T00:26:10Z,6aed9210-c500-4375-b0fc-3374c40b8591,99204b0a-62e2-34dc-b3f6-290819949428,5aabe8ce-ac28-3172-a0af-663137c7f5f5,b046940f-1664-3047-bca7-dfa76be352a4,ambulatory,185349003,Encounter for check up (procedure),83.05,5046.57,1802.84,66383009,Gingivitis (disorder)
6aed9210-c500-4375-72fe-72216f2e8ee4,2024-11-26T21:42:53Z,2024-11-27T01:18:59Z,6aed9210-c500-4375-b0fc-3374c40b8591,99204b0a-62e2-34dc-b3f6-290819949428,5aabe8ce-ac28-3172-a0af-663137c7f5f5,b046940f-1664-3047-bca7-dfa76be352a4,ambulatory,185349003,Encounter for check up (procedure),83.05,4426.13,3098.31,103697008,Patient referral for dental care (procedure)
6aed9210-c500-4375-7f49-aca9bafd8545,2017-09-05T21:42:53Z,2017-09-06T01:02:28Z,6aed9210-c500-4375-b0fc-3374c40b8591,99204b0a-62e2-34dc-b3f6-290819949428,5aabe8ce-ac28-3172-a0af-663137c7f5f5,b046940f-1664-3047-bca7-dfa76be352a4,ambulatory,185349003,Encounter for check up (procedure),83.05,4426.13,1611.43,103697008,Patient referral for dental care (procedure)
6aed9210-c500-4375-7fb8-580a30520f0e,2014-04-13T15:42:53Z,2014-04-13T15:57:53Z,6aed9210-c500-4375-b0fc-3374c40b8591,99204b0a-62e2-34dc-b3f6-290819949428,5aabe8ce-ac28-3172-a0af-663137c7f5f5,b046940f-1664-3047-bca7-dfa76be352a4,ambulatory,390906007,Follow-up encounter (procedure),83.05,83.05,58.14,82423001,Chronic pain (finding)
6aed9210-c500-4375-8097-c10275909537,2024-11-14T02:42:53Z,2024-11-14T02:57:53Z,6aed9210-c500-4375-b0fc-3374c40b8591,99204b0a-62e2-34dc-b3f6-290819949428,5aabe8ce-ac28-3172-a0af-663137c7f5f5,b046940f-1664-3047-bca7-dfa76be352a4,ambulatory,185345009,Encounter for symptom (procedure),83.05,83.05,58.14,444814009,Viral sinusitis (disorder)
6aed9210-c500-4375-8c25-54a978bed329,2023-08-14T21:42:53Z,2023-08-14T23:08:53Z,6aed9210-c500-4375-b0fc-3374c40b8591,99204b0a-62e2-34dc-b3f6-290819949428,5aabe8ce-ac28-3172-a0af-663137c7f5f5,b046940f-1664-3047-bca7-dfa76be352a4,outpatient,308335008,Patient encounter procedure (procedure),138.42,8288.68,2748.97,183996000,Sterilization requested (situation)
6aed9210-c500-4375-92ff-2ab960a4c6ac,2023-07-26T21:42:53Z,2023-07-26T21:57:53Z,6aed9210-c500-4375-b0fc-3374c40b8591,99204b0a-62e2-34dc-b3f6-290819949428,5aabe8ce-ac28-3172-a0af-663137c7f5f5,b046940f-1664-3047-bca7-dfa76be352a4,outpatient,698314001,Consultation for treatment (procedure),138,138.42,0.00,183996000,Sterilization requested (situation)
6aed9210-c500-4375-93f0-cd18f397a9bd,2025-10-21T21:42:53Z,2025-10-22T03:55:52Z,6aed9210-c500-4375-b0fc-3374c40b8591,99204b0a-62e2-34dc-b3f6-290819949428,5aabe8ce-ac28-3172-a0af-663137c7f5f5,b046940f-1664-3047-bca7-dfa76be352a4,ambulatory,185349003,Encounter for check up (procedure),83.05,,4835.55,66383009,Gingivitis (disorder)
6aed9210-c500-4375-94fb-8fea6a7d9f20,2023-09-26T21:42:53Z,2023-09-26T22:23:18Z,6aed9210-c500-4375-b0fc-3374c40b8591,c958be17-14d8-3fc0-995a-9b952974be91,39b1cdc4-1ebb-35a1-bba7-2c9614175d2c,b046940f-1664-3047-bca7-dfa76be352a4,wellness,162673000,General examination of patient (procedure),171.78,1222.21,855.56,,
6aed9210-c500-4375-95c8-10ba83e6d6b8,2003-07-15T21:42:53Z,2003-07-15T22:32:58Z,6aed9210-c500-4375-b0fc-3374c40b8591,c958be17-14d8-3fc0-995a-9b952974be91,39b1cdc4-1ebb-35a1-bba7-2c9614175d2c,b046940f-1664-3047-bca7-dfa76be352a4,wellness,162673000,General examination of patient (procedure),171.78,1518.95,0.00,,
6aed9210-c500-4375-9b43-542753f09cff,2013-07-30T21:42:53Z,2013-07-30T22:39:38Z,6aed9210-c500-4375-b0fc-3374c40b8591,c958be17-14d8-3fc0-995a-9b952974be91,39b1cdc4-1ebb-35a1-bba7-2c9614175d2c,b046940f-1664-3047-bca7-dfa76be352a4,wellness,162673000,General examination of patient (procedure),171.78,1381.72,0.00,,
6aed9210-c500-4375-a405-b2db585cbd1b,2018-01-17T19:42:53Z,2018-01-17T19:57:53Z,6aed9210-c500-4375-b0fc-3374c40b8591,99204b0a-62e2-34dc-b3f6-290819949428,5aabe8ce-ac28-3172-a0af-663137c7f5f5,b046940f-1664-3047-bca7-dfa76be352a4,ambulatory,185345009,Encounter for symptom (procedure),83.05,83.05,58.14,444814009,Viral sinusitis (disorder)
6aed9210-c500-4375-a8cd-28febfe1b892,2019-09-03T21:42:53Z,2019-09-03T22:38:19Z,6aed9210-c500-4375-b0fc-3374c40b8591,c958be17-14d8-3fc0-995a-9b952974be91,39b1cdc4-1ebb-35a1-bba7-2c9614175d2c,b046940f-1664-3047-bca7-dfa76be352a4,wellness,162673000,General examination of patient (procedure),171.78,,0.00,,
6aed9210-c500-4375-aa67-7f659b12e262,2018-08-28T21:42:53Z,2018-08-28T22:37:45Z,6aed9210-c500-4375-b0fc-3374c40b8591,c958be17-14d8-3fc0-995a-9b952974be91,39b1cdc4-1ebb-35a1-bba7-2c9614175d2c,b046940f-1664-3047-bca7-dfa76be352a4,wellness,162673000,General examination of patient (procedure),171.78,1214.78,0.00,,
6aed9210-c500-4375-b509-44883307fd2b,2024-10-01T21:42:53Z,2024-10-01T22:31:05Z,6aed9210-c500-4375-b0fc-3374c40b8591,c958be17-14d8-3fc0-995a-9b952974be91,39b1cdc4-1ebb-35a1-bba7-2c9614175d2c,b046940f-1664-3047-bca7-dfa76be352a4,wellness,162673000,General examination of patient (procedure),171.78,2220.59,0.00,,
6aed9210-c500-4375-be24-1cb99fc1ab80,2020-09-15T21:42:53Z,2020-09-15T22:47:25Z,6aed9210-c500-4375-b0fc-3374c40b8591,99204b0a-62e2-34dc-b3f6-290819949428,5aabe8ce-ac28-3172-a0af-663137c7f5f5,b046940f-1664-3047-bca7-dfa76be352a4,ambulatory,185347001,Encounter for problem (procedure),83.05,1530.81,0.00,271737000,Anemia (disorder)
6aed9210-c500-4375-c0cf-2e1d9a80f6c8,2021-04-13T21:42:53Z,2021-04-13T21:57:53Z,6aed9210-c500-4375-b0fc-3374c40b8591,99204b0a-62e2-34dc-b3f6-290819949428,5aabe8ce-ac28-3172-a0af-663137c7f5f5,b046940f-1664-3047-bca7-dfa76be352a4,outpatient,33879002,Administration of vaccine to produce active immunity (procedure),138.42,274.42,0.00,,
6aed9210-c500-4375-cd1a-abd5b300b910,2019-09-17T21:42:53Z,2019-09-18T01:27:35Z,6aed9210-c500-4375-b0fc-3374c40b8591,99204b0a-62e2-34dc-b3f6-290819949428,5aabe8ce-ac28-3172-a0af-663137c7f5f5,b046940f-1664-3047-bca7-dfa76be352a4,ambulatory,185349003,Encounter for check up (procedure),83.05,5046.57,1376.72,66383009,Gingivitis (disorder)
6aed9210-c500-4375-dc77-f75de95bb9b6,2001-04-14T21:42:53Z,2001-04-14T22:42:53Z,6aed9210-c500-4375-b0fc-3374c40b8591,b2b940c3-17f1-305c-9b52-6a35d1487360,9f45f4ef-645a-37f8-a7c9-759b9ad559b5,b046940f-1664-3047-bca7-dfa76be352a4,emergency,183452005,Emergency hospital admission (procedure),99.00,99.00,99.00,82423001,Chronic pain (finding)
6aed9210-c500-4375-dd83-2880898a7646,2022-09-20T21:42:53Z,2022-09-20T22:37:07Z,6aed9210-c500-4375-b0fc-3374c40b8591,c958be17-14d8-3fc0-995a-9b952974be91,39b1cdc4-1ebb-35a1-bba7-2c9614175d2c,b046940f-1664-3047-bca7-dfa76be352a4,wellness,162673000,General examination of patient (procedure),171.78,1071.50,0.00,,
6aed9210-c500-4375-eaef-be7b31b6fe76,2024-11-12T21:42:53Z,2024-11-12T22:20:34Z,6aed9210-c500-4375-b0fc-3374c40b8591,99204b0a-62e2-34dc-b3f6-290819949428,5aabe8ce-ac28-3172-a0af-663137c7f5f5,b046940f-1664-3047-bca7-dfa76be352a4,outpatient,185349003,Encounter for check up (procedure),83.05,854.20,597.95,,
6aed9210-c500-4375-eb94-48b87c1d415c,2025-08-12T21:42:53Z,2025-08-12T22:34:29Z,6aed9210-c500-4375-b0fc-3374c40b8591,99204b0a-62e2-34dc-b3f6-290819949428,5aabe8ce-ac28-3172-a0af-663137c7f5f5,b046940f-1664-3047-bca7-dfa76be352a4,outpatient,185349003,Encounter for check up (procedure),83.05,1126.20,0.00,,
6aed9210-c500-4375-f98a-b8fbe6944598,2024-10-15T21:42:53Z,2024-10-16T00:48:28Z,6aed9210-c500-4375-b0fc-3374c40b8591,99204b0a-62e2-34dc-b3f6-290819949428,5aabe8ce-ac28-3172-a0af-663137c7f5f5,b046940f-1664-3047-bca7-dfa76be352a4,ambulatory,185349003,nEcounter for check up (procedure),83.05,5047,2109.20,103697008,Patient referral for dental care (procedure)
6aed9210-c500-4375-fc78-e6f3cf7f7813,2021-09-14T21:42:53Z,2021-09-14T22:40:19Z,6aed9210-c500-4375-b0fc-3374c40b8591,c958be17-14d8-3fc0-995a-9b952974be91,39b1cdc4-1ebb-35a1-bba7-2c9614175d2c,b046940f-1664-3047-bca7-dfa76be352a4,wellness,162673000,General examination of patient (procedure),171.78,1214.78,0.00,,
6f45f2e9-a617-570a-0065-9e410ca2ba54,2026-03-27T09:34:20Z,2026-03-27T10:34:20Z,6f45f2e9-a617-570a-8867-dec1260088bb,fe61f80c-951c-3dfb-8704-ae1da96fef2e,2e190550-b660-3228-a23c-dc3466037126,d31fccc3-1767-390d-966a-22a5156f4219,ambulatory,185347001,Encounter for problem (procedure),83.05,,19695.98,192127007,Child attention deficit disorder (disorder)
6f45f2e9-a617-570a-027c-293417fabeaf,2024-05-30T06:34:20Z,2024-05-30T06:49:20Z,6f45f2e9-a617-570a-8867-dec1260088bb,775fd387-94cb-3058-adc1-871f8aef9045,817b5927-2988-302e-af60-4d0b7e0de251,d31fccc3-1767-390d-966a-22a5156f4219,wellness,410620009,Well child visit (procedure),171.78,1789.72,265.38,,
6f45f2e9-a617-570a-0381-0696d3cd6fd0,2026-01-20T07:34:20Z,2026-01-20T08:34:20Z,6f45f2e9-a617-570a-8867-dec1260088bb,fe61f80c-951c-3dfb-8704-ae1da96fef2e,2e190550-b660-3228-a23c-dc3466037126,d31fccc3-1767-390d-966a-22a5156f4219,ambulatory,185347001,Encounter for problem (procedure),83,25560.20,20448.16,192127007,Child attention deficit disorder (disorder)
6f45f2e9-a617-570a-05eb-74cf9a0530d6,2024-06-06T06:34:20Z,2024-06-06T09:50:24Z,6f45f2e9-a617-570a-8867-dec1260088bb,fe61f80c-951c-3dfb-8704-ae1da96fef2e,2e190550-b660-3228-a23c-dc3466037126,d31fccc3-1767-390d-966a-22a5156f4219,ambulatory,185349003,Encounter for check up (procedure),83.0500,4426.13,3540.89,66383009,Gingivitis (disorder)
6f45f2e9-a617-570a-0732-9d98439e290c,2019-05-02T06:34:20Z,2019-05-02T06:49:20Z,6f45f2e9-a617-570a-8867-dec1260088bb,775fd387-94cb-3058-adc1-871f8aef9045,817b5927-2988-302e-af60-4d0b7e0de251,d31fccc3-1767-390d-966a-22a5156f4219,wellness,410620009,Well child visit (procedure),171.78,920.41,0.00,,
6f45f2e9-a617-570a-0cbd-b73d048fb5bf,2017-01-27T06:34:20Z,2017-01-27T06:49:20Z,6f45f2e9-a617-570a-8867-dec1260088bb,fe61f80c-951c-3dfb-8704-ae1da96fef2e,2e190550-b660-3228-a23c-dc3466037126,d31fccc3-1767-390d-966a-22a5156f4219,ambulatory,185349003,Encounter for check up (procedure),83.05,83.05,66.44,403190006,Epidermal burn of skin (disorder)
6f45f2e9-a617-570a-1231-3a659f710f50,2018-04-26T06:34:20Z,2018-04-26T06:49:20Z,6f45f2e9-a617-570a-8867-dec1260088bb,775fd387-94cb-3058-adc1-871f8aef9045,817b5927-2988-302e-af60-4d0b7e0de251,d31fccc3-1767-390d-966a-22a5156f4219,wellness,410620009,Well child visit (procedure),171.78,851.78,0.00,,
6f45f2e9-a617-570a-144f-5e953d5f3931,2021-06-24T06:34:20Z,2021-06-24T06:49:20Z,6f45f2e9-a617-570a-8867-dec1260088bb,fe61f80c-951c-3dfb-8704-ae1da96fef2e,2e190550-b660-3228-a23c-dc3466037126,d31fccc3-1767-390d-966a-22a5156f4219,ambulatory,185345009,Encounter for symptom (procedure),83.05,83.05,0.00,10509002,Acute bronchitis (disorder)
6f45f2e9-a617-570a-1585-d870e5b8e140,2017-04-27T06:34:20Z,2017-04-27T10:06:16Z,6f45f2e9-a617-570a-8867-dec1260088bb,fe61f80c-951c-3dfb-8704-ae1da96fef2e,2e190550-b660-3228-a23c-dc3466037126,d31fccc3-1767-390d-966a-22a5156f4219,ambulatory,185349003,Encounter for check up (procedure),83.05,5046.57,4037.24,103697008,Patient referral for dental care (procedure)
6f45f2e9-a617-570a-1743-6d0272447c5e,2025-01-13T06:34:20Z,2025-01-13T07:34:20Z,6f45f2e9-a617-570a-8867-dec1260088bb,ce6d79ed-6c4d-3ddd-aedb-c73f90d491b6,782c5171-b196-33f0-81e0-39b5effa5c32,d31fccc3-1767-390d-966a-22a5156f4219,emergency,50849002,Emergency room admission (procedure),165.00,1405.88,1124.70,125605004,Fracture of bone (disorder)
6f45f2e9-a617-570a-1adf-6d02acf0c51d,2020-05-07T06:34:20Z,2020-05-07T06:49:20Z,6f45f2e9-a617-570a-8867-dec1260088bb,775fd387-94cb-3058-adc1-871f8aef9045,817b5927-2988-302e-af60-4d0b7e0de251,d31fccc3-1767-390d-966a-22a5156f4219,wellness,410620009,Well child visit (procedure),171.78,618.00,25.80,,
6f45f2e9-a617-570a-1cd2-96a75b27fad7,2016-10-27T06:34:20Z,2016-10-27T08:46:45Z,6f45f2e9-a617-570a-8867-dec1260088bb,fe61f80c-951c-3dfb-8704-ae1da96fef2e,2e190550-b660-3228-a23c-dc3466037126,d31fccc3-1767-390d-966a-22a5156f4219,ambulatory,185349003,Encounter for check up (procedure),83.05,3805.69,3044.54,103697008,Patient referral for dental care (procedure)
6f45f2e9-a617-570a-1e95-2d6134d18bed,2026-07-05T07:41:15Z,2026-07-05T08:18:46Z,6f45f2e9-a617-570a-8867-dec1260088bb,fe61f80c-951c-3dfb-8704-ae1da96fef2e,2e190550-b660-3228-a23c-dc3466037126,d31fccc3-1767-390d-966a-22a5156f4219,ambulatory,371883000,Outpatient procedure (procedure),138.42,7503.70,6002.96,609328004,Allergic disposition (finding)
6f45f2e9-a617-570a-2107-f6bd879cbc45,2016-10-09T06:34:20Z,2016-10-09T07:08:12Z,6f45f2e9-a617-570a-8867-dec1260088bb,fe61f80c-951c-3dfb-8704-ae1da96fef2e,2e190550-b660-3228-a23c-dc3466037126,d31fccc3-1767-390d-966a-22a5156f4219,ambulatory,185347001,Encounter for problem (procedure),83.05,703.49,0.00,609328004,Allergic disposition (finding)
6f45f2e9-a617-570a-2227-7d5c52f82128,2020-01-20T06:34:20Z,2020-01-20T07:34:20Z,6f45f2e9-a617-570a-8867-dec1260088bb,ce6d79ed-6c4d-3ddd-aedb-c73f90d491b6,782c5171-b196-33f0-81e0-39b5effa5c32,d31fccc3-1767-390d-966a-22a5156f4219,emergency,50849002,Emergency room admission (procedure),165.00,785.44,0.00,125601008,Injury of knee (disorder)
6f45f2e9-a617-570a-277a-4627356efd50,2025-12-18T06:34:20Z,2025-12-18T07:34:20Z,6f45f2e9-a617-570a-8867-dec1260088bb,fe61f80c-951c-3dfb-8704-ae1da96fef2e,2e190550-b660-3228-a23c-dc3466037126,d31fccc3-1767-390d-966a-22a5156f4219,ambulatory,185347001,Encounter for problem (procedure),83.05,6452.34,5161.87,192127007,Child attention deficit disorder (disorder)
6f45f2e9-a617-570a-2b37-a8f5b4233854,2025-02-18T07:11:28Z,2025-02-18T07:26:28Z,6f45f2e9-a617-570a-8867-dec1260088bb,fe61f80c-951c-3dfb-8704-ae1da96fef2e,2e190550-b660-3228-a23c-dc3466037126,d31fccc3-1767-390d-966a-22a5156f4219,ambulatory,185349003,Encounter for check up (procedure),83.05,83.0500,66.44,16114001,Fracture of ankle (disorder)
6f45f2e9-a617-570a-2c2f-dfce37130deb,2016-10-02T06:34:20Z,2016-10-02T06:49:20Z,6f45f2e9-a617-570a-8867-dec1260088bb,fe61f80c-951c-3dfb-8704-ae1da96fef2e,2e190550-b660-3228-a23c-dc3466037126,d31fccc3-1767-390d-966a-22a5156f4219,ambulatory,185345009,Encounter for symptom (procedure),83.05,83.05,0.00,446096008,Perennial allergic rhinitis (disorder)
6f45f2e9-a617-570a-2cc0-8b5d2b0fa66e,2021-05-13T06:34:20Z,2021-05-13T06:49:20Z,6f45f2e9-a617-570a-8867-dec1260088bb,775fd387-94cb-3058-adc1-871f8aef9045,817b5927-2988-302e-af60-4d0b7e0de251,d31fccc3-1767-390d-966a-22a5156f4219,wellness,410620009,Well child visit (procedure),171.7800,307.78,0.00,,
6f45f2e9-a617-570a-437b-0fbed01b02ef,2026-06-18T06:34:20Z,2026-06-18T10:07:03Z,6f45f2e9-a617-570a-8867-dec1260088bb,fe61f80c-951c-3dfb-8704-ae1da96fef2e,2e190550-b660-3228-a23c-dc3466037126,d31fccc3-1767-390d-966a-22a5156f4219,ambulatory,185349003,Encounter for check up (procedure),83.05,4426.13,3540.89,66383009,Gingivitis (disorder)
6f45f2e9-a617-570a-542d-aa11389be885,2023-05-25T06:34:20Z,2023-05-25T06:49:20Z,6f45f2e9-a617-570a-8867-dec1260088bb,775fd387-94cb-3058-adc1-871f8aef9045,817b5927-2988-302e-af60-4d0b7e0de251,d31fccc3-1767-390d-966a-22a5156f4219,wellness,410620009,Well child visit (procedure),171.78,307.78,0.00,,
6f45f2e9-a617-570a-5709-2248d58b58d8,2026-06-12T06:59:12Z,2026-06-12T07:41:15Z,6f45f2e9-a617-570a-8867-dec1260088bb,fe61f80c-951c-3dfb-8704-ae1da96fef2e,2e190550-b660-3228-a23c-dc3466037126,d31fccc3-1767-390d-966a-22a5156f4219,ambulatory,371883000,Outpatient procedure (procedure),138.42,18659.47,14927.58,609328004,Allergic disposition (finding)
6f45f2e9-a617-570a-65af-c533e3c03201,2017-04-20T06:34:20Z,2017-04-20T06:49:20Z,6f45f2e9-a617-570a-8867-dec1260088bb,775fd387-94cb-3058-adc1-871f8aef9045,817b5927-2988-302e-af60-4d0b7e0de251,d31fccc3-1767-390d-966a-22a5156f4219,wellness,410620009,Well child visit (procedure),171.78,928.22,742.57,,
6f45f2e9-a617-570a-6b86-bb209d13eaf1,2016-12-27T06:34:20Z,2016-12-27T07:34:20Z,6f45f2e9-a617-570a-8867-dec1260088bb,ce6d79ed-6c4d-3ddd-aedb-c73f90d491b6,782c5171-b196-33f0-81e0-39b5effa5c32,d31fccc3-1767-390d-966a-22a5156f4219,emergency,50849002,Emergency room admission (procedure),165.00,165.00,132.00,48333001,Burn injury (morphologic abnormality)
6f45f2e9-a617-570a-76e9-d5ca472eebfc,2025-10-05T10:34:20Z,2025-10-05T10:49:20Z,6f45f2e9-a617-570a-8867-dec1260088bb,fe61f80c-951c-3dfb-8704-ae1da96fef2e,2e190550-b660-3228-a23c-dc3466037126,d31fccc3-1767-390d-966a-22a5156f4219,ambulatory,185345009,Encounter for symptom (procedure),83.05,83.05,64.38,444814009,Viral sinusitis (disorder)
6f45f2e9-a617-570a-798f-f15d40437ff9,2026-08-12T13:34:20Z,2026-08-12T14:34:20Z,6f45f2e9-a617-570a-8867-dec1260088bb,fe61f80c-951c-3dfb-8704-ae1da96fef2e,2e190550-b660-3228-a23c-dc3466037126,d31fccc3-1767-390d-966a-22a5156f4219,ambulatory,185347001,Encounter for problem (procedure),83.05,6452.34,6452.34,192127007,Child attention deficit disorder (disorder)
6f45f2e9-a617-570a-7b38-0db6a91f76fc,2026-05-21T06:34:20Z,2026-05-21T06:59:12Z,6f45f2e9-a617-570a-8867-dec1260088bb,fe61f80c-951c-3dfb-8704-ae1da96fef2e,2e190550-b660-3228-a23c-dc3466037126,d31fccc3-1767-390d-966a-22a5156f4219,ambulatory,170837001,Allergic disorder initial assessment (regime/therapy),138,758.86,0.00,609328004,Allergic disposition (finding)
6f45f2e9-a617-570a-877c-14b158c61422,2026-05-30T11:34:20Z,2026-05-30T12:34:20Z,6f45f2e9-a617-570a-8867-dec1260088bb,fe61f80c-951c-3dfb-8704-ae1da96fef2e,2e190550-b660-3228-a23c-dc3466037126,d31fccc3-1767-390d-966a-22a5156f4219,ambulatory,185347001,Encounter for problem (procedure),83.05,6452.34,4602.56,192127007,Child attention deficit disorder (disorder)
6f45f2e9-a617-570a-92f6-3be8a15a455f,2026-02-19T08:34:20Z,2026-02-19T09:34:20Z,6f45f2e9-a617-570a-8867-dec1260088bb,fe61f80c-951c-3dfb-8704-ae1da96fef2e,2e190550-b660-3228-a23c-dc3466037126,d31fccc3-1767-390d-966a-22a5156f4219,ambulatory,185347001,Encounter for problem (procedure),83.05,25560.20,20448.16,192127007,Child attention deficit disorder (disorder)
6f45f2e9-a617-570a-9e8f-f9a6a60df82e,2025-11-09T06:34:20Z,2025-11-09T06:49:20Z,6f45f2e9-a617-570a-8867-dec1260088bb,fe61f80c-951c-3dfb-8704-ae1da96fef2e,2e190550-b660-3228-a23c-dc3466037126,d31fccc3-1767-390d-966a-22a5156f4219,ambulatory,185347001,Encounter for problem (procedure),83.05,83.05,66.44,192127007,Child attention deficit disorder (disorder)
6f45f2e9-a617-570a-9eca-8372ed09647d,2021-06-17T06:34:20Z,2021-06-17T06:49:20Z,6f45f2e9-a617-570a-8867-dec1260088bb,fe61f80c-951c-3dfb-8704-ae1da96fef2e,2e190550-b660-3228-a23c-dc3466037126,d31fccc3-1767-390d-966a-22a5156f4219,outpatient,185349003,Encounter for check up (procedure),83.05,462.60,0.00,,
6f45f2e9-a617-570a-a728-bce169a5b20a,2023-03-31T13:34:20Z,2023-03-15T13:49:20Z,6f45f2e9-a617-570a-8867-dec1260088bb,fe61f80c-951c-3dfb-8704-ae1da96fef2e,2e190550-b660-3228-a23c-dc3466037126,d31fccc3-1767-390d-966a-22a5156f4219,ambulatory,185345009,Encounter for symptom (procedure),83.05,83.05,0.00,36971009,Sinusitis (disorder)
6f45f2e9-a617-570a-a799-0a378ebf567c,2022-05-19T06:34:20Z,2022-05-19T06:49:20Z,6f45f2e9-a617-570a-8867-dec1260088bb,775fd387-94cb-3058-adc1-871f8aef9045,817b5927-2988-302e-af60-4d0b7e0de251,d31fccc3-1767-390d-966a-22a5156f4219,wellness,410620009,Well child visit (procedure),171.78,null,0.00,,
6f45f2e9-a617-570a-ac72-e32886abc3bc,2016-10-20T06:34:20Z,2016-10-20T06:49:20Z,6f45f2e9-a617-570a-8867-dec1260088bb,775fd387-94cb-3058-adc1-871f8aef9045,817b5927-2988-302e-af60-4d0b7e0de251,d31fccc3-1767-390d-966a-22a5156f4219,wellness,410620009,Well child visit (procedure),171.78,792.22,501.04,,
6f45f2e9-a617-570a-b451-f25b0a269d31,2025-06-05T06:34:20Z,2025-06-05T06:49:20Z,6f45f2e9-a617-570a-8867-dec1260088bb,775fd387-94cb-3058-adc1-871f8aef9045,817b5927-2988-302e-af60-4d0b7e0de251,d31fccc3-1767-390d-966a-22a5156f4219,wellness,410620009,Well child visit (procedure),171.78,1064.22,0.00,,
6f45f2e9-a617-570a-bd16-93c00e084a60,2026-04-25T10:34:20Z,2026-04-25T11:34:20Z,6f45f2e9-a617-570a-8867-dec1260088bb,fe61f80c-951c-3dfb-8704-ae1da96fef2e,2e190550-b660-3228-a23c-dc3466037126,d31fccc3-1767-390d-966a-22a5156f4219,ambulatory,185347001,Encounter for problem (procedure),83.05,8374.06,8374.06,192127007,Child attention deficit disorder (disorder)
6f45f2e9-a617-570a-c4c5-0e1385599b49,2016-12-27T06:34:20Z,2017-01-13T06:49:20Z,6f45f2e9-a617-570a-8867-dec1260088bb,74186f3f-523b-3157-a8c6-6e104d106cb5,f16eb5e7-f3cb-3b61-b8dc-be8172542a44,d31fccc3-1767-390d-966a-22a5156f4219,snf,32485007,Hospital admission (procedure),166.70,16298.14,13038.47,25675004,Patient transfer to skilled nursing facility (procedure)
6f45f2e9-a617-570a-ddd9-382a1ca98d30,2026-07-31T08:18:46Z,2026-07-31T08:51:11Z,6f45f2e9-a617-570a-8867-dec1260088bb,fe61f80c-951c-3dfb-8704-ae1da96fef2e,2e190550-b660-3228-a23c-dc3466037126,d31fccc3-1767-390d-966a-22a5156f4219,ambulatory,371883000,Outpatient procedure (procedure),138.42,7503.70,7503.70,609328004,Allergic disposition (finding)
6f45f2e9-a617-570a-df75-134d9a8a3c1a,2018-01-12T08:34:20Z,2018-01-12T08:49:20Z,6f45f2e9-a617-570a-8867-dec1260088bb,fe61f80c-951c-3dfb-8704-ae1da96fef2e,2e190550-b660-3228-a23c-dc3466037126,d31fccc3-1767-390d-966a-22a5156f4219,ambulatory,185345009,Encounter for symptom (procedure),83.05,83.05,0.00,444814009,Viral sinusitis (disorder)
6f45f2e9-a617-570a-e411-55906c91cca4,2017-01-24T10:34:20Z,2017-01-24T10:49:20Z,6f45f2e9-a617-570a-8867-dec1260088bb,fe61f80c-951c-3dfb-8704-ae1da96fef2e,2e190550-b660-3228-a23c-dc3466037126,d31fccc3-1767-390d-966a-22a5156f4219,ambulatory,185345009,Encounter for symptom (procedure),83.05,83.05,66.44,444814009,Viral sinusitis (disorder)
6f45f2e9-a617-570a-e706-4091b8895168,2026-06-11T06:34:20Z,2026-06-11T06:52:21Z,6f45f2e9-a617-570a-8867-dec1260088bb,775fd387-94cb-3058-adc1-871f8aef9045,817b5927-2988-302e-af60-4d0b7e0de251,d31fccc3-1767-390d-966a-22a5156f4219,wellness,410620009,Well child visit (procedure),171.78,,851.37,,
6f45f2e9-a617-570a-ec6c-1c1a678f7e53,2026-07-03T12:34:20Z,2026-07-03T13:34:20Z,6f45f2e9-a617-570a-8867-dec1260088bb,767abec6-ce06-3b98-a9de-3a3dbb1c06d3,395ae0ac-b06d-3e32-ad84-cdc46f6f6b4f,d31fccc3-1767-390d-966a-22a5156f4219,virtual,185347001,Encounter for problem (procedure),75.00,6444.29,6444.29,192127007,Child attention deficit disorder (disorder)
6f45f2e9-a617-570a-f7ee-b4beea8c12a3,2021-06-10T06:34:20Z,2021-06-10T06:49:20Z,6f45f2e9-a617-570a-8867-dec1260088bb,07649fd1-c4de-3075-9308-be02b756f191,3426301a-3113-39d3-944e-d1766e6f8bd4,d31fccc3-1767-390d-966a-22a5156f4219,urgentcare,702927004,Urgent care clinic (environment),138.42,,0.00,,
75d6a35c-c2e1-5b9f-0b1f-1f8c96f033d4,2023-01-06T15:13:25Z,2023-01-06T18:04:52Z,75d6a35c-c2e1-5b9f-e7f8-6a5b05af8fc8,6e837e35-27b2-36cd-942f-fdc14be9589d,faaea3e2-1b5a-3324-a4b3-0fbc3adaa9e4,734afbd6-4794-363b-9bc0-6a3981533ed5,ambulatory,185349003,Encounter for check up (procedure),83.05,3805.69,2620.72,66383009,Gingivitis (disorder)
75d6a35c-c2e1-5b9f-0e56-0f3ce81d6e07,2020-11-23T08:13:25Z,2020-11-23T08:28:25Z,75d6a35c-c2e1-5b9f-e7f8-6a5b05af8fc8,6e837e35-27b2-36cd-942f-fdc14be9589d,faaea3e2-1b5a-3324-a4b3-0fbc3adaa9e4,734afbd6-4794-363b-9bc0-6a3981533ed5,ambulatory,185345009,Encounter for symptom (procedure),83.05,1323.94,0.00,195662009,Acute viral pharyngitis (disorder)
75d6a35c-c2e1-5b9f-166b-588b8ed66f05,2024-01-05T15:13:25Z,2024-01-05T15:28:25Z,75d6a35c-c2e1-5b9f-e7f8-6a5b05af8fc8,d3d5e55e-a9f8-35dd-9477-ca6454202cf0,faee4528-e832-37cf-af08-ce4295814a61,734afbd6-4794-363b-9bc0-6a3981533ed5,wellness,410620009,Well child visit (procedure),171.78,1507.70,39.76,,
75d6a35c-c2e1-5b9f-2473-d1d6a0908420,2025-01-10T15:13:25Z,2025-01-10T15:43:21Z,75d6a35c-c2e1-5b9f-e7f8-6a5b05af8fc8,d3d5e55e-a9f8-35dd-9477-ca6454202cf0,faee4528-e832-37cf-af08-ce4295814a61,734afbd6-4794-363b-9bc0-6a3981533ed5,wellness,410620009,Well child visit (procedure),171.78,1064.22,0.00,,
75d6a35c-c2e1-5b9f-37a7-23c9af692449,2025-01-24T15:13:25Z,2025-01-24T15:28:25Z,75d6a35c-c2e1-5b9f-e7f8-6a5b05af8fc8,1bb4104c-d97b-331a-833f-e7294f43cc9d,9fd8655f-1200-3316-84e9-d68907f40f68,734afbd6-4794-363b-9bc0-6a3981533ed5,outpatient,33879002,Administration of vaccine to produce active immunity (procedure),138.42,274.42,124.05,,
75d6a35c-c2e1-5b9f-5148-b6d2d41b2519,2018-12-14T15:13:25Z,2018-12-14T18:11:03Z,75d6a35c-c2e1-5b9f-e7f8-6a5b05af8fc8,6e837e35-27b2-36cd-942f-fdc14be9589d,faaea3e2-1b5a-3324-a4b3-0fbc3adaa9e4,734afbd6-4794-363b-9bc0-6a3981533ed5,ambulatory,185349003,Encounter for check up (procedure),83.05,4426.13,3479.87,103697008,Patient referral for dental care (procedure)
75d6a35c-c2e1-5b9f-7911-8620f563eae3,2026-01-30T15:13:25Z,2026-01-30T21:25:06Z,75d6a35c-c2e1-5b9f-e7f8-6a5b05af8fc8,6e837e35-27b2-36cd-942f-fdc14be9589d,faaea3e2-1b5a-3324-a4b3-0fbc3adaa9e4,734afbd6-4794-363b-9bc0-6a3981533ed5,ambulatory,185349003,Encounter for check up (procedure),83.05,6907.89,5526.29,66383009,Gingivitis (disorder)
75d6a35c-c2e1-5b9f-79b4-82950c80a3ca,2021-12-31T15:13:25Z,2021-12-31T18:45:06Z,75d6a35c-c2e1-5b9f-e7f8-6a5b05af8fc8,6e837e35-27b2-36cd-942f-fdc14be9589d,faaea3e2-1b5a-3324-a4b3-0fbc3adaa9e4,734afbd6-4794-363b-9bc0-6a3981533ed5,ambulatory,185349003,Encounter for check up (procedure),83.05,5046.57,4037.24,103697008,Patient referral for dental care (procedure)
75d6a35c-c2e1-5b9f-8058-bffad2c63e7a,2026-01-16T15:13:25Z,2026-01-16T15:28:25Z,75d6a35c-c2e1-5b9f-e7f8-6a5b05af8fc8,d3d5e55e-a9f8-35dd-9477-ca6454202cf0,faee4528-e832-37cf-af08-ce4295814a61,734afbd6-4794-363b-9bc0-6a3981533ed5,wellness,410620009,Well child visit (procedure),171.78,2033.11,460.09,,
75d6a35c-c2e1-5b9f-830c-8360c503d4a6,2017-12-01T15:13:25Z,2017-12-01T15:28:25Z,75d6a35c-c2e1-5b9f-e7f8-6a5b05af8fc8,d3d5e55e-a9f8-35dd-9477-ca6454202cf0,faee4528-e832-37cf-af08-ce4295814a61,734afbd6-4794-363b-9bc0-6a3981533ed5,wellness,410620009,Well child visit (procedure),171.78,,0.00,,
75d6a35c-c2e1-5b9f-9af4-3febccd0f05c,2025-01-24T15:13:25Z,2025-01-24T18:15:48Z,75d6a35c-c2e1-5b9f-e7f8-6a5b05af8fc8,6e837e35-27b2-36cd-942f-fdc14be9589d,faaea3e2-1b5a-3324-a4b3-0fbc3adaa9e4,734afbd6-4794-363b-9bc0-6a3981533ed5,ambulatory,185349003,Encounter for check up (procedure),83.05,4426.13,3540.89,103697008,Patient referral for dental care (procedure)
75d6a35c-c2e1-5b9f-9b6e-7cbc0cdf9119,2019-11-17T04:13:25Z,2019-11-17T04:28:25Z,75d6a35c-c2e1-5b9f-e7f8-6a5b05af8fc8,6e837e35-27b2-36cd-942f-fdc14be9589d,faaea3e2-1b5a-3324-a4b3-0fbc3adaa9e4,734afbd6-4794-363b-9bc0-6a3981533ed5,ambulatory,185345009,Encounter for symptom (procedure),83.05,1323.94,0.00,195662009,Acute viral pharyngitis (disorder)
75d6a35c-c2e1-5b9f-9c79-d137bc82c649,2020-12-18T15:13:25Z,2020-12-18T15:28:25Z,75d6a35c-c2e1-5b9f-e7f8-6a5b05af8fc8,d3d5e55e-a9f8-35dd-9477-ca6454202cf0,faee4528-e832-37cf-af08-ce4295814a61,734afbd6-4794-363b-9bc0-6a3981533ed5,wellness,410620009,Well child visit (procedure),171.78,713.88,463.86,,
75d6a35c-c2e1-5b9f-a7e5-ef14537eb827,2022-12-30T15:13:25Z,2022-12-30T15:28:25Z,75d6a35c-c2e1-5b9f-e7f8-6a5b05af8fc8,d3d5e55e-a9f8-35dd-9477-ca6454202cf0,faee4528-e832-37cf-af08-ce4295814a61,734afbd6-4794-363b-9bc0-6a3981533ed5,wellness,410620009,Well child visit (procedure),171.78,928.22,0.00,,
75d6a35c-c2e1-5b9f-c767-a959a17ba984,2025-09-09T08:13:25Z,2025-09-09T08:28:25Z,75d6a35c-c2e1-5b9f-e7f8-6a5b05af8fc8,6e837e35-27b2-36cd-942f-fdc14be9589d,faaea3e2-1b5a-3324-a4b3-0fbc3adaa9e4,734afbd6-4794-363b-9bc0-6a3981533ed5,ambulatory,185345009,Encounter for symptom (procedure),83.05,1075.76,860.61,10509002,Acute bronchitis (disorder)
75d6a35c-c2e1-5b9f-cb48-ae1884f1205f,2025-01-03T15:13:25Z,2025-01-03T15:28:25Z,75d6a35c-c2e1-5b9f-e7f8-6a5b05af8fc8,1bb4104c-d97b-331a-833f-e7294f43cc9d,9fd8655f-1200-3316-84e9-d68907f40f68,734afbd6-4794-363b-9bc0-6a3981533ed5,outpatient,33879002,Administration of vaccine to produce active immunity (procedure),138.42,,0.00,,
75d6a35c-c2e1-5b9f-cbe2-05f04a356ea2,2025-09-19T15:13:25Z,2025-09-19T15:28:25Z,75d6a35c-c2e1-5b9f-e7f8-6a5b05af8fc8,1bb4104c-d97b-331a-833f-e7294f43cc9d,9fd8655f-1200-3316-84e9-d68907f40f68,734afbd6-4794-363b-9bc0-6a3981533ed5,outpatient,185349003,Encounter for check up (procedure),83.05,975.49,780.39,,
75d6a35c-c2e1-5b9f-e051-36e8174db4a5,2016-12-02T15:13:25Z,2016-12-02T17:49:36Z,75d6a35c-c2e1-5b9f-e7f8-6a5b05af8fc8,6e837e35-27b2-36cd-942f-fdc14be9589d,faaea3e2-1b5a-3324-a4b3-0fbc3adaa9e4,734afbd6-4794-363b-9bc0-6a3981533ed5,ambulatory,185349003,Encounter for check up (procedure),83.05,5046.57,4037.24,103697008,Patient referral for dental care (procedure)
75d6a35c-c2e1-5b9f-edee-b48b79e25366,2018-12-07T15:13:25Z,2018-12-07T15:28:25Z,75d6a35c-c2e1-5b9f-e7f8-6a5b05af8fc8,d3d5e55e-a9f8-35dd-9477-ca6454202cf0,faee4528-e832-37cf-af08-ce4295814a61,734afbd6-4794-363b-9bc0-6a3981533ed5,wellness,410620009,Well child visit (procedure),171.78,1381.72,0.00,,
75d6a35c-c2e1-5b9f-f150-70f1f7e6ea7a,2021-12-24T15:13:25Z,2021-12-24T15:28:25Z,75d6a35c-c2e1-5b9f-e7f8-6a5b05af8fc8,d3d5e55e-a9f8-35dd-9477-ca6454202cf0,faee4528-e832-37cf-af08-ce4295814a61,734afbd6-4794-363b-9bc0-6a3981533ed5,wellness,410620009,Well child visit (procedure),171.78,1238.44,0.00,,
75d6a35c-c2e1-5b9f-f2a2-2e9e02fae76c,2019-12-13T15:13:25Z,2019-12-13T15:28:25Z,75d6a35c-c2e1-5b9f-e7f8-6a5b05af8fc8,d3d5e55e-a9f8-35dd-9477-ca6454202cf0,faee4528-e832-37cf-af08-ce4295814a61,734afbd6-4794-363b-9bc0-6a3981533ed5,wellness,410620009,Well child visit (procedure),171.78,307.78,138.98,,
75d6a35c-c2e1-5b9f-f40f-d5e93c12a289,2016-11-25T15:13:25Z,2016-11-25T15:29:19Z,75d6a35c-c2e1-5b9f-e7f8-6a5b05af8fc8,d3d5e55e-a9f8-35dd-9477-ca6454202cf0,faee4528-e832-37cf-af08-ce4295814a61,734afbd6-4794-363b-9bc0-6a3981533ed5,wellness,410620009,Well child visit (procedure),171.78,1238.44,990.75,,
922fb35e-148d-9e82-0688-faac6f54dbfb,2004-12-30T18:53:52Z,2004-12-30T19:47:24Z,922fb35e-148d-9e82-7e65-bfa05e3b3515,c3fdf07c-4ba2-301b-8291-7e279679c67c,1c3d58c6-c950-3c96-b499-55d4f5f14b0b,26aab0cd-6aba-3e1b-ac5b-05c8867e762c,wellness,162673000,General examination of patient (procedure),171.78,928.22,0.00,,
922fb35e-148d-9e82-0688-faac6f54dbfb,2004-12-30T18:53:52Z,2004-12-30T19:47:24Z,922fb35e-148d-9e82-7e65-bfa05e3b3515,c3fdf07c-4ba2-301b-8291-7e279679c67c,1c3d58c6-c950-3c96-b499-55d4f5f14b0b,26aab0cd-6aba-3e1b-ac5b-05c8867e762c,wellness,162673000,General examination of patient (procedure),171.78,928.22,0.00,,
922fb35e-148d-9e82-0bb2-08774e9beb45,2022-04-07T18:53:52Z,2022-04-07T19:10:29Z,922fb35e-148d-9e82-7e65-bfa05e3b3515,c96d6792-27a3-3ef4-83f2-bb68e71023df,82bc312c-5140-37fe-a179-5ebad3a13196,26aab0cd-6aba-3e1b-ac5b-05c8867e762c,outpatient,308335008,Patient encounter procedure (procedure),138.42,1732.36,0.00,389095005,Contraception care (regime/therapy)
922fb35e-148d-9e82-125c-682b97835ae3,2017-12-31T18:53:52Z,2017-12-31T19:13:10Z,922fb35e-148d-9e82-7e65-bfa05e3b3515,c96d6792-27a3-3ef4-83f2-bb68e71023df,82bc312c-5140-37fe-a179-5ebad3a13196,26aab0cd-6aba-3e1b-ac5b-05c8867e762c,outpatient,698314001,Consultation for treatment (procedure),138.42,3767.08,0.00,389095005,Contraception care (regime/therapy)
922fb35e-148d-9e82-1563-fc2eda5ba518,2021-01-21T18:53:52Z,2021-01-21T19:52:20Z,922fb35e-148d-9e82-7e65-bfa05e3b3515,c3fdf07c-4ba2-301b-8291-7e279679c67c,1c3d58c6-c950-3c96-b499-55d4f5f14b0b,26aab0cd-6aba-3e1b-ac5b-05c8867e762c,wellness,162673000,General examination of patient (procedure),171.7800,1350.78,810.47,,
922fb35e-148d-9e82-1a32-03b60d4100a2,2024-04-04T18:53:52Z,2024-04-04T19:10:12Z,922fb35e-148d-9e82-7e65-bfa05e3b3515,c96d6792-27a3-3ef4-83f2-bb68e71023df,82bc312c-5140-37fe-a179-5ebad3a13196,26aab0cd-6aba-3e1b-ac5b-05c8867e762c,outpatient,308335008,Patient encounter procedure (procedure),138.42,5400.40,3240.24,389095005,Contraception care (regime/therapy)
922fb35e-148d-9e82-2e60-e38fbba24d49,2020-04-28T20:53:52Z,2020-04-28T21:08:52Z,922fb35e-148d-9e82-7e65-bfa05e3b3515,c96d6792-27a3-3ef4-83f2-bb68e71023df,82bc312c-5140-37fe-a179-5ebad3a13196,26aab0cd-6aba-3e1b-ac5b-05c8867e762c,ambulatory,185345009,Encounter for symptom (procedure),83.05,83.05,0.00,444814009,Viral sinusitis (disorder)
922fb35e-148d-9e82-2e63-6f3c5299d8d1,2016-04-14T18:53:52Z,2016-04-14T19:08:52Z,922fb35e-148d-9e82-7e65-bfa05e3b3515,c96d6792-27a3-3ef4-83f2-bb68e71023df,82bc312c-5140-37fe-a179-5ebad3a13196,26aab0cd-6aba-3e1b-ac5b-05c8867e762c,ambulatory,424441002,Prenatal initial visit (regime/therapy),138.42,66977.06,36529.79,72892002,Normal pregnancy (finding)
922fb35e-148d-9e82-30f5-50a947827f74,2023-07-06T18:53:52Z,2023-07-06T19:08:52Z,922fb35e-148d-9e82-7e65-bfa05e3b3515,c96d6792-27a3-3ef4-83f2-bb68e71023df,82bc312c-5140-37fe-a179-5ebad3a13196,26aab0cd-6aba-3e1b-ac5b-05c8867e762c,outpatient,308335008,Patient encounter procedure (procedure),138.42,6120.27,3571.88,389095005,Contraception care (regime/therapy)
922fb35e-148d-9e82-324c-46dd669c177d,2024-01-04T18:53:52Z,2024-01-04T19:12:12Z,922fb35e-148d-9e82-7e65-bfa05e3b3515,c96d6792-27a3-3ef4-83f2-bb68e71023df,82bc312c-5140-37fe-a179-5ebad3a13196,26aab0cd-6aba-3e1b-ac5b-05c8867e762c,outpatient,308335008,Patient encounter procedure (procedure),138.42,1732.36,0.00,389095005,Contraception care (regime/therapy)
922fb35e-148d-9e82-3598-d2297bfd9ad3,2026-02-26T18:53:52Z,2026-02-26T19:08:52Z,922fb35e-148d-9e82-7e65-bfa05e3b3515,c96d6792-27a3-3ef4-83f2-bb68e71023df,82bc312c-5140-37fe-a179-5ebad3a13196,26aab0cd-6aba-3e1b-ac5b-05c8867e762c,ambulatory,424619006,Prenatal visit (regime/therapy),138.42,23902.66,23902.66,72892002,Normal pregnancy (finding)
922fb35e-148d-9e82-3858-56bfc0a558a6,2021-10-07T18:53:52Z,2021-10-07T19:10:16Z,922fb35e-148d-9e82-7e65-bfa05e3b3515,c96d6792-27a3-3ef4-83f2-bb68e71023df,82bc312c-5140-37fe-a179-5ebad3a13196,26aab0cd-6aba-3e1b-ac5b-05c8867e762c,outpatient,308335008,Patient encounter procedure (procedure),138.42,4044.07,4044.07,389095005,Contraception care (regime/therapy)
922fb35e-148d-9e82-3a0e-0d81fea91e98,2025-04-03T18:53:52Z,2025-04-03T19:10:35Z,922fb35e-148d-9e82-7e65-bfa05e3b3515,c96d6792-27a3-3ef4-83f2-bb68e71023df,82bc312c-5140-37fe-a179-5ebad3a13196,26aab0cd-6aba-3e1b-ac5b-05c8867e762c,outpatient,308335008,Patient encounter procedure (procedure),138.42,1732.36,0.00,389095005,Contraception care (regime/therapy)
922fb35e-148d-9e82-3fb8-b129e52c4502,2016-09-01T18:53:52Z,2016-09-01T19:08:52Z,922fb35e-148d-9e82-7e65-bfa05e3b3515,c96d6792-27a3-3ef4-83f2-bb68e71023df,82bc312c-5140-37fe-a179-5ebad3a13196,26aab0cd-6aba-3e1b-ac5b-05c8867e762c,ambulatory,424619006,Prenatal visit (regime/therapy),138.42,12077.06,12077.06,72892002,Normal pregnancy (finding)
922fb35e-148d-9e82-4194-9389e614cb18,2018-12-26T19:13:10Z,2018-12-26T19:30:49Z,922fb35e-148d-9e82-7e65-bfa05e3b3515,c96d6792-27a3-3ef4-83f2-bb68e71023df,82bc312c-5140-37fe-a179-5ebad3a13196,26aab0cd-6aba-3e1b-ac5b-05c8867e762c,outpatient,698314001,Consultation for treatment (procedure),138.42,4185.81,0.00,389095005,Contraception care (regime/therapy)
922fb35e-148d-9e82-45a5-07a489410354,2020-10-08T18:53:52Z,2020-10-08T19:10:12Z,922fb35e-148d-9e82-7e65-bfa05e3b3515,c96d6792-27a3-3ef4-83f2-bb68e71023df,82bc312c-5140-37fe-a179-5ebad3a13196,26aab0cd-6aba-3e1b-ac5b-05c8867e762c,outpatient,308335008,Patient encounter procedure (procedure),138.42,2759.74,1655.84,389095005,Contraception care (regime/therapy)
922fb35e-148d-9e82-461c-8b92f1d7c67f,2022-12-05T19:44:11Z,2022-12-05T19:59:11Z,922fb35e-148d-9e82-7e65-bfa05e3b3515,c96d6792-27a3-3ef4-83f2-bb68e71023df,82bc312c-5140-37fe-a179-5ebad3a13196,26aab0cd-6aba-3e1b-ac5b-05c8867e762c,outpatient,698314001,Consultation for treatment (procedure),138.42,1972.09,0.00,389095005,Contraception care (regime/therapy)
922fb35e-148d-9e82-51d3-ba97bb045a72,2020-01-09T18:53:52Z,2020-01-09T19:12:00Z,922fb35e-148d-9e82-7e65-bfa05e3b3515,c96d6792-27a3-3ef4-83f2-bb68e71023df,82bc312c-5140-37fe-a179-5ebad3a13196,26aab0cd-6aba-3e1b-ac5b-05c8867e762c,outpatient,308335008,Patient encounter procedure (procedure),138.42,1732.36,0.00,389095005,Contraception care (regime/therapy)
922fb35e-148d-9e82-523d-824bb03f667f,2021-02-11T18:53:52Z,2021-02-11T19:08:52Z,922fb35e-148d-9e82-7e65-bfa05e3b3515,c96d6792-27a3-3ef4-83f2-bb68e71023df,701b2296-cc94-4c4e-b407-793800f3a969,26aab0cd-6aba-3e1b-ac5b-05c8867e762c,outpatient,33879002,Administration of vaccine to produce active immunity (procedure),138.42,274.42,164.65,,
922fb35e-148d-9e82-5393-4584c15b19dd,2026-05-07T18:53:52Z,2026-05-07T19:12:53Z,922fb35e-148d-9e82-7e65-bfa05e3b3515,c96d6792-27a3-3ef4-83f2-bb68e71023df,82bc312c-5140-37fe-a179-5ebad3a13196,26aab0cd-6aba-3e1b-ac5b-05c8867e762c,outpatient,698314001,,138.42,6514.22,6514.22,389095005,Contraception care (regime/therapy)
922fb35e-148d-9e82-55e9-59e148d7c765,2022-07-07T18:53:52Z,2022-07-07T19:13:28Z,922fb35e-148d-9e82-7e65-bfa05e3b3515,c96d6792-27a3-3ef4-83f2-bb68e71023df,82bc312c-5140-37fe-a179-5ebad3a13196,26aab0cd-6aba-3e1b-ac5b-05c8867e762c,outpatient,308335008,Patient encounter procedure (procedure),138.42,3464.38,1452.25,389095005,Contraception care (regime/therapy)
922fb35e-148d-9e82-5829-72b172451ed6,2026-01-01T18:53:52Z,2026-01-01T19:08:52Z,922fb35e-148d-9e82-7e65-bfa05e3b3515,c96d6792-27a3-3ef4-83f2-bb68e71023df,82bc312c-5140-37fe-a179-5ebad3a13196,26aab0cd-6aba-3e1b-ac5b-05c8867e762c,ambulatory,424619006,Prenatal visit (regime/therapy),138.42,20559,20559.06,72892002,Normal pregnancy (finding)
922fb35e-148d-9e82-605c-28ee57b356a1,2024-02-08T18:53:52Z,2024-02-08T21:25:01Z,922fb35e-148d-9e82-7e65-bfa05e3b3515,c96d6792-27a3-3ef4-83f2-bb68e71023df,82bc312c-5140-37fe-a179-5ebad3a13196,26aab0cd-6aba-3e1b-ac5b-05c8867e762c,ambulatory,185349003,Encounter for check up (procedure),83.0500,4426.13,1241.89,103697008,Patient referral for dental care (procedure)
922fb35e-148d-9e82-61d4-cc51ac0e63d3,2020-07-09T18:53:52Z,2020-07-09T19:13:04Z,922fb35e-148d-9e82-7e65-bfa05e3b3515,c96d6792-27a3-3ef4-83f2-bb68e71023df,82bc312c-5140-37fe-a179-5ebad3a13196,26aab0cd-6aba-3e1b-ac5b-05c8867e762c,outpatient,308335008,Patient encounter procedure (procedure),138.42,1732.36,669.49,389095005,Contraception care (regime/therapy)
922fb35e-148d-9e82-6407-4a0be5dffd19,2024-07-04T18:53:52Z,2024-07-04T19:10:59Z,922fb35e-148d-9e82-7e65-bfa05e3b3515,c96d6792-27a3-3ef4-83f2-bb68e71023df,82bc312c-5140-37fe-a179-5ebad3a13196,26aab0cd-6aba-3e1b-ac5b-05c8867e762c,outpatient,308335008,Patient encounter procedure (procedure),138.42,1732.36,1732.36,389095005,Contraception care (regime/therapy)
922fb35e-148d-9e82-6630-813b7d4f72b1,2025-01-02T18:53:52Z,2025-01-02T19:11:36Z,922fb35e-148d-9e82-7e65-bfa05e3b3515,c96d6792-27a3-3ef4-83f2-bb68e71023df,82bc312c-5140-37fe-a179-5ebad3a13196,26aab0cd-6aba-3e1b-ac5b-05c8867e762c,outpatient,308335008,Patient encounter procedure (procedure),138.42,3471.11,0.00,389095005,Contraception care (regime/therapy)
922fb35e-148d-9e82-66a8-30c79ac5bdfd,2015-01-15T18:53:52Z,2015-01-15T19:24:26Z,922fb35e-148d-9e82-7e65-bfa05e3b3515,c3fdf07c-4ba2-301b-8291-7e279679c67c,1c3d58c6-c950-3c96-b499-55d4f5f14b0b,26aab0cd-6aba-3e1b-ac5b-05c8867e762c,wellness,162673000,General examination of patient (procedure),171.78,1436.48,0.00,,
922fb35e-148d-9e82-6a2e-24947b950c70,2019-12-21T19:30:49Z,2019-12-21T19:45:49Z,922fb35e-148d-9e82-7e65-bfa05e3b3515,c96d6792-27a3-3ef4-83f2-bb68e71023df,82bc312c-5140-37fe-a179-5ebad3a13196,26aab0cd-6aba-3e1b-ac5b-05c8867e762c,outpatient,698314001,Consultation for treatment (procedure),138.42,138.42,0.00,389095005,Contraception care (regime/therapy)
922fb35e-148d-9e82-6a47-a22791a6f3fc,2022-01-06T18:53:52Z,2022-01-06T19:08:52Z,922fb35e-148d-9e82-7e65-bfa05e3b3515,c96d6792-27a3-3ef4-83f2-bb68e71023df,82bc312c-5140-37fe-a179-5ebad3a13196,26aab0cd-6aba-3e1b-ac5b-05c8867e762c,outpatient,308335008,Patient encounter procedure (procedure),138.42,1732.36,0.00,389095005,Contraception care (regime/therapy)
922fb35e-148d-9e82-6a72-4001ef191d37,2025-08-14T18:53:52Z,2025-08-14T19:08:52Z,922fb35e-148d-9e82-7e65-bfa05e3b3515,c96d6792-27a3-3ef4-83f2-bb68e71023df,82bc312c-5140-37fe-a179-5ebad3a13196,26aab0cd-6aba-3e1b-ac5b-05c8867e762c,ambulatory,424441002,Prenatal initial visit (regime/therapy),138.42,58537.60,34638.03,72892002,Normal pregnancy (finding)
922fb35e-148d-9e82-6a73-43bd20353259,2023-13-06T18:53:52Z,2023-04-06T19:08:52Z,922fb35e-148d-9e82-7e65-bfa05e3b3515,c96d6792-27a3-3ef4-83f2-bb68e71023df,82bc312c-5140-37fe-a179-5ebad3a13196,26aab0cd-6aba-3e1b-ac5b-05c8867e762c,outpatient,308335008,Patient encounter procedure (procedure),138.42,1732.36,0.00,389095005,Contraception care (regime/therapy)
922fb35e-148d-9e82-6e39-02a9b04e435f,2026-03-19T18:53:52Z,2026-03-19T19:53:52Z,922fb35e-148d-9e82-7e65-bfa05e3b3515,91ce0760-d028-3e0f-ab22-17cc23334533,889de383-8473-33f5-a918-1b822a56bead,26aab0cd-6aba-3e1b-ac5b-05c8867e762c,emergency,183460006,Obstetric emergency hospital admission (procedure),165.00,3310.48,3310.48,72892002,Normal pregnancy (finding)
922fb35e-148d-9e82-6ec8-577f548c4999,2021-12-10T19:44:11Z,2021-12-10T19:59:11Z,922fb35e-148d-9e82-7e65-bfa05e3b3515,c96d6792-27a3-3ef4-83f2-bb68e71023df,82bc312c-5140-37fe-a179-5ebad3a13196,26aab0cd-6aba-3e1b-ac5b-05c8867e762c,outpatient,698314001,Consultation for treatment (procedure),138.42,138.42,0.00,389095005,Contraception care (regime/therapy)
922fb35e-148d-9e82-75d5-9ea82c76d302,2017-12-14T01:53:52Z,2017-12-14T02:08:52Z,922fb35e-148d-9e82-7e65-bfa05e3b3515,c96d6792-27a3-3ef4-83f2-bb68e71023df,82bc312c-5140-37fe-a179-5ebad3a13196,26aab0cd-6aba-3e1b-ac5b-05c8867e762c,ambulatory,185345009,Encounter for symptom (procedure),83.05,83.05,0.00,444814009,Viral sinusitis (disorder)
922fb35e-148d-9e82-7626-04aeff74c02b,2018-10-11T18:53:52Z,2018-10-11T19:13:22Z,922fb35e-148d-9e82-7e65-bfa05e3b3515,c96d6792-27a3-3ef4-83f2-bb68e71023df,82bc312c-5140-37fe-a179-5ebad3a13196,26aab0cd-6aba-3e1b-ac5b-05c8867e762c,outpatient,308335008,Patient encounter procedure (procedure),138.42,1807.25,1807.25,389095005,Contraception care (regime/therapy)
922fb35e-148d-9e82-7b44-5e903e1a2c48,2024-10-03T18:53:52Z,2024-10-03T19:08:52Z,922fb35e-148d-9e82-7e65-bfa05e3b3515,c96d6792-27a3-3ef4-83f2-bb68e71023df,82bc312c-5140-37fe-a179-5ebad3a13196,26aab0cd-6aba-3e1b-ac5b-05c8867e762c,outpatient,308335008,Patient encounter procedure (procedure),138.42,1732.36,1732.36,389095005,Contraception care (regime/therapy)
922fb35e-148d-9e82-811d-e19b2a8daec2,2025-06-18T21:53:52Z,2025-06-18T22:08:52Z,922fb35e-148d-9e82-7e65-bfa05e3b3515,c96d6792-27a3-3ef4-83f2-bb68e71023df,30802e17-71df-44e1-9d7a-951bc62c125d,26aab0cd-6aba-3e1b-ac5b-05c8867e762c,ambulatory,185345009,Encounter for symptom (procedure),83.05,83.05,0.00,444814009,Viral sinusitis (disorder)
922fb35e-148d-9e82-8423-611fa89bc3d8,2018-07-12T18:53:52Z,2018-07-12T19:12:22Z,922fb35e-148d-9e82-7e65-bfa05e3b3515,c96d6792-27a3-3ef4-83f2-bb68e71023df,82bc312c-5140-37fe-a179-5ebad3a13196,26aab0cd-6aba-3e1b-ac5b-05c8867e762c,outpatient,308335008,Patient encounter procedure (procedure),138.42,6514.22,6514.22,389095005,Contraception care (regime/therapy)
922fb35e-148d-9e82-8984-4b6955dd0138,2022-10-06T18:53:52Z,2022-10-06T19:13:25Z,922fb35e-148d-9e82-7e65-bfa05e3b3515,c96d6792-27a3-3ef4-83f2-bb68e71023df,82bc312c-5140-37fe-a179-5ebad3a13196,26aab0cd-6aba-3e1b-ac5b-05c8867e762c,outpatient,308335008,Patient encounter procedure (procedure),138,1816.43,1089.86,389095005,Contraception care (regime/therapy)
922fb35e-148d-9e82-8aeb-1cd53fc6fdcd,2025-12-04T18:53:52Z,2025-12-04T19:08:52Z,922fb35e-148d-9e82-7e65-bfa05e3b3515,c96d6792-27a3-3ef4-83f2-bb68e71023df,82bc312c-5140-37fe-a179-5ebad3a13196,26aab0cd-6aba-3e1b-ac5b-05c8867e762c,ambulatory,424619006,Prenatal visit (regime/therapy),138.42,16402.51,16402.51,72892002,Normal pregnancy (finding)
922fb35e-148d-9e82-8b97-d4c98527f2d9,2016-11-10T18:53:52Z,2016-11-10T19:08:52Z,922fb35e-148d-9e82-7e65-bfa05e3b3515,c96d6792-27a3-3ef4-83f2-bb68e71023df,82bc312c-5140-37fe-a179-5ebad3a13196,26aab0cd-6aba-3e1b-ac5b-05c8867e762c,ambulatory,424619006,Prenatal visit (regime/therapy),138.42,13826.27,4639.36,72892002,Normal pregnancy (finding)
922fb35e-148d-9e82-8fb9-b27ebeb688a5,2021-07-08T18:53:52Z,2021-07-08T19:13:46Z,922fb35e-148d-9e82-7e65-bfa05e3b3515,c96d6792-27a3-3ef4-83f2-bb68e71023df,82bc312c-5140-37fe-a179-5ebad3a13196,26aab0cd-6aba-3e1b-ac5b-05c8867e762c,outpatient,308335008,Patient encounter procedure (procedure),138.42,1742.16,1742.16,389095005,Contraception care (regime/therapy)
922fb35e-148d-9e82-99f1-8aa36d18014e,2024-01-25T18:53:52Z,2024-01-25T19:52:54Z,922fb35e-148d-9e82-7e65-bfa05e3b3515,c3fdf07c-4ba2-301b-8291-7e279679c67c,1c3d58c6-c950-3c96-b499-55d4f5f14b0b,26aab0cd-6aba-3e1b-ac5b-05c8867e762c,wellness,162673000,General examination of patient (procedure),171.78,1381.72,0.00,,
922fb35e-148d-9e82-a9c9-16ea4d153946,2025-09-11T18:53:52Z,2025-09-11T19:08:52Z,922fb35e-148d-9e82-7e65-bfa05e3b3515,c96d6792-27a3-3ef4-83f2-bb68e71023df,82bc312c-5140-37fe-a179-5ebad3a13196,26aab0cd-6aba-3e1b-ac5b-05c8867e762c,ambulatory,424619006,Prenatal visit (regime/therapy),138.42,8214.76,8214.76,72892002,Normal pregnancy (finding)
922fb35e-148d-9e82-ad74-413f259789c2,2020-12-15T19:30:49Z,2020-12-15T19:45:49Z,922fb35e-148d-9e82-7e65-bfa05e3b3515,c96d6792-27a3-3ef4-83f2-bb68e71023df,82bc312c-5140-37fe-a179-5ebad3a13196,26aab0cd-6aba-3e1b-ac5b-05c8867e762c,outpatient,698314001,Consultation for treatment (procedure),138.42,6514,263.71,389095005,Contraception care (regime/therapy)
922fb35e-148d-9e82-b376-a4a09ed3475b,2020-04-09T18:53:52Z,2020-04-09T19:08:52Z,922fb35e-148d-9e82-7e65-bfa05e3b3515,c96d6792-27a3-3ef4-83f2-bb68e71023df,82bc312c-5140-37fe-a179-5ebad3a13196,26aab0cd-6aba-3e1b-ac5b-05c8867e762c,outpatient,308335008,Patient encounter procedure (procedure),138.42,TBD,0.00,389095005,Contraception care (regime/therapy)
922fb35e-148d-9e82-b4e9-01f7542cfe87,2019-10-10T18:53:52Z,2019-10-10T19:12:46Z,922fb35e-148d-9e82-7e65-bfa05e3b3515,c96d6792-27a3-3ef4-83f2-bb68e71023df,82bc312c-5140-37fe-a179-5ebad3a13196,26aab0cd-6aba-3e1b-ac5b-05c8867e762c,outpatient,308335008,Patient encounter procedure (procedure),138.42,6514.22,3908.53,389095005,Contraception care (regime/therapy)
922fb35e-148d-9e82-b618-fe12266597bd,2018-01-18T18:53:52Z,2018-01-18T19:50:59Z,922fb35e-148d-9e82-7e65-bfa05e3b3515,c3fdf07c-4ba2-301b-8291-7e279679c67c,1c3d58c6-c950-3c96-b499-55d4f5f14b0b,26aab0cd-6aba-3e1b-ac5b-05c8867e762c,wellness,162673000,General examination of patient (procedure),171.78,1207.50,0.00,,
922fb35e-148d-9e82-b791-55e85e142e61,2026-03-12T18:53:52Z,2026-03-12T19:08:52Z,922fb35e-148d-9e82-7e65-bfa05e3b3515,c96d6792-27a3-3ef4-83f2-bb68e71023df,82bc312c-5140-37fe-a179-5ebad3a13196,26aab0cd-6aba-3e1b-ac5b-05c8867e762c,ambulatory,424619006,Prenatal visit (regime/therapy),138.42,7516.43,7516.43,72892002,Normal pregnancy (finding)
922fb35e-148d-9e82-b8cf-ba4446b318eb,2026-01-29T18:53:52Z,2026-01-29T19:08:52Z,922fb35e-148d-9e82-7e65-bfa05e3b3515,c96d6792-27a3-3ef4-83f2-bb68e71023df,82bc312c-5140-37fe-a179-5ebad3a13196,26aab0cd-6aba-3e1b-ac5b-05c8867e762c,ambulatory,424619006,Prenatal visit (regime/therapy),138.42,16166.19,16166.19,72892002,Normal pregnancy (finding)
922fb35e-148d-9e82-c0b0-a0a149fab018,2023-11-30T19:54:21Z,2023-11-30T20:09:21Z,922fb35e-148d-9e82-7e65-bfa05e3b3515,c96d6792-27a3-3ef4-83f2-bb68e71023df,82bc312c-5140-37fe-a179-5ebad3a13196,26aab0cd-6aba-3e1b-ac5b-05c8867e762c,outpatient,698314001,Consultation for treatment (procedure),138.42,138.42,0.00,389095005,Contraception care (regime/therapy)
922fb35e-148d-9e82-ce6e-97ea2cf9d3fa,2026-08-13T18:53:52Z,2026-08-13T19:08:52Z,922fb35e-148d-9e82-7e65-bfa05e3b3515,c96d6792-27a3-3ef4-83f2-bb68e71023df,82bc312c-5140-37fe-a179-5ebad3a13196,26aab0cd-6aba-3e1b-ac5b-05c8867e762c,outpatient,308335008,Patient encounter procedure (procedure),138.42,3271.35,3271.35,389095005,Contraception care (regime/therapy)
922fb35e-148d-9e82-d37c-0c2100e0740d,2016-12-29T18:53:52Z,2016-12-29T19:08:52Z,922fb35e-148d-9e82-7e65-bfa05e3b3515,c96d6792-27a3-3ef4-83f2-bb68e71023df,82bc312c-5140-37fe-a179-5ebad3a13196,26aab0cd-6aba-3e1b-ac5b-05c8867e762c,ambulatory,169762003,Postnatal visit (regime/therapy),138.42,1379.30,1379.30,,
922fb35e-148d-9e82-d540-03b3b5966ca7,2025-10-09T18:53:52Z,2025-10-09T19:08:52Z,922fb35e-148d-9e82-7e65-bfa05e3b3515,c96d6792-27a3-3ef4-83f2-bb68e71023df,82bc312c-5140-37fe-a179-5ebad3a13196,26aab0cd-6aba-3e1b-ac5b-05c8867e762c,ambulatory,424619006,Prenatal visit (regime/therapy),138.42,14749.97,14749.97,72892002,Normal pregnancy (finding)
922fb35e-148d-9e82-d5ad-160412e399d2,2019-04-11T18:53:52Z,2019-04-11T19:12:24Z,922fb35e-148d-9e82-7e65-bfa05e3b3515,c96d6792-27a3-3ef4-83f2-bb68e71023df,82bc312c-5140-37fe-a179-5ebad3a13196,26aab0cd-6aba-3e1b-ac5b-05c8867e762c,outpatient,308335008,Patient encounter procedure (procedure),138.42,2339.23,1403.54,389095005,Contraception care (regime/therapy)
922fb35e-148d-9e82-d705-529d59e54213,2025-11-06T18:53:52Z,2025-11-06T19:08:52Z,922fb35e-148d-9e82-7e65-bfa05e3b3515,c96d6792-27a3-3ef4-83f2-bb68e71023df,82bc312c-5140-37fe-a179-5ebad3a13196,26aab0cd-6aba-3e1b-ac5b-05c8867e762c,ambulatory,424619006,Prenatal visit (regime/therapy),138.42,16402.51,6185.11,72892002,Normal pregnancy (finding)
922fb35e-148d-9e82-dc42-53dd2926295a,2016-10-27T18:53:52Z,2016-10-27T19:08:52Z,922fb35e-148d-9e82-7e65-bfa05e3b3515,c96d6792-27a3-3ef4-83f2-bb68e71023df,82bc312c-5140-37fe-a179-5ebad3a13196,26aab0cd-6aba-3e1b-ac5b-05c8867e762c,ambulatory,424619006,Prenatal visit (regime/therapy),138.42,20167.48,20167.48,72892002,Normal pregnancy (finding)
922fb35e-148d-9e82-ddb4-dbbda85d5406,2026-04-30T18:53:52Z,2026-04-30T19:08:52Z,922fb35e-148d-9e82-7e65-bfa05e3b3515,c96d6792-27a3-3ef4-83f2-bb68e71023df,82bc312c-5140-37fe-a179-5ebad3a13196,26aab0cd-6aba-3e1b-ac5b-05c8867e762c,ambulatory,169762003,Postnatal visit (regime/therapy),138.42,1379.3000,1379.30,,
922fb35e-148d-9e82-e5d5-7ce6b3dc7dec,2006-08-27T18:53:52Z,2006-08-27T19:53:52Z,922fb35e-148d-9e82-7e65-bfa05e3b3515,91ce0760-d028-3e0f-ab22-17cc23334533,889de383-8473-33f5-a918-1b822a56bead,26aab0cd-6aba-3e1b-ac5b-05c8867e762c,emergency,50849002,Emergencj room admission (procedure),165.00,165.00,99.00,110030002,Concussion injury of brain (disorder)
922fb35e-148d-9e82-ea4f-02ae5b3e0639,2018-04-12T18:53:52Z,2018-04-12T19:08:52Z,922fb35e-148d-9e82-7e65-bfa05e3b3515,c96d6792-27a3-3ef4-83f2-bb68e71023df,82bc312c-5140-37fe-a179-5ebad3a13196,26aab0cd-6aba-3e1b-ac5b-05c8867e762c,outpatient,308335008,Patient encounter procedure (procedure),138.42,1940.56,1164.33,389095005,Contraception care (regime/therapy)
922fb35e-148d-9e82-efee-c562cf1325a7,2023-10-05T18:53:52Z,2023-10-05T19:09:07Z,922fb35e-148d-9e82-7e65-bfa05e3b3515,c96d6792-27a3-3ef4-83f2-bb68e71023df,82bc312c-5140-37fe-a179-5ebad3a13196,26aab0cd-6aba-3e1b-ac5b-05c8867e762c,outpatient,308335008,Patient encounter procedure (procedure),138.42,,1265.27,389095005,Contraception care (regime/therapy)
922fb35e-148d-9e82-f057-d2acf76fdb59,2019-01-10T18:53:52Z,2019-01-10T19:08:52Z,922fb35e-148d-9e82-7e65-bfa05e3b3515,c96d6792-27a3-3ef4-83f2-bb68e71023df,82bc312c-5140-37fe-a179-5ebad3a13196,26aab0cd-6aba-3e1b-ac5b-05c8867e762c,outpatient,308335008,Patient encounter procedure (procedure),138.42,1914.32,36.93,389095005,Contraception care (regime/therapy)
922fb35e-148d-9e82-f170-735ad33c5bd5,2018-02-01T18:53:52Z,2018-02-02T00:33:50Z,922fb35e-148d-9e82-7e65-bfa05e3b3515,c96d6792-27a3-3ef4-83f2-bb68e71023df,82bc312c-5140-37fe-a179-5ebad3a13196,26aab0cd-6aba-3e1b-ac5b-05c8867e762c,ambulatory,185349003,Encounter for check up (procedure),83.05,6907.89,3564.22,66383009,Gingivitis (disorder)
922fb35e-148d-9e82-f28d-517071ccfc03,2021-04-08T18:53:52Z,2021-04-08T19:10:41Z,922fb35e-148d-9e82-7e65-bfa05e3b3515,c96d6792-27a3-3ef4-83f2-bb68e71023df,82bc312c-5140-37fe-a179-5ebad3a13196,26aab0cd-6aba-3e1b-ac5b-05c8867e762c,outpatient,308335008,xatient encounter procedure (procedure),138.42,1778.74,1067.24,389095005,Contraception care (regime/therapy)
922fb35e-148d-9e82-f3bc-af11977933c7,1995-01-07T04:53:52Z,1995-01-07T05:08:52Z,922fb35e-148d-9e82-7e65-bfa05e3b3515,c96d6792-27a3-3ef4-83f2-bb68e71023df,82bc312c-5140-37fe-a179-5ebad3a13196,26aab0cd-6aba-3e1b-ac5b-05c8867e762c,ambulatory,185345009,Encounter for symptom (procedure),83.05,91.11,0.00,75498004,Acute bacterial sinusitis (disorder)
922fb35e-148d-9e82-f652-3096936f3853,2012-01-12T18:53:52Z,2012-01-12T19:25:31Z,922fb35e-148d-9e82-7e65-bfa05e3b3515,c3fdf07c-4ba2-301b-8291-7e279679c67c,1c3d58c6-c950-3c96-b499-55d4f5f14b0b,26aab0cd-6aba-3e1b-ac5b-05c8867e762c,wellness,162673000,General examination of patient (procedure),171.78,928.22,0.00,,
922fb35e-148d-9e82-f6d4-fe006e8526ff,2019-07-11T18:53:52Z,2019-07-11T19:09:15Z,922fb35e-148d-9e82-7e65-bfa05e3b3515,c96d6792-27a3-3ef4-83f2-bb68e71023df,82bc312c-5140-37fe-a179-5ebad3a13196,26aab0cd-6aba-3e1b-ac5b-05c8867e762c,outpatient,308335008,Patient encounter procedure (procedure),138.42,1732.36,1039.41,389095005,Contraception care (regime/therapy)
922fb35e-148d-9e82-f749-022800a508f8,2016-11-17T18:53:52Z,2016-11-17T19:53:52Z,922fb35e-148d-9e82-7e65-bfa05e3b3515,91ce0760-d028-3e0f-ab22-17cc23334533,889de383-8473-33f5-a918-1b822a56bead,26aab0cd-6aba-3e1b-ac5b-05c8867e762c,emergency,183460006,Obstetric emergency hospital admission (procedure),165.00,16952.76,16952.76,72892002,Normal pregnancy (finding)
922fb35e-148d-9e82-f84c-5060c2f4a807,2016-09-29T18:53:52Z,2016-09-29T19:08:52Z,922fb35e-148d-9e82-7e65-bfa05e3b3515,c96d6792-27a3-3ef4-83f2-bb68e71023df,82bc312c-5140-37fe-a179-5ebad3a13196,26aab0cd-6aba-3e1b-ac5b-05c8867e762c,ambulatory,424619006,Prenatal visit (regime/therapy),138.42,19167.49,19167.49,72892002,Normal pregnancy (finding)
a296a2ba-b1ad-a3c5-0196-3f1cdfe84adb,2018-11-25T23:37:05Z,2018-11-25T23:52:05Z,a296a2ba-b1ad-a3c5-d172-aa3dfdbcdab9,93ef44de-01f9-3805-a0b9-96f1cfa60029,5ed4b340-c9e6-346f-a056-dd612253c645,df166300-5a78-3502-a46a-832842197811,outpatient,308335008,Patient encounter procedure (procedure),138.42,1732.36,1682.36,389095005,Contraception care (regime/therapy)
a296a2ba-b1ad-a3c5-03d5-99c1d37a0734,2019-11-24T23:37:05Z,2019-11-24T23:52:05Z,a296a2ba-b1ad-a3c5-d172-aa3dfdbcdab9,93ef44de-01f9-3805-a0b9-96f1cfa60029,5ed4b340-c9e6-346f-a056-dd612253c645,df166300-5a78-3502-a46a-832842197811,outpatient,308335008,Patient encounter procedure (procedure),138.42,1732.36,1682.36,389095005,Contraception care (regime/therapy)
a296a2ba-b1ad-a3c5-07fd-ed301015f5f6,2024-05-26T23:37:05Z,2024-05-27T00:24:19Z,a296a2ba-b1ad-a3c5-d172-aa3dfdbcdab9,00729029-3fb5-32ff-b7b4-cf511379c64a,9bc90922-c2de-322e-a36c-008eb1a7bdf3,df166300-5a78-3502-a46a-832842197811,wellness,162673000,General examination of patient (procedure),171.78,1222.21,1122.21,,
a296a2ba-b1ad-a3c5-0c6b-596840e79f64,2024-06-09T23:37:05Z,2024-06-10T02:00:07Z,a296a2ba-b1ad-a3c5-d172-aa3dfdbcdab9,93ef44de-01f9-3805-a0b9-96f1cfa60029,5ed4b340-c9e6-346f-a056-dd612253c645,df166300-5a78-3502-a46a-832842197811,ambulatory,185349003,Encounter for check up (procedure),83.05,3806,3755.69,103697008,Patient referral for dental care (procedure)
a296a2ba-b1ad-a3c5-0fc7-e5926e81cc4b,2005-05-22T23:37:05Z,2005-05-23T00:59:07Z,a296a2ba-b1ad-a3c5-d172-aa3dfdbcdab9,93ef44de-01f9-3805-a0b9-96f1cfa60029,5ed4b340-c9e6-346f-a056-dd612253c645,df166300-5a78-3502-a46a-832842197811,ambulatory,185347001,Encounter for problem (procedure),83.05,1944.37,1894.37,37320007,Loss of teeth (disorder)
a296a2ba-b1ad-a3c5-1324-5258c9c4d2f8,2013-01-12T00:43:56Z,2013-01-13T00:43:56Z,a296a2ba-b1ad-a3c5-d172-aa3dfdbcdab9,93ef44de-01f9-3805-a0b9-96f1cfa60029,5ed4b340-c9e6-346f-a056-dd612253c645,df166300-5a78-3502-a46a-832842197811,inpatient,305408004,Admissiod to surgical department (procedure),165.00,6956.79,6906.79,183996000,Sterilization requested (situation)
a296a2ba-b1ad-a3c5-13a3-6cce522682da,2023-02-26T23:37:05Z,2023-02-26T23:53:06Z,a296a2ba-b1ad-a3c5-d172-aa3dfdbcdab9,93ef44de-01f9-3805-a0b9-96f1cfa60029,5ed4b340-c9e6-346f-a056-dd612253c645,df166300-5a78-3502-a46a-832842197811,outpatient,308335008,Patient encounter procedure (procedure),138.42,6514.22,6464.22,389095005,Contraception care (regime/therapy)
a296a2ba-b1ad-a3c5-1486-5ce96d90d6f9,2018-02-25T23:37:05Z,2018-02-25T23:52:53Z,a296a2ba-b1ad-a3c5-d172-aa3dfdbcdab9,93ef44de-01f9-3805-a0b9-96f1cfa60029,5ed4b340-c9e6-346f-a056-dd612253c645,df166300-5a78-3502-a46a-832842197811,outpatient,308335008,Patient encounter procedure (procedure),138.42,4865.93,4815.93,389095005,Contraception care (regime/therapy)
a296a2ba-b1ad-a3c5-15ec-4df982873405,2022-11-27T23:37:05Z,2022-11-27T23:52:05Z,a296a2ba-b1ad-a3c5-d172-aa3dfdbcdab9,93ef44de-01f9-3805-a0b9-96f1cfa60029,5ed4b340-c9e6-346f-a056-dd612253c645,df166300-5a78-3502-a46a-832842197811,outpatient,308335008,Patient encounter procedure (procedure),138.42,4465.32,4415.32,389095005,Contraception care (regime/therapy)
a296a2ba-b1ad-a3c5-1735-a456d7397d0a,2021-07-27T07:33:44Z,2021-07-27T08:27:50Z,a296a2ba-b1ad-a3c5-d172-aa3dfdbcdab9,93ef44de-01f9-3805-a0b9-96f1cfa60029,5ed4b340-c9e6-346f-a056-dd612253c645,df166300-5a78-3502-a46a-832842197811,ambulatory,390906007,Follow-up encounter (procedure),83.0500,703.49,653.49,37320007,Loss of teeth (disorder)
a296a2ba-b1ad-a3c5-1b6c-8c5a79c79cc7,2025-08-31T23:37:05Z,2025-08-31T23:53:17Z,a296a2ba-b1ad-a3c5-d172-aa3dfdbcdab9,93ef44de-01f9-3805-a0b9-96f1cfa60029,5ed4b340-c9e6-346f-a056-dd612253c645,df166300-5a78-3502-a46a-832842197811,outpatient,308335008,Patient encounter procedure (procedure),138.42,4295.25,4245.25,389095005,Contraception care (regime/therapy)
a296a2ba-b1ad-a3c5-1bf1-b9b9d9a06fb1,2019-08-25T23:37:05Z,2019-08-25T23:56:34Z,a296a2ba-b1ad-a3c5-d172-aa3dfdbcdab9,93ef44de-01f9-3805-a0b9-96f1cfa60029,5ed4b340-c9e6-346f-a056-dd612253c645,df166300-5a78-3502-a46a-832842197811,outpatient,308335008,Patient encounter procedure (procedure),138.42,2172.87,2122.87,389095005,Contraception care (regime/therapy)
a296a2ba-b1ad-a3c5-1eca-1bd66f5d405d,2021-05-23T23:37:05Z,2021-05-24T00:23:40Z,a296a2ba-b1ad-a3c5-d172-aa3dfdbcdab9,00729029-3fb5-32ff-b7b4-cf511379c64a,9bc90922-c2de-322e-a36c-008eb1a7bdf3,df166300-5a78-3502-a46a-832842197811,wellness,162673000,General examination of patient (procedure),171.78,1668.28,1568.28,,
a296a2ba-b1ad-a3c5-2652-41efca291cca,2017-05-28T23:37:05Z,2017-05-28T23:56:29Z,a296a2ba-b1ad-a3c5-d172-aa3dfdbcdab9,93ef44de-01f9-3805-a0b9-96f1cfa60029,5ed4b340-c9e6-346f-a056-dd612253c645,df166300-5a78-3502-a46a-832842197811,outpatient,308335008,Patient encounter procedure (procedure),138.42,6087.20,5937.20,389095005,Contraception care (regime/therapy)
a296a2ba-b1ad-a3c5-2d4c-da1a4d823077,2018-10-19T23:37:05Z,2018-10-19T23:52:05Z,a296a2ba-b1ad-a3c5-d172-aa3dfdbcdab9,93ef44de-01f9-3805-a0b9-96f1cfa60029,5ed4b340-c9e6-346f-a056-dd612253c645,df166300-5a78-3502-a46a-832842197811,ambulatory,185345009,Encounter for symptom (procedure),83.05,926.44,876.44,10509002,Acute bronchitis (disorder)
a296a2ba-b1ad-a3c5-30fb-04e7c7a73897,2021-02-21T23:37:05Z,2021-02-21T23:53:56Z,a296a2ba-b1ad-a3c5-d172-aa3dfdbcdab9,93ef44de-01f9-3805-a0b9-96f1cfa60029,5ed4b340-c9e6-346f-a056-dd612253c645,df166300-5a78-3502-a46a-832842197811,outpatient,308335008,Patient encounter procedure (procedure),138.42,4953.90,4903.90,389095005,Contraception care (regime/therapy)
a296a2ba-b1ad-a3c5-3635-c83a6503e16a,2017-10-18T21:37:05Z,2017-10-18T21:52:05Z,a296a2ba-b1ad-a3c5-d172-aa3dfdbcdab9,93ef44de-01f9-3805-a0b9-96f1cfa60029,5ed4b340-c9e6-346f-a056-dd612253c645,df166300-5a78-3502-a46a-832842197811,ambulatory,185345009,Encounter for symptom (procedure),83.05,83.05,33.05,195662009,Acute viral pharyngitis (disorder)
a296a2ba-b1ad-a3c5-36e4-05e763f8e61c,2020-11-22T23:37:05Z,2020-11-22T23:52:05Z,a296a2ba-b1ad-a3c5-d172-aa3dfdbcdab9,93ef44de-01f9-3805-a0b9-96f1cfa60029,5ed4b340-c9e6-346f-a056-dd612253c645,df166300-5a78-3502-a46a-832842197811,outpatient,308335008,Patient encounter procedure (procedure),138.42,3568.47,3518.47,389095005,Contraception care (regime/therapy)
a296a2ba-b1ad-a3c5-36fe-7cb9a7c0831f,2025-03-02T23:37:05Z,2025-03-02T23:54:38Z,a296a2ba-b1ad-a3c5-d172-aa3dfdbcdab9,93ef44de-01f9-3805-a0b9-96f1cfa60029,5ed4b340-c9e6-346f-a056-dd612253c645,df166300-5a78-3502-a46a-832842197811,outpatient,308335008,Patient encounter procedure (procedure),138.42,2971.20,2921.20,389095005,Contraception care (regime/therapy)
a296a2ba-b1ad-a3c5-3f73-6a9c53497dbf,2001-11-11T05:37:05Z,2001-11-11T05:52:05Z,a296a2ba-b1ad-a3c5-d172-aa3dfdbcdab9,93ef44de-01f9-3805-a0b9-96f1cfa60029,5ed4b340-c9e6-346f-a056-dd612253c645,df166300-5a78-3502-a46a-832842197811,ambulatory,185345009,Encounter for symptom (procedure),83.05,91.11,41.11,75498004,Acute bacterial sinusitis (disorder)
a296a2ba-b1ad-a3c5-4fcb-574df4fcea83,2026-05-31T23:37:05Z,2026-05-31T23:53:19Z,a296a2ba-b1ad-a3c5-d172-aa3dfdbcdab9,93ef44de-01f9-3805-a0b9-96f1cfa60029,5ed4b340-c9e6-346f-a056-dd612253c645,df166300-5a78-3502-a46a-832842197811,outpatient,308335008,Patient encounter procedure (procedure),138.42,6286.69,6136.69,389095005,Contraception care (regime/therapy)
a296a2ba-b1ad-a3c5-509f-6ca8868245d3,2016-11-27T23:37:05Z,2016-11-27T23:55:16Z,a296a2ba-b1ad-a3c5-d172-aa3dfdbcdab9,93ef44de-01f9-3805-a0b9-96f1cfa60029,5ed4b340-c9e6-346f-a056-dd612253c645,df166300-5a78-3502-a46a-832842197811,outpatient,308335008,Patient encounter procedure (procedure),138.42,4482.73,4432.73,389095005,Contraception care (regime/therapy)
a296a2ba-b1ad-a3c5-50fa-8a1ff0fcb4bd,2023-12-03T23:37:05Z,2023-12-03T23:56:05Z,a296a2ba-b1ad-a3c5-d172-aa3dfdbcdab9,93ef44de-01f9-3805-a0b9-96f1cfa60029,5ed4b340-c9e6-346f-a056-dd612253c645,df166300-5a78-3502-a46a-832842197811,outpatient,308335008,Patient encounter procedure (procedure),138.42,4703.17,4653.17,389095005,Contraception care (regime/therapy)
a296a2ba-b1ad-a3c5-5378-c585dfdd108d,2017-08-27T23:37:05Z,2017-08-27T23:52:05Z,a296a2ba-b1ad-a3c5-d172-aa3dfdbcdab9,93ef44de-01f9-3805-a0b9-96f1cfa60029,5ed4b340-c9e6-346f-a056-dd612253c645,df166300-5a78-3502-a46a-832842197811,outpatient,308335008,Patient encounter procedure (procedure),138.42,1732.36,1682.36,389095005,Contraception care (regime/therapy)
a296a2ba-b1ad-a3c5-5627-8817feb293fe,2020-08-23T23:37:05Z,2020-08-23T23:52:05Z,a296a2ba-b1ad-a3c5-d172-aa3dfdbcdab9,93ef44de-01f9-3805-a0b9-96f1cfa60029,5ed4b340-c9e6-346f-a056-dd612253c645,df166300-5a78-3502-a46a-832842197811,outpatient,308335008,Patient encounter procedure (procedure),138.42,1852.6200,1802.62,389095005,Contraception care (regime/therapy)
a296a2ba-b1ad-a3c5-5b2f-36611c5f9309,2006-05-07T23:37:05Z,2006-05-08T00:24:10Z,a296a2ba-b1ad-a3c5-d172-aa3dfdbcdab9,00729029-3fb5-32ff-b7b4-cf511379c64a,9bc90922-c2de-322e-a36c-008eb1a7bdf3,df166300-5a78-3502-a46a-832842197811,wellness,162673000,General examination of patient (procedure),171.78,1238.44,1138.44,,
a296a2ba-b1ad-a3c5-5c47-cb8d8feef4a1,2024-09-01T23:37:05Z,2024-09-01T23:52:05Z,a296a2ba-b1ad-a3c5-d172-aa3dfdbcdab9,93ef44de-01f9-3805-a0b9-96f1cfa60029,5ed4b340-c9e6-346f-a056-dd612253c645,df166300-5a78-3502-a46a-832842197811,outpatient,308335008,Patient encounter procedure (procedure),138.42,1732.36,1682.36,389095005,Contraception care (regime/therapy)
a296a2ba-b1ad-a3c5-5c83-9eb8556fc8e2,2016-08-28T23:37:05Z,2016-08-28T23:52:10Z,a296a2ba-b1ad-a3c5-d172-aa3dfdbcdab9,93ef44de-01f9-3805-a0b9-96f1cfa60029,5ed4b340-c9e6-346f-a056-dd612253c645,df166300-5a78-3502-a46a-832842197811,outpatient,308335008,Patient encounter procedure (procedure),138.42,2122.68,2072.68,389095005,Contraception care (regime/therapy)
a296a2ba-b1ad-a3c5-5e16-e2a44a356aea,2025-11-30T23:37:05Z,2025-11-30T23:57:00Z,a296a2ba-b1ad-a3c5-d172-aa3dfdbcdab9,93ef44de-01f9-3805-a0b9-96f1cfa60029,5ed4b340-c9e6-346f-a056-dd612253c645,df166300-5a78-3502-a46a-832842197811,outpatient,308335008,Patient encounter procedure (procedure),138.42,1937.29,1887.29,389095005,Contraception care (regime/therapy)
a296a2ba-b1ad-a3c5-5e50-ea21a3434125,2017-11-26T23:37:05Z,2017-11-26T23:52:05Z,a296a2ba-b1ad-a3c5-d172-aa3dfdbcdab9,93ef44de-01f9-3805-a0b9-96f1cfa60029,5ed4b340-c9e6-346f-a056-dd612253c645,df166300-5a78-3502-a46a-832842197811,outpatient,308335008,Patient encounter procedure (procedure),138.42,6514.22,6464.22,389095005,Contraception care (regime/therapy)
a296a2ba-b1ad-a3c5-5f23-50aee4bf696e,2020-05-24T23:37:05Z,2020-05-24T23:56:11Z,a296a2ba-b1ad-a3c5-d172-aa3dfdbcdab9,93ef44de-01f9-3805-a0b9-96f1cfa60029,5ed4b340-c9e6-346f-a056-dd612253c645,df166300-5a78-3502-a46a-832842197811,outpatient,308335008,Patient encounter procedure (procedure),138.42,1961.80,1811.80,389095005,Contraception care (regime/therapy)
a296a2ba-b1ad-a3c5-680d-68c36841ffb0,2019-02-24T23:37:05Z,2019-02-24T23:52:05Z,a296a2ba-b1ad-a3c5-d172-aa3dfdbcdab9,93ef44de-01f9-3805-a0b9-96f1cfa60029,5ed4b340-c9e6-346f-a056-dd612253c645,df166300-5a78-3502-a46a-832842197811,outpatient,308335008,Patient encounter procedure (procedure),138.42,1732.36,1682.36,389095005,Contraception care (regime/therapy)
a296a2ba-b1ad-a3c5-72e0-47b7b2f13c7e,2018-10-28T23:37:05Z,2018-10-29T00:29:10Z,a296a2ba-b1ad-a3c5-d172-aa3dfdbcdab9,93ef44de-01f9-3805-a0b9-96f1cfa60029,5ed4b340-c9e6-346f-a056-dd612253c645,df166300-5a78-3502-a46a-832842197811,outpatient,185349003,Encounter for check up (procedure),83.05,1292.99,1242.99,,
a296a2ba-b1ad-a3c5-7434-5b1f1f984056,2018-05-20T23:37:05Z,2018-05-21T00:08:16Z,a296a2ba-b1ad-a3c5-d172-aa3dfdbcdab9,00729029-3fb5-32ff-b7b4-cf511379c64a,9bc90922-c2de-322e-a36c-008eb1a7bdf3,df166300-5a78-3502-a46a-832842197811,wellness,162673000,General examination of patient (procedure),171.78,1668.43,1568.43,,
a296a2ba-b1ad-a3c5-87da-1babf72ed7b3,2022-08-28T23:37:05Z,2022-08-28T23:52:05Z,a296a2ba-b1ad-a3c5-d172-aa3dfdbcdab9,93ef44de-01f9-3805-a0b9-96f1cfa60029,5ed4b340-c9e6-346f-a056-dd612253c645,df166300-5a78-3502-a46a-832842197811,outpatient,308335008,Patient encounter procedure (procedure),138.42,3649.36,3599.36,389095005,Contraception care (regime/therapy)
a296a2ba-b1ad-a3c5-8c96-07826878c82a,2015-05-17T23:37:05Z,2015-05-18T00:26:35Z,a296a2ba-b1ad-a3c5-d172-aa3dfdbcdab9,00729029-3fb5-32ff-b7b4-cf511379c64a,9bc90922-c2de-322e-a36c-008eb1a7bdf3,df166300-5a78-3502-a46a-832842197811,wellness,162673000,General examination of patient (procedure),171.78,"1,222.21",1222.21,,
a296a2ba-b1ad-a3c5-903e-d2fb0b5ab9dc,2024-06-02T23:37:05Z,2024-06-02T23:57:03Z,a296a2ba-b1ad-a3c5-d172-aa3dfdbcdab9,93ef44de-01f9-3805-a0b9-96f1cfa60029,5ed4b340-c9e6-346f-a056-dd612253c645,df166300-5a78-3502-a46a-832842197811,outpatient,308335008,Patient encounter procedure (procedure),138.42,1974.42,1924.42,389095005,Contraception care (regime/therapy)
a296a2ba-b1ad-a3c5-90f0-c0eecdea6093,2021-07-06T06:20:26Z,2021-07-06T07:33:44Z,a296a2ba-b1ad-a3c5-d172-aa3dfdbcdab9,93ef44de-01f9-3805-a0b9-96f1cfa60029,5ed4b340-c9e6-346f-a056-dd612253c645,df166300-5a78-3502-a46a-832842197811,ambulatory,185347001,Encounter for problem (procedure),83.05,1944.37,1894.37,37320007,Loss of teeth (disorder)
a296a2ba-b1ad-a3c5-9391-a2b3c5e53150,2009-05-10T23:37:05Z,2009-05-11T00:35:19Z,a296a2ba-b1ad-a3c5-d172-aa3dfdbcdab9,00729029-3fb5-32ff-b7b4-cf511379c64a,9bc90922-c2de-322e-a36c-008eb1a7bdf3,df166300-5a78-3502-a46a-832842197811,wellness,162673000,General examination of patient (procedure),171.78,1707.15,1607.15,,
a296a2ba-b1ad-a3c5-98e6-53af489230cb,2018-09-29T07:37:05Z,2018-09-29T07:52:05Z,a296a2ba-b1ad-a3c5-d172-aa3dfdbcdab9,93ef44de-01f9-3805-a0b9-96f1cfa60029,5ed4b340-c9e6-346f-a056-dd612253c645,df166300-5a78-3502-a46a-832842197811,ambulatory,185345009,Encounter for symptom (procedure),83.05,83.05,33.05,43878008,Streptococcal sore throat (disorder)
a296a2ba-b1ad-a3c5-a5c3-de7adc0bb8bd,2019-05-26T23:37:05Z,2019-05-26T23:55:45Z,a296a2ba-b1ad-a3c5-d172-aa3dfdbcdab9,93ef44de-01f9-3805-a0b9-96f1cfa60029,5ed4b340-c9e6-346f-a056-dd612253c645,df166300-5a78-3502-a46a-832842197811,outpatient,308335008,Patient encounter procedure (procedure),138.42,6514.22,6364.22,389095005,Contraception care (regime/therapy)
a296a2ba-b1ad-a3c5-aad2-e061e227cec6,2014-02-04T23:37:05Z,2014-02-04T23:52:05Z,a296a2ba-b1ad-a3c5-d172-aa3dfdbcdab9,93ef44de-01f9-3805-a0b9-96f1cfa60029,5ed4b340-c9e6-346f-a056-dd612253c645,df166300-5a78-3502-a46a-832842197811,outpatient,185347001,Encounter for problem (procedure),83.05,83.05,33.05,82423001,Chronic pain (finding)
a296a2ba-b1ad-a3c5-ad60-a0564eca413b,2018-11-11T23:37:05Z,2018-11-12T03:53:25Z,a296a2ba-b1ad-a3c5-d172-aa3dfdbcdab9,93ef44de-01f9-3805-a0b9-96f1cfa60029,5ed4b340-c9e6-346f-a056-dd612253c645,df166300-5a78-3502-a46a-832842197811,ambulatory,185349003,Encounter for check up (procedure),83.05,5667.01,5617.01,103697008,Patient referral for dental care (procedure)
a296a2ba-b1ad-a3c5-ae67-3cb5fcb1b32e,2026-03-01T23:37:05Z,2026-03-01T23:52:05Z,a296a2ba-b1ad-a3c5-d172-aa3dfdbcdab9,93ef44de-01f9-3805-a0b9-96f1cfa60029,5ed4b340-c9e6-346f-a056-dd612253c645,df166300-5a78-3502-a46a-832842197811,outpatient,308335008,Patient encounter procedure (procedure),138.42,1929.14,1879.14,389095005,Contraception care (regime/therapy)
a296a2ba-b1ad-a3c5-bb1d-14f5d224aa54,2012-05-13T23:37:05Z,2012-05-14T00:20:50Z,a296a2ba-b1ad-a3c5-d172-aa3dfdbcdab9,00729029-3fb5-32ff-b7b4-cf511379c64a,9bc90922-c2de-322e-a36c-008eb1a7bdf3,df166300-5a78-3502-a46a-832842197811,wellness,162673000,General examination of patient (procedure),171.78,1071.50,971.50,,
a296a2ba-b1ad-a3c5-bbba-1758f975f504,2021-05-30T23:37:05Z,2021-05-30T23:52:34Z,a296a2ba-b1ad-a3c5-d172-aa3dfdbcdab9,93ef44de-01f9-3805-a0b9-96f1cfa60029,5ed4b340-c9e6-346f-a056-dd612253c645,df166300-5a78-3502-a46a-832842197811,outpatient,308335008,Patient encounter procedure (procedure),138.42,3954.50,3904.50,389095005,Contraception care (regime/therapy)
a296a2ba-b1ad-a3c5-c039-d5eeac631359,2022-02-27T23:37:05Z,2022-02-27T23:53:04Z,a296a2ba-b1ad-a3c5-d172-aa3dfdbcdab9,93ef44de-01f9-3805-a0b9-96f1cfa60029,5ed4b340-c9e6-346f-a056-dd612253c645,df166300-5a78-3502-a46a-832842197811,outpatient,308335008,Patient encounter procedure (procedure),138.42,1732.36,1682.36,389095005,Contraception care (regime/therapy)
a296a2ba-b1ad-a3c5-c086-5eba704291bd,2018-08-26T23:37:05Z,2018-08-26T23:52:05Z,a296a2ba-b1ad-a3c5-d172-aa3dfdbcdab9,93ef44de-01f9-3805-a0b9-96f1cfa60029,5ed4b340-c9e6-346f-a056-dd612253c645,df166300-5a78-3502-a46a-832842197811,outpatient,308335008,Patient encounter procedure (procedure),138.42,1732.36,1682.36,389095005,Contraception care (regime/therapy)
a296a2ba-b1ad-a3c5-c622-d52bf6d0fdb1,2024-03-03T23:37:05Z,2024-03-03T23:53:38Z,a296a2ba-b1ad-a3c5-d172-aa3dfdbcdab9,93ef44de-01f9-3805-a0b9-96f1cfa60029,5ed4b340-c9e6-346f-a056-dd612253c645,df166300-5a78-3502-a46a-832842197811,outpatient,308335008,Patient encounter procedure (procedure),138.42,6514.22,6464.22,389095005,Contraception care (regime/therapy)
a296a2ba-b1ad-a3c5-d420-cef2ec5adf8d,2018-13-03T23:37:05Z,2018-06-04T00:53:46Z,a296a2ba-b1ad-a3c5-d172-aa3dfdbcdab9,93ef44de-01f9-3805-a0b9-96f1cfa60029,5ed4b340-c9e6-346f-a056-dd612253c645,df166300-5a78-3502-a46a-832842197811,ambulatory,185347001,Encounter for problem (procedure),83.05,1812.45,1762.45,271737000,Anemia (disorder)
a296a2ba-b1ad-a3c5-d7dc-348176057e6e,2018-05-27T23:37:05Z,2018-05-27T23:52:05Z,a296a2ba-b1ad-a3c5-d172-aa3dfdbcdab9,93ef44de-01f9-3805-a0b9-96f1cfa60029,5ed4b340-c9e6-346f-a056-dd612253c645,df166300-5a78-3502-a46a-832842197811,outpatient,308335008,Patient encounter procedure (procedure),138.42,1732.36,1682.36,389095005,Contraception care (regime/therapy)
a296a2ba-b1ad-a3c5-d875-fdebae1eecc3,2020-02-23T23:37:05Z,2020-02-23T23:52:05Z,a296a2ba-b1ad-a3c5-d172-aa3dfdbcdab9,93ef44de-01f9-3805-a0b9-96f1cfa60029,5ed4b340-c9e6-346f-a056-dd612253c645,df166300-5a78-3502-a46a-832842197811,outpatient,308335008,Patient encounter procedure (procedure),138.42,1732.36,1682.36,389095005,Contraception care (regime/therapy)
a296a2ba-b1ad-a3c5-e44b-2dc501ca182e,2021-08-29T23:37:05Z,2021-09-05T23:52:05Z,a296a2ba-b1ad-a3c5-d172-aa3dfdbcdab9,93ef44de-01f9-3805-a0b9-96f1cfa60029,5ed4b340-c9e6-346f-a056-dd612253c645,df166300-5a78-3502-a46a-832842197811,outpatient,308335008,Patient encounter procedure (procedure),138.42,6650.22,6600.22,389095005,Contraception care (regime/therapy)
a296a2ba-b1ad-a3c5-e760-b9eed921dca2,2024-12-01T23:37:05Z,2024-12-01T23:52:05Z,a296a2ba-b1ad-a3c5-d172-aa3dfdbcdab9,93ef44de-01f9-3805-a0b9-96f1cfa60029,5ed4b340-c9e6-346f-a056-dd612253c645,df166300-5a78-3502-a46a-832842197811,outpatient,308335008,Patient encounter procedure (procedure),138.42,2118.67,2068.67,389095005,Contraception care (regime/therapy)
a296a2ba-b1ad-a3c5-e83a-26fa578729ff,2025-06-01T23:37:05Z,2025-06-01T23:55:42Z,a296a2ba-b1ad-a3c5-d172-aa3dfdbcdab9,93ef44de-01f9-3805-a0b9-96f1cfa60029,5ed4b340-c9e6-346f-a056-dd612253c645,df166300-5a78-3502-a46a-832842197811,outpatient,308335008,Patient encounter procedure (procedure),138.42,4555.95,4405.95,389095005,Contraception care (regime/therapy)
a296a2ba-b1ad-a3c5-e893-1c7acff5edb2,2005-05-01T23:37:05Z,2005-05-02T00:08:52Z,a296a2ba-b1ad-a3c5-d172-aa3dfdbcdab9,00729029-3fb5-32ff-b7b4-cf511379c64a,9bc90922-c2de-322e-a36c-008eb1a7bdf3,df166300-5a78-3502-a46a-832842197811,wellness,162673000,General examination of patient (procedure),171.78,1064.22,914.22,,
a296a2ba-b1ad-a3c5-ea0a-7a623ab18009,2022-05-29T23:37:05Z,2022-05-29T23:54:45Z,a296a2ba-b1ad-a3c5-d172-aa3dfdbcdab9,93ef44de-01f9-3805-a0b9-96f1cfa60029,5ed4b340-c9e6-346f-a056-dd612253c645,df166300-5a78-3502-a46a-832842197811,outpatient,308335008,Pateint encounter procedure (procedure),138.42,1732.36,1582.36,389095005,Contraception care (regime/therapy)
a296a2ba-b1ad-a3c5-ebde-03111ad0d76f,2023-05-28T23:37:05Z,2023-05-28T23:52:46Z,a296a2ba-b1ad-a3c5-d172-aa3dfdbcdab9,93ef44de-01f9-3805-a0b9-96f1cfa60029,5ed4b340-c9e6-346f-a056-dd612253c645,df166300-5a78-3502-a46a-832842197811,outpatient,308335008,Patient encounter procedure (procedure),138.42,2122.21,1972.21,389095005,Contraception care (regime/therapy)
a296a2ba-b1ad-a3c5-ee0d-f80ac2954cc8,2023-09-03T23:37:05Z,2023-09-03T23:52:05Z,a296a2ba-b1ad-a3c5-d172-aa3dfdbcdab9,93ef44de-01f9-3805-a0b9-96f1cfa60029,5ed4b340-c9e6-346f-a056-dd612253c645,df166300-5a78-3502-a46a-832842197811,outpatient,308335008,Patient encounter procedure (procedure),138.42,"6,514.22",6464.22,389095005,Contraception care (regime/therapy)
a296a2ba-b1ad-a3c5-f922-d645af381089,2021-11-28T23:37:05Z,2021-11-28T23:53:11Z,a296a2ba-b1ad-a3c5-d172-aa3dfdbcdab9,93ef44de-01f9-3805-a0b9-96f1cfa60029,5ed4b340-c9e6-346f-a056-dd612253c645,df166300-5a78-3502-a46a-832842197811,outpatient,308335008,Patient encounter procedure (procedure),138.42,,1682.36,389095005,Contraception care (regime/therapy)
a296a2ba-b1ad-a3c5-fc7b-7cadde66fbcc,2021-06-06T23:37:05Z,2021-06-07T02:43:32Z,a296a2ba-b1ad-a3c5-d172-aa3dfdbcdab9,93ef44de-01f9-3805-a0b9-96f1cfa60029,5ed4b340-c9e6-346f-a056-dd612253c645,df166300-5a78-3502-a46a-832842197811,ambulatory,185349003,Encounter for check up (procedure),83.05,3805.69,3755.69,66383009,Gingivitis (disorder)
a296a2ba-b1ad-a3c5-fd63-cd0c4845c47f,2023-08-20T23:37:05Z,2023-08-21T00:37:05Z,a296a2ba-b1ad-a3c5-d172-aa3dfdbcdab9,4795614b-6e42-3618-b99b-970d3f70b7a3,0808304c-fead-340e-b52e-96ad58af6a9a,df166300-5a78-3502-a46a-832842197811,emergency,50849002,Emergency room admission (procedure),165.00,6780.07,6730.07,312608009,Laceration - injury (disorder)
a296a2ba-b1ad-a3c5-fe24-ebd2d360b1a8,2019-02-07T09:37:05Z,2019-02-07T09:52:05Z,a296a2ba-b1ad-a3c5-d172-aa3dfdbcdab9,93ef44de-01f9-3805-a0b9-96f1cfa60029,5ed4b340-c9e6-346f-a056-dd612253c645,df166300-5a78-3502-a46a-832842197811,ambulatory,185345009,Encounter for symptom (procedure),83.05,83.05,33.05,444814009,Viral sinusitis (disorder)
ce8f0d5d-2f0f-0c66-02f1-01a89703b945,2004-05-16T21:47:21Z,2004-05-16T22:44:50Z,ce8f0d5d-2f0f-0c66-6a64-518b1e209f13,4e3f3116-aaa0-3281-a19e-32560a8119d2,6de31256-b2ad-3563-b0dc-1eea413e3bed,d31fccc3-1767-390d-966a-22a5156f4219,wellness,162673000,General examination of patient (procedure),171.78,1071.50,0.00,,
ce8f0d5d-2f0f-0c66-0cae-fa9f4ff28201,2018-03-25T21:47:21Z,2018-03-25T22:52:04Z,ce8f0d5d-2f0f-0c66-6a64-518b1e209f13,e665d75e-e01d-3b5f-943e-a6347280086d,913580c2-6ca9-3fcc-a0e0-57744699ce24,d31fccc3-1767-390d-966a-22a5156f4219,ambulatory,185347001,Encounter for problem (procedure),83.05,1787.77,1430.22,271737000,Anemia (disorder)
ce8f0d5d-2f0f-0c66-174d-536daf9a3bb4,2016-03-13T21:47:21Z,2016-03-13T22:25:22Z,ce8f0d5d-2f0f-0c66-6a64-518b1e209f13,4e3f3116-aaa0-3281-a19e-32560a8119d2,6de31256-b2ad-3563-b0dc-1eea413e3bed,d31fccc3-1767-390d-966a-22a5156f4219,wellness,162673000,General examination of patient (procedure),171.7800,1207.50,0.00,,
ce8f0d5d-2f0f-0c66-193a-c74c83c24b4f,2018-03-18T21:47:21Z,2018-03-18T22:19:42Z,ce8f0d5d-2f0f-0c66-6a64-518b1e209f13,4e3f3116-aaa0-3281-a19e-32560a8119d2,6de31256-b2ad-3563-b0dc-1eea413e3bed,d31fccc3-1767-390d-966a-22a5156f4219,wellness,162673000,General examination of patient (procedure),171.78,1873.94,332.75,,
ce8f0d5d-2f0f-0c66-38eb-3654f617605a,2026-03-15T21:47:21Z,2026-03-15T22:17:20Z,ce8f0d5d-2f0f-0c66-6a64-518b1e209f13,e665d75e-e01d-3b5f-943e-a6347280086d,913580c2-6ca9-3fcc-a0e0-57744699ce24,d31fccc3-1767-390d-966a-22a5156f4219,ambulatory,185349003,Encounter for check up (procedure),83.05,7350.25,5800.37,275978004,Screening for malignant neoplasm of colon (procedure)
ce8f0d5d-2f0f-0c66-5c65-bec120ea265e,2021-03-28T21:47:21Z,2021-03-28T22:02:21Z,ce8f0d5d-2f0f-0c66-6a64-518b1e209f13,e665d75e-e01d-3b5f-943e-a6347280086d,913580c2-6ca9-3fcc-a0e0-57744699ce24,d31fccc3-1767-390d-966a-22a5156f4219,outpatient,33879002,,138.42,274.42,0.00,,
ce8f0d5d-2f0f-0c66-6f31-09d7e0a3e55d,1994-05-01T21:47:21Z,1994-05-01T22:32:51Z,ce8f0d5d-2f0f-0c66-6a64-518b1e209f13,4e3f3116-aaa0-3281-a19e-32560a8119d2,6de31256-b2ad-3563-b0dc-1eea413e3bed,d31fccc3-1767-390d-966a-22a5156f4219,wellness,162673000,General examination of patient (procedure),171.78,792.22,0.00,,
ce8f0d5d-2f0f-0c66-78c0-280276b79799,2024-03-31T21:47:21Z,2024-03-31T22:39:44Z,ce8f0d5d-2f0f-0c66-6a64-518b1e209f13,4e3f3116-aaa0-3281-a19e-32560a8119d2,6de31256-b2ad-3563-b0dc-1eea413e3bed,d31fccc3-1767-390d-966a-22a5156f4219,wellness,162673000,General examination of patient (procedure),171.78,2288.15,664.11,,
ce8f0d5d-2f0f-0c66-7ebe-6fa5c9a4eafb,2021-02-28T21:47:21Z,2021-02-28T22:02:21Z,ce8f0d5d-2f0f-0c66-6a64-518b1e209f13,e665d75e-e01d-3b5f-943e-a6347280086d,913580c2-6ca9-3fcc-a0e0-57744699ce24,d31fccc3-1767-390d-966a-22a5156f4219,outpatient,33879002,Administration of vaccine to produce active immunity (prcoedure),138.42,274.42,0.00,,
ce8f0d5d-2f0f-0c66-8592-86ab365cbc3e,2007-05-20T21:47:21Z,2007-05-20T22:33:12Z,ce8f0d5d-2f0f-0c66-6a64-518b1e209f13,4e3f3116-aaa0-3281-a19e-32560a8119d2,6de31256-b2ad-3563-b0dc-1eea413e3bed,d31fccc3-1767-390d-966a-22a5156f4219,wellness,162673000,General examination of patient (procedure),171.78,1207.50,0.00,,
ce8f0d5d-2f0f-0c66-aa75-12a045cdaca6,2022-04-10T21:47:21Z,2022-04-11T03:28:22Z,ce8f0d5d-2f0f-0c66-6a64-518b1e209f13,e665d75e-e01d-3b5f-943e-a6347280086d,913580c2-6ca9-3fcc-a0e0-57744699ce24,d31fccc3-1767-390d-966a-22a5156f4219,ambulatory,185349003,Encounter for check up (procedure),83.05,6907.89,5452.28,66383009,Gingivitis (disorder)
ce8f0d5d-2f0f-0c66-b288-d7f35204a814,2026-03-08T21:47:21Z,2026-03-08T22:30:03Z,ce8f0d5d-2f0f-0c66-6a64-518b1e209f13,9448d13f-b903-41c0-9dce-7a2f6b4faba1,6de31256-b2ad-3563-b0dc-1eea413e3bed,d31fccc3-1767-390d-966a-22a5156f4219,wellness,162673000,General examination of patient (procedure),171.78,1358.21,0.00,,
ce8f0d5d-2f0f-0c66-d7a5-ce903774f883,2022-03-27T21:47:21Z,2022-03-27T22:37:14Z,ce8f0d5d-2f0f-0c66-6a64-518b1e209f13,4e3f3116-aaa0-3281-a19e-32560a8119d2,6de31256-b2ad-3563-b0dc-1eea413e3bed,d31fccc3-1767-390d-966a-22a5156f4219,wellness,162673000,General examination of patient (procedure),171.78,1365.49,0.00,,
ce8f0d5d-2f0f-0c66-e15c-4029a5001212,2025-06-17T09:47:21Z,2025-06-17T10:02:21Z,ce8f0d5d-2f0f-0c66-6a64-518b1e209f13,e665d75e-e01d-3b5f-943e-a6347280086d,913580c2-6ca9-3fcc-a0e0-57744699ce24,d31fccc3-1767-390d-966a-22a5156f4219,ambulatory,185345009,Encounter for symptom (procedure),83.05,83.05,0.00,36971009,Sinusitis (disorder)
ce8f0d5d-2f0f-0c66-ea40-05b3e129205d,2020-03-22T21:47:21Z,2020-03-22T22:23:10Z,ce8f0d5d-2f0f-0c66-6a64-518b1e209f13,4e3f3116-aaa0-3281-a19e-32560a8119d2,6de31256-b2ad-3563-b0dc-1eea413e3bed,d31fccc3-1767-390d-966a-22a5156f4219,wellness,162673000,General examination of patient (procedure),171.78,1079,0.00,,
ce8f0d5d-2f0f-0c66-f07c-a382bec2ed5d,2018-04-08T21:47:21Z,2018-04-09T00:31:40Z,ce8f0d5d-2f0f-0c66-6a64-518b1e209f13,e665d75e-e01d-3b5f-943e-a6347280086d,913580c2-6ca9-3fcc-a0e0-57744699ce24,d31fccc3-1767-390d-966a-22a5156f4219,ambulatory,185349003,Encounter for check up (procedure),83.05,4426.13,3540.89,66383009,Gingivitis (disorder)
d57841fa-c9e2-a3d1-00a6-772279306868,2021-07-11T20:49:24Z,2021-07-11T21:36:17Z,d57841fa-c9e2-a3d1-0e78-09bdbe4eed66,9e0f2068-568b-3fff-8903-bea515c3218d,23fd3e75-e418-3c9f-a147-b93ecb29c335,26aab0cd-6aba-3e1b-ac5b-05c8867e762c,wellness,162673000,General examination of patient (procedure),171.78,1222.21,0.00,,
d57841fa-c9e2-a3d1-08e0-baa9ff0d65ab,1995-04-22T11:49:24Z,1995-04-22T12:04:24Z,d57841fa-c9e2-a3d1-0e78-09bdbe4eed66,c452dcb0-3f7d-3783-8c2b-d77c71f9140f,35c07dc2-7792-39ae-8623-734c6fbc3781,26aab0cd-6aba-3e1b-ac5b-05c8867e762c,ambulatory,424619006,Prenatal visit (regime/therapy),138.42,1379.30,1379.30,79586000,Tubal pregnancy (disorder)
d57841fa-c9e2-a3d1-0932-bd4d6c7c0257,2018-06-24T20:49:24Z,2018-06-24T21:30:11Z,d57841fa-c9e2-a3d1-0e78-09bdbe4eed66,9e0f2068-568b-3fff-8903-bea515c3218d,23fd3e75-e418-3c9f-a147-b93ecb29c335,26aab0cd-6aba-3e1b-ac5b-05c8867e762c,wellness,162673000,General examination of patient (procedure),171.78,1291.72,0.00,,
d57841fa-c9e2-a3d1-0c73-49739873e4c2,2018-07-08T20:49:24Z,2018-07-08T23:21:33Z,d57841fa-c9e2-a3d1-0e78-09bdbe4eed66,c452dcb0-3f7d-3783-8c2b-d77c71f9140f,35c07dc2-7792-39ae-8623-734c6fbc3781,26aab0cd-6aba-3e1b-ac5b-05c8867e762c,ambulatory,185349003,Encounter for check up (procedure),83.05,4426.13,0.00,66383009,Gingivitis (disorder)
d57841fa-c9e2-a3d1-2898-1de94b58e38b,1993-08-15T20:49:24Z,1993-08-15T21:22:34Z,d57841fa-c9e2-a3d1-0e78-09bdbe4eed66,9e0f2068-568b-3fff-8903-bea515c3218d,23fd3e75-e418-3c9f-a147-b93ecb29c335,26aab0cd-6aba-3e1b-ac5b-05c8867e762c,wellness,162673000,General examination of patient (procedure),171.78,1071.50,0.00,,
d57841fa-c9e2-a3d1-299f-20f7bb879000,2021-05-02T20:49:24Z,2021-05-02T21:04:24Z,d57841fa-c9e2-a3d1-0e78-09bdbe4eed66,c452dcb0-3f7d-3783-8c2b-d77c71f9140f,35c07dc2-7792-39ae-8623-734c6fbc3781,26aab0cd-6aba-3e1b-ac5b-05c8867e762c,outpatient,33879002,Administration of vaccine to produce active immunity (procedure),138.42,274.42,274.42,,
d57841fa-c9e2-a3d1-2cbe-8f76f8cf28ff,2025-08-03T20:49:24Z,2025-08-03T21:41:27Z,d57841fa-c9e2-a3d1-0e78-09bdbe4eed66,9e0f2068-568b-3fff-8903-bea515c3218d,23fd3e75-e418-3c9f-a147-b93ecb29c335,26aab0cd-6aba-3e1b-ac5b-05c8867e762c,wellness,162673000,General examination of patient (procedure),171.78,2013.12,0.00,,
d57841fa-c9e2-a3d1-38d7-f250ddb61e3c,2020-07-19T20:49:24Z,2020-07-19T23:37:18Z,d57841fa-c9e2-a3d1-0e78-09bdbe4eed66,c452dcb0-3f7d-3783-8c2b-d77c71f9140f,35c07dc2-7792-39ae-8623-734c6fbc3781,26aab0cd-6aba-3e1b-ac5b-05c8867e762c,ambulatory,185349003,Encounter for check up (procedure),83.05,4426.13,4426.13,66383009,Gingivitis (disorder)
d57841fa-c9e2-a3d1-43a0-8c857b6d0258,2021-08-17T21:57:28Z,2021-08-17T22:57:28Z,d57841fa-c9e2-a3d1-0e78-09bdbe4eed66,c452dcb0-3f7d-3783-8c2b-d77c71f9140f,35c07dc2-7792-39ae-8623-734c6fbc3781,26aab0cd-6aba-3e1b-ac5b-05c8867e762c,emergency,50849002,Emergency room admission (procedure),165.00,165.00,0.00,384709000,Sprain (morphologic abnormality)
d57841fa-c9e2-a3d1-4ab1-ef6d5bec7739,22-07-31T20:49:24Z,2022-08-01T01:34:26Z,d57841fa-c9e2-a3d1-0e78-09bdbe4eed66,c452dcb0-3f7d-3783-8c2b-d77c71f9140f,35c07dc2-7792-39ae-8623-734c6fbc3781,26aab0cd-6aba-3e1b-ac5b-05c8867e762c,ambulatory,185349003,Encounter for check up (procedure),83.05,5046.57,166.48,103697008,Patient referral for dental care (procedure)
d57841fa-c9e2-a3d1-6562-e3878b5e1b95,2019-07-21T20:49:24Z,2019-07-22T03:31:16Z,d57841fa-c9e2-a3d1-0e78-09bdbe4eed66,c452dcb0-3f7d-3783-8c2b-d77c71f9140f,35c07dc2-7792-39ae-8623-734c6fbc3781,26aab0cd-6aba-3e1b-ac5b-05c8867e762c,ambulatory,185349003,Encounter for check up (procedure),83.05,8148.77,3691.34,66383009,Gingivitis (disorder)
d57841fa-c9e2-a3d1-6b0b-be25397535ba,2026-08-09T20:49:24Z,2026-08-09T21:32:18Z,d57841fa-c9e2-a3d1-0e78-09bdbe4eed66,9e0f2068-568b-3fff-8903-bea515c3218d,23fd3e75-e418-3c9f-a147-b93ecb29c335,26aab0cd-6aba-3e1b-ac5b-05c8867e762c,wellness,162673000,General examination of patient (procedure),171.78,1214.93,0.00,,
d57841fa-c9e2-a3d1-6ced-3d065a499fbf,2022-10-03T21:57:28Z,2022-10-03T22:57:28Z,d57841fa-c9e2-a3d1-0e78-09bdbe4eed66,c452dcb0-3f7d-3783-8c2b-d77c71f9140f,35c07dc2-7792-39ae-8623-734c6fbc3781,26aab0cd-6aba-3e1b-ac5b-05c8867e762c,emergency,50849002,,165.00,165.00,99.00,48333001,Burn injury (morphologic abnormality)
d57841fa-c9e2-a3d1-6d02-b59528487972,2020-07-05T20:49:24Z,2020-07-05T21:40:25Z,d57841fa-c9e2-a3d1-0e78-09bdbe4eed66,9e0f2068-568b-3fff-8903-bea515c3218d,23fd3e75-e418-3c9f-a147-b93ecb29c335,26aab0cd-6aba-3e1b-ac5b-05c8867e762c,wellness,162673000,General examination of patient (procedure),171.78,1222.21,1222.21,,
d57841fa-c9e2-a3d1-7524-128ad4fac6e3,2023-07-23T20:49:24Z,2023-07-23T21:45:57Z,d57841fa-c9e2-a3d1-0e78-09bdbe4eed66,9e0f2068-568b-3fff-8903-bea515c3218d,23fd3e75-e418-3c9f-a147-b93ecb29c335,26aab0cd-6aba-3e1b-ac5b-05c8867e762c,wellness,162673000,General examination of patient (procedure),171.78,,0.00,,
d57841fa-c9e2-a3d1-7aa4-8b79643052cb,2019-06-30T20:49:24Z,2019-06-30T21:44:39Z,d57841fa-c9e2-a3d1-0e78-09bdbe4eed66,9e0f2068-568b-3fff-8903-bea515c3218d,23fd3e75-e418-3c9f-a147-b93ecb29c335,26aab0cd-6aba-3e1b-ac5b-05c8867e762c,wellness,162673000,,171.78,,0.00,,
d57841fa-c9e2-a3d1-aa8d-d001ed2d1046,2022-10-27T21:57:28Z,2022-10-27T22:12:28Z,d57841fa-c9e2-a3d1-0e78-09bdbe4eed66,c452dcb0-3f7d-3783-8c2b-d77c71f9140f,35c07dc2-7792-39ae-8623-734c6fbc3781,26aab0cd-6aba-3e1b-ac5b-05c8867e762c,ambulatory,185349003,Encounter for check up (procedure),83.05,83.05,83.05,403190006,Epidermal burn of skin (disorder)
d57841fa-c9e2-a3d1-ad13-d4a3d4af1365,2022-10-03T21:57:28Z,2022-10-10T22:12:28Z,d57841fa-c9e2-a3d1-0e78-09bdbe4eed66,9e0f2068-568b-3fff-8903-bea515c3218d,23fd3e75-e418-3c9f-a147-b93ecb29c335,26aab0cd-6aba-3e1b-ac5b-05c8867e762c,snf,32485007,Hospital admission (procedure),166.70,11334.62,6800.70,25675004,Patient transfer to skilled nursing facility (procedure)
d57841fa-c9e2-a3d1-b0e0-2270f29bbaa6,2020-06-13T21:14:32Z,2020-06-13T22:12:36Z,d57841fa-c9e2-a3d1-0e78-09bdbe4eed66,c452dcb0-3f7d-3783-8c2b-d77c71f9140f,35c07dc2-7792-39ae-8623-734c6fbc3781,26aab0cd-6aba-3e1b-ac5b-05c8867e762c,ambulatory,185349003,Encounter for check up (procedure),83.05,20010.22,8349.72,275978004,Screening for malignant neoplasm of colon (procedure)
d57841fa-c9e2-a3d1-b554-47c63bb803ca,2016-06-12T20:49:24Z,2016-06-12T21:38:18Z,d57841fa-c9e2-a3d1-0e78-09bdbe4eed66,9e0f2068-568b-3fff-8903-bea515c3218d,23fd3e75-e418-3c9f-a147-b93ecb29c335,26aab0cd-6aba-3e1b-ac5b-05c8867e762c,wellness,162673000,General examination of patient (procedure),171.78,2234.17,0.00,,
d57841fa-c9e2-a3d1-bdf9-30493cd7b4b2,1998-02-14T21:49:24Z,1998-02-14T22:26:15Z,d57841fa-c9e2-a3d1-0e78-09bdbe4eed66,c452dcb0-3f7d-3783-8c2b-d77c71f9140f,35c07dc2-7792-39ae-8623-734c6fbc3781,26aab0cd-6aba-3e1b-ac5b-05c8867e762c,ambulatory,185347001,Encounter for problem (procedure),83.05,703.49,703.49,609328004,Allergic disposition (finding)
d57841fa-c9e2-a3d1-c0a2-49164496797d,1983-07-31T20:49:24Z,1983-07-31T21:40:23Z,d57841fa-c9e2-a3d1-0e78-09bdbe4eed66,9e0f2068-568b-3fff-8903-bea515c3218d,23fd3e75-e418-3c9f-a147-b93ecb29c335,26aab0cd-6aba-3e1b-ac5b-05c8867e762c,wellness,162673000,General examination of patient (procedure),171.78,1581.65,0.00,,
d57841fa-c9e2-a3d1-c7eb-cf81387a23c3,2019-07-07T20:49:24Z,2019-07-07T22:11:23Z,d57841fa-c9e2-a3d1-0e78-09bdbe4eed66,c452dcb0-3f7d-3783-8c2b-d77c71f9140f,35c07dc2-7792-39ae-8623-734c6fbc3781,26aab0cd-6aba-3e1b-ac5b-05c8867e762c,ambulatory,185347001,Encounter for problem (procedure),83.05,1538.88,0.00,271737000,Anemia (disorder)
d57841fa-c9e2-a3d1-cb45-134849ede762,2017-06-18T20:49:24Z,2017-06-18T21:32:44Z,d57841fa-c9e2-a3d1-0e78-09bdbe4eed66,9e0f2068-568b-3fff-8903-bea515c3218d,23fd3e75-e418-3c9f-a147-b93ecb29c335,26aab0cd-6aba-3e1b-ac5b-05c8867e762c,wellness,162673000,General examination of patient (procedure),171.78,928.22,0.00,,
d57841fa-c9e2-a3d1-dfbc-6e77dec6cdb7,2022-10-20T01:49:24Z,2022-10-20T02:04:24Z,d57841fa-c9e2-a3d1-0e78-09bdbe4eed66,c452dcb0-3f7d-3783-8c2b-d77c71f9140f,35c07dc2-7792-39ae-8623-734c6fbc3781,26aab0cd-6aba-3e1b-ac5b-05c8867e762c,ambulatory,185345009,Encounter for symptom (procedure),83.05,83.05,83.05,444814009,Viral sinusitis (disorder)
d57841fa-c9e2-a3d1-ec3a-53c3208fca85,2021-04-11T20:49:24Z,2021-04-11T21:04:24Z,d57841fa-c9e2-a3d1-0e78-09bdbe4eed66,c452dcb0-3f7d-3783-8c2b-d77c71f9140f,35c07dc2-7792-39ae-8623-734c6fbc3781,26aab0cd-6aba-3e1b-ac5b-05c8867e762c,outpatient,33879002,Administration of vaccine to produce active immunity (procedure),138.4200,274.42,274.42,,
d57841fa-c9e2-a3d1-f568-7eea0eeb9822,2025-08-17T20:49:24Z,2025-08-18T02:11:00Z,d57841fa-c9e2-a3d1-0e78-09bdbe4eed66,c452dcb0-3f7d-3783-8c2b-d77c71f9140f,35c07dc2-7792-39ae-8623-734c6fbc3781,26aab0cd-6aba-3e1b-ac5b-05c8867e762c,ambulatory,185349003,Encounter for check up (procedure),83.05,6907.89,1696.19,103697008,Patient referral for dental care (procedure)
d57841fa-c9e2-a3d1-f5c9-1762ece38cec,2022-07-17T20:49:24Z,2022-07-17T21:46:57Z,d57841fa-c9e2-a3d1-0e78-09bdbe4eed66,9e0f2068-568b-3fff-8903-bea515c3218d,23fd3e75-e418-3c9f-a147-b93ecb29c335,26aab0cd-6aba-3e1b-ac5b-05c8867e762c,wellness,162673000,General examination of patient (procedure),171.78,1078.93,0.00,,
d57841fa-c9e2-a3d1-f7a0-66d51d3f7e39,1990-08-28T13:49:24Z,1990-08-28T14:04:24Z,d57841fa-c9e2-a3d1-0e78-09bdbe4eed66,c452dcb0-3f7d-3783-8c2b-d77c71f9140f,35c07dc2-7792-39ae-8623-734c6fbc3781,26aab0cd-6aba-3e1b-ac5b-05c8867e762c,ambulatory,185345009,Encounter for symptom (procedure),83.05,91.11,0.00,36971009,Sinusitis (disorder)
d57841fa-c9e2-a3d1-fc95-55e48f257d75,2024-07-28T20:49:24Z,2024-07-28T21:48:11Z,d57841fa-c9e2-a3d1-0e78-09bdbe4eed66,9e0f2068-568b-3fff-8903-bea515c3218d,23fd3e75-e418-3c9f-a147-b93ecb29c335,26aab0cd-6aba-3e1b-ac5b-05c8867e762c,wellness,162673000,General examination of patient (procedure),171.78,1222.21,0.00,,
d74e84cc-ab07-84a4-af26-1b08ed3f6553,2018-04-21T10:34:23Z,2018-04-21T10:58:01Z,3236b1f8-2bc1-3e38-c539-a29407c6a206,30721694-3390-3f48-a696-946a05b94968,13b774a4-f1f1-35fc-9c15-337161433bbe,a735bf55-83e9-331a-899d-a82a60b9f60c,ambulatory,371883000,Outpatient procedure (procedure),138.42,7503.70,6002.96,609328004,Allergic disposition (finding)
