DATE,PATIENT,ENCOUNTER,CATEGORY,CODE,DESCRIPTION,VALUE,UNITS,TYPE
2018-01-18T18:53:52Z,922fb35e-148d-9e82-7e65-bfa05e3b3515,922fb35e-148d-9e82-b618-fe12266597bd,vital-signs,8302-2,Body Height,164.0,cm,numeric
2018-01-18T18:53:52Z,922fb35e-148d-9e82-7e65-bfa05e3b3515,922fb35e-148d-9e82-b618-fe12266597bd,vital-signs,72514-3,Pain severity - 0-10 verbal numeric rating [Score] - Reported,1.0,{score},numeric
2018-01-18T18:53:52Z,922fb35e-148d-9e82-7e65-bfa05e3b3515,922fb35e-148d-9e82-b618-fe12266597bd,vital-signs,29463-7,Body Weight,79.4,kg,numeric
2018-01-18T18:53:52Z,922fb35e-148d-9e82-7e65-bfa05e3b3515,922fb35e-148d-9e82-b618-fe12266597bd,vital-signs,39156-5,Body mass index (BMI) [Ratio],29.5,kg/m2,numeric
2018-01-18T18:53:52Z,922fb35e-148d-9e82-7e65-bfa05e3b3515,922fb35e-148d-9e82-b618-fe12266597bd,vital-signs,8462-4,Diastolic Blood Pressure,75.0,mm[Hg],numeric
2018-01-18T18:53:52Z,922fb35e-148d-9e82-7e65-bfa05e3b3515,922fb35e-148d-9e82-b618-fe12266597bd,vital-signs,8480-6,Systolic Blood Pressure,106.0,mm[Hg],numeric
2018-01-18T18:53:52Z,922fb35e-148d-9e82-7e65-bfa05e3b3515,922fb35e-148d-9e82-b618-fe12266597bd,vital-signs,8867-4,Heart rate,91.0,/min,numeric
2018-01-18T18:53:52Z,922fb35e-148d-9e82-7e65-bfa05e3b3515,922fb35e-148d-9e82-b618-fe12266597bd,vital-signs,9279-1,Respiratory rate,13.0,/min,numeric
2018-01-18T18:53:52Z,922fb35e-148d-9e82-7e65-bfa05e3b3515,922fb35e-148d-9e82-b618-fe12266597bd,laboratory,2093-3,Cholesterol [Mass/volume] in Serum or Plasma,142.4,mg/dL,numeric
2018-01-18T18:53:52Z,922fb35e-148d-9e82-7e65-bfa05e3b3515,922fb35e-148d-9e82-b618-fe12266597bd,laboratory,2571-8,Triglyceride [Mass/volume] in Serum or Plasma,125.7,mg/dL,numeric
2018-01-18T18:53:52Z,922fb35e-148d-9e82-7e65-bfa05e3b3515,922fb35e-148d-9e82-b618-fe12266597bd,laboratory,18262-6,Cholesterol in LDL [Mass/volume] in Serum or Plasma by Direct assay,63.5,mg/dL,numeric
2018-01-18T18:53:52Z,922fb35e-148d-9e82-7e65-bfa05e3b3515,922fb35e-148d-9e82-b618-fe12266597bd,laboratory,2085-9,Cholesterol in HDL [Mass/volume] in Serum or Plasma,53.8,mg/dL,numeric
2018-01-18T18:53:52Z,922fb35e-148d-9e82-7e65-bfa05e3b3515,922fb35e-148d-9e82-b618-fe12266597bd,social-history,72166-2,Tobacco smoking status,Ex-smoker (finding),,text
2018-01-18T19:50:59Z,922fb35e-148d-9e82-7e65-bfa05e3b3515,922fb35e-148d-9e82-b618-fe12266597bd,survey,76501-6,Within the last year  have you been afraid of your partner or ex-partner,No,,text
2018-01-18T19:50:59Z,922fb35e-148d-9e82-7e65-bfa05e3b3515,922fb35e-148d-9e82-b618-fe12266597bd,survey,93026-3,Do you feel physically and emotionally safe where you currently live [PRAPARE],Yes,,text
2018-01-18T19:50:59Z,922fb35e-148d-9e82-7e65-bfa05e3b3515,922fb35e-148d-9e82-b618-fe12266597bd,survey,93027-1,Are you a refugee,No,,text
2018-01-18T19:50:59Z,922fb35e-148d-9e82-7e65-bfa05e3b3515,922fb35e-148d-9e82-b618-fe12266597bd,survey,93028-9,Have you spent more than 2 nights in a row in a jail  prison  detention center  or juvenile correctional facility in past 1 year [PRAPARE],No,,text
2018-01-18T19:50:59Z,922fb35e-148d-9e82-7e65-bfa05e3b3515,922fb35e-148d-9e82-b618-fe12266597bd,survey,93038-8,Stress level,A little bit,,text
2018-01-18T19:50:59Z,922fb35e-148d-9e82-7e65-bfa05e3b3515,922fb35e-148d-9e82-b618-fe12266597bd,survey,93029-7,How often do you see or talk to people that you care about and feel close to [PRAPARE],3 to 5 times a week,,text
2018-01-18T19:50:59Z,922fb35e-148d-9e82-7e65-bfa05e3b3515,922fb35e-148d-9e82-b618-fe12266597bd,survey,93030-5,Has lack of transportation kept you from medical appointments  meetings  work  or from getting things needed for daily living,No,,text
2018-01-18T19:50:59Z,922fb35e-148d-9e82-7e65-bfa05e3b3515,922fb35e-148d-9e82-b618-fe12266597bd,survey,93031-3,Have you or any family members you live with been unable to get any of the following when it was really needed in past 1 year [PRAPARE],I choose not to answer this question,,text
2018-01-18T19:50:59Z,922fb35e-148d-9e82-7e65-bfa05e3b3515,922fb35e-148d-9e82-b618-fe12266597bd,survey,63586-2,What was your best estimate of the total income of all family members from all sources  before taxes  in last year [PhenX],149894,/a,text
2018-01-18T19:50:59Z,922fb35e-148d-9e82-7e65-bfa05e3b3515,922fb35e-148d-9e82-b618-fe12266597bd,survey,76437-3,Primary insurance,Private insurance,,text
2018-01-18T19:50:59Z,922fb35e-148d-9e82-7e65-bfa05e3b3515,922fb35e-148d-9e82-b618-fe12266597bd,survey,67875-5,Employment status - current,Otherwise unemployed but not seeking work (ex: student  retired  disabled  unpaid primary care giver),,text
2018-01-18T19:50:59Z,922fb35e-148d-9e82-7e65-bfa05e3b3515,922fb35e-148d-9e82-b618-fe12266597bd,survey,82589-3,Highest level of education,More than high school,,text
2018-01-18T19:50:59Z,922fb35e-148d-9e82-7e65-bfa05e3b3515,922fb35e-148d-9e82-b618-fe12266597bd,survey,56799-0,Address,324 Reinger Highlands Apt 29,,text
2018-01-18T19:50:59Z,922fb35e-148d-9e82-7e65-bfa05e3b3515,922fb35e-148d-9e82-b618-fe12266597bd,survey,93033-9,Are you worried about losing your housing [PRAPARE],No,,text
2018-01-18T19:50:59Z,922fb35e-148d-9e82-7e65-bfa05e3b3515,922fb35e-148d-9e82-b618-fe12266597bd,survey,71802-3,Housing status,I have housing,,text
2018-01-18T19:50:59Z,922fb35e-148d-9e82-7e65-bfa05e3b3515,922fb35e-148d-9e82-b618-fe12266597bd,survey,63512-8,How many people are living or staying at this address [#],,{#},numeric
2018-01-18T19:50:59Z,922fb35e-148d-9e82-7e65-bfa05e3b3515,922fb35e-148d-9e82-b618-fe12266597bd,survey,54899-0,Preferred language,English,,text
2018-01-18T19:50:59Z,922fb35e-148d-9e82-7e65-bfa05e3b3515,922fb35e-148d-9e82-b618-fe12266597bd,survey,93034-7,Discharged from the U.S. Armed Forces,No,,text
2018-01-18T19:50:59Z,922fb35e-148d-9e82-7e65-bfa05e3b3515,922fb35e-148d-9e82-b618-fe12266597bd,survey,93035-4,Has season or migrant farm work been your or your family's main source of income at any point in past 2 years [PRAPARE],No,,text
2018-01-18T19:50:59Z,922fb35e-148d-9e82-7e65-bfa05e3b3515,922fb35e-148d-9e82-b618-fe12266597bd,survey,32624-9,Race,White,,text
2018-01-18T19:50:59Z,922fb35e-148d-9e82-7e65-bfa05e3b3515,922fb35e-148d-9e82-b618-fe12266597bd,survey,56051-6,Hispanic or Latino,No,,text
2018-01-18T20:20:27Z,922fb35e-148d-9e82-7e65-bfa05e3b3515,922fb35e-148d-9e82-b618-fe12266597bd,survey,76504-0,Total score [HARK],0.0,{score},numeric
2021-01-21T18:53:52Z,922fb35e-148d-9e82-7e65-bfa05e3b3515,922fb35e-148d-9e82-1563-fc2eda5ba518,vital-signs,8302-2,Body Height,164.0,cm,numeric
2021-01-21T18:53:52Z,922fb35e-148d-9e82-7e65-bfa05e3b3515,922fb35e-148d-9e82-1563-fc2eda5ba518,vital-signs,72514-3,Pain severity - 0-10 verbal numeric rating [Score] - Reported,1.0,{score},numeric
2021-01-21T18:53:52Z,922fb35e-148d-9e82-7e65-bfa05e3b3515,922fb35e-148d-9e82-1563-fc2eda5ba518,vital-signs,29463-7,Body Weight,75.8,kg,numeric
2021-01-21T18:53:52Z,922fb35e-148d-9e82-7e65-bfa05e3b3515,922fb35e-148d-9e82-1563-fc2eda5ba518,vital-signs,39156-5,Body mass index (BMI) [Ratio],28.2,kg/m2,numeric
2021-01-21T18:53:52Z,922fb35e-148d-9e82-7e65-bfa05e3b3515,922fb35e-148d-9e82-1563-fc2eda5ba518,vital-signs,8462-4,Diastolic Blood Pressure,75.0,mm[Hg],numeric
2021-01-21T18:53:52Z,922fb35e-148d-9e82-7e65-bfa05e3b3515,922fb35e-148d-9e82-1563-fc2eda5ba518,vital-signs,8480-6,Systolic Blood Pressure,96.0,mm[Hg],numeric
2021-01-21T18:53:52Z,922fb35e-148d-9e82-7e65-bfa05e3b3515,922fb35e-148d-9e82-1563-fc2eda5ba518,vital-signs,8867-4,Heart rate,94.0,/min,numeric
2021-01-21T18:53:52Z,922fb35e-148d-9e82-7e65-bfa05e3b3515,922fb35e-148d-9e82-1563-fc2eda5ba518,vital-signs,9279-1,Respiratory rate,15.0,/min,numeric
2021-01-21T18:53:52Z,922fb35e-148d-9e82-7e65-bfa05e3b3515,922fb35e-148d-9e82-1563-fc2eda5ba518,laboratory,2093-3,Cholesterol [Mass/volume] in Serum or Plasma,156.0,mg/dL,numeric
2021-01-21T18:53:52Z,922fb35e-148d-9e82-7e65-bfa05e3b3515,922fb35e-148d-9e82-1563-fc2eda5ba518,laboratory,2571-8,Triglyceride [Mass/volume] in Serum or Plasma,133.1,mg/dL,numeric
2021-01-21T18:53:52Z,922fb35e-148d-9e82-7e65-bfa05e3b3515,922fb35e-148d-9e82-1563-fc2eda5ba518,laboratory,18262-6,Cholesterol in LDL [Mass/volume] in Serum or Plasma by Direct assay,75.2,mg/dL,numeric
2021-01-21T18:53:52Z,922fb35e-148d-9e82-7e65-bfa05e3b3515,922fb35e-148d-9e82-1563-fc2eda5ba518,laboratory,2085-9,Cholesterol in HDL [Mass/volume] in Serum or Plasma,54.2,mg/dL,numeric
2021-01-21T18:53:52Z,922fb35e-148d-9e82-7e65-bfa05e3b3515,922fb35e-148d-9e82-1563-fc2eda5ba518,laboratory,6690-2,Leukocytes [#/volume] in Blood by Automated count,8.4,10*3/uL,numeric
2021-01-21T18:53:52Z,922fb35e-148d-9e82-7e65-bfa05e3b3515,922fb35e-148d-9e82-1563-fc2eda5ba518,laboratory,789-8,Erythrocytes [#/volume] in Blood by Automated count,5.0,10*6/uL,numeric
2021-01-21T18:53:52Z,922fb35e-148d-9e82-7e65-bfa05e3b3515,922fb35e-148d-9e82-1563-fc2eda5ba518,laboratory,718-7,Hemoglobin [Mass/volume] in Blood,15.2,g/dL,numeric
2021-01-21T18:53:52Z,922fb35e-148d-9e82-7e65-bfa05e3b3515,922fb35e-148d-9e82-1563-fc2eda5ba518,laboratory,4544-3,Hematocrit [Volume Fraction] of Blood by Automated count,41.2,%,numeric
2021-01-21T18:53:52Z,922fb35e-148d-9e82-7e65-bfa05e3b3515,922fb35e-148d-9e82-1563-fc2eda5ba518,laboratory,787-2,MCV [Entitic mean volume] in Red Blood Cells by Automated count,83.2,fL,numeric
2021-01-21T18:53:52Z,922fb35e-148d-9e82-7e65-bfa05e3b3515,922fb35e-148d-9e82-1563-fc2eda5ba518,laboratory,785-6,MCH [Entitic mass] by Automated count,30.3,pg,numeric
2021-01-21T18:53:52Z,922fb35e-148d-9e82-7e65-bfa05e3b3515,922fb35e-148d-9e82-1563-fc2eda5ba518,laboratory,786-4,MCHC [Entitic Mass/volume] in Red Blood Cells by Automated count,33.8,g/dL,numeric
2021-01-21T18:53:52Z,922fb35e-148d-9e82-7e65-bfa05e3b3515,922fb35e-148d-9e82-1563-fc2eda5ba518,laboratory,788-0,Erythrocyte [DistWidth] in Blood by Automated count,42.6,fL,numeric
2021-01-21T18:53:52Z,922fb35e-148d-9e82-7e65-bfa05e3b3515,922fb35e-148d-9e82-1563-fc2eda5ba518,laboratory,777-3,Platelets [#/volume] in Blood by Automated count,429.2,10*3/uL,numeric
2021-01-21T18:53:52Z,922fb35e-148d-9e82-7e65-bfa05e3b3515,922fb35e-148d-9e82-1563-fc2eda5ba518,laboratory,32207-3,Platelet distribution width [Entitic volume] in Blood by Automated count,228.8,fL,numeric
2021-01-21T18:53:52Z,922fb35e-148d-9e82-7e65-bfa05e3b3515,922fb35e-148d-9e82-1563-fc2eda5ba518,laboratory,32623-1,Platelet [Entitic mean volume] in Blood by Automated count,12.1,fL,numeric
2021-01-21T18:53:52Z,922fb35e-148d-9e82-7e65-bfa05e3b3515,922fb35e-148d-9e82-1563-fc2eda5ba518,social-history,72166-2,Tobacco smoking status,Ex-smoker (finding),,text
2021-01-21T19:52:20Z,922fb35e-148d-9e82-7e65-bfa05e3b3515,922fb35e-148d-9e82-1563-fc2eda5ba518,survey,76501-6,Within the last year  have you been afraid of your partner or ex-partner,No,,text
2021-01-21T19:52:20Z,922fb35e-148d-9e82-7e65-bfa05e3b3515,922fb35e-148d-9e82-1563-fc2eda5ba518,survey,93026-3,Do you feel physically and emotionally safe where you currently live [PRAPARE],Yes,,text
2021-01-21T19:52:20Z,922fb35e-148d-9e82-7e65-bfa05e3b3515,922fb35e-148d-9e82-1563-fc2eda5ba518,survey,93027-1,Are you a refugee,No,,text
2021-01-21T19:52:20Z,922fb35e-148d-9e82-7e65-bfa05e3b3515,922fb35e-148d-9e82-1563-fc2eda5ba518,survey,93028-9,Have you spent more than 2 nights in a row in a jail  prison  detention center  or juvenile correctional facility in past 1 year [PRAPARE],No,,text
2021-01-21T19:52:20Z,922fb35e-148d-9e82-7e65-bfa05e3b3515,922fb35e-148d-9e82-1563-fc2eda5ba518,survey,93038-8,Stress level,Not at all,,text
2021-01-21T19:52:20Z,922fb35e-148d-9e82-7e65-bfa05e3b3515,922fb35e-148d-9e82-1563-fc2eda5ba518,survey,93029-7,How often do you see or talk to people that you care about and feel close to [PRAPARE],5 or more times a week,,text
2021-01-21T19:52:20Z,922fb35e-148d-9e82-7e65-bfa05e3b3515,922fb35e-148d-9e82-1563-fc2eda5ba518,survey,93030-5,Has lack of transportation kept you from medical appointments  meetings  work  or from getting things needed for daily living,No,,text
2021-01-21T19:52:20Z,922fb35e-148d-9e82-7e65-bfa05e3b3515,922fb35e-148d-9e82-1563-fc2eda5ba518,survey,93031-3,Have you or any family members you live with been unable to get any of the following when it was really needed in past 1 year [PRAPARE],I choose not to answer this question,,text
2021-01-21T19:52:20Z,922fb35e-148d-9e82-7e65-bfa05e3b3515,922fb35e-148d-9e82-1563-fc2eda5ba518,survey,63586-2,What was your best estimate of the total income of all family members from all sources  before taxes  in last year [PhenX],149894,/a,text
2021-01-21T19:52:20Z,922fb35e-148d-9e82-7e65-bfa05e3b3515,922fb35e-148d-9e82-1563-fc2eda5ba518,survey,76437-3,Primary insurance,Private insurance,,text
2021-01-21T19:52:20Z,922fb35e-148d-9e82-7e65-bfa05e3b3515,922fb35e-148d-9e82-1563-fc2eda5ba518,survey,67875-5,Employment status - current,Part-time or temporary work,,text
2021-01-21T19:52:20Z,922fb35e-148d-9e82-7e65-bfa05e3b3515,922fb35e-148d-9e82-1563-fc2eda5ba518,survey,82589-3,Highest level of education,More than high school,,text
2021-01-21T19:52:20Z,922fb35e-148d-9e82-7e65-bfa05e3b3515,922fb35e-148d-9e82-1563-fc2eda5ba518,survey,56799-0,Address,324 Reinger Highlands Apt 29,,text
2021-01-21T19:52:20Z,922fb35e-148d-9e82-7e65-bfa05e3b3515,922fb35e-148d-9e82-1563-fc2eda5ba518,survey,93033-9,Are you worried about losing your housing [PRAPARE],No,,text
2021-01-21T19:52:20Z,922fb35e-148d-9e82-7e65-bfa05e3b3515,922fb35e-148d-9e82-1563-fc2eda5ba518,survey,71802-3,Housing status,I have housing,,text
2021-01-21T19:52:20Z,922fb35e-148d-9e82-7e65-bfa05e3b3515,922fb35e-148d-9e82-1563-fc2eda5ba518,survey,63512-8,How many people are living or staying at this address [#],1.0,{#},numeric
2021-01-21T19:52:20Z,922fb35e-148d-9e82-7e65-bfa05e3b3515,922fb35e-148d-9e82-1563-fc2eda5ba518,survey,54899-0,Preferred language,English,,text
2021-01-21T19:52:20Z,922fb35e-148d-9e82-7e65-bfa05e3b3515,922fb35e-148d-9e82-1563-fc2eda5ba518,survey,93034-7,Discharged from the U.S. Armed Forces,No,,text
2021-01-21T19:52:20Z,922fb35e-148d-9e82-7e65-bfa05e3b3515,922fb35e-148d-9e82-1563-fc2eda5ba518,survey,93035-4,Has season or migrant farm work been your or your family's main source of income at any point in past 2 years [PRAPARE],No,,text
2021-01-21T19:52:20Z,922fb35e-148d-9e82-7e65-bfa05e3b3515,922fb35e-148d-9e82-1563-fc2eda5ba518,survey,32624-9,Race,White,,text
2021-01-21T19:52:20Z,922fb35e-148d-9e82-7e65-bfa05e3b3515,922fb35e-148d-9e82-1563-fc2eda5ba518,survey,56051-6,Hispanic or Latino,No,,text
2021-01-21T20:18:12Z,922fb35e-148d-9e82-7e65-bfa05e3b3515,922fb35e-148d-9e82-1563-fc2eda5ba518,survey,70274-6,Generalized anxiety disorder 7 item (GAD-7) total score [Reported.PHQ],3.0,{score},numeric
2021-01-21T20:43:56Z,922fb35e-148d-9e82-7e65-bfa05e3b3515,922fb35e-148d-9e82-1563-fc2eda5ba518,survey,76504-0,Total score [HARK],0.0,{score},numeric
2021-01-21T21:20:06Z,922fb35e-148d-9e82-7e65-bfa05e3b3515,922fb35e-148d-9e82-1563-fc2eda5ba518,survey,55758-7,Patient Health Questionnaire 2 item (PHQ-2) total score [Reported],2.0,{score},numeric
2024-01-25T18:53:52Z,922fb35e-148d-9e82-7e65-bfa05e3b3515,922fb35e-148d-9e82-99f1-8aa36d18014e,vital-signs,8302-2,Body Height,164.0,cm,numeric
2024-01-25T18:53:52Z,922fb35e-148d-9e82-7e65-bfa05e3b3515,922fb35e-148d-9e82-99f1-8aa36d18014e,vital-signs,72514-3,Pain severity - 0-10 verbal numeric rating [Score] - Reported,1.0,{score},numeric
2024-01-25T18:53:52Z,922fb35e-148d-9e82-7e65-bfa05e3b3515,922fb35e-148d-9e82-99f1-8aa36d18014e,vital-signs,29463-7,Body Weight,80.1,kg,numeric
2024-01-25T18:53:52Z,922fb35e-148d-9e82-7e65-bfa05e3b3515,922fb35e-148d-9e82-99f1-8aa36d18014e,vital-signs,39156-5,Body mass index (BMI) [Ratio],29.8,kg/m2,numeric
2024-01-25T18:53:52Z,922fb35e-148d-9e82-7e65-bfa05e3b3515,922fb35e-148d-9e82-99f1-8aa36d18014e,vital-signs,8462-4,Diastolic Blood Pressure,71.0,mm[Hg],numeric
2024-01-25T18:53:52Z,922fb35e-148d-9e82-7e65-bfa05e3b3515,922fb35e-148d-9e82-99f1-8aa36d18014e,vital-signs,8480-6,Systolic Blood Pressure,106.0,mm[Hg],numeric
2024-01-25T18:53:52Z,922fb35e-148d-9e82-7e65-bfa05e3b3515,922fb35e-148d-9e82-99f1-8aa36d18014e,vital-signs,8867-4,Heart rate,73.0,/min,numeric
2024-01-25T18:53:52Z,922fb35e-148d-9e82-7e65-bfa05e3b3515,922fb35e-148d-9e82-99f1-8aa36d18014e,vital-signs,9279-1,Respiratory rate,15.0,/min,numeric
2024-01-25T18:53:52Z,922fb35e-148d-9e82-7e65-bfa05e3b3515,922fb35e-148d-9e82-99f1-8aa36d18014e,laboratory,2093-3,Cholesterol [Mass/volume] in Serum or Plasma,169.8,mg/dL,numeric
2024-01-25T18:53:52Z,922fb35e-148d-9e82-7e65-bfa05e3b3515,922fb35e-148d-9e82-99f1-8aa36d18014e,laboratory,2571-8,Triglyceride [Mass/volume] in Serum or Plasma,,mg/dL,numeric
2024-01-25T18:53:52Z,922fb35e-148d-9e82-7e65-bfa05e3b3515,922fb35e-148d-9e82-99f1-8aa36d18014e,laboratory,18262-6,Cholesterol in LDL [Mass/volume] in Serum or Plasma by Direct assay,92.4,mg/dL,numeric
2024-01-25T18:53:52Z,922fb35e-148d-9e82-7e65-bfa05e3b3515,922fb35e-148d-9e82-99f1-8aa36d18014e,laboratory,2085-9,Cholesterol in HDL [Mass/volume] in Serum or Plasma,54.6,mg/dL,numeric
2024-01-25T18:53:52Z,922fb35e-148d-9e82-7e65-bfa05e3b3515,922fb35e-148d-9e82-99f1-8aa36d18014e,social-history,72166-2,Tobacco smoking status,Ex-smoker (finding),,text
2024-01-25T19:52:54Z,922fb35e-148d-9e82-7e65-bfa05e3b3515,922fb35e-148d-9e82-99f1-8aa36d18014e,survey,76501-6,Within the last year  have you been afraid of your partner or ex-partner,No,,text
2024-01-25T19:52:54Z,922fb35e-148d-9e82-7e65-bfa05e3b3515,922fb35e-148d-9e82-99f1-8aa36d18014e,survey,93026-3,Do you feel physically and emotionally safe where you currently live [PRAPARE],Yes,,text
2024-01-25T19:52:54Z,922fb35e-148d-9e82-7e65-bfa05e3b3515,922fb35e-148d-9e82-99f1-8aa36d18014e,survey,93027-1,Are you a refugee,No,,text
2024-01-25T19:52:54Z,922fb35e-148d-9e82-7e65-bfa05e3b3515,922fb35e-148d-9e82-99f1-8aa36d18014e,survey,93028-9,Have you spent more than 2 nights in a row in a jail  prison  detention center  or juvenile correctional facility in past 1 year [PRAPARE],No,,text
2024-01-25T19:52:54Z,922fb35e-148d-9e82-7e65-bfa05e3b3515,922fb35e-148d-9e82-99f1-8aa36d18014e,survey,93038-8,Stress level,,,text
2024-01-25T19:52:54Z,922fb35e-148d-9e82-7e65-bfa05e3b3515,922fb35e-148d-9e82-99f1-8aa36d18014e,survey,93029-7,How often do you see or talk to people that you care about and feel close to [PRAPARE],3 to 5 times a week,,text
2024-01-25T19:52:54Z,922fb35e-148d-9e82-7e65-bfa05e3b3515,922fb35e-148d-9e82-99f1-8aa36d18014e,survey,93030-5,Has lack of transportation kept you from medical appointments  meetings  work  or from getting things needed for daily living,No,,text
2024-01-25T19:52:54Z,922fb35e-148d-9e82-7e65-bfa05e3b3515,922fb35e-148d-9e82-99f1-8aa36d18014e,survey,93031-3,Have you or any family members you live with been unable to get any of the following when it was really needed in past 1 year [PRAPARE],I choose not to answer this question,,text
2024-01-25T19:52:54Z,922fb35e-148d-9e82-7e65-bfa05e3b3515,922fb35e-148d-9e82-99f1-8aa36d18014e,survey,63586-2,What was your best estimate of the total income of all family members from all sources  before taxes  in last year [PhenX],149894,/a,text
2024-01-25T19:52:54Z,922fb35e-148d-9e82-7e65-bfa05e3b3515,922fb35e-148d-9e82-99f1-8aa36d18014e,survey,76437-3,Primary insurance,Private insurance,,text
2024-01-25T19:52:54Z,922fb35e-148d-9e82-7e65-bfa05e3b3515,922fb35e-148d-9e82-99f1-8aa36d18014e,survey,67875-5,Employment status - current,Part-time or temporary work,,text
2024-01-25T19:52:54Z,922fb35e-148d-9e82-7e65-bfa05e3b3515,922fb35e-148d-9e82-99f1-8aa36d18014e,survey,82589-3,Highest level of education,More than high school,,text
2024-01-25T19:52:54Z,922fb35e-148d-9e82-7e65-bfa05e3b3515,922fb35e-148d-9e82-99f1-8aa36d18014e,survey,56799-0,Address,324 Reinger Highlands Apt 29,,text
2024-01-25T19:52:54Z,922fb35e-148d-9e82-7e65-bfa05e3b3515,922fb35e-148d-9e82-99f1-8aa36d18014e,survey,93033-9,Are you worried about losing your housing [PRAPARE],No,,text
2024-01-25T19:52:54Z,922fb35e-148d-9e82-7e65-bfa05e3b3515,922fb35e-148d-9e82-99f1-8aa36d18014e,survey,71802-3,Housing status,I have housing,,text
2024-01-25T19:52:54Z,922fb35e-148d-9e82-7e65-bfa05e3b3515,922fb35e-148d-9e82-99f1-8aa36d18014e,survey,63512-8,How many people are living or staying at this address [#],1.0,{#},numeric
2024-01-25T19:52:54Z,922fb35e-148d-9e82-7e65-bfa05e3b3515,922fb35e-148d-9e82-99f1-8aa36d18014e,survey,54899-0,Preferred language,English,,text
2024-01-25T19:52:54Z,922fb35e-148d-9e82-7e65-bfa05e3b3515,922fb35e-148d-9e82-99f1-8aa36d18014e,survey,93034-7,Discharged from the U.S. Armed Forces,No,,text
2024-01-25T19:52:54Z,922fb35e-148d-9e82-7e65-bfa05e3b3515,922fb35e-148d-9e82-99f1-8aa36d18014e,survey,93035-4,Has season or migrant farm work been your or your family's main source of income at any point in past 2 years [PRAPARE],No,,text
2024-01-25T19:52:54Z,922fb35e-148d-9e82-7e65-bfa05e3b3515,922fb35e-148d-9e82-99f1-8aa36d18014e,survey,32624-9,Race,White,,text
2024-01-25T19:52:54Z,922fb35e-148d-9e82-7e65-bfa05e3b3515,922fb35e-148d-9e82-99f1-8aa36d18014e,survey,56051-6,Hispanic or Latino,No,,text
2024-01-25T20:25:01Z,922fb35e-148d-9e82-7e65-bfa05e3b3515,922fb35e-148d-9e82-99f1-8aa36d18014e,survey,55758-7,Patient Health Questionnaire 2 item (PHQ-2) total score [Reported],2.0,{score},numeric
2024-01-25T21:00:06Z,922fb35e-148d-9e82-7e65-bfa05e3b3515,922fb35e-148d-9e82-99f1-8aa36d18014e,survey,75626-2,Total score [AUDIT-C],1.0,{score},numeric
2025-06-19T18:53:52Z,922fb35e-148d-9e82-7e65-bfa05e3b3515,922fb35e-148d-9e82-3a0e-0d81fea91e98,social-history,82810-3,Pregnancy status,Pregnant,,text
2016-11-06T18:53:52Z,922fb35e-148d-9e82-7e65-bfa05e3b3515,,,QALY,QALY,28.9,a,numeric
2017-11-06T18:53:52Z,922fb35e-148d-9e82-7e65-bfa05e3b3515,,,QALY,QALY,29.9,a,numeric
2018-11-06T18:53:52Z,922fb35e-148d-9e82-7e65-bfa05e3b3515,,,QALY,QALY,30.9,a,numeric
2019-11-06T18:53:52Z,922fb35e-148d-9e82-7e65-bfa05e3b3515,,,QALY,QALY,31.9,a,numeric
2020-11-06T18:53:52Z,922fb35e-148d-9e82-7e65-bfa05e3b3515,,,QALY,QALY,32.9,a,numeric
2021-11-06T18:53:52Z,922fb35e-148d-9e82-7e65-bfa05e3b3515,,,QALY,QALY,33.9,a,numeric
2022-11-06T18:53:52Z,922fb35e-148d-9e82-7e65-bfa05e3b3515,,,QALY,QALY,34.9,a,numeric
2023-11-06T18:53:52Z,922fb35e-148d-9e82-7e65-bfa05e3b3515,,,QALY,QALY,35.9,a,numeric
2024-11-06T18:53:52Z,922fb35e-148d-9e82-7e65-bfa05e3b3515,,,QALY,QALY,36.9,a,numeric
2025-11-06T18:53:52Z,922fb35e-148d-9e82-7e65-bfa05e3b3515,,,QALY,QALY,37.9,a,numeric
2016-11-06T18:53:52Z,922fb35e-148d-9e82-7e65-bfa05e3b3515,,,DALY,DALY,0.1,a,numeric
2017-11-06T18:53:52Z,922fb35e-148d-9e82-7e65-bfa05e3b3515,,,DALY,DALY,0.1,,numeric
2018-11-06T18:53:52Z,922fb35e-148d-9e82-7e65-bfa05e3b3515,,,DALY,DALY,0.1,a,numeric
2019-11-06T18:53:52Z,922fb35e-148d-9e82-7e65-bfa05e3b3515,,,DALY,DALY,0.1,a,numeric
2020-11-06T18:53:52Z,922fb35e-148d-9e82-7e65-bfa05e3b3515,,,DALY,DALY,0.1,a,numeric
2021-11-06T18:53:52Z,922fb35e-148d-9e82-7e65-bfa05e3b3515,,,DALY,DALY,0.1,a,numeric
2022-11-06T18:53:52Z,922fb35e-148d-9e82-7e65-bfa05e3b3515,,,DALY,DALY,0.1,a,numeric
2023-11-06T18:53:52Z,922fb35e-148d-9e82-7e65-bfa05e3b3515,,,DALY,DALY,0.1,a,numeric
2024-11-06T18:53:52Z,922fb35e-148d-9e82-7e65-bfa05e3b3515,,,DALY,DALY,0.1,a,numeric
2025-11-06T18:53:52Z,922fb35e-148d-9e82-7e65-bfa05e3b3515,,,DALY,DALY,0.1,a,numeric
2016-11-06T18:53:52Z,922fb35e-148d-9e82-7e65-bfa05e3b3515,,,QOLS,QOLS,1.0,{score},numeric
2017-11-06T18:53:52Z,922fb35e-148d-9e82-7e65-bfa05e3b3515,,,QOLS,QOLS,1.0,{score},numeric
2018-11-06T18:53:52Z,922fb35e-148d-9e82-7e65-bfa05e3b3515,,,QOLS,QOLS,1.0,{score},numeric
2019-11-06T18:53:52Z,922fb35e-148d-9e82-7e65-bfa05e3b3515,,,QOLS,QOLS,1.0,{score},numeric
2020-11-06T18:53:52Z,922fb35e-148d-9e82-7e65-bfa05e3b3515,,,QOLS,QOLS,1.0,{score},numeric
2021-11-06T18:53:52Z,922fb35e-148d-9e82-7e65-bfa05e3b3515,,,QOLS,QOLS,1.0,{score},numeric
2022-11-06T18:53:52Z,922fb35e-148d-9e82-7e65-bfa05e3b3515,,,QOLS,QOLS,1.0,{score},numeric
2023-11-06T18:53:52Z,922fb35e-148d-9e82-7e65-bfa05e3b3515,,,QOLS,QOLS,1.0,{score},numeric
2024-11-06T18:53:52Z,922fb35e-148d-9e82-7e65-bfa05e3b3515,,,QOLS,QOLS,1.0,{score},numeric
2025-11-06T18:53:52Z,922fb35e-148d-9e82-7e65-bfa05e3b3515,,,QOLS,QOLS,1.0,{score},numeric
2017-08-22T21:42:53Z,6aed9210-c500-4375-b0fc-3374c40b8591,6aed9210-c500-4375-3842-8b8fcbeac34d,vital-signs,8302-2,Body Height,165.0,cm,numeric
2017-08-22T21:42:53Z,6aed9210-c500-4375-b0fc-3374c40b8591,6aed9210-c500-4375-3842-8b8fcbeac34d,vital-signs,72514-3,Pain severity - 0-10 verbal numeric rating [Score] - Reported,2.0,{score},numeric
2017-08-22T21:42:53Z,6aed9210-c500-4375-b0fc-3374c40b8591,6aed9210-c500-4375-3842-8b8fcbeac34d,vital-signs,29463-7,Body Weight,80.8,kg,numeric
2017-08-22T21:42:53Z,6aed9210-c500-4375-b0fc-3374c40b8591,6aed9210-c500-4375-3842-8b8fcbeac34d,vital-signs,39156-5,Body mass index (BMI) [Ratio],29.7,kg/m2,numeric
2017-08-22T21:42:53Z,6aed9210-c500-4375-b0fc-3374c40b8591,6aed9210-c500-4375-3842-8b8fcbeac34d,vital-signs,8462-4,Diastolic Blood Pressure,61.0,mm[Hg],numeric
2017-08-22T21:42:53Z,6aed9210-c500-4375-b0fc-3374c40b8591,6aed9210-c500-4375-3842-8b8fcbeac34d,vital-signs,8480-6,Systolic Blood Pressure,100.0,mm[Hg],numeric
2017-08-22T21:42:53Z,6aed9210-c500-4375-b0fc-3374c40b8591,6aed9210-c500-4375-3842-8b8fcbeac34d,vital-signs,8867-4,Heart rate,90.0,/min,numeric
2017-08-22T21:42:53Z,6aed9210-c500-4375-b0fc-3374c40b8591,6aed9210-c500-4375-3842-8b8fcbeac34d,vital-signs,9279-1,Respiratory rate,13.0,/min,numeric
2017-08-22T21:42:53Z,6aed9210-c500-4375-b0fc-3374c40b8591,6aed9210-c500-4375-3842-8b8fcbeac34d,social-history,72166-2,Tobacco smoking status,Never smoked tobacco (finding),,text
2017-08-22T22:14:22Z,6aed9210-c500-4375-b0fc-3374c40b8591,6aed9210-c500-4375-3842-8b8fcbeac34d,survey,76501-6,Within the last year  have you been afraid of your partner or ex-partner,No,,text
2017-08-22T22:14:22Z,6aed9210-c500-4375-b0fc-3374c40b8591,6aed9210-c500-4375-3842-8b8fcbeac34d,survey,93026-3,Do you feel physically and emotionally safe where you currently live [PRAPARE],Yes,,text
2017-08-22T22:14:22Z,6aed9210-c500-4375-b0fc-3374c40b8591,6aed9210-c500-4375-3842-8b8fcbeac34d,survey,93027-1,Are you a refugee,No,,text
2017-08-22T22:14:22Z,6aed9210-c500-4375-b0fc-3374c40b8591,6aed9210-c500-4375-3842-8b8fcbeac34d,survey,93028-9,Have you spent more than 2 nights in a row in a jail  prison  detention center  or juvenile correctional facility in past 1 year [PRAPARE],No,,text
2017-08-22T22:14:22Z,6aed9210-c500-4375-b0fc-3374c40b8591,6aed9210-c500-4375-3842-8b8fcbeac34d,survey,93038-8,Stress level,Somewhat,,text
2017-08-22T22:14:22Z,6aed9210-c500-4375-b0fc-3374c40b8591,6aed9210-c500-4375-3842-8b8fcbeac34d,survey,93029-7,How often do you see or talk to people that you care about and feel close to [PRAPARE],5 or more times a week,,text
2017-08-22T22:14:22Z,6aed9210-c500-4375-b0fc-3374c40b8591,6aed9210-c500-4375-3842-8b8fcbeac34d,survey,93030-5,Has lack of transportation kept you from medical appointments  meetings  work  or from getting things needed for daily living,No,,text
2017-08-22T22:14:22Z,6aed9210-c500-4375-b0fc-3374c40b8591,6aed9210-c500-4375-3842-8b8fcbeac34d,survey,93031-3,Have you or any family members you live with been unable to get any of the following when it was really needed in past 1 year [PRAPARE],I choose not to answer this question,,text
2017-08-22T22:14:22Z,6aed9210-c500-4375-b0fc-3374c40b8591,6aed9210-c500-4375-3842-8b8fcbeac34d,survey,63586-2,What was your best estimate of the total income of all family members from all sources  before taxes  in last year [PhenX],730041,/a,text
2017-08-22T22:14:22Z,6aed9210-c500-4375-b0fc-3374c40b8591,6aed9210-c500-4375-3842-8b8fcbeac34d,survey,76437-3,Primary insurance,Private insurance,,text
2017-08-22T22:14:22Z,6aed9210-c500-4375-b0fc-3374c40b8591,6aed9210-c500-4375-3842-8b8fcbeac34d,survey,67875-5,Employment status - current,Part-time or temporary work,,text
2017-08-22T22:14:22Z,6aed9210-c500-4375-b0fc-3374c40b8591,6aed9210-c500-4375-3842-8b8fcbeac34d,survey,82589-3,Highest level of education,More than high school,,text
2017-08-22T22:14:22Z,6aed9210-c500-4375-b0fc-3374c40b8591,6aed9210-c500-4375-3842-8b8fcbeac34d,survey,56799-0,Address,784 Strosin Hollow,,text
2017-08-22T22:14:22Z,6aed9210-c500-4375-b0fc-3374c40b8591,6aed9210-c500-4375-3842-8b8fcbeac34d,survey,93033-9,Are you worried about losing your housing [PRAPARE],No,,text
2017-08-22T22:14:22Z,6aed9210-c500-4375-b0fc-3374c40b8591,6aed9210-c500-4375-3842-8b8fcbeac34d,survey,71802-3,Housing status,I have housing,,text
2017-08-22T22:14:22Z,6aed9210-c500-4375-b0fc-3374c40b8591,6aed9210-c500-4375-3842-8b8fcbeac34d,survey,63512-8,How many people are living or staying at this address [#],8.0,{#},numeric
2017-08-22T22:14:22Z,6aed9210-c500-4375-b0fc-3374c40b8591,6aed9210-c500-4375-3842-8b8fcbeac34d,survey,54899-0,Preferred language,English,,text
2017-08-22T22:14:22Z,6aed9210-c500-4375-b0fc-3374c40b8591,6aed9210-c500-4375-3842-8b8fcbeac34d,survey,93034-7,Discharged from the U.S. Armed Forces,No,,text
2017-08-22T22:14:22Z,6aed9210-c500-4375-b0fc-3374c40b8591,6aed9210-c500-4375-3842-8b8fcbeac34d,survey,93035-4,Has season or migrant farm work been your or your family's main source of income at any point in past 2 years [PRAPARE],No,,text
2017-08-22T22:14:22Z,6aed9210-c500-4375-b0fc-3374c40b8591,6aed9210-c500-4375-3842-8b8fcbeac34d,survey,32624-9,Race,White,,text
2017-08-22T22:14:22Z,6aed9210-c500-4375-b0fc-3374c40b8591,6aed9210-c500-4375-3842-8b8fcbeac34d,survey,56051-6,Hispanic or Latino,No,,text
2017-08-22T22:40:38Z,6aed9210-c500-4375-b0fc-3374c40b8591,6aed9210-c500-4375-3842-8b8fcbeac34d,survey,70274-6,Generalized anxiety disorder 7 item (GAD-7) total score [Reported.PHQ],1.0,{score},numeric
2017-08-22T23:15:55Z,6aed9210-c500-4375-b0fc-3374c40b8591,6aed9210-c500-4375-3842-8b8fcbeac34d,survey,76504-0,Total score [HARK],0.0,{score},numeric
2017-08-22T23:54:07Z,6aed9210-c500-4375-b0fc-3374c40b8591,6aed9210-c500-4375-3842-8b8fcbeac34d,survey,55758-7,Patient Health Questionnaire 2 item (PHQ-2) total score [Reported],1.0,{score},numeric
2017-08-23T00:29:18Z,6aed9210-c500-4375-b0fc-3374c40b8591,6aed9210-c500-4375-3842-8b8fcbeac34d,survey,75626-2,Total score [AUDIT-C],,{score},numeric
2018-08-28T21:42:53Z,6aed9210-c500-4375-b0fc-3374c40b8591,6aed9210-c500-4375-aa67-7f659b12e262,vital-signs,8302-2,Body Height,165.0,cm,numeric
2018-08-28T21:42:53Z,6aed9210-c500-4375-b0fc-3374c40b8591,6aed9210-c500-4375-aa67-7f659b12e262,vital-signs,72514-3,Pain severity - 0-10 verbal numeric rating [Score] - Reported,2.0,{score},numeric
2018-08-28T21:42:53Z,6aed9210-c500-4375-b0fc-3374c40b8591,6aed9210-c500-4375-aa67-7f659b12e262,vital-signs,29463-7,Body Weight,80.5,kg,numeric
2018-08-28T21:42:53Z,6aed9210-c500-4375-b0fc-3374c40b8591,6aed9210-c500-4375-aa67-7f659b12e262,vital-signs,39156-5,Body mass index (BMI) [Ratio],29.6,kg/m2,numeric
2018-08-28T21:42:53Z,6aed9210-c500-4375-b0fc-3374c40b8591,6aed9210-c500-4375-aa67-7f659b12e262,vital-signs,8462-4,Diastolic Blood Pressure,72.0,,numeric
2018-08-28T21:42:53Z,6aed9210-c500-4375-b0fc-3374c40b8591,6aed9210-c500-4375-aa67-7f659b12e262,vital-signs,8480-6,Systolic Blood Pressure,104.0,mm[Hg],numeric
2018-08-28T21:42:53Z,6aed9210-c500-4375-b0fc-3374c40b8591,6aed9210-c500-4375-aa67-7f659b12e262,vital-signs,8867-4,Heart rate,99.0,/min,numeric
2018-08-28T21:42:53Z,6aed9210-c500-4375-b0fc-3374c40b8591,6aed9210-c500-4375-aa67-7f659b12e262,vital-signs,9279-1,Respiratory rate,14.0,/min,numeric
2018-08-28T21:42:53Z,6aed9210-c500-4375-b0fc-3374c40b8591,6aed9210-c500-4375-aa67-7f659b12e262,laboratory,2093-3,Cholesterol [Mass/volume] in Serum or Plasma,189.3,mg/dL,numeric
2018-08-28T21:42:53Z,6aed9210-c500-4375-b0fc-3374c40b8591,6aed9210-c500-4375-aa67-7f659b12e262,laboratory,2571-8,Triglyceride [Mass/volume] in Serum or Plasma,138.8,mg/dL,numeric
2018-08-28T21:42:53Z,6aed9210-c500-4375-b0fc-3374c40b8591,6aed9210-c500-4375-aa67-7f659b12e262,laboratory,18262-6,Cholesterol in LDL [Mass/volume] in Serum or Plasma by Direct assay,112.0,mg/dL,numeric
2018-08-28T21:42:53Z,6aed9210-c500-4375-b0fc-3374c40b8591,6aed9210-c500-4375-aa67-7f659b12e262,laboratory,2085-9,Cholesterol in HDL [Mass/volume] in Serum or Plasma,49.5,mg/dL,numeric
2018-08-28T21:42:53Z,6aed9210-c500-4375-b0fc-3374c40b8591,6aed9210-c500-4375-aa67-7f659b12e262,laboratory,6690-2,Leukocytes [#/volume] in Blood by Automated count,6.2,10*3/uL,numeric
2018-08-28T21:42:53Z,6aed9210-c500-4375-b0fc-3374c40b8591,6aed9210-c500-4375-aa67-7f659b12e262,laboratory,789-8,Erythrocytes [#/volume] in Blood by Automated count,4.7,10*6/uL,numeric
2018-08-28T21:42:53Z,6aed9210-c500-4375-b0fc-3374c40b8591,6aed9210-c500-4375-aa67-7f659b12e262,laboratory,718-7,Hemoglobin [Mass/volume] in Blood,15.9,g/dL,numeric
2018-08-28T21:42:53Z,6aed9210-c500-4375-b0fc-3374c40b8591,6aed9210-c500-4375-aa67-7f659b12e262,laboratory,4544-3,Hematocrit [Volume Fraction] of Blood by Automated count,,%,numeric
2018-08-28T21:42:53Z,6aed9210-c500-4375-b0fc-3374c40b8591,6aed9210-c500-4375-aa67-7f659b12e262,laboratory,787-2,MCV [Entitic mean volume] in Red Blood Cells by Automated count,94.0,fL,numeric
2018-08-28T21:42:53Z,6aed9210-c500-4375-b0fc-3374c40b8591,6aed9210-c500-4375-aa67-7f659b12e262,laboratory,785-6,MCH [Entitic mass] by Automated count,29.6,pg,numeric
2018-08-28T21:42:53Z,6aed9210-c500-4375-b0fc-3374c40b8591,6aed9210-c500-4375-aa67-7f659b12e262,laboratory,786-4,MCHC [Entitic Mass/volume] in Red Blood Cells by Automated count,34.6,g/dL,numeric
2018-08-28T21:42:53Z,6aed9210-c500-4375-b0fc-3374c40b8591,6aed9210-c500-4375-aa67-7f659b12e262,laboratory,788-0,Erythrocyte [DistWidth] in Blood by Automated count,44.5,fL,numeric
2018-08-28T21:42:53Z,6aed9210-c500-4375-b0fc-3374c40b8591,6aed9210-c500-4375-aa67-7f659b12e262,laboratory,777-3,Platelets [#/volume] in Blood by Automated count,195.5,10*3/uL,numeric
2018-08-28T21:42:53Z,6aed9210-c500-4375-b0fc-3374c40b8591,6aed9210-c500-4375-aa67-7f659b12e262,laboratory,32207-3,Platelet distribution width [Entitic volume] in Blood by Automated count,415.4,fL,numeric
2018-08-28T21:42:53Z,6aed9210-c500-4375-b0fc-3374c40b8591,6aed9210-c500-4375-aa67-7f659b12e262,laboratory,32623-1,Platelet [Entitic mean volume] in Blood by Automated count,9.7,fL,numeric
2018-08-28T21:42:53Z,6aed9210-c500-4375-b0fc-3374c40b8591,6aed9210-c500-4375-aa67-7f659b12e262,social-history,72166-2,Tobacco smoking status,Never smoked tobacco (finding),,text
2018-08-28T22:37:45Z,6aed9210-c500-4375-b0fc-3374c40b8591,6aed9210-c500-4375-aa67-7f659b12e262,survey,76501-6,Within the last year  have you been afraid of your partner or ex-partner,No,,text
2018-08-28T22:37:45Z,6aed9210-c500-4375-b0fc-3374c40b8591,6aed9210-c500-4375-aa67-7f659b12e262,survey,93026-3,Do you feel physically and emotionally safe where you currently live [PRAPARE],Yes,,text
2018-08-28T22:37:45Z,6aed9210-c500-4375-b0fc-3374c40b8591,6aed9210-c500-4375-aa67-7f659b12e262,survey,93027-1,Are you a refugee,No,,text
2018-08-28T22:37:45Z,6aed9210-c500-4375-b0fc-3374c40b8591,6aed9210-c500-4375-aa67-7f659b12e262,survey,93028-9,Have you spent more than 2 nights in a row in a jail  prison  detention center  or juvenile correctional facility in past 1 year [PRAPARE],No,,text
2018-08-28T22:37:45Z,6aed9210-c500-4375-b0fc-3374c40b8591,6aed9210-c500-4375-aa67-7f659b12e262,survey,93038-8,Stress level,Somewhat,,text
2018-08-28T22:37:45Z,6aed9210-c500-4375-b0fc-3374c40b8591,6aed9210-c500-4375-aa67-7f659b12e262,survey,93029-7,How often do you see or talk to people that you care about and feel close to [PRAPARE],1 or 2 times a week,,text
2018-08-28T22:37:45Z,6aed9210-c500-4375-b0fc-3374c40b8591,6aed9210-c500-4375-aa67-7f659b12e262,survey,93030-5,Has lack of transportation kept you from medical appointments  meetings  work  or from getting things needed for daily living,No,,text
2018-08-28T22:37:45Z,6aed9210-c500-4375-b0fc-3374c40b8591,6aed9210-c500-4375-aa67-7f659b12e262,survey,93031-3,Have you or any family members you live with been unable to get any of the following when it was really needed in past 1 year [PRAPARE],I choose not to answer this question,,text
2018-08-28T22:37:45Z,6aed9210-c500-4375-b0fc-3374c40b8591,6aed9210-c500-4375-aa67-7f659b12e262,survey,63586-2,What was your best estimate of the total income of all family members from all sources  before taxes  in last year [PhenX],730041,/a,text
2018-08-28T22:37:45Z,6aed9210-c500-4375-b0fc-3374c40b8591,6aed9210-c500-4375-aa67-7f659b12e262,survey,76437-3,Primary insurance,Private insurance,,text
2018-08-28T22:37:45Z,6aed9210-c500-4375-b0fc-3374c40b8591,6aed9210-c500-4375-aa67-7f659b12e262,survey,67875-5,Employment status - current,Full-time work,,text
2018-08-28T22:37:45Z,6aed9210-c500-4375-b0fc-3374c40b8591,6aed9210-c500-4375-aa67-7f659b12e262,survey,82589-3,Highest level of education,,,text
2018-08-28T22:37:45Z,6aed9210-c500-4375-b0fc-3374c40b8591,6aed9210-c500-4375-aa67-7f659b12e262,survey,56799-0,Address,784 Strosin Hollow,,text
2018-08-28T22:37:45Z,6aed9210-c500-4375-b0fc-3374c40b8591,6aed9210-c500-4375-aa67-7f659b12e262,survey,93033-9,Are you worried about losing your housing [PRAPARE],No,,text
2018-08-28T22:37:45Z,6aed9210-c500-4375-b0fc-3374c40b8591,6aed9210-c500-4375-aa67-7f659b12e262,survey,71802-3,Housing status,I have housing,,text
2018-08-28T22:37:45Z,6aed9210-c500-4375-b0fc-3374c40b8591,6aed9210-c500-4375-aa67-7f659b12e262,survey,63512-8,How many people are living or staying at this address [#],8.0,{#},numeric
2018-08-28T22:37:45Z,6aed9210-c500-4375-b0fc-3374c40b8591,6aed9210-c500-4375-aa67-7f659b12e262,survey,54899-0,Preferred language,English,,text
2018-08-28T22:37:45Z,6aed9210-c500-4375-b0fc-3374c40b8591,6aed9210-c500-4375-aa67-7f659b12e262,survey,93034-7,Discharged from the U.S. Armed Forces,No,,text
2018-08-28T22:37:45Z,6aed9210-c500-4375-b0fc-3374c40b8591,6aed9210-c500-4375-aa67-7f659b12e262,survey,93035-4,Has season or migrant farm work been your or your family's main source of income at any point in past 2 years [PRAPARE],No,,text
2018-08-28T22:37:45Z,6aed9210-c500-4375-b0fc-3374c40b8591,6aed9210-c500-4375-aa67-7f659b12e262,survey,32624-9,Race,White,,text
2018-08-28T22:37:45Z,6aed9210-c500-4375-b0fc-3374c40b8591,6aed9210-c500-4375-aa67-7f659b12e262,survey,56051-6,Hispanic or Latino,No,,text
2018-08-28T22:54:30Z,6aed9210-c500-4375-b0fc-3374c40b8591,6aed9210-c500-4375-aa67-7f659b12e262,survey,70274-6,Generalized anxiety disorder 7 item (GAD-7) total score [Reported.PHQ],1.0,{score},numeric
2018-08-28T23:26:24Z,6aed9210-c500-4375-b0fc-3374c40b8591,6aed9210-c500-4375-aa67-7f659b12e262,survey,82667-7,Total score [DAST-10],1.0,{score},numeric
2019-09-03T21:42:53Z,6aed9210-c500-4375-b0fc-3374c40b8591,6aed9210-c500-4375-a8cd-28febfe1b892,vital-signs,8302-2,Body Height,165.0,cm,numeric
2019-09-03T21:42:53Z,6aed9210-c500-4375-b0fc-3374c40b8591,6aed9210-c500-4375-a8cd-28febfe1b892,vital-signs,72514-3,Pain severity - 0-10 verbal numeric rating [Score] - Reported,2.0,{score},numeric
2019-09-03T21:42:53Z,6aed9210-c500-4375-b0fc-3374c40b8591,6aed9210-c500-4375-a8cd-28febfe1b892,vital-signs,29463-7,Body Weight,75.0,kg,numeric
2019-09-03T21:42:53Z,6aed9210-c500-4375-b0fc-3374c40b8591,6aed9210-c500-4375-a8cd-28febfe1b892,vital-signs,39156-5,Body mass index (BMI) [Ratio],27.6,kg/m2,numeric
2019-09-03T21:42:53Z,6aed9210-c500-4375-b0fc-3374c40b8591,6aed9210-c500-4375-a8cd-28febfe1b892,vital-signs,8462-4,Diastolic Blood Pressure,70.0,mm[Hg],numeric
2019-09-03T21:42:53Z,6aed9210-c500-4375-b0fc-3374c40b8591,6aed9210-c500-4375-a8cd-28febfe1b892,vital-signs,8480-6,Systolic Blood Pressure,99.0,mm[Hg],numeric
2019-09-03T21:42:53Z,6aed9210-c500-4375-b0fc-3374c40b8591,6aed9210-c500-4375-a8cd-28febfe1b892,vital-signs,8867-4,Heart rate,89.0,,numeric
2019-09-03T21:42:53Z,6aed9210-c500-4375-b0fc-3374c40b8591,6aed9210-c500-4375-a8cd-28febfe1b892,vital-signs,9279-1,Respiratory rate,13.0,/min,numeric
2019-09-03T21:42:53Z,6aed9210-c500-4375-b0fc-3374c40b8591,6aed9210-c500-4375-a8cd-28febfe1b892,social-history,72166-2,Tobacco smoking status,Never smoked tobacco (finding),,text
2019-09-03T22:38:19Z,6aed9210-c500-4375-b0fc-3374c40b8591,6aed9210-c500-4375-a8cd-28febfe1b892,survey,76501-6,Within the last year  have you been afraid of your partner or ex-partner,No,,text
2019-09-03T22:38:19Z,6aed9210-c500-4375-b0fc-3374c40b8591,6aed9210-c500-4375-a8cd-28febfe1b892,survey,93026-3,Do you feel physically and emotionally safe where you currently live [PRAPARE],Yes,,text
2019-09-03T22:38:19Z,6aed9210-c500-4375-b0fc-3374c40b8591,6aed9210-c500-4375-a8cd-28febfe1b892,survey,93027-1,Are you a refugee,No,,text
2019-09-03T22:38:19Z,6aed9210-c500-4375-b0fc-3374c40b8591,6aed9210-c500-4375-a8cd-28febfe1b892,survey,93028-9,Have you spent more than 2 nights in a row in a jail  prison  detention center  or juvenile correctional facility in past 1 year [PRAPARE],No,,text
2019-09-03T22:38:19Z,6aed9210-c500-4375-b0fc-3374c40b8591,6aed9210-c500-4375-a8cd-28febfe1b892,survey,93038-8,Stress level,Not at all,,text
2019-09-03T22:38:19Z,6aed9210-c500-4375-b0fc-3374c40b8591,6aed9210-c500-4375-a8cd-28febfe1b892,survey,93029-7,How often do you see or talk to people that you care about and feel close to [PRAPARE],1 or 2 times a week,,text
2019-09-03T22:38:19Z,6aed9210-c500-4375-b0fc-3374c40b8591,6aed9210-c500-4375-a8cd-28febfe1b892,survey,93030-5,Has lack of transportation kept you from medical appointments  meetings  work  or from getting things needed for daily living,No,,text
2019-09-03T22:38:19Z,6aed9210-c500-4375-b0fc-3374c40b8591,6aed9210-c500-4375-a8cd-28febfe1b892,survey,93031-3,Have you or any family members you live with been unable to get any of the following when it was really needed in past 1 year [PRAPARE],I choose not to answer this question,,text
2019-09-03T22:38:19Z,6aed9210-c500-4375-b0fc-3374c40b8591,6aed9210-c500-4375-a8cd-28febfe1b892,survey,63586-2,What was your best estimate of the total income of all family members from all sources  before taxes  in last year [PhenX],730041,/a,text
2019-09-03T22:38:19Z,6aed9210-c500-4375-b0fc-3374c40b8591,6aed9210-c500-4375-a8cd-28febfe1b892,survey,76437-3,Primary insurance,Private insurance,,text
2019-09-03T22:38:19Z,6aed9210-c500-4375-b0fc-3374c40b8591,6aed9210-c500-4375-a8cd-28febfe1b892,survey,67875-5,Employment status - current,Part-time or temporary work,,text
2019-09-03T22:38:19Z,6aed9210-c500-4375-b0fc-3374c40b8591,6aed9210-c500-4375-a8cd-28febfe1b892,survey,82589-3,Highest level of education,More than high school,,text
2019-09-03T22:38:19Z,6aed9210-c500-4375-b0fc-3374c40b8591,6aed9210-c500-4375-a8cd-28febfe1b892,survey,56799-0,Address,784 Strosin Hollow,,text
2019-09-03T22:38:19Z,6aed9210-c500-4375-b0fc-3374c40b8591,6aed9210-c500-4375-a8cd-28febfe1b892,survey,93033-9,Are you worried about losing your housing [PRAPARE],No,,text
2019-09-03T22:38:19Z,6aed9210-c500-4375-b0fc-3374c40b8591,6aed9210-c500-4375-a8cd-28febfe1b892,survey,71802-3,Housing status,I have housing,,text
2019-09-03T22:38:19Z,6aed9210-c500-4375-b0fc-3374c40b8591,6aed9210-c500-4375-a8cd-28febfe1b892,survey,63512-8,How many people are living or staying at this address [#],8.0,{#},numeric
2019-09-03T22:38:19Z,6aed9210-c500-4375-b0fc-3374c40b8591,6aed9210-c500-4375-a8cd-28febfe1b892,survey,54899-0,Preferred language,English,,text
2019-09-03T22:38:19Z,6aed9210-c500-4375-b0fc-3374c40b8591,6aed9210-c500-4375-a8cd-28febfe1b892,survey,93034-7,Discharged from the U.S. Armed Forces,No,,text
2019-09-03T22:38:19Z,6aed9210-c500-4375-b0fc-3374c40b8591,6aed9210-c500-4375-a8cd-28febfe1b892,survey,93035-4,Has season or migrant farm work been your or your family's main source of income at any point in past 2 years [PRAPARE],No,,text
2019-09-03T22:38:19Z,6aed9210-c500-4375-b0fc-3374c40b8591,6aed9210-c500-4375-a8cd-28febfe1b892,survey,32624-9,Race,White,,text
2019-09-03T22:38:19Z,6aed9210-c500-4375-b0fc-3374c40b8591,6aed9210-c500-4375-a8cd-28febfe1b892,survey,56051-6,Hispanic or Latino,No,,text
2019-09-03T23:14:03Z,6aed9210-c500-4375-b0fc-3374c40b8591,6aed9210-c500-4375-a8cd-28febfe1b892,survey,55758-7,Patient Health Questionnaire 2 item (PHQ-2) total score [Reported],1.0,{score},numeric
2019-09-03T23:53:26Z,6aed9210-c500-4375-b0fc-3374c40b8591,6aed9210-c500-4375-a8cd-28febfe1b892,survey,75626-2,Total score [AUDIT-C],0.0,{score},numeric
2020-09-08T21:42:53Z,6aed9210-c500-4375-b0fc-3374c40b8591,6aed9210-c500-4375-1ea7-678e450a81e9,laboratory,4548-4,Hemoglobin A1c/Hemoglobin.total in Blood,6.1,%,numeric
2020-09-08T21:42:53Z,6aed9210-c500-4375-b0fc-3374c40b8591,6aed9210-c500-4375-1ea7-678e450a81e9,vital-signs,8302-2,Body Height,165.0,cm,numeric
2020-09-08T21:42:53Z,6aed9210-c500-4375-b0fc-3374c40b8591,6aed9210-c500-4375-1ea7-678e450a81e9,vital-signs,72514-3,Pain severity - 0-10 verbal numeric rating [Score] - Reported,4.0,{score},numeric
2020-09-08T21:42:53Z,6aed9210-c500-4375-b0fc-3374c40b8591,6aed9210-c500-4375-1ea7-678e450a81e9,vital-signs,29463-7,Body Weight,77.1,kg,numeric
2020-09-08T21:42:53Z,6aed9210-c500-4375-b0fc-3374c40b8591,6aed9210-c500-4375-1ea7-678e450a81e9,vital-signs,39156-5,Body mass index (BMI) [Ratio],28.3,kg/m2,numeric
2020-09-08T21:42:53Z,6aed9210-c500-4375-b0fc-3374c40b8591,6aed9210-c500-4375-1ea7-678e450a81e9,vital-signs,8462-4,Diastolic Blood Pressure,69.0,mm[Hg],numeric
2020-09-08T21:42:53Z,6aed9210-c500-4375-b0fc-3374c40b8591,6aed9210-c500-4375-1ea7-678e450a81e9,vital-signs,8480-6,Systolic Blood Pressure,97.0,mm[Hg],numeric
2020-09-08T21:42:53Z,6aed9210-c500-4375-b0fc-3374c40b8591,6aed9210-c500-4375-1ea7-678e450a81e9,vital-signs,8867-4,Heart rate,73.0,/min,numeric
2020-09-08T21:42:53Z,6aed9210-c500-4375-b0fc-3374c40b8591,6aed9210-c500-4375-1ea7-678e450a81e9,vital-signs,9279-1,Respiratory rate,12.0,/min,numeric
2020-09-08T21:42:53Z,6aed9210-c500-4375-b0fc-3374c40b8591,6aed9210-c500-4375-1ea7-678e450a81e9,laboratory,2339-0,Glucose [Mass/volume] in Blood,87.1,mg/dL,numeric
2020-09-08T21:42:53Z,6aed9210-c500-4375-b0fc-3374c40b8591,6aed9210-c500-4375-1ea7-678e450a81e9,laboratory,6299-2,Urea nitrogen [Mass/volume] in Blood,18.2,mg/dL,numeric
2020-09-08T21:42:53Z,6aed9210-c500-4375-b0fc-3374c40b8591,6aed9210-c500-4375-1ea7-678e450a81e9,laboratory,38483-4,Creatinine [Mass/volume] in Blood,1.3,mg/dL,numeric
2020-09-08T21:42:53Z,6aed9210-c500-4375-b0fc-3374c40b8591,6aed9210-c500-4375-1ea7-678e450a81e9,laboratory,49765-1,Calcium [Mass/volume] in Blood,8.9,mg/dL,numeric
2020-09-08T21:42:53Z,6aed9210-c500-4375-b0fc-3374c40b8591,6aed9210-c500-4375-1ea7-678e450a81e9,laboratory,2947-0,Sodium [Moles/volume] in Blood,139.4,mmol/L,numeric
2020-09-08T21:42:53Z,6aed9210-c500-4375-b0fc-3374c40b8591,6aed9210-c500-4375-1ea7-678e450a81e9,laboratory,6298-4,Potassium [Moles/volume] in Blood,4.4,mmol/L,numeric
2020-09-08T21:42:53Z,6aed9210-c500-4375-b0fc-3374c40b8591,6aed9210-c500-4375-1ea7-678e450a81e9,laboratory,2069-3,Chloride [Moles/volume] in Blood,108.0,mmol/L,numeric
2020-09-08T21:42:53Z,6aed9210-c500-4375-b0fc-3374c40b8591,6aed9210-c500-4375-1ea7-678e450a81e9,laboratory,20565-8,Carbon dioxide  total [Moles/volume] in Blood,26.0,mmol/L,numeric
2020-09-08T21:42:53Z,6aed9210-c500-4375-b0fc-3374c40b8591,6aed9210-c500-4375-1ea7-678e450a81e9,social-history,72166-2,Tobacco smoking status,Never smoked tobacco (finding),,text
2020-09-08T22:38:20Z,6aed9210-c500-4375-b0fc-3374c40b8591,6aed9210-c500-4375-1ea7-678e450a81e9,survey,76501-6,Within the last year  have you been afraid of your partner or ex-partner,No,,text
2020-09-08T22:38:20Z,6aed9210-c500-4375-b0fc-3374c40b8591,6aed9210-c500-4375-1ea7-678e450a81e9,survey,93026-3,Do you feel physically and emotionally safe where you currently live [PRAPARE],Yes,,text
2020-09-08T22:38:20Z,6aed9210-c500-4375-b0fc-3374c40b8591,6aed9210-c500-4375-1ea7-678e450a81e9,survey,93027-1,Are you a refugee,No,,text
2020-09-08T22:38:20Z,6aed9210-c500-4375-b0fc-3374c40b8591,6aed9210-c500-4375-1ea7-678e450a81e9,survey,93028-9,Have you spent more than 2 nights in a row in a jail  prison  detention center  or juvenile correctional facility in past 1 year [PRAPARE],No,,text
2020-09-08T22:38:20Z,6aed9210-c500-4375-b0fc-3374c40b8591,6aed9210-c500-4375-1ea7-678e450a81e9,survey,93038-8,Stress level,Not at all,,text
2020-09-08T22:38:20Z,6aed9210-c500-4375-b0fc-3374c40b8591,6aed9210-c500-4375-1ea7-678e450a81e9,survey,93029-7,How often do you see or talk to people that you care about and feel close to [PRAPARE],5 or more times a week,,text
2020-09-08T22:38:20Z,6aed9210-c500-4375-b0fc-3374c40b8591,6aed9210-c500-4375-1ea7-678e450a81e9,survey,93030-5,Has lack of transportation kept you from medical appointments  meetings  work  or from getting things needed for daily living,No,,text
2020-09-08T22:38:20Z,6aed9210-c500-4375-b0fc-3374c40b8591,6aed9210-c500-4375-1ea7-678e450a81e9,survey,93031-3,Have you or any family members you live with been unable to get any of the following when it was really needed in past 1 year [PRAPARE],I choose not to answer this question,,text
2020-09-08T22:38:20Z,6aed9210-c500-4375-b0fc-3374c40b8591,6aed9210-c500-4375-1ea7-678e450a81e9,survey,63586-2,What was your best estimate of the total income of all family members from all sources  before taxes  in last year [PhenX],730041,/a,text
2020-09-08T22:38:20Z,6aed9210-c500-4375-b0fc-3374c40b8591,6aed9210-c500-4375-1ea7-678e450a81e9,survey,76437-3,Primary insurance,Private insurance,,text
2020-09-08T22:38:20Z,6aed9210-c500-4375-b0fc-3374c40b8591,6aed9210-c500-4375-1ea7-678e450a81e9,survey,67875-5,Employment status - current,Otherwise unemployed but not seeking work (ex: student  retired  disabled  unpaid primary care giver),,text
2020-09-08T22:38:20Z,6aed9210-c500-4375-b0fc-3374c40b8591,6aed9210-c500-4375-1ea7-678e450a81e9,survey,82589-3,Highest level of education,More than high school,,text
2020-09-08T22:38:20Z,6aed9210-c500-4375-b0fc-3374c40b8591,6aed9210-c500-4375-1ea7-678e450a81e9,survey,56799-0,Address,784 Strosin Hollow,,text
2020-09-08T22:38:20Z,6aed9210-c500-4375-b0fc-3374c40b8591,6aed9210-c500-4375-1ea7-678e450a81e9,survey,93033-9,Are you worried about losing your housing [PRAPARE],No,,text
2020-09-08T22:38:20Z,6aed9210-c500-4375-b0fc-3374c40b8591,6aed9210-c500-4375-1ea7-678e450a81e9,survey,71802-3,Housing status,I have housing,,text
2020-09-08T22:38:20Z,6aed9210-c500-4375-b0fc-3374c40b8591,6aed9210-c500-4375-1ea7-678e450a81e9,survey,63512-8,How many people are living or staying at this address [#],8.0,{#},numeric
2020-09-08T22:38:20Z,6aed9210-c500-4375-b0fc-3374c40b8591,6aed9210-c500-4375-1ea7-678e450a81e9,survey,54899-0,Preferred language,English,,text
2020-09-08T22:38:20Z,6aed9210-c500-4375-b0fc-3374c40b8591,6aed9210-c500-4375-1ea7-678e450a81e9,survey,93034-7,Discharged from the U.S. Armed Forces,No,,text
2020-09-08T22:38:20Z,6aed9210-c500-4375-b0fc-3374c40b8591,6aed9210-c500-4375-1ea7-678e450a81e9,survey,93035-4,Has season or migrant farm work been your or your family's main source of income at any point in past 2 years [PRAPARE],No,,text
2020-09-08T22:38:20Z,6aed9210-c500-4375-b0fc-3374c40b8591,6aed9210-c500-4375-1ea7-678e450a81e9,survey,32624-9,Race,White,,text
2020-09-08T22:38:20Z,6aed9210-c500-4375-b0fc-3374c40b8591,6aed9210-c500-4375-1ea7-678e450a81e9,survey,56051-6,Hispanic or Latino,No,,text
2020-09-08T22:56:22Z,6aed9210-c500-4375-b0fc-3374c40b8591,6aed9210-c500-4375-1ea7-678e450a81e9,survey,70274-6,Generalized anxiety disorder 7 item (GAD-7) total score [Reported.PHQ],3.0,{score},numeric
2020-09-08T23:33:43Z,6aed9210-c500-4375-b0fc-3374c40b8591,6aed9210-c500-4375-1ea7-678e450a81e9,survey,55758-7,Patient Health Questionnaire 2 item (PHQ-2) total score [Reported],1.0,{score},numeric
2020-09-09T00:06:19Z,6aed9210-c500-4375-b0fc-3374c40b8591,6aed9210-c500-4375-1ea7-678e450a81e9,survey,82667-7,Total score [DAST-10],1.0,{score},numeric
2020-09-15T21:42:53Z,6aed9210-c500-4375-b0fc-3374c40b8591,6aed9210-c500-4375-be24-1cb99fc1ab80,laboratory,718-7,Hemoglobin [Mass/volume] in Blood,11.6,g/dL,numeric
2020-09-15T21:42:53Z,6aed9210-c500-4375-b0fc-3374c40b8591,6aed9210-c500-4375-be24-1cb99fc1ab80,laboratory,20570-8,Hematocrit [Volume Fraction] of Blood by calculation,34.5,%,numeric
2020-09-15T21:42:53Z,6aed9210-c500-4375-b0fc-3374c40b8591,6aed9210-c500-4375-be24-1cb99fc1ab80,laboratory,6690-2,Leukocytes [#/volume] in Blood by Automated count,7.7,10*3/uL,numeric
2020-09-15T21:42:53Z,6aed9210-c500-4375-b0fc-3374c40b8591,6aed9210-c500-4375-be24-1cb99fc1ab80,laboratory,789-8,Erythrocytes [#/volume] in Blood by Automated count,4.8,10*6/uL,numeric
2020-09-15T21:42:53Z,6aed9210-c500-4375-b0fc-3374c40b8591,6aed9210-c500-4375-be24-1cb99fc1ab80,laboratory,787-2,MCV [Entitic mean volume] in Red Blood Cells by Automated count,89.2,fL,numeric
2020-09-15T21:42:53Z,6aed9210-c500-4375-b0fc-3374c40b8591,6aed9210-c500-4375-be24-1cb99fc1ab80,laboratory,785-6,MCH [Entitic mass] by Automated count,31.5,pg,numeric
2020-09-15T21:42:53Z,6aed9210-c500-4375-b0fc-3374c40b8591,6aed9210-c500-4375-be24-1cb99fc1ab80,laboratory,786-4,MCHC [Entitic Mass/volume] in Red Blood Cells by Automated count,35.2,g/dL,numeric
2020-09-15T21:42:53Z,6aed9210-c500-4375-b0fc-3374c40b8591,6aed9210-c500-4375-be24-1cb99fc1ab80,laboratory,788-0,Erythrocyte [DistWidth] in Blood by Automated count,45.7,fL,numeric
2020-09-15T21:42:53Z,6aed9210-c500-4375-b0fc-3374c40b8591,6aed9210-c500-4375-be24-1cb99fc1ab80,laboratory,777-3,Platelets [#/volume] in Blood by Automated count,225.7,10*3/uL,numeric
2020-09-15T21:42:53Z,6aed9210-c500-4375-b0fc-3374c40b8591,6aed9210-c500-4375-be24-1cb99fc1ab80,laboratory,32207-3,Platelet distribution width [Entitic volume] in Blood by Automated count,304.8,fL,numeric
2020-09-15T21:42:53Z,6aed9210-c500-4375-b0fc-3374c40b8591,6aed9210-c500-4375-be24-1cb99fc1ab80,laboratory,32623-1,Platelet [Entitic mean volume] in Blood by Automated count,11.8,fL,numeric
2021-09-14T21:42:53Z,6aed9210-c500-4375-b0fc-3374c40b8591,6aed9210-c500-4375-fc78-e6f3cf7f7813,laboratory,4548-4,Hemoglobin A1c/Hemoglobin.total in Blood,5.9,%,numeric
2021-09-14T21:42:53Z,6aed9210-c500-4375-b0fc-3374c40b8591,6aed9210-c500-4375-fc78-e6f3cf7f7813,vital-signs,8302-2,Body Height,165.0,cm,numeric
2021-09-14T21:42:53Z,6aed9210-c500-4375-b0fc-3374c40b8591,6aed9210-c500-4375-fc78-e6f3cf7f7813,vital-signs,72514-3,Pain severity - 0-10 verbal numeric rating [Score] - Reported,3.0,{score},numeric
2021-09-14T21:42:53Z,6aed9210-c500-4375-b0fc-3374c40b8591,6aed9210-c500-4375-fc78-e6f3cf7f7813,vital-signs,29463-7,Body Weight,79.2,kg,numeric
2021-09-14T21:42:53Z,6aed9210-c500-4375-b0fc-3374c40b8591,6aed9210-c500-4375-fc78-e6f3cf7f7813,vital-signs,39156-5,Body mass index (BMI) [Ratio],29.1,kg/m2,numeric
2021-09-14T21:42:53Z,6aed9210-c500-4375-b0fc-3374c40b8591,6aed9210-c500-4375-fc78-e6f3cf7f7813,vital-signs,8462-4,Diastolic Blood Pressure,71.0,mm[Hg],numeric
2021-09-14T21:42:53Z,6aed9210-c500-4375-b0fc-3374c40b8591,6aed9210-c500-4375-fc78-e6f3cf7f7813,vital-signs,8480-6,Systolic Blood Pressure,105.0,mm[Hg],numeric
2021-09-14T21:42:53Z,6aed9210-c500-4375-b0fc-3374c40b8591,6aed9210-c500-4375-fc78-e6f3cf7f7813,vital-signs,8867-4,Heart rate,92.0,/min,numeric
2021-09-14T21:42:53Z,6aed9210-c500-4375-b0fc-3374c40b8591,6aed9210-c500-4375-fc78-e6f3cf7f7813,vital-signs,9279-1,Respiratory rate,16.0,/min,numeric
2021-09-14T21:42:53Z,6aed9210-c500-4375-b0fc-3374c40b8591,6aed9210-c500-4375-fc78-e6f3cf7f7813,laboratory,2339-0,Glucose [Mass/volume] in Blood,83.0,mg/dL,numeric
2021-09-14T21:42:53Z,6aed9210-c500-4375-b0fc-3374c40b8591,6aed9210-c500-4375-fc78-e6f3cf7f7813,laboratory,6299-2,Urea nitrogen [Mass/volume] in Blood,8.0,mg/dL,numeric
2021-09-14T21:42:53Z,6aed9210-c500-4375-b0fc-3374c40b8591,6aed9210-c500-4375-fc78-e6f3cf7f7813,laboratory,38483-4,Creatinine [Mass/volume] in Blood,1.1,mg/dL,numeric
2021-09-14T21:42:53Z,6aed9210-c500-4375-b0fc-3374c40b8591,6aed9210-c500-4375-fc78-e6f3cf7f7813,laboratory,49765-1,Calcium [Mass/volume] in Blood,8.8,mg/dL,numeric
2021-09-14T21:42:53Z,6aed9210-c500-4375-b0fc-3374c40b8591,6aed9210-c500-4375-fc78-e6f3cf7f7813,laboratory,2947-0,Sodium [Moles/volume] in Blood,138.5,mmol/L,numeric
2021-09-14T21:42:53Z,6aed9210-c500-4375-b0fc-3374c40b8591,6aed9210-c500-4375-fc78-e6f3cf7f7813,laboratory,6298-4,Potassium [Moles/volume] in Blood,5.2,mmol/L,numeric
2021-09-14T21:42:53Z,6aed9210-c500-4375-b0fc-3374c40b8591,6aed9210-c500-4375-fc78-e6f3cf7f7813,laboratory,2069-3,Chloride [Moles/volume] in Blood,107.1,mmol/L,numeric
2021-09-14T21:42:53Z,6aed9210-c500-4375-b0fc-3374c40b8591,6aed9210-c500-4375-fc78-e6f3cf7f7813,laboratory,20565-8,Carbon dioxide  total [Moles/volume] in Blood,28.1,mmol/L,numeric
2021-09-14T21:42:53Z,6aed9210-c500-4375-b0fc-3374c40b8591,6aed9210-c500-4375-fc78-e6f3cf7f7813,laboratory,2093-3,Cholesterol [Mass/volume] in Serum or Plasma,190.7,mg/dL,numeric
2021-09-14T21:42:53Z,6aed9210-c500-4375-b0fc-3374c40b8591,6aed9210-c500-4375-fc78-e6f3cf7f7813,laboratory,2571-8,Triglyceride [Mass/volume] in Serum or Plasma,123.8,mg/dL,numeric
2021-09-14T21:42:53Z,6aed9210-c500-4375-b0fc-3374c40b8591,6aed9210-c500-4375-fc78-e6f3cf7f7813,laboratory,18262-6,Cholesterol in LDL [Mass/volume] in Serum or Plasma by Direct assay,112.7,mg/dL,numeric
2021-09-14T21:42:53Z,6aed9210-c500-4375-b0fc-3374c40b8591,6aed9210-c500-4375-fc78-e6f3cf7f7813,laboratory,2085-9,Cholesterol in HDL [Mass/volume] in Serum or Plasma,53.2,mg/dL,numeric
2021-09-14T21:42:53Z,6aed9210-c500-4375-b0fc-3374c40b8591,6aed9210-c500-4375-fc78-e6f3cf7f7813,social-history,72166-2,Tobacco smoking status,Never smoked tobacco (finding),,text
2021-09-14T22:40:19Z,6aed9210-c500-4375-b0fc-3374c40b8591,6aed9210-c500-4375-fc78-e6f3cf7f7813,survey,76501-6,Within the last year  have you been afraid of your partner or ex-partner,No,,text
2021-09-14T22:40:19Z,6aed9210-c500-4375-b0fc-3374c40b8591,6aed9210-c500-4375-fc78-e6f3cf7f7813,survey,93026-3,Do you feel physically and emotionally safe where you currently live [PRAPARE],Yes,,text
2021-09-14T22:40:19Z,6aed9210-c500-4375-b0fc-3374c40b8591,6aed9210-c500-4375-fc78-e6f3cf7f7813,survey,93027-1,Are you a refugee,No,,text
2021-09-14T22:40:19Z,6aed9210-c500-4375-b0fc-3374c40b8591,6aed9210-c500-4375-fc78-e6f3cf7f7813,survey,93028-9,Have you spent more than 2 nights in a row in a jail  prison  detention center  or juvenile correctional facility in past 1 year [PRAPARE],No,,text
2021-09-14T22:40:19Z,6aed9210-c500-4375-b0fc-3374c40b8591,6aed9210-c500-4375-fc78-e6f3cf7f7813,survey,93038-8,Stress level,Somewhat,,text
2021-09-14T22:40:19Z,6aed9210-c500-4375-b0fc-3374c40b8591,6aed9210-c500-4375-fc78-e6f3cf7f7813,survey,93029-7,How often do you see or talk to people that you care about and feel close to [PRAPARE],Less than once a week,,text
2021-09-14T22:40:19Z,6aed9210-c500-4375-b0fc-3374c40b8591,6aed9210-c500-4375-fc78-e6f3cf7f7813,survey,93030-5,Has lack of transportation kept you from medical appointments  meetings  work  or from getting things needed for daily living,No,,text
2021-09-14T22:40:19Z,6aed9210-c500-4375-b0fc-3374c40b8591,6aed9210-c500-4375-fc78-e6f3cf7f7813,survey,93031-3,Have you or any family members you live with been unable to get any of the following when it was really needed in past 1 year [PRAPARE],I choose not to answer this question,,text
2021-09-14T22:40:19Z,6aed9210-c500-4375-b0fc-3374c40b8591,6aed9210-c500-4375-fc78-e6f3cf7f7813,survey,63586-2,What was your best estimate of the total income of all family members from all sources  before taxes  in last year [PhenX],730041,/a,text
2021-09-14T22:40:19Z,6aed9210-c500-4375-b0fc-3374c40b8591,6aed9210-c500-4375-fc78-e6f3cf7f7813,survey,76437-3,Primary insurance,,,text
2021-09-14T22:40:19Z,6aed9210-c500-4375-b0fc-3374c40b8591,6aed9210-c500-4375-fc78-e6f3cf7f7813,survey,67875-5,Employment status - current,Full-time work,,text
2021-09-14T22:40:19Z,6aed9210-c500-4375-b0fc-3374c40b8591,6aed9210-c500-4375-fc78-e6f3cf7f7813,survey,82589-3,Highest level of education,More than high school,,text
2021-09-14T22:40:19Z,6aed9210-c500-4375-b0fc-3374c40b8591,6aed9210-c500-4375-fc78-e6f3cf7f7813,survey,56799-0,Address,784 Strosin Hollow,,text
2021-09-14T22:40:19Z,6aed9210-c500-4375-b0fc-3374c40b8591,6aed9210-c500-4375-fc78-e6f3cf7f7813,survey,93033-9,Are you worried about losing your housing [PRAPARE],No,,text
2021-09-14T22:40:19Z,6aed9210-c500-4375-b0fc-3374c40b8591,6aed9210-c500-4375-fc78-e6f3cf7f7813,survey,71802-3,Housing status,,,text
2021-09-14T22:40:19Z,6aed9210-c500-4375-b0fc-3374c40b8591,6aed9210-c500-4375-fc78-e6f3cf7f7813,survey,63512-8,How many people are living or staying at this address [#],8.0,{#},numeric
2021-09-14T22:40:19Z,6aed9210-c500-4375-b0fc-3374c40b8591,6aed9210-c500-4375-fc78-e6f3cf7f7813,survey,54899-0,Preferred language,English,,text
2021-09-14T22:40:19Z,6aed9210-c500-4375-b0fc-3374c40b8591,6aed9210-c500-4375-fc78-e6f3cf7f7813,survey,93034-7,Discharged from the U.S. Armed Forces,No,,text
2021-09-14T22:40:19Z,6aed9210-c500-4375-b0fc-3374c40b8591,6aed9210-c500-4375-fc78-e6f3cf7f7813,survey,93035-4,Has season or migrant farm work been your or your family's main source of income at any point in past 2 years [PRAPARE],No,,text
2021-09-14T22:40:19Z,6aed9210-c500-4375-b0fc-3374c40b8591,6aed9210-c500-4375-fc78-e6f3cf7f7813,survey,32624-9,Race,White,,text
2021-09-14T22:40:19Z,6aed9210-c500-4375-b0fc-3374c40b8591,6aed9210-c500-4375-fc78-e6f3cf7f7813,survey,56051-6,Hispanic or Latino,No,,text
2022-09-20T21:42:53Z,6aed9210-c500-4375-b0fc-3374c40b8591,6aed9210-c500-4375-dd83-2880898a7646,laboratory,4548-4,Hemoglobin A1c/Hemoglobin.total in Blood,6.1,%,numeric
2022-09-20T21:42:53Z,6aed9210-c500-4375-b0fc-3374c40b8591,6aed9210-c500-4375-dd83-2880898a7646,vital-signs,8302-2,Body Height,165.0,cm,numeric
2022-09-20T21:42:53Z,6aed9210-c500-4375-b0fc-3374c40b8591,6aed9210-c500-4375-dd83-2880898a7646,vital-signs,72514-3,Pain severity - 0-10 verbal numeric rating [Score] - Reported,1.0,{score},numeric
2022-09-20T21:42:53Z,6aed9210-c500-4375-b0fc-3374c40b8591,6aed9210-c500-4375-dd83-2880898a7646,vital-signs,29463-7,Body Weight,81.3,kg,numeric
2022-09-20T21:42:53Z,6aed9210-c500-4375-b0fc-3374c40b8591,6aed9210-c500-4375-dd83-2880898a7646,vital-signs,39156-5,Body mass index (BMI) [Ratio],29.9,kg/m2,numeric
2022-09-20T21:42:53Z,6aed9210-c500-4375-b0fc-3374c40b8591,6aed9210-c500-4375-dd83-2880898a7646,vital-signs,8462-4,Diastolic Blood Pressure,69.0,mm[Hg],numeric
2022-09-20T21:42:53Z,6aed9210-c500-4375-b0fc-3374c40b8591,6aed9210-c500-4375-dd83-2880898a7646,vital-signs,8480-6,Systolic Blood Pressure,102.0,mm[Hg],numeric
2022-09-20T21:42:53Z,6aed9210-c500-4375-b0fc-3374c40b8591,6aed9210-c500-4375-dd83-2880898a7646,vital-signs,8867-4,Heart rate,77.0,/min,numeric
2022-09-20T21:42:53Z,6aed9210-c500-4375-b0fc-3374c40b8591,6aed9210-c500-4375-dd83-2880898a7646,vital-signs,9279-1,Respiratory rate,12.0,/min,numeric
2022-09-20T21:42:53Z,6aed9210-c500-4375-b0fc-3374c40b8591,6aed9210-c500-4375-dd83-2880898a7646,laboratory,2339-0,Glucose [Mass/volume] in Blood,70.8,,numeric
2022-09-20T21:42:53Z,6aed9210-c500-4375-b0fc-3374c40b8591,6aed9210-c500-4375-dd83-2880898a7646,laboratory,6299-2,Urea nitrogen [Mass/volume] in Blood,14.2,,numeric
2022-09-20T21:42:53Z,6aed9210-c500-4375-b0fc-3374c40b8591,6aed9210-c500-4375-dd83-2880898a7646,laboratory,38483-4,Creatinine [Mass/volume] in Blood,1.3,mg/dL,numeric
2022-09-20T21:42:53Z,6aed9210-c500-4375-b0fc-3374c40b8591,6aed9210-c500-4375-dd83-2880898a7646,laboratory,49765-1,Calcium [Mass/volume] in Blood,9.0,mg/dL,numeric
2022-09-20T21:42:53Z,6aed9210-c500-4375-b0fc-3374c40b8591,6aed9210-c500-4375-dd83-2880898a7646,laboratory,2947-0,Sodium [Moles/volume] in Blood,139.3,mmol/L,numeric
2022-09-20T21:42:53Z,6aed9210-c500-4375-b0fc-3374c40b8591,6aed9210-c500-4375-dd83-2880898a7646,laboratory,6298-4,Potassium [Moles/volume] in Blood,4.5,mmol/L,numeric
2022-09-20T21:42:53Z,6aed9210-c500-4375-b0fc-3374c40b8591,6aed9210-c500-4375-dd83-2880898a7646,laboratory,2069-3,Chloride [Moles/volume] in Blood,110.0,mmol/L,numeric
2022-09-20T21:42:53Z,6aed9210-c500-4375-b0fc-3374c40b8591,6aed9210-c500-4375-dd83-2880898a7646,laboratory,20565-8,Carbon dioxide  total [Moles/volume] in Blood,23.0,mmol/L,numeric
2022-09-20T21:42:53Z,6aed9210-c500-4375-b0fc-3374c40b8591,6aed9210-c500-4375-dd83-2880898a7646,social-history,72166-2,Tobacco smoking status,Never smoked tobacco (finding),,text
2022-09-20T22:37:07Z,6aed9210-c500-4375-b0fc-3374c40b8591,6aed9210-c500-4375-dd83-2880898a7646,survey,76501-6,Within the last year  have you been afraid of your partner or ex-partner,No,,text
2022-09-20T22:37:07Z,6aed9210-c500-4375-b0fc-3374c40b8591,6aed9210-c500-4375-dd83-2880898a7646,survey,93026-3,Do you feel physically and emotionally safe where you currently live [PRAPARE],Yes,,text
2022-09-20T22:37:07Z,6aed9210-c500-4375-b0fc-3374c40b8591,6aed9210-c500-4375-dd83-2880898a7646,survey,93027-1,Are you a refugee,No,,text
2022-09-20T22:37:07Z,6aed9210-c500-4375-b0fc-3374c40b8591,6aed9210-c500-4375-dd83-2880898a7646,survey,93028-9,Have you spent more than 2 nights in a row in a jail  prison  detention center  or juvenile correctional facility in past 1 year [PRAPARE],No,,text
2022-09-20T22:37:07Z,6aed9210-c500-4375-b0fc-3374c40b8591,6aed9210-c500-4375-dd83-2880898a7646,survey,93038-8,Stress level,Not at all,,text
2022-09-20T22:37:07Z,6aed9210-c500-4375-b0fc-3374c40b8591,6aed9210-c500-4375-dd83-2880898a7646,survey,93029-7,How often do you see or talk to people that you care about and feel close to [PRAPARE],1 or 2 times a week,,text
2022-09-20T22:37:07Z,6aed9210-c500-4375-b0fc-3374c40b8591,6aed9210-c500-4375-dd83-2880898a7646,survey,93030-5,Has lack of transportation kept you from medical appointments  meetings  work  or from getting things needed for daily living,No,,text
2022-09-20T22:37:07Z,6aed9210-c500-4375-b0fc-3374c40b8591,6aed9210-c500-4375-dd83-2880898a7646,survey,93031-3,Have you or any family members you live with been unable to get any of the following when it was really needed in past 1 year [PRAPARE],I choose not to answer this question,,text
2022-09-20T22:37:07Z,6aed9210-c500-4375-b0fc-3374c40b8591,6aed9210-c500-4375-dd83-2880898a7646,survey,63586-2,What was your best estimate of the total income of all family members from all sources  before taxes  in last year [PhenX],730041,/a,text
2022-09-20T22:37:07Z,6aed9210-c500-4375-b0fc-3374c40b8591,6aed9210-c500-4375-dd83-2880898a7646,survey,76437-3,Primary insurance,Private insurance,,text
2022-09-20T22:37:07Z,6aed9210-c500-4375-b0fc-3374c40b8591,6aed9210-c500-4375-dd83-2880898a7646,survey,67875-5,Employment status - current,Full-time work,,text
2022-09-20T22:37:07Z,6aed9210-c500-4375-b0fc-3374c40b8591,6aed9210-c500-4375-dd83-2880898a7646,survey,82589-3,Highest level of education,More than high school,,text
2022-09-20T22:37:07Z,6aed9210-c500-4375-b0fc-3374c40b8591,6aed9210-c500-4375-dd83-2880898a7646,survey,56799-0,Address,784 Strosin Hollow,,text
2022-09-20T22:37:07Z,6aed9210-c500-4375-b0fc-3374c40b8591,6aed9210-c500-4375-dd83-2880898a7646,survey,93033-9,Are you worried about losing your housing [PRAPARE],No,,text
2022-09-20T22:37:07Z,6aed9210-c500-4375-b0fc-3374c40b8591,6aed9210-c500-4375-dd83-2880898a7646,survey,71802-3,Housing status,I have housing,,text
2022-09-20T22:37:07Z,6aed9210-c500-4375-b0fc-3374c40b8591,6aed9210-c500-4375-dd83-2880898a7646,survey,63512-8,How many people are living or staying at this address [#],8.0,{#},numeric
2022-09-20T22:37:07Z,6aed9210-c500-4375-b0fc-3374c40b8591,6aed9210-c500-4375-dd83-2880898a7646,survey,54899-0,Preferred language,English,,text
2022-09-20T22:37:07Z,6aed9210-c500-4375-b0fc-3374c40b8591,6aed9210-c500-4375-dd83-2880898a7646,survey,93034-7,Discharged from the U.S. Armed Forces,No,,text
2022-09-20T22:37:07Z,6aed9210-c500-4375-b0fc-3374c40b8591,6aed9210-c500-4375-dd83-2880898a7646,survey,93035-4,Has season or migrant farm work been your or your family's main source of income at any point in past 2 years [PRAPARE],No,,text
2022-09-20T22:37:07Z,6aed9210-c500-4375-b0fc-3374c40b8591,6aed9210-c500-4375-dd83-2880898a7646,survey,32624-9,Race,White,,text
2022-09-20T22:37:07Z,6aed9210-c500-4375-b0fc-3374c40b8591,6aed9210-c500-4375-dd83-2880898a7646,survey,56051-6,Hispanic or Latino,No,,text
2022-09-20T23:21:15Z,6aed9210-c500-4375-b0fc-3374c40b8591,6aed9210-c500-4375-dd83-2880898a7646,survey,55758-7,Patient Health Questionnaire 2 item (PHQ-2) total score [Reported],3.0,{score},numeric
2022-09-20T23:44:40Z,6aed9210-c500-4375-b0fc-3374c40b8591,6aed9210-c500-4375-dd83-2880898a7646,survey,44261-6,Patient Health Questionnaire 9 item (PHQ-9) total score [Reported],15.0,{score},numeric
2022-09-21T00:22:11Z,6aed9210-c500-4375-b0fc-3374c40b8591,6aed9210-c500-4375-dd83-2880898a7646,survey,75626-2,Total score [AUDIT-C],,{score},numeric
2023-09-26T21:42:53Z,6aed9210-c500-4375-b0fc-3374c40b8591,6aed9210-c500-4375-94fb-8fea6a7d9f20,laboratory,4548-4,Hemoglobin A1c/Hemoglobin.total in Blood,5.8,%,numeric
2023-09-26T21:42:53Z,6aed9210-c500-4375-b0fc-3374c40b8591,6aed9210-c500-4375-94fb-8fea6a7d9f20,vital-signs,8302-2,Body Height,165.0,cm,numeric
2023-09-26T21:42:53Z,6aed9210-c500-4375-b0fc-3374c40b8591,6aed9210-c500-4375-94fb-8fea6a7d9f20,vital-signs,72514-3,Pain severity - 0-10 verbal numeric rating [Score] - Reported,4.0,{score},numeric
2023-09-26T21:42:53Z,6aed9210-c500-4375-b0fc-3374c40b8591,6aed9210-c500-4375-94fb-8fea6a7d9f20,vital-signs,29463-7,Body Weight,80.7,kg,numeric
2023-09-26T21:42:53Z,6aed9210-c500-4375-b0fc-3374c40b8591,6aed9210-c500-4375-94fb-8fea6a7d9f20,vital-signs,39156-5,Body mass index (BMI) [Ratio],29.7,kg/m2,numeric
2023-09-26T21:42:53Z,6aed9210-c500-4375-b0fc-3374c40b8591,6aed9210-c500-4375-94fb-8fea6a7d9f20,vital-signs,8462-4,Diastolic Blood Pressure,67.0,mm[Hg],numeric
2023-09-26T21:42:53Z,6aed9210-c500-4375-b0fc-3374c40b8591,6aed9210-c500-4375-94fb-8fea6a7d9f20,vital-signs,8480-6,Systolic Blood Pressure,96.0,mm[Hg],numeric
2023-09-26T21:42:53Z,6aed9210-c500-4375-b0fc-3374c40b8591,6aed9210-c500-4375-94fb-8fea6a7d9f20,vital-signs,8867-4,Heart rate,83.0,/min,numeric
2023-09-26T21:42:53Z,6aed9210-c500-4375-b0fc-3374c40b8591,6aed9210-c500-4375-94fb-8fea6a7d9f20,vital-signs,9279-1,Respiratory rate,14.0,/min,numeric
2023-09-26T21:42:53Z,6aed9210-c500-4375-b0fc-3374c40b8591,6aed9210-c500-4375-94fb-8fea6a7d9f20,laboratory,2339-0,Glucose [Mass/volume] in Blood,82.1,mg/dL,numeric
2023-09-26T21:42:53Z,6aed9210-c500-4375-b0fc-3374c40b8591,6aed9210-c500-4375-94fb-8fea6a7d9f20,laboratory,6299-2,Urea nitrogen [Mass/volume] in Blood,11.0,mg/dL,numeric
2023-09-26T21:42:53Z,6aed9210-c500-4375-b0fc-3374c40b8591,6aed9210-c500-4375-94fb-8fea6a7d9f20,laboratory,38483-4,Creatinine [Mass/volume] in Blood,1.4,mg/dL,numeric
2023-09-26T21:42:53Z,6aed9210-c500-4375-b0fc-3374c40b8591,6aed9210-c500-4375-94fb-8fea6a7d9f20,laboratory,49765-1,Calcium [Mass/volume] in Blood,9.2,mg/dL,numeric
2023-09-26T21:42:53Z,6aed9210-c500-4375-b0fc-3374c40b8591,6aed9210-c500-4375-94fb-8fea6a7d9f20,laboratory,2947-0,Sodium [Moles/volume] in Blood,138.4,mmol/L,numeric
2023-09-26T21:42:53Z,6aed9210-c500-4375-b0fc-3374c40b8591,6aed9210-c500-4375-94fb-8fea6a7d9f20,laboratory,6298-4,Potassium [Moles/volume] in Blood,3.8,mmol/L,numeric
2023-09-26T21:42:53Z,6aed9210-c500-4375-b0fc-3374c40b8591,6aed9210-c500-4375-94fb-8fea6a7d9f20,laboratory,2069-3,Chloride [Moles/volume] in Blood,102.2,mmol/L,numeric
2023-09-26T21:42:53Z,6aed9210-c500-4375-b0fc-3374c40b8591,6aed9210-c500-4375-94fb-8fea6a7d9f20,laboratory,20565-8,Carbon dioxide  total [Moles/volume] in Blood,24.3,mmol/L,numeric
2023-09-26T21:42:53Z,6aed9210-c500-4375-b0fc-3374c40b8591,6aed9210-c500-4375-94fb-8fea6a7d9f20,laboratory,6690-2,Leukocytes [#/volume] in Blood by Automated count,9.5,10*3/uL,numeric
2023-09-26T21:42:53Z,6aed9210-c500-4375-b0fc-3374c40b8591,6aed9210-c500-4375-94fb-8fea6a7d9f20,laboratory,789-8,Erythrocytes [#/volume] in Blood by Automated count,5.3,10*6/uL,numeric
2023-09-26T21:42:53Z,6aed9210-c500-4375-b0fc-3374c40b8591,6aed9210-c500-4375-94fb-8fea6a7d9f20,laboratory,718-7,Hemoglobin [Mass/volume] in Blood,14.8,g/dL,numeric
2023-09-26T21:42:53Z,6aed9210-c500-4375-b0fc-3374c40b8591,6aed9210-c500-4375-94fb-8fea6a7d9f20,laboratory,4544-3,Hematocrit [Volume Fraction] of Blood by Automated count,45.4,%,numeric
2023-09-26T21:42:53Z,6aed9210-c500-4375-b0fc-3374c40b8591,6aed9210-c500-4375-94fb-8fea6a7d9f20,laboratory,787-2,MCV [Entitic mean volume] in Red Blood Cells by Automated count,83.2,fL,numeric
2023-09-26T21:42:53Z,6aed9210-c500-4375-b0fc-3374c40b8591,6aed9210-c500-4375-94fb-8fea6a7d9f20,laboratory,785-6,MCH [Entitic mass] by Automated count,32.9,pg,numeric
2023-09-26T21:42:53Z,6aed9210-c500-4375-b0fc-3374c40b8591,6aed9210-c500-4375-94fb-8fea6a7d9f20,laboratory,786-4,MCHC [Entitic Mass/volume] in Red Blood Cells by Automated count,34.1,g/dL,numeric
2023-09-26T21:42:53Z,6aed9210-c500-4375-b0fc-3374c40b8591,6aed9210-c500-4375-94fb-8fea6a7d9f20,laboratory,788-0,Erythrocyte [DistWidth] in Blood by Automated count,41.3,fL,numeric
2023-09-26T21:42:53Z,6aed9210-c500-4375-b0fc-3374c40b8591,6aed9210-c500-4375-94fb-8fea6a7d9f20,laboratory,777-3,Platelets [#/volume] in Blood by Automated count,358.8,10*3/uL,numeric
2023-09-26T21:42:53Z,6aed9210-c500-4375-b0fc-3374c40b8591,6aed9210-c500-4375-94fb-8fea6a7d9f20,laboratory,32207-3,Platelet distribution width [Entitic volume] in Blood by Automated count,160.5,fL,numeric
2023-09-26T21:42:53Z,6aed9210-c500-4375-b0fc-3374c40b8591,6aed9210-c500-4375-94fb-8fea6a7d9f20,laboratory,32623-1,Platelet [Entitic mean volume] in Blood by Automated count,,fL,numeric
2023-09-26T21:42:53Z,6aed9210-c500-4375-b0fc-3374c40b8591,6aed9210-c500-4375-94fb-8fea6a7d9f20,social-history,72166-2,Tobacco smoking status,,,text
2023-09-26T22:23:18Z,6aed9210-c500-4375-b0fc-3374c40b8591,6aed9210-c500-4375-94fb-8fea6a7d9f20,survey,76501-6,Within the last year  have you been afraid of your partner or ex-partner,No,,text
2023-09-26T22:23:18Z,6aed9210-c500-4375-b0fc-3374c40b8591,6aed9210-c500-4375-94fb-8fea6a7d9f20,survey,93026-3,Do you feel physically and emotionally safe where you currently live [PRAPARE],Yes,,text
2023-09-26T22:23:18Z,6aed9210-c500-4375-b0fc-3374c40b8591,6aed9210-c500-4375-94fb-8fea6a7d9f20,survey,93027-1,Are you a refugee,No,,text
2023-09-26T22:23:18Z,6aed9210-c500-4375-b0fc-3374c40b8591,6aed9210-c500-4375-94fb-8fea6a7d9f20,survey,93028-9,Have you spent more than 2 nights in a row in a jail  prison  detention center  or juvenile correctional facility in past 1 year [PRAPARE],No,,text
2023-09-26T22:23:18Z,6aed9210-c500-4375-b0fc-3374c40b8591,6aed9210-c500-4375-94fb-8fea6a7d9f20,survey,93038-8,Stress level,Quite a bit,,text
2023-09-26T22:23:18Z,6aed9210-c500-4375-b0fc-3374c40b8591,6aed9210-c500-4375-94fb-8fea6a7d9f20,survey,93029-7,How often do you see or talk to people that you care about and feel close to [PRAPARE],1 or 2 times a week,,text
2023-09-26T22:23:18Z,6aed9210-c500-4375-b0fc-3374c40b8591,6aed9210-c500-4375-94fb-8fea6a7d9f20,survey,93030-5,Has lack of transportation kept you from medical appointments  meetings  work  or from getting things needed for daily living,No,,text
2023-09-26T22:23:18Z,6aed9210-c500-4375-b0fc-3374c40b8591,6aed9210-c500-4375-94fb-8fea6a7d9f20,survey,93031-3,Have you or any family members you live with been unable to get any of the following when it was really needed in past 1 year [PRAPARE],I choose not to answer this question,,text
2023-09-26T22:23:18Z,6aed9210-c500-4375-b0fc-3374c40b8591,6aed9210-c500-4375-94fb-8fea6a7d9f20,survey,63586-2,What was your best estimate of the total income of all family members from all sources  before taxes  in last year [PhenX],730041,/a,text
2023-09-26T22:23:18Z,6aed9210-c500-4375-b0fc-3374c40b8591,6aed9210-c500-4375-94fb-8fea6a7d9f20,survey,76437-3,Primary insurance,Private insurance,,text
2023-09-26T22:23:18Z,6aed9210-c500-4375-b0fc-3374c40b8591,6aed9210-c500-4375-94fb-8fea6a7d9f20,survey,67875-5,Employment status - current,Full-time work,,text
2023-09-26T22:23:18Z,6aed9210-c500-4375-b0fc-3374c40b8591,6aed9210-c500-4375-94fb-8fea6a7d9f20,survey,82589-3,Highest level of education,More than high school,,text
2023-09-26T22:23:18Z,6aed9210-c500-4375-b0fc-3374c40b8591,6aed9210-c500-4375-94fb-8fea6a7d9f20,survey,56799-0,Address,784 Strosin Hollow,,text
2023-09-26T22:23:18Z,6aed9210-c500-4375-b0fc-3374c40b8591,6aed9210-c500-4375-94fb-8fea6a7d9f20,survey,93033-9,Are you worried about losing your housing [PRAPARE],No,,text
2023-09-26T22:23:18Z,6aed9210-c500-4375-b0fc-3374c40b8591,6aed9210-c500-4375-94fb-8fea6a7d9f20,survey,71802-3,Housing status,I have housing,,text
2023-09-26T22:23:18Z,6aed9210-c500-4375-b0fc-3374c40b8591,6aed9210-c500-4375-94fb-8fea6a7d9f20,survey,63512-8,How many people are living or staying at this address [#],8.0,{#},numeric
2023-09-26T22:23:18Z,6aed9210-c500-4375-b0fc-3374c40b8591,6aed9210-c500-4375-94fb-8fea6a7d9f20,survey,54899-0,Preferred language,English,,text
2023-09-26T22:23:18Z,6aed9210-c500-4375-b0fc-3374c40b8591,6aed9210-c500-4375-94fb-8fea6a7d9f20,survey,93034-7,Discharged from the U.S. Armed Forces,No,,text
2023-09-26T22:23:18Z,6aed9210-c500-4375-b0fc-3374c40b8591,6aed9210-c500-4375-94fb-8fea6a7d9f20,survey,93035-4,Has season or migrant farm work been your or your family's main source of income at any point in past 2 years [PRAPARE],No,,text
2023-09-26T22:23:18Z,6aed9210-c500-4375-b0fc-3374c40b8591,6aed9210-c500-4375-94fb-8fea6a7d9f20,survey,32624-9,Race,,,text
2023-09-26T22:23:18Z,6aed9210-c500-4375-b0fc-3374c40b8591,6aed9210-c500-4375-94fb-8fea6a7d9f20,survey,56051-6,Hispanic or Latino,No,,text
2023-09-26T23:05:48Z,6aed9210-c500-4375-b0fc-3374c40b8591,6aed9210-c500-4375-94fb-8fea6a7d9f20,survey,76504-0,Total score [HARK],2.0,{score},numeric
2023-09-26T23:47:07Z,6aed9210-c500-4375-b0fc-3374c40b8591,6aed9210-c500-4375-94fb-8fea6a7d9f20,survey,82667-7,Total score [DAST-10],1.0,{score},numeric
2024-10-01T21:42:53Z,6aed9210-c500-4375-b0fc-3374c40b8591,6aed9210-c500-4375-b509-44883307fd2b,laboratory,4548-4,Hemoglobin A1c/Hemoglobin.total in Blood,6.2,%,numeric
2024-10-01T21:42:53Z,6aed9210-c500-4375-b0fc-3374c40b8591,6aed9210-c500-4375-b509-44883307fd2b,vital-signs,8302-2,Body Height,165.0,cm,numeric
2024-10-01T21:42:53Z,6aed9210-c500-4375-b0fc-3374c40b8591,6aed9210-c500-4375-b509-44883307fd2b,vital-signs,72514-3,Pain severity - 0-10 verbal numeric rating [Score] - Reported,2.0,,numeric
2024-10-01T21:42:53Z,6aed9210-c500-4375-b0fc-3374c40b8591,6aed9210-c500-4375-b509-44883307fd2b,vital-signs,29463-7,Body Weight,76.8,kg,numeric
2024-10-01T21:42:53Z,6aed9210-c500-4375-b0fc-3374c40b8591,6aed9210-c500-4375-b509-44883307fd2b,vital-signs,39156-5,Body mass index (BMI) [Ratio],28.2,kg/m2,numeric
2024-10-01T21:42:53Z,6aed9210-c500-4375-b0fc-3374c40b8591,6aed9210-c500-4375-b509-44883307fd2b,vital-signs,8462-4,Diastolic Blood Pressure,69.0,mm[Hg],numeric
2024-10-01T21:42:53Z,6aed9210-c500-4375-b0fc-3374c40b8591,6aed9210-c500-4375-b509-44883307fd2b,vital-signs,8480-6,Systolic Blood Pressure,92.0,mm[Hg],numeric
2024-10-01T21:42:53Z,6aed9210-c500-4375-b0fc-3374c40b8591,6aed9210-c500-4375-b509-44883307fd2b,vital-signs,8867-4,Heart rate,77.0,/min,numeric
2024-10-01T21:42:53Z,6aed9210-c500-4375-b0fc-3374c40b8591,6aed9210-c500-4375-b509-44883307fd2b,vital-signs,9279-1,Respiratory rate,16.0,/min,numeric
2024-10-01T21:42:53Z,6aed9210-c500-4375-b0fc-3374c40b8591,6aed9210-c500-4375-b509-44883307fd2b,laboratory,2339-0,Glucose [Mass/volume] in Blood,71.6,mg/dL,numeric
2024-10-01T21:42:53Z,6aed9210-c500-4375-b0fc-3374c40b8591,6aed9210-c500-4375-b509-44883307fd2b,laboratory,6299-2,Urea nitrogen [Mass/volume] in Blood,14.6,mg/dL,numeric
2024-10-01T21:42:53Z,6aed9210-c500-4375-b0fc-3374c40b8591,6aed9210-c500-4375-b509-44883307fd2b,laboratory,38483-4,Creatinine [Mass/volume] in Blood,,mg/dL,numeric
2024-10-01T21:42:53Z,6aed9210-c500-4375-b0fc-3374c40b8591,6aed9210-c500-4375-b509-44883307fd2b,laboratory,49765-1,Calcium [Mass/volume] in Blood,10.0,mg/dL,numeric
2024-10-01T21:42:53Z,6aed9210-c500-4375-b0fc-3374c40b8591,6aed9210-c500-4375-b509-44883307fd2b,laboratory,2947-0,Sodium [Moles/volume] in Blood,140.2,mmol/L,numeric
2024-10-01T21:42:53Z,6aed9210-c500-4375-b0fc-3374c40b8591,6aed9210-c500-4375-b509-44883307fd2b,laboratory,6298-4,Potassium [Moles/volume] in Blood,3.9,mmol/L,numeric
2024-10-01T21:42:53Z,6aed9210-c500-4375-b0fc-3374c40b8591,6aed9210-c500-4375-b509-44883307fd2b,laboratory,2069-3,Chloride [Moles/volume] in Blood,102.6,mmol/L,numeric
2024-10-01T21:42:53Z,6aed9210-c500-4375-b0fc-3374c40b8591,6aed9210-c500-4375-b509-44883307fd2b,laboratory,20565-8,Carbon dioxide  total [Moles/volume] in Blood,26.7,mmol/L,numeric
2024-10-01T21:42:53Z,6aed9210-c500-4375-b0fc-3374c40b8591,6aed9210-c500-4375-b509-44883307fd2b,laboratory,2093-3,Cholesterol [Mass/volume] in Serum or Plasma,197.1,mg/dL,numeric
2024-10-01T21:42:53Z,6aed9210-c500-4375-b0fc-3374c40b8591,6aed9210-c500-4375-b509-44883307fd2b,laboratory,2571-8,Triglyceride [Mass/volume] in Serum or Plasma,141.2,mg/dL,numeric
2024-10-01T21:42:53Z,6aed9210-c500-4375-b0fc-3374c40b8591,6aed9210-c500-4375-b509-44883307fd2b,laboratory,18262-6,Cholesterol in LDL [Mass/volume] in Serum or Plasma by Direct assay,110.1,mg/dL,numeric
2024-10-01T21:42:53Z,6aed9210-c500-4375-b0fc-3374c40b8591,6aed9210-c500-4375-b509-44883307fd2b,laboratory,2085-9,Cholesterol in HDL [Mass/volume] in Serum or Plasma,58.8,mg/dL,numeric
2024-10-01T21:42:53Z,6aed9210-c500-4375-b0fc-3374c40b8591,6aed9210-c500-4375-b509-44883307fd2b,social-history,72166-2,Tobacco smoking status,Never smoked tobacco (finding),,text
2024-10-01T22:31:05Z,6aed9210-c500-4375-b0fc-3374c40b8591,6aed9210-c500-4375-b509-44883307fd2b,survey,76501-6,Within the last year  have you been afraid of your partner or ex-partner,No,,text
2024-10-01T22:31:05Z,6aed9210-c500-4375-b0fc-3374c40b8591,6aed9210-c500-4375-b509-44883307fd2b,survey,93026-3,Do you feel physically and emotionally safe where you currently live [PRAPARE],Yes,,text
2024-10-01T22:31:05Z,6aed9210-c500-4375-b0fc-3374c40b8591,6aed9210-c500-4375-b509-44883307fd2b,survey,93027-1,Are you a refugee,No,,text
2024-10-01T22:31:05Z,6aed9210-c500-4375-b0fc-3374c40b8591,6aed9210-c500-4375-b509-44883307fd2b,survey,93028-9,Have you spent more than 2 nights in a row in a jail  prison  detention center  or juvenile correctional facility in past 1 year [PRAPARE],No,,text
2024-10-01T22:31:05Z,6aed9210-c500-4375-b0fc-3374c40b8591,6aed9210-c500-4375-b509-44883307fd2b,survey,93038-8,Stress level,A little bit,,text
2024-10-01T22:31:05Z,6aed9210-c500-4375-b0fc-3374c40b8591,6aed9210-c500-4375-b509-44883307fd2b,survey,93029-7,How often do you see or talk to people that you care about and feel close to [PRAPARE],3 to 5 times a week,,text
2024-10-01T22:31:05Z,6aed9210-c500-4375-b0fc-3374c40b8591,6aed9210-c500-4375-b509-44883307fd2b,survey,93030-5,Has lack of transportation kept you from medical appointments  meetings  work  or from getting things needed for daily living,No,,text
2024-10-01T22:31:05Z,6aed9210-c500-4375-b0fc-3374c40b8591,6aed9210-c500-4375-b509-44883307fd2b,survey,93031-3,Have you or any family members you live with been unable to get any of the following when it was really needed in past 1 year [PRAPARE],I choose not to answer this question,,text
2024-10-01T22:31:05Z,6aed9210-c500-4375-b0fc-3374c40b8591,6aed9210-c500-4375-b509-44883307fd2b,survey,63586-2,What was your best estimate of the total income of all family members from all sources  before taxes  in last year [PhenX],730041,,text
2024-10-01T22:31:05Z,6aed9210-c500-4375-b0fc-3374c40b8591,6aed9210-c500-4375-b509-44883307fd2b,survey,76437-3,Primary insurance,Private insurance,,text
2024-10-01T22:31:05Z,6aed9210-c500-4375-b0fc-3374c40b8591,6aed9210-c500-4375-b509-44883307fd2b,survey,67875-5,Employment status - current,Full-time work,,text
2024-10-01T22:31:05Z,6aed9210-c500-4375-b0fc-3374c40b8591,6aed9210-c500-4375-b509-44883307fd2b,survey,82589-3,Highest level of education,More than high school,,text
2024-10-01T22:31:05Z,6aed9210-c500-4375-b0fc-3374c40b8591,6aed9210-c500-4375-b509-44883307fd2b,survey,56799-0,Address,784 Strosin Hollow,,text
2024-10-01T22:31:05Z,6aed9210-c500-4375-b0fc-3374c40b8591,6aed9210-c500-4375-b509-44883307fd2b,survey,93033-9,Are you worried about losing your housing [PRAPARE],No,,text
2024-10-01T22:31:05Z,6aed9210-c500-4375-b0fc-3374c40b8591,6aed9210-c500-4375-b509-44883307fd2b,survey,71802-3,Housing status,I have housing,,text
2024-10-01T22:31:05Z,6aed9210-c500-4375-b0fc-3374c40b8591,6aed9210-c500-4375-b509-44883307fd2b,survey,63512-8,How many people are living or staying at this address [#],8.0,{#},numeric
2024-10-01T22:31:05Z,6aed9210-c500-4375-b0fc-3374c40b8591,6aed9210-c500-4375-b509-44883307fd2b,survey,54899-0,Preferred language,English,,text
2024-10-01T22:31:05Z,6aed9210-c500-4375-b0fc-3374c40b8591,6aed9210-c500-4375-b509-44883307fd2b,survey,93034-7,Discharged from the U.S. Armed Forces,No,,text
2024-10-01T22:31:05Z,6aed9210-c500-4375-b0fc-3374c40b8591,6aed9210-c500-4375-b509-44883307fd2b,survey,93035-4,Has season or migrant farm work been your or your family's main source of income at any point in past 2 years [PRAPARE],No,,text
2024-10-01T22:31:05Z,6aed9210-c500-4375-b0fc-3374c40b8591,6aed9210-c500-4375-b509-44883307fd2b,survey,32624-9,Race,White,,text
2024-10-01T22:31:05Z,6aed9210-c500-4375-b0fc-3374c40b8591,6aed9210-c500-4375-b509-44883307fd2b,survey,56051-6,Hispanic or Latino,No,,text
2024-10-01T23:10:29Z,6aed9210-c500-4375-b0fc-3374c40b8591,6aed9210-c500-4375-b509-44883307fd2b,survey,55758-7,Patient Health Questionnaire 2 item (PHQ-2) total score [Reported],0.0,{score},numeric
2024-11-12T21:42:53Z,6aed9210-c500-4375-b0fc-3374c40b8591,6aed9210-c500-4375-eaef-be7b31b6fe76,laboratory,4548-4,Hemoglobin A1c/Hemoglobin.total in Blood,6.2,%,numeric
2024-11-12T21:42:53Z,6aed9210-c500-4375-b0fc-3374c40b8591,6aed9210-c500-4375-eaef-be7b31b6fe76,vital-signs,8302-2,Body Height,165.0,cm,numeric
2024-11-12T21:42:53Z,6aed9210-c500-4375-b0fc-3374c40b8591,6aed9210-c500-4375-eaef-be7b31b6fe76,vital-signs,72514-3,Pain severity - 0-10 verbal numeric rating [Score] - Reported,4.0,{score},numeric
2024-11-12T21:42:53Z,6aed9210-c500-4375-b0fc-3374c40b8591,6aed9210-c500-4375-eaef-be7b31b6fe76,vital-signs,29463-7,Body Weight,77.0,kg,numeric
2024-11-12T21:42:53Z,6aed9210-c500-4375-b0fc-3374c40b8591,6aed9210-c500-4375-eaef-be7b31b6fe76,vital-signs,39156-5,Body mass index (BMI) [Ratio],28.3,kg/m2,numeric
2024-11-12T21:42:53Z,6aed9210-c500-4375-b0fc-3374c40b8591,6aed9210-c500-4375-eaef-be7b31b6fe76,vital-signs,8462-4,Diastolic Blood Pressure,73.0,mm[Hg],numeric
2024-11-12T21:42:53Z,6aed9210-c500-4375-b0fc-3374c40b8591,6aed9210-c500-4375-eaef-be7b31b6fe76,vital-signs,8480-6,Systolic Blood Pressure,105.0,mm[Hg],numeric
2024-11-12T21:42:53Z,6aed9210-c500-4375-b0fc-3374c40b8591,6aed9210-c500-4375-eaef-be7b31b6fe76,vital-signs,8867-4,Heart rate,71.0,/min,numeric
2024-11-12T21:42:53Z,6aed9210-c500-4375-b0fc-3374c40b8591,6aed9210-c500-4375-eaef-be7b31b6fe76,vital-signs,9279-1,Respiratory rate,15.0,/min,numeric
2024-11-12T21:42:53Z,6aed9210-c500-4375-b0fc-3374c40b8591,6aed9210-c500-4375-eaef-be7b31b6fe76,laboratory,2339-0,Glucose [Mass/volume] in Blood,75.9,mg/dL,numeric
2024-11-12T21:42:53Z,6aed9210-c500-4375-b0fc-3374c40b8591,6aed9210-c500-4375-eaef-be7b31b6fe76,laboratory,6299-2,Urea nitrogen [Mass/volume] in Blood,11.5,mg/dL,numeric
2024-11-12T21:42:53Z,6aed9210-c500-4375-b0fc-3374c40b8591,6aed9210-c500-4375-eaef-be7b31b6fe76,laboratory,38483-4,Creatinine [Mass/volume] in Blood,,mg/dL,numeric
2024-11-12T21:42:53Z,6aed9210-c500-4375-b0fc-3374c40b8591,6aed9210-c500-4375-eaef-be7b31b6fe76,laboratory,49765-1,Calcium [Mass/volume] in Blood,9.0,mg/dL,numeric
2024-11-12T21:42:53Z,6aed9210-c500-4375-b0fc-3374c40b8591,6aed9210-c500-4375-eaef-be7b31b6fe76,laboratory,2947-0,Sodium [Moles/volume] in Blood,137.1,mmol/L,numeric
2024-11-12T21:42:53Z,6aed9210-c500-4375-b0fc-3374c40b8591,6aed9210-c500-4375-eaef-be7b31b6fe76,laboratory,6298-4,Potassium [Moles/volume] in Blood,4.2,mmol/L,numeric
2024-11-12T21:42:53Z,6aed9210-c500-4375-b0fc-3374c40b8591,6aed9210-c500-4375-eaef-be7b31b6fe76,laboratory,2069-3,Chloride [Moles/volume] in Blood,110.7,mmol/L,numeric
2024-11-12T21:42:53Z,6aed9210-c500-4375-b0fc-3374c40b8591,6aed9210-c500-4375-eaef-be7b31b6fe76,laboratory,20565-8,Carbon dioxide  total [Moles/volume] in Blood,27.4,mmol/L,numeric
2024-11-12T21:42:53Z,6aed9210-c500-4375-b0fc-3374c40b8591,6aed9210-c500-4375-eaef-be7b31b6fe76,social-history,72166-2,Tobacco smoking status,Never smoked tobacco (finding),,text
2024-11-12T22:20:34Z,6aed9210-c500-4375-b0fc-3374c40b8591,6aed9210-c500-4375-eaef-be7b31b6fe76,survey,76501-6,Within the last year  have you been afraid of your partner or ex-partner,No,,text
2024-11-12T22:20:34Z,6aed9210-c500-4375-b0fc-3374c40b8591,6aed9210-c500-4375-eaef-be7b31b6fe76,survey,93026-3,Do you feel physically and emotionally safe where you currently live [PRAPARE],Yes,,text
2024-11-12T22:20:34Z,6aed9210-c500-4375-b0fc-3374c40b8591,6aed9210-c500-4375-eaef-be7b31b6fe76,survey,93027-1,Are you a refugee,No,,text
2024-11-12T22:20:34Z,6aed9210-c500-4375-b0fc-3374c40b8591,6aed9210-c500-4375-eaef-be7b31b6fe76,survey,93028-9,Have you spent more than 2 nights in a row in a jail  prison  detention center  or juvenile correctional facility in past 1 year [PRAPARE],No,,text
2024-11-12T22:20:34Z,6aed9210-c500-4375-b0fc-3374c40b8591,6aed9210-c500-4375-eaef-be7b31b6fe76,survey,93038-8,Stress level,Not at all,,text
2024-11-12T22:20:34Z,6aed9210-c500-4375-b0fc-3374c40b8591,6aed9210-c500-4375-eaef-be7b31b6fe76,survey,93029-7,How often do you see or talk to people that you care about and feel close to [PRAPARE],,,text
2024-11-12T22:20:34Z,6aed9210-c500-4375-b0fc-3374c40b8591,6aed9210-c500-4375-eaef-be7b31b6fe76,survey,93030-5,Has lack of transportation kept you from medical appointments  meetings  work  or from getting things needed for daily living,No,,text
2024-11-12T22:20:34Z,6aed9210-c500-4375-b0fc-3374c40b8591,6aed9210-c500-4375-eaef-be7b31b6fe76,survey,93031-3,Have you or any family members you live with been unable to get any of the following when it was really needed in past 1 year [PRAPARE],Phone,,text
2024-11-12T22:20:34Z,6aed9210-c500-4375-b0fc-3374c40b8591,6aed9210-c500-4375-eaef-be7b31b6fe76,survey,63586-2,What was your best estimate of the total income of all family members from all sources  before taxes  in last year [PhenX],730041,/a,text
2024-11-12T22:20:34Z,6aed9210-c500-4375-b0fc-3374c40b8591,6aed9210-c500-4375-eaef-be7b31b6fe76,survey,76437-3,Primary insurance,Private insurance,,text
2024-11-12T22:20:34Z,6aed9210-c500-4375-b0fc-3374c40b8591,6aed9210-c500-4375-eaef-be7b31b6fe76,survey,67875-5,Employment status - current,Full-time work,,text
2024-11-12T22:20:34Z,6aed9210-c500-4375-b0fc-3374c40b8591,6aed9210-c500-4375-eaef-be7b31b6fe76,survey,82589-3,Highest level of education,More than high school,,text
2024-11-12T22:20:34Z,6aed9210-c500-4375-b0fc-3374c40b8591,6aed9210-c500-4375-eaef-be7b31b6fe76,survey,56799-0,Address,784 Strosin Hollow,,text
2024-11-12T22:20:34Z,6aed9210-c500-4375-b0fc-3374c40b8591,6aed9210-c500-4375-eaef-be7b31b6fe76,survey,93033-9,Are you worried about losing your housing [PRAPARE],No,,text
2024-11-12T22:20:34Z,6aed9210-c500-4375-b0fc-3374c40b8591,6aed9210-c500-4375-eaef-be7b31b6fe76,survey,71802-3,Housing status,I have housing,,text
2024-11-12T22:20:34Z,6aed9210-c500-4375-b0fc-3374c40b8591,6aed9210-c500-4375-eaef-be7b31b6fe76,survey,63512-8,How many people are living or staying at this address [#],8.0,{#},numeric
2024-11-12T22:20:34Z,6aed9210-c500-4375-b0fc-3374c40b8591,6aed9210-c500-4375-eaef-be7b31b6fe76,survey,54899-0,Preferred language,English,,text
2024-11-12T22:20:34Z,6aed9210-c500-4375-b0fc-3374c40b8591,6aed9210-c500-4375-eaef-be7b31b6fe76,survey,93034-7,Discharged from the U.S. Armed Forces,No,,text
2024-11-12T22:20:34Z,6aed9210-c500-4375-b0fc-3374c40b8591,6aed9210-c500-4375-eaef-be7b31b6fe76,survey,93035-4,Has season or migrant farm work been your or your family's main source of income at any point in past 2 years [PRAPARE],No,,text
2024-11-12T22:20:34Z,6aed9210-c500-4375-b0fc-3374c40b8591,6aed9210-c500-4375-eaef-be7b31b6fe76,survey,32624-9,Race,White,,text
2024-11-12T22:20:34Z,6aed9210-c500-4375-b0fc-3374c40b8591,6aed9210-c500-4375-eaef-be7b31b6fe76,survey,56051-6,Hispanic or Latino,No,,text
2024-11-12T22:39:11Z,6aed9210-c500-4375-b0fc-3374c40b8591,6aed9210-c500-4375-eaef-be7b31b6fe76,survey,70274-6,Generalized anxiety disorder 7 item (GAD-7) total score [Reported.PHQ],,{score},numeric
2024-11-12T23:23:31Z,6aed9210-c500-4375-b0fc-3374c40b8591,6aed9210-c500-4375-eaef-be7b31b6fe76,survey,55758-7,Patient Health Questionnaire 2 item (PHQ-2) total score [Reported],0.0,{score},numeric
2024-11-13T00:04:26Z,6aed9210-c500-4375-b0fc-3374c40b8591,6aed9210-c500-4375-eaef-be7b31b6fe76,survey,82667-7,Total score [DAST-10],1.0,{score},numeric
2025-08-12T21:42:53Z,6aed9210-c500-4375-b0fc-3374c40b8591,6aed9210-c500-4375-eb94-48b87c1d415c,laboratory,4548-4,Hemoglobin A1c/Hemoglobin.total in Blood,5.9,%,numeric
2025-08-12T21:42:53Z,6aed9210-c500-4375-b0fc-3374c40b8591,6aed9210-c500-4375-eb94-48b87c1d415c,vital-signs,8302-2,Body Height,165.0,cm,numeric
2025-08-12T21:42:53Z,6aed9210-c500-4375-b0fc-3374c40b8591,6aed9210-c500-4375-eb94-48b87c1d415c,vital-signs,72514-3,Pain severity - 0-10 verbal numeric rating [Score] - Reported,3.0,{score},numeric
2025-08-12T21:42:53Z,6aed9210-c500-4375-b0fc-3374c40b8591,6aed9210-c500-4375-eb94-48b87c1d415c,vital-signs,29463-7,Body Weight,78.2,kg,numeric
2025-08-12T21:42:53Z,6aed9210-c500-4375-b0fc-3374c40b8591,6aed9210-c500-4375-eb94-48b87c1d415c,vital-signs,39156-5,Body mass index (BMI) [Ratio],28.7,kg/m2,numeric
2025-08-12T21:42:53Z,6aed9210-c500-4375-b0fc-3374c40b8591,6aed9210-c500-4375-eb94-48b87c1d415c,vital-signs,8462-4,Diastolic Blood Pressure,68.0,mm[Hg],numeric
2025-08-12T21:42:53Z,6aed9210-c500-4375-b0fc-3374c40b8591,6aed9210-c500-4375-eb94-48b87c1d415c,vital-signs,8480-6,Systolic Blood Pressure,104.0,mm[Hg],numeric
2025-08-12T21:42:53Z,6aed9210-c500-4375-b0fc-3374c40b8591,6aed9210-c500-4375-eb94-48b87c1d415c,vital-signs,8867-4,Heart rate,76.0,/min,numeric
2025-08-12T21:42:53Z,6aed9210-c500-4375-b0fc-3374c40b8591,6aed9210-c500-4375-eb94-48b87c1d415c,vital-signs,9279-1,Respiratory rate,13.0,/min,numeric
2025-08-12T21:42:53Z,6aed9210-c500-4375-b0fc-3374c40b8591,6aed9210-c500-4375-eb94-48b87c1d415c,laboratory,2339-0,Glucose [Mass/volume] in Blood,88.0,mg/dL,numeric
2025-08-12T21:42:53Z,6aed9210-c500-4375-b0fc-3374c40b8591,6aed9210-c500-4375-eb94-48b87c1d415c,laboratory,6299-2,Urea nitrogen [Mass/volume] in Blood,11.5,mg/dL,numeric
2025-08-12T21:42:53Z,6aed9210-c500-4375-b0fc-3374c40b8591,6aed9210-c500-4375-eb94-48b87c1d415c,laboratory,38483-4,Creatinine [Mass/volume] in Blood,1.1,mg/dL,numeric
2025-08-12T21:42:53Z,6aed9210-c500-4375-b0fc-3374c40b8591,6aed9210-c500-4375-eb94-48b87c1d415c,laboratory,49765-1,Calcium [Mass/volume] in Blood,9.7,mg/dL,numeric
2025-08-12T21:42:53Z,6aed9210-c500-4375-b0fc-3374c40b8591,6aed9210-c500-4375-eb94-48b87c1d415c,laboratory,2947-0,Sodium [Moles/volume] in Blood,137.6,mmol/L,numeric
2025-08-12T21:42:53Z,6aed9210-c500-4375-b0fc-3374c40b8591,6aed9210-c500-4375-eb94-48b87c1d415c,laboratory,6298-4,Potassium [Moles/volume] in Blood,4.3,mmol/L,numeric
2025-08-12T21:42:53Z,6aed9210-c500-4375-b0fc-3374c40b8591,6aed9210-c500-4375-eb94-48b87c1d415c,laboratory,2069-3,Chloride [Moles/volume] in Blood,103.4,mmol/L,numeric
2025-08-12T21:42:53Z,6aed9210-c500-4375-b0fc-3374c40b8591,6aed9210-c500-4375-eb94-48b87c1d415c,laboratory,20565-8,Carbon dioxide  total [Moles/volume] in Blood,25.7,mmol/L,numeric
2025-08-12T21:42:53Z,6aed9210-c500-4375-b0fc-3374c40b8591,6aed9210-c500-4375-eb94-48b87c1d415c,social-history,72166-2,Tobacco smoking status,Never smoked tobacco (finding),,text
2025-08-12T22:34:29Z,6aed9210-c500-4375-b0fc-3374c40b8591,6aed9210-c500-4375-eb94-48b87c1d415c,survey,76501-6,Within the last year  have you been afraid of your partner or ex-partner,No,,text
2025-08-12T22:34:29Z,6aed9210-c500-4375-b0fc-3374c40b8591,6aed9210-c500-4375-eb94-48b87c1d415c,survey,93026-3,Do you feel physically and emotionally safe where you currently live [PRAPARE],Yes,,text
2025-08-12T22:34:29Z,6aed9210-c500-4375-b0fc-3374c40b8591,6aed9210-c500-4375-eb94-48b87c1d415c,survey,93027-1,Are you a refugee,No,,text
2025-08-12T22:34:29Z,6aed9210-c500-4375-b0fc-3374c40b8591,6aed9210-c500-4375-eb94-48b87c1d415c,survey,93028-9,Have you spent more than 2 nights in a row in a jail  prison  detention center  or juvenile correctional facility in past 1 year [PRAPARE],No,,text
2025-08-12T22:34:29Z,6aed9210-c500-4375-b0fc-3374c40b8591,6aed9210-c500-4375-eb94-48b87c1d415c,survey,93038-8,Stress level,A little bit,,text
2025-08-12T22:34:29Z,6aed9210-c500-4375-b0fc-3374c40b8591,6aed9210-c500-4375-eb94-48b87c1d415c,survey,93029-7,How often do you see or talk to people that you care about and feel close to [PRAPARE],5 or more times a week,,text
2025-08-12T22:34:29Z,6aed9210-c500-4375-b0fc-3374c40b8591,6aed9210-c500-4375-eb94-48b87c1d415c,survey,93030-5,Has lack of transportation kept you from medical appointments  meetings  work  or from getting things needed for daily living,No,,text
2025-08-12T22:34:29Z,6aed9210-c500-4375-b0fc-3374c40b8591,6aed9210-c500-4375-eb94-48b87c1d415c,survey,93031-3,Have you or any family members you live with been unable to get any of the following when it was really needed in past 1 year [PRAPARE],I choose not to answer this question,,text
2025-08-12T22:34:29Z,6aed9210-c500-4375-b0fc-3374c40b8591,6aed9210-c500-4375-eb94-48b87c1d415c,survey,63586-2,What was your best estimate of the total income of all family members from all sources  before taxes  in last year [PhenX],730041,,text
2025-08-12T22:34:29Z,6aed9210-c500-4375-b0fc-3374c40b8591,6aed9210-c500-4375-eb94-48b87c1d415c,survey,76437-3,Primary insurance,Private insurance,,text
2025-08-12T22:34:29Z,6aed9210-c500-4375-b0fc-3374c40b8591,6aed9210-c500-4375-eb94-48b87c1d415c,survey,67875-5,Employment status - current,Full-time work,,text
2025-08-12T22:34:29Z,6aed9210-c500-4375-b0fc-3374c40b8591,6aed9210-c500-4375-eb94-48b87c1d415c,survey,82589-3,Highest level of education,,,text
2025-08-12T22:34:29Z,6aed9210-c500-4375-b0fc-3374c40b8591,6aed9210-c500-4375-eb94-48b87c1d415c,survey,56799-0,Address,784 Strosin Hollow,,text
2025-08-12T22:34:29Z,6aed9210-c500-4375-b0fc-3374c40b8591,6aed9210-c500-4375-eb94-48b87c1d415c,survey,93033-9,Are you worried about losing your housing [PRAPARE],No,,text
2025-08-12T22:34:29Z,6aed9210-c500-4375-b0fc-3374c40b8591,6aed9210-c500-4375-eb94-48b87c1d415c,survey,71802-3,Housing status,I have housing,,text
2025-08-12T22:34:29Z,6aed9210-c500-4375-b0fc-3374c40b8591,6aed9210-c500-4375-eb94-48b87c1d415c,survey,63512-8,How many people are living or staying at this address [#],8.0,{#},numeric
2025-08-12T22:34:29Z,6aed9210-c500-4375-b0fc-3374c40b8591,6aed9210-c500-4375-eb94-48b87c1d415c,survey,54899-0,Preferred language,English,,text
2025-08-12T22:34:29Z,6aed9210-c500-4375-b0fc-3374c40b8591,6aed9210-c500-4375-eb94-48b87c1d415c,survey,93034-7,Discharged from the U.S. Armed Forces,No,,text
2025-08-12T22:34:29Z,6aed9210-c500-4375-b0fc-3374c40b8591,6aed9210-c500-4375-eb94-48b87c1d415c,survey,93035-4,Has season or migrant farm work been your or your family's main source of income at any point in past 2 years [PRAPARE],No,,text
2025-08-12T22:34:29Z,6aed9210-c500-4375-b0fc-3374c40b8591,6aed9210-c500-4375-eb94-48b87c1d415c,survey,32624-9,Race,White,,text
2025-08-12T22:34:29Z,6aed9210-c500-4375-b0fc-3374c40b8591,6aed9210-c500-4375-eb94-48b87c1d415c,survey,56051-6,Hispanic or Latino,No,,text
2025-08-12T23:00:53Z,6aed9210-c500-4375-b0fc-3374c40b8591,6aed9210-c500-4375-eb94-48b87c1d415c,survey,70274-6,Generalized anxiety disorder 7 item (GAD-7) total score [Reported.PHQ],1.0,{score},numeric
2025-08-12T23:33:46Z,6aed9210-c500-4375-b0fc-3374c40b8591,6aed9210-c500-4375-eb94-48b87c1d415c,survey,76504-0,Total score [HARK],0.0,{score},numeric
2025-08-13T00:08:41Z,6aed9210-c500-4375-b0fc-3374c40b8591,6aed9210-c500-4375-eb94-48b87c1d415c,survey,55758-7,Patient Health Questionnaire 2 item (PHQ-2) total score [Reported],1.0,{score},numeric
2025-08-13T00:43:52Z,6aed9210-c500-4375-b0fc-3374c40b8591,6aed9210-c500-4375-eb94-48b87c1d415c,survey,82667-7,Total score [DAST-10],2.0,,numeric
2025-10-07T21:42:53Z,6aed9210-c500-4375-b0fc-3374c40b8591,6aed9210-c500-4375-616e-61d7bab35d1a,laboratory,4548-4,Hemoglobin A1c/Hemoglobin.total in Blood,6.0,%,numeric
2025-10-07T21:42:53Z,6aed9210-c500-4375-b0fc-3374c40b8591,6aed9210-c500-4375-616e-61d7bab35d1a,vital-signs,8302-2,Body Height,165.0,cm,numeric
2025-10-07T21:42:53Z,6aed9210-c500-4375-b0fc-3374c40b8591,6aed9210-c500-4375-616e-61d7bab35d1a,vital-signs,72514-3,Pain severity - 0-10 verbal numeric rating [Score] - Reported,0.0,{score},numeric
2025-10-07T21:42:53Z,6aed9210-c500-4375-b0fc-3374c40b8591,6aed9210-c500-4375-616e-61d7bab35d1a,vital-signs,29463-7,Body Weight,78.5,kg,numeric
2025-10-07T21:42:53Z,6aed9210-c500-4375-b0fc-3374c40b8591,6aed9210-c500-4375-616e-61d7bab35d1a,vital-signs,39156-5,Body mass index (BMI) [Ratio],28.8,kg/m2,numeric
2025-10-07T21:42:53Z,6aed9210-c500-4375-b0fc-3374c40b8591,6aed9210-c500-4375-616e-61d7bab35d1a,vital-signs,8462-4,Diastolic Blood Pressure,66.0,mm[Hg],numeric
2025-10-07T21:42:53Z,6aed9210-c500-4375-b0fc-3374c40b8591,6aed9210-c500-4375-616e-61d7bab35d1a,vital-signs,8480-6,Systolic Blood Pressure,102.0,mm[Hg],numeric
2025-10-07T21:42:53Z,6aed9210-c500-4375-b0fc-3374c40b8591,6aed9210-c500-4375-616e-61d7bab35d1a,vital-signs,8867-4,Heart rate,63.0,/min,numeric
2025-10-07T21:42:53Z,6aed9210-c500-4375-b0fc-3374c40b8591,6aed9210-c500-4375-616e-61d7bab35d1a,vital-signs,9279-1,Respiratory rate,14.0,/min,numeric
2025-10-07T21:42:53Z,6aed9210-c500-4375-b0fc-3374c40b8591,6aed9210-c500-4375-616e-61d7bab35d1a,laboratory,2339-0,Glucose [Mass/volume] in Blood,81.7,mg/dL,numeric
2025-10-07T21:42:53Z,6aed9210-c500-4375-b0fc-3374c40b8591,6aed9210-c500-4375-616e-61d7bab35d1a,laboratory,6299-2,Urea nitrogen [Mass/volume] in Blood,8.7,mg/dL,numeric
2025-10-07T21:42:53Z,6aed9210-c500-4375-b0fc-3374c40b8591,6aed9210-c500-4375-616e-61d7bab35d1a,laboratory,38483-4,Creatinine [Mass/volume] in Blood,1.2,mg/dL,numeric
2025-10-07T21:42:53Z,6aed9210-c500-4375-b0fc-3374c40b8591,6aed9210-c500-4375-616e-61d7bab35d1a,laboratory,49765-1,Calcium [Mass/volume] in Blood,9.9,mg/dL,numeric
2025-10-07T21:42:53Z,6aed9210-c500-4375-b0fc-3374c40b8591,6aed9210-c500-4375-616e-61d7bab35d1a,laboratory,2947-0,Sodium [Moles/volume] in Blood,141.8,mmol/L,numeric
2025-10-07T21:42:53Z,6aed9210-c500-4375-b0fc-3374c40b8591,6aed9210-c500-4375-616e-61d7bab35d1a,laboratory,6298-4,Potassium [Moles/volume] in Blood,4.7,mmol/L,numeric
2025-10-07T21:42:53Z,6aed9210-c500-4375-b0fc-3374c40b8591,6aed9210-c500-4375-616e-61d7bab35d1a,laboratory,2069-3,Chloride [Moles/volume] in Blood,102.2,mmol/L,numeric
2025-10-07T21:42:53Z,6aed9210-c500-4375-b0fc-3374c40b8591,6aed9210-c500-4375-616e-61d7bab35d1a,laboratory,20565-8,Carbon dioxide  total [Moles/volume] in Blood,26.3,mmol/L,numeric
2025-10-07T21:42:53Z,6aed9210-c500-4375-b0fc-3374c40b8591,6aed9210-c500-4375-616e-61d7bab35d1a,social-history,72166-2,Tobacco smoking status,Never smoked tobacco (finding),,text
2025-10-07T22:19:14Z,6aed9210-c500-4375-b0fc-3374c40b8591,6aed9210-c500-4375-616e-61d7bab35d1a,survey,76501-6,Within the last year  have you been afraid of your partner or ex-partner,No,,text
2025-10-07T22:19:14Z,6aed9210-c500-4375-b0fc-3374c40b8591,6aed9210-c500-4375-616e-61d7bab35d1a,survey,93026-3,Do you feel physically and emotionally safe where you currently live [PRAPARE],Yes,,text
2025-10-07T22:19:14Z,6aed9210-c500-4375-b0fc-3374c40b8591,6aed9210-c500-4375-616e-61d7bab35d1a,survey,93027-1,Are you a refugee,No,,text
2025-10-07T22:19:14Z,6aed9210-c500-4375-b0fc-3374c40b8591,6aed9210-c500-4375-616e-61d7bab35d1a,survey,93028-9,Have you spent more than 2 nights in a row in a jail  prison  detention center  or juvenile correctional facility in past 1 year [PRAPARE],No,,text
2025-10-07T22:19:14Z,6aed9210-c500-4375-b0fc-3374c40b8591,6aed9210-c500-4375-616e-61d7bab35d1a,survey,93038-8,Stress level,A little bit,,text
2025-10-07T22:19:14Z,6aed9210-c500-4375-b0fc-3374c40b8591,6aed9210-c500-4375-616e-61d7bab35d1a,survey,93029-7,How often do you see or talk to people that you care about and feel close to [PRAPARE],5 or more times a week,,text
2025-10-07T22:19:14Z,6aed9210-c500-4375-b0fc-3374c40b8591,6aed9210-c500-4375-616e-61d7bab35d1a,survey,93030-5,Has lack of transportation kept you from medical appointments  meetings  work  or from getting things needed for daily living,No,,text
2025-10-07T22:19:14Z,6aed9210-c500-4375-b0fc-3374c40b8591,6aed9210-c500-4375-616e-61d7bab35d1a,survey,93031-3,Have you or any family members you live with been unable to get any of the following when it was really needed in past 1 year [PRAPARE],I choose not to answer this question,,text
2025-10-07T22:19:14Z,6aed9210-c500-4375-b0fc-3374c40b8591,6aed9210-c500-4375-616e-61d7bab35d1a,survey,63586-2,What was your best estimate of the total income of all family members from all sources  before taxes  in last year [PhenX],730041,/a,text
2025-10-07T22:19:14Z,6aed9210-c500-4375-b0fc-3374c40b8591,6aed9210-c500-4375-616e-61d7bab35d1a,survey,76437-3,Primary insurance,Private insurance,,text
2025-10-07T22:19:14Z,6aed9210-c500-4375-b0fc-3374c40b8591,6aed9210-c500-4375-616e-61d7bab35d1a,survey,67875-5,Employment status - current,Part-time or temporary work,,text
2025-10-07T22:19:14Z,6aed9210-c500-4375-b0fc-3374c40b8591,6aed9210-c500-4375-616e-61d7bab35d1a,survey,82589-3,Highest level of education,More than high school,,text
2025-10-07T22:19:14Z,6aed9210-c500-4375-b0fc-3374c40b8591,6aed9210-c500-4375-616e-61d7bab35d1a,survey,56799-0,Address,784 Strosin Hollow,,text
2025-10-07T22:19:14Z,6aed9210-c500-4375-b0fc-3374c40b8591,6aed9210-c500-4375-616e-61d7bab35d1a,survey,93033-9,Are you worried about losing your housing [PRAPARE],No,,text
2025-10-07T22:19:14Z,6aed9210-c500-4375-b0fc-3374c40b8591,6aed9210-c500-4375-616e-61d7bab35d1a,survey,71802-3,Housing status,I have housing,,text
2025-10-07T22:19:14Z,6aed9210-c500-4375-b0fc-3374c40b8591,6aed9210-c500-4375-616e-61d7bab35d1a,survey,63512-8,How many people are living or staying at this address [#],8.0,{#},numeric
2025-10-07T22:19:14Z,6aed9210-c500-4375-b0fc-3374c40b8591,6aed9210-c500-4375-616e-61d7bab35d1a,survey,54899-0,Preferred language,English,,text
2025-10-07T22:19:14Z,6aed9210-c500-4375-b0fc-3374c40b8591,6aed9210-c500-4375-616e-61d7bab35d1a,survey,93034-7,Discharged from the U.S. Armed Forces,No,,text
2025-10-07T22:19:14Z,6aed9210-c500-4375-b0fc-3374c40b8591,6aed9210-c500-4375-616e-61d7bab35d1a,survey,93035-4,Has season or migrant farm work been your or your family's main source of income at any point in past 2 years [PRAPARE],No,,text
2025-10-07T22:19:14Z,6aed9210-c500-4375-b0fc-3374c40b8591,6aed9210-c500-4375-616e-61d7bab35d1a,survey,32624-9,Race,White,,text
2025-10-07T22:19:14Z,6aed9210-c500-4375-b0fc-3374c40b8591,6aed9210-c500-4375-616e-61d7bab35d1a,survey,56051-6,Hispanic or Latino,No,,text
2025-10-07T22:47:39Z,6aed9210-c500-4375-b0fc-3374c40b8591,6aed9210-c500-4375-616e-61d7bab35d1a,survey,70274-6,Generalized anxiety disorder 7 item (GAD-7) total score [Reported.PHQ],2.0,{score},numeric
2025-10-07T23:22:13Z,6aed9210-c500-4375-b0fc-3374c40b8591,6aed9210-c500-4375-616e-61d7bab35d1a,survey,55758-7,Patient Health Questionnaire 2 item (PHQ-2) total score [Reported],2.0,{score},numeric
2025-10-07T23:59:42Z,6aed9210-c500-4375-b0fc-3374c40b8591,6aed9210-c500-4375-616e-61d7bab35d1a,survey,75626-2,Total score [AUDIT-C],1.0,{score},numeric
2016-05-21T21:42:53Z,6aed9210-c500-4375-b0fc-3374c40b8591,,,QALY,QALY,29.6,a,numeric
2017-05-21T21:42:53Z,6aed9210-c500-4375-b0fc-3374c40b8591,,,QALY,QALY,30.5,a,numeric
2018-05-21T21:42:53Z,6aed9210-c500-4375-b0fc-3374c40b8591,,,QALY,QALY,31.5,a,numeric
2019-05-21T21:42:53Z,6aed9210-c500-4375-b0fc-3374c40b8591,,,QALY,QALY,32.5,a,numeric
2020-05-21T21:42:53Z,6aed9210-c500-4375-b0fc-3374c40b8591,,,QALY,QALY,33.4,a,numeric
2021-05-21T21:42:53Z,6aed9210-c500-4375-b0fc-3374c40b8591,,,QALY,QALY,34.4,a,numeric
2022-05-21T21:42:53Z,6aed9210-c500-4375-b0fc-3374c40b8591,,,QALY,QALY,35.4,a,numeric
2023-05-21T21:42:53Z,6aed9210-c500-4375-b0fc-3374c40b8591,,,QALY,QALY,36.3,a,numeric
2024-05-21T21:42:53Z,6aed9210-c500-4375-b0fc-3374c40b8591,,,QALY,QALY,37.3,a,numeric
2025-05-21T21:42:53Z,6aed9210-c500-4375-b0fc-3374c40b8591,,,QALY,QALY,38.3,,numeric
2026-05-21T21:42:53Z,6aed9210-c500-4375-b0fc-3374c40b8591,,,QALY,QALY,39.2,a,numeric
2016-05-21T21:42:53Z,6aed9210-c500-4375-b0fc-3374c40b8591,,,DALY,DALY,0.4,a,numeric
2017-05-21T21:42:53Z,6aed9210-c500-4375-b0fc-3374c40b8591,,,DALY,DALY,,a,numeric
2018-05-21T21:42:53Z,6aed9210-c500-4375-b0fc-3374c40b8591,,,DALY,DALY,0.5,a,numeric
2019-05-21T21:42:53Z,6aed9210-c500-4375-b0fc-3374c40b8591,,,DALY,DALY,0.5,a,numeric
2020-05-21T21:42:53Z,6aed9210-c500-4375-b0fc-3374c40b8591,,,DALY,DALY,0.6,a,numeric
2021-05-21T21:42:53Z,6aed9210-c500-4375-b0fc-3374c40b8591,,,DALY,DALY,0.6,a,numeric
2022-05-21T21:42:53Z,6aed9210-c500-4375-b0fc-3374c40b8591,,,DALY,DALY,0.6,a,numeric
2023-05-21T21:42:53Z,6aed9210-c500-4375-b0fc-3374c40b8591,,,DALY,DALY,0.7,a,numeric
2024-05-21T21:42:53Z,6aed9210-c500-4375-b0fc-3374c40b8591,,,DALY,DALY,0.7,a,numeric
2025-05-21T21:42:53Z,6aed9210-c500-4375-b0fc-3374c40b8591,,,DALY,DALY,0.7,a,numeric
2026-05-21T21:42:53Z,6aed9210-c500-4375-b0fc-3374c40b8591,,,DALY,DALY,0.8,a,numeric
2016-05-21T21:42:53Z,6aed9210-c500-4375-b0fc-3374c40b8591,,,QOLS,QOLS,1.0,{score},numeric
2017-05-21T21:42:53Z,6aed9210-c500-4375-b0fc-3374c40b8591,,,QOLS,QOLS,1.0,{score},numeric
2018-05-21T21:42:53Z,6aed9210-c500-4375-b0fc-3374c40b8591,,,QOLS,QOLS,1.0,{score},numeric
2019-05-21T21:42:53Z,6aed9210-c500-4375-b0fc-3374c40b8591,,,QOLS,QOLS,1.0,{score},numeric
2020-05-21T21:42:53Z,6aed9210-c500-4375-b0fc-3374c40b8591,,,QOLS,QOLS,1.0,{score},numeric
2021-05-21T21:42:53Z,6aed9210-c500-4375-b0fc-3374c40b8591,,,QOLS,QOLS,1.0,,numeric
2022-05-21T21:42:53Z,6aed9210-c500-4375-b0fc-3374c40b8591,,,QOLS,QOLS,1.0,,numeric
2023-05-21T21:42:53Z,6aed9210-c500-4375-b0fc-3374c40b8591,,,QOLS,QOLS,1.0,{score},numeric
2024-05-21T21:42:53Z,6aed9210-c500-4375-b0fc-3374c40b8591,,,QOLS,QOLS,1.0,{score},numeric
2025-05-21T21:42:53Z,6aed9210-c500-4375-b0fc-3374c40b8591,,,QOLS,QOLS,1.0,{score},numeric
2026-05-21T21:42:53Z,6aed9210-c500-4375-b0fc-3374c40b8591,,,QOLS,QOLS,1.0,{score},numeric
2016-10-09T07:08:12Z,6f45f2e9-a617-570a-8867-dec1260088bb,6f45f2e9-a617-570a-2107-f6bd879cbc45,laboratory,6206-7,Peanut IgE Ab [Units/volume] in Serum,0.3,kU/L,numeric
2016-10-09T07:08:12Z,6f45f2e9-a617-570a-8867-dec1260088bb,6f45f2e9-a617-570a-2107-f6bd879cbc45,laboratory,6273-7,Walnut IgE Ab [Units/volume] in Serum,0.2,kU/L,numeric
2016-10-09T07:08:12Z,6f45f2e9-a617-570a-8867-dec1260088bb,6f45f2e9-a617-570a-2107-f6bd879cbc45,laboratory,6082-2,Codfish IgE Ab [Units/volume] in Serum,0.0,kU/L,numeric
2016-10-09T07:08:12Z,6f45f2e9-a617-570a-8867-dec1260088bb,6f45f2e9-a617-570a-2107-f6bd879cbc45,laboratory,6246-3,Shrimp IgE Ab [Units/volume] in Serum,0.3,kU/L,numeric
2016-10-09T07:08:12Z,6f45f2e9-a617-570a-8867-dec1260088bb,6f45f2e9-a617-570a-2107-f6bd879cbc45,laboratory,6276-0,Wheat IgE Ab [Units/volume] in Serum,0.1,kU/L,numeric
2016-10-09T07:08:12Z,6f45f2e9-a617-570a-8867-dec1260088bb,6f45f2e9-a617-570a-2107-f6bd879cbc45,laboratory,6106-9,Egg white IgE Ab [Units/volume] in Serum,0.1,kU/L,numeric
2016-10-09T07:08:12Z,6f45f2e9-a617-570a-8867-dec1260088bb,6f45f2e9-a617-570a-2107-f6bd879cbc45,laboratory,6248-9,Soybean IgE Ab [Units/volume] in Serum,0.2,kU/L,numeric
2016-10-09T07:08:12Z,6f45f2e9-a617-570a-8867-dec1260088bb,6f45f2e9-a617-570a-2107-f6bd879cbc45,laboratory,7258-7,Cow milk IgE Ab [Units/volume] in Serum,0.1,kU/L,numeric
2016-10-09T07:08:12Z,6f45f2e9-a617-570a-8867-dec1260088bb,6f45f2e9-a617-570a-2107-f6bd879cbc45,laboratory,6189-5,White oak IgE Ab [Units/volume] in Serum,0.1,kU/L,numeric
2016-10-09T07:08:12Z,6f45f2e9-a617-570a-8867-dec1260088bb,6f45f2e9-a617-570a-2107-f6bd879cbc45,laboratory,6085-5,Common Ragweed IgE Ab [Units/volume] in Serum,0.1,kU/L,numeric
2016-10-09T07:08:12Z,6f45f2e9-a617-570a-8867-dec1260088bb,6f45f2e9-a617-570a-2107-f6bd879cbc45,laboratory,6833-8,Cat dander IgE Ab [Units/volume] in Serum,0.2,kU/L,numeric
2016-10-09T07:08:12Z,6f45f2e9-a617-570a-8867-dec1260088bb,6f45f2e9-a617-570a-2107-f6bd879cbc45,laboratory,6095-4,American house dust mite IgE Ab [Units/volume] in Serum,0.1,kU/L,numeric
2016-10-09T07:08:12Z,6f45f2e9-a617-570a-8867-dec1260088bb,6f45f2e9-a617-570a-2107-f6bd879cbc45,laboratory,6075-6,Cladosporium herbarum IgE Ab [Units/volume] in Serum,0.2,kU/L,numeric
2016-10-09T07:08:12Z,6f45f2e9-a617-570a-8867-dec1260088bb,6f45f2e9-a617-570a-2107-f6bd879cbc45,laboratory,6844-5,Honey bee IgE Ab [Units/volume] in Serum,0.1,kU/L,numeric
2016-10-09T07:08:12Z,6f45f2e9-a617-570a-8867-dec1260088bb,6f45f2e9-a617-570a-2107-f6bd879cbc45,laboratory,6158-0,Latex IgE Ab [Units/volume] in Serum,0.1,kU/L,numeric
2016-10-20T06:34:20Z,6f45f2e9-a617-570a-8867-dec1260088bb,6f45f2e9-a617-570a-ac72-e32886abc3bc,vital-signs,8302-2,Body Height,105.6,cm,numeric
2016-10-20T06:34:20Z,6f45f2e9-a617-570a-8867-dec1260088bb,6f45f2e9-a617-570a-ac72-e32886abc3bc,vital-signs,72514-3,Pain severity - 0-10 verbal numeric rating [Score] - Reported,4.0,{score},numeric
2016-10-20T06:34:20Z,6f45f2e9-a617-570a-8867-dec1260088bb,6f45f2e9-a617-570a-ac72-e32886abc3bc,vital-signs,29463-7,Body Weight,18.1,kg,numeric
2016-10-20T06:34:20Z,6f45f2e9-a617-570a-8867-dec1260088bb,6f45f2e9-a617-570a-ac72-e32886abc3bc,vital-signs,77606-2,Weight-for-length Per age and sex,75.3,%,numeric
2016-10-20T06:34:20Z,6f45f2e9-a617-570a-8867-dec1260088bb,6f45f2e9-a617-570a-ac72-e32886abc3bc,vital-signs,8289-1,Head Occipital-frontal circumference Percentile,98.9,%,numeric
2016-10-20T06:34:20Z,6f45f2e9-a617-570a-8867-dec1260088bb,6f45f2e9-a617-570a-ac72-e32886abc3bc,vital-signs,9843-4,Head Occipital-frontal circumference,53.2,cm,numeric
2016-10-20T06:34:20Z,6f45f2e9-a617-570a-8867-dec1260088bb,6f45f2e9-a617-570a-ac72-e32886abc3bc,vital-signs,39156-5,Body mass index (BMI) [Ratio],16.3,kg/m2,numeric
2016-10-20T06:34:20Z,6f45f2e9-a617-570a-8867-dec1260088bb,6f45f2e9-a617-570a-ac72-e32886abc3bc,vital-signs,59576-9,Body mass index (BMI) [Percentile] Per age and sex,64.7,%,numeric
2016-10-20T06:34:20Z,6f45f2e9-a617-570a-8867-dec1260088bb,6f45f2e9-a617-570a-ac72-e32886abc3bc,vital-signs,8462-4,Diastolic Blood Pressure,90.0,mm[Hg],numeric
2016-10-20T06:34:20Z,6f45f2e9-a617-570a-8867-dec1260088bb,6f45f2e9-a617-570a-ac72-e32886abc3bc,vital-signs,8480-6,Systolic Blood Pressure,118.0,mm[Hg],numeric
2016-10-20T06:34:20Z,6f45f2e9-a617-570a-8867-dec1260088bb,6f45f2e9-a617-570a-ac72-e32886abc3bc,vital-signs,8867-4,Heart rate,,/min,numeric
2016-10-20T06:34:20Z,6f45f2e9-a617-570a-8867-dec1260088bb,6f45f2e9-a617-570a-ac72-e32886abc3bc,vital-signs,9279-1,Respiratory rate,13.0,/min,numeric
2016-10-20T06:34:20Z,6f45f2e9-a617-570a-8867-dec1260088bb,6f45f2e9-a617-570a-ac72-e32886abc3bc,social-history,72166-2,Tobacco smoking status,Never smoked tobacco (finding),,text
2017-04-20T06:34:20Z,6f45f2e9-a617-570a-8867-dec1260088bb,6f45f2e9-a617-570a-65af-c533e3c03201,vital-signs,8302-2,Body Height,,cm,numeric
2017-04-20T06:34:20Z,6f45f2e9-a617-570a-8867-dec1260088bb,6f45f2e9-a617-570a-65af-c533e3c03201,vital-signs,72514-3,Pain severity - 0-10 verbal numeric rating [Score] - Reported,4.0,{score},numeric
2017-04-20T06:34:20Z,6f45f2e9-a617-570a-8867-dec1260088bb,6f45f2e9-a617-570a-65af-c533e3c03201,vital-signs,29463-7,Body Weight,19.5,kg,numeric
2017-04-20T06:34:20Z,6f45f2e9-a617-570a-8867-dec1260088bb,6f45f2e9-a617-570a-65af-c533e3c03201,vital-signs,77606-2,Weight-for-length Per age and sex,75.3,%,numeric
2017-04-20T06:34:20Z,6f45f2e9-a617-570a-8867-dec1260088bb,6f45f2e9-a617-570a-65af-c533e3c03201,vital-signs,8289-1,Head Occipital-frontal circumference Percentile,98.9,%,numeric
2017-04-20T06:34:20Z,6f45f2e9-a617-570a-8867-dec1260088bb,6f45f2e9-a617-570a-65af-c533e3c03201,vital-signs,9843-4,Head Occipital-frontal circumference,53.2,cm,numeric
2017-04-20T06:34:20Z,6f45f2e9-a617-570a-8867-dec1260088bb,6f45f2e9-a617-570a-65af-c533e3c03201,vital-signs,39156-5,Body mass index (BMI) [Ratio],16.3,kg/m2,numeric
2017-04-20T06:34:20Z,6f45f2e9-a617-570a-8867-dec1260088bb,6f45f2e9-a617-570a-65af-c533e3c03201,vital-signs,59576-9,Body mass index (BMI) [Percentile] Per age and sex,71.6,%,numeric
2017-04-20T06:34:20Z,6f45f2e9-a617-570a-8867-dec1260088bb,6f45f2e9-a617-570a-65af-c533e3c03201,vital-signs,8462-4,Diastolic Blood Pressure,92.0,mm[Hg],numeric
2017-04-20T06:34:20Z,6f45f2e9-a617-570a-8867-dec1260088bb,6f45f2e9-a617-570a-65af-c533e3c03201,vital-signs,8480-6,Systolic Blood Pressure,113.0,mm[Hg],numeric
2017-04-20T06:34:20Z,6f45f2e9-a617-570a-8867-dec1260088bb,6f45f2e9-a617-570a-65af-c533e3c03201,vital-signs,8867-4,Heart rate,93.0,/min,numeric
2017-04-20T06:34:20Z,6f45f2e9-a617-570a-8867-dec1260088bb,6f45f2e9-a617-570a-65af-c533e3c03201,vital-signs,9279-1,Respiratory rate,14.0,/min,numeric
2017-04-20T06:34:20Z,6f45f2e9-a617-570a-8867-dec1260088bb,6f45f2e9-a617-570a-65af-c533e3c03201,social-history,72166-2,Tobacco smoking status,Never smoked tobacco (finding),,text
2018-04-26T06:34:20Z,6f45f2e9-a617-570a-8867-dec1260088bb,6f45f2e9-a617-570a-1231-3a659f710f50,vital-signs,8302-2,Body Height,116.6,cm,numeric
2018-04-26T06:34:20Z,6f45f2e9-a617-570a-8867-dec1260088bb,6f45f2e9-a617-570a-1231-3a659f710f50,vital-signs,72514-3,Pain severity - 0-10 verbal numeric rating [Score] - Reported,1.0,{score},numeric
2018-04-26T06:34:20Z,6f45f2e9-a617-570a-8867-dec1260088bb,6f45f2e9-a617-570a-1231-3a659f710f50,vital-signs,29463-7,Body Weight,23.1,kg,numeric
2018-04-26T06:34:20Z,6f45f2e9-a617-570a-8867-dec1260088bb,6f45f2e9-a617-570a-1231-3a659f710f50,vital-signs,39156-5,Body mass index (BMI) [Ratio],17.0,kg/m2,numeric
2018-04-26T06:34:20Z,6f45f2e9-a617-570a-8867-dec1260088bb,6f45f2e9-a617-570a-1231-3a659f710f50,vital-signs,59576-9,Body mass index (BMI) [Percentile] Per age and sex,87.2,%,numeric
2018-04-26T06:34:20Z,6f45f2e9-a617-570a-8867-dec1260088bb,6f45f2e9-a617-570a-1231-3a659f710f50,vital-signs,8462-4,Diastolic Blood Pressure,90.0,mm[Hg],numeric
2018-04-26T06:34:20Z,6f45f2e9-a617-570a-8867-dec1260088bb,6f45f2e9-a617-570a-1231-3a659f710f50,vital-signs,8480-6,Systolic Blood Pressure,115.0,mm[Hg],numeric
2018-04-26T06:34:20Z,6f45f2e9-a617-570a-8867-dec1260088bb,6f45f2e9-a617-570a-1231-3a659f710f50,vital-signs,8867-4,Heart rate,94.0,/min,numeric
2018-04-26T06:34:20Z,6f45f2e9-a617-570a-8867-dec1260088bb,6f45f2e9-a617-570a-1231-3a659f710f50,vital-signs,9279-1,Respiratory rate,14.0,/min,numeric
2018-04-26T06:34:20Z,6f45f2e9-a617-570a-8867-dec1260088bb,6f45f2e9-a617-570a-1231-3a659f710f50,social-history,72166-2,Tobacco smoking status,Never smoked tobacco (finding),,text
2019-05-02T06:34:20Z,6f45f2e9-a617-570a-8867-dec1260088bb,6f45f2e9-a617-570a-0732-9d98439e290c,vital-signs,8302-2,Body Height,123.9,cm,numeric
2019-05-02T06:34:20Z,6f45f2e9-a617-570a-8867-dec1260088bb,6f45f2e9-a617-570a-0732-9d98439e290c,vital-signs,72514-3,Pain severity - 0-10 verbal numeric rating [Score] - Reported,4.0,{score},numeric
2019-05-02T06:34:20Z,6f45f2e9-a617-570a-8867-dec1260088bb,6f45f2e9-a617-570a-0732-9d98439e290c,vital-signs,29463-7,Body Weight,27.3,kg,numeric
2019-05-02T06:34:20Z,6f45f2e9-a617-570a-8867-dec1260088bb,6f45f2e9-a617-570a-0732-9d98439e290c,vital-signs,39156-5,Body mass index (BMI) [Ratio],17.8,kg/m2,numeric
2019-05-02T06:34:20Z,6f45f2e9-a617-570a-8867-dec1260088bb,6f45f2e9-a617-570a-0732-9d98439e290c,vital-signs,59576-9,Body mass index (BMI) [Percentile] Per age and sex,92.1,%,numeric
2019-05-02T06:34:20Z,6f45f2e9-a617-570a-8867-dec1260088bb,6f45f2e9-a617-570a-0732-9d98439e290c,vital-signs,8462-4,Diastolic Blood Pressure,92.0,mm[Hg],numeric
2019-05-02T06:34:20Z,6f45f2e9-a617-570a-8867-dec1260088bb,6f45f2e9-a617-570a-0732-9d98439e290c,vital-signs,8480-6,Systolic Blood Pressure,112.0,mm[Hg],numeric
2019-05-02T06:34:20Z,6f45f2e9-a617-570a-8867-dec1260088bb,6f45f2e9-a617-570a-0732-9d98439e290c,vital-signs,8867-4,Heart rate,70.0,/min,numeric
2019-05-02T06:34:20Z,6f45f2e9-a617-570a-8867-dec1260088bb,6f45f2e9-a617-570a-0732-9d98439e290c,vital-signs,9279-1,Respiratory rate,12.0,/min,numeric
2019-05-02T06:34:20Z,6f45f2e9-a617-570a-8867-dec1260088bb,6f45f2e9-a617-570a-0732-9d98439e290c,laboratory,6690-2,Leukocytes [#/volume] in Blood by Automated count,5.1,10*3/uL,numeric
2019-05-02T06:34:20Z,6f45f2e9-a617-570a-8867-dec1260088bb,6f45f2e9-a617-570a-0732-9d98439e290c,laboratory,789-8,Erythrocytes [#/volume] in Blood by Automated count,,10*6/uL,numeric
2019-05-02T06:34:20Z,6f45f2e9-a617-570a-8867-dec1260088bb,6f45f2e9-a617-570a-0732-9d98439e290c,laboratory,718-7,Hemoglobin [Mass/volume] in Blood,12.3,g/dL,numeric
2019-05-02T06:34:20Z,6f45f2e9-a617-570a-8867-dec1260088bb,6f45f2e9-a617-570a-0732-9d98439e290c,laboratory,4544-3,Hematocrit [Volume Fraction] of Blood by Automated count,41.6,%,numeric
2019-05-02T06:34:20Z,6f45f2e9-a617-570a-8867-dec1260088bb,6f45f2e9-a617-570a-0732-9d98439e290c,laboratory,787-2,MCV [Entitic mean volume] in Red Blood Cells by Automated count,81.3,fL,numeric
2019-05-02T06:34:20Z,6f45f2e9-a617-570a-8867-dec1260088bb,6f45f2e9-a617-570a-0732-9d98439e290c,laboratory,785-6,MCH [Entitic mass] by Automated count,28.2,pg,numeric
2019-05-02T06:34:20Z,6f45f2e9-a617-570a-8867-dec1260088bb,6f45f2e9-a617-570a-0732-9d98439e290c,laboratory,786-4,MCHC [Entitic Mass/volume] in Red Blood Cells by Automated count,33.2,g/dL,numeric
2019-05-02T06:34:20Z,6f45f2e9-a617-570a-8867-dec1260088bb,6f45f2e9-a617-570a-0732-9d98439e290c,laboratory,788-0,Erythrocyte [DistWidth] in Blood by Automated count,39.9,fL,numeric
2019-05-02T06:34:20Z,6f45f2e9-a617-570a-8867-dec1260088bb,6f45f2e9-a617-570a-0732-9d98439e290c,laboratory,777-3,Platelets [#/volume] in Blood by Automated count,269.9,10*3/uL,numeric
2019-05-02T06:34:20Z,6f45f2e9-a617-570a-8867-dec1260088bb,6f45f2e9-a617-570a-0732-9d98439e290c,laboratory,32207-3,Platelet distribution width [Entitic volume] in Blood by Automated count,255.2,fL,numeric
2019-05-02T06:34:20Z,6f45f2e9-a617-570a-8867-dec1260088bb,6f45f2e9-a617-570a-0732-9d98439e290c,laboratory,32623-1,Platelet [Entitic mean volume] in Blood by Automated count,10.2,fL,numeric
2019-05-02T06:34:20Z,6f45f2e9-a617-570a-8867-dec1260088bb,6f45f2e9-a617-570a-0732-9d98439e290c,social-history,72166-2,Tobacco smoking status,Never smoked tobacco (finding),,text
2020-05-07T06:34:20Z,6f45f2e9-a617-570a-8867-dec1260088bb,6f45f2e9-a617-570a-1adf-6d02acf0c51d,vital-signs,8302-2,Body Height,131.0,cm,numeric
2020-05-07T06:34:20Z,6f45f2e9-a617-570a-8867-dec1260088bb,6f45f2e9-a617-570a-1adf-6d02acf0c51d,vital-signs,72514-3,Pain severity - 0-10 verbal numeric rating [Score] - Reported,1.0,{score},numeric
2020-05-07T06:34:20Z,6f45f2e9-a617-570a-8867-dec1260088bb,6f45f2e9-a617-570a-1adf-6d02acf0c51d,vital-signs,29463-7,Body Weight,30.0,kg,numeric
2020-05-07T06:34:20Z,6f45f2e9-a617-570a-8867-dec1260088bb,6f45f2e9-a617-570a-1adf-6d02acf0c51d,vital-signs,39156-5,Body mass index (BMI) [Ratio],17.5,kg/m2,numeric
2020-05-07T06:34:20Z,6f45f2e9-a617-570a-8867-dec1260088bb,6f45f2e9-a617-570a-1adf-6d02acf0c51d,vital-signs,59576-9,Body mass index (BMI) [Percentile] Per age and sex,86.1,%,numeric
2020-05-07T06:34:20Z,6f45f2e9-a617-570a-8867-dec1260088bb,6f45f2e9-a617-570a-1adf-6d02acf0c51d,vital-signs,8462-4,Diastolic Blood Pressure,89.0,mm[Hg],numeric
2020-05-07T06:34:20Z,6f45f2e9-a617-570a-8867-dec1260088bb,6f45f2e9-a617-570a-1adf-6d02acf0c51d,vital-signs,8480-6,Systolic Blood Pressure,112.0,mm[Hg],numeric
2020-05-07T06:34:20Z,6f45f2e9-a617-570a-8867-dec1260088bb,6f45f2e9-a617-570a-1adf-6d02acf0c51d,vital-signs,8867-4,Heart rate,79.0,/min,numeric
2020-05-07T06:34:20Z,6f45f2e9-a617-570a-8867-dec1260088bb,6f45f2e9-a617-570a-1adf-6d02acf0c51d,vital-signs,9279-1,Respiratory rate,14.0,/min,numeric
2020-05-07T06:34:20Z,6f45f2e9-a617-570a-8867-dec1260088bb,6f45f2e9-a617-570a-1adf-6d02acf0c51d,social-history,72166-2,Tobacco smoking status,Never smoked tobacco (finding),,text
2021-05-13T06:34:20Z,6f45f2e9-a617-570a-8867-dec1260088bb,6f45f2e9-a617-570a-2cc0-8b5d2b0fa66e,vital-signs,8302-2,Body Height,137.9,cm,numeric
2021-05-13T06:34:20Z,6f45f2e9-a617-570a-8867-dec1260088bb,6f45f2e9-a617-570a-2cc0-8b5d2b0fa66e,vital-signs,72514-3,Pain severity - 0-10 verbal numeric rating [Score] - Reported,2.0,,numeric
2021-05-13T06:34:20Z,6f45f2e9-a617-570a-8867-dec1260088bb,6f45f2e9-a617-570a-2cc0-8b5d2b0fa66e,vital-signs,29463-7,Body Weight,33.2,kg,numeric
2021-05-13T06:34:20Z,6f45f2e9-a617-570a-8867-dec1260088bb,6f45f2e9-a617-570a-2cc0-8b5d2b0fa66e,vital-signs,39156-5,Body mass index (BMI) [Ratio],17.5,kg/m2,numeric
2021-05-13T06:34:20Z,6f45f2e9-a617-570a-8867-dec1260088bb,6f45f2e9-a617-570a-2cc0-8b5d2b0fa66e,vital-signs,59576-9,Body mass index (BMI) [Percentile] Per age and sex,80.5,%,numeric
2021-05-13T06:34:20Z,6f45f2e9-a617-570a-8867-dec1260088bb,6f45f2e9-a617-570a-2cc0-8b5d2b0fa66e,vital-signs,8462-4,Diastolic Blood Pressure,90.0,mm[Hg],numeric
2021-05-13T06:34:20Z,6f45f2e9-a617-570a-8867-dec1260088bb,6f45f2e9-a617-570a-2cc0-8b5d2b0fa66e,vital-signs,8480-6,Systolic Blood Pressure,115.0,mm[Hg],numeric
2021-05-13T06:34:20Z,6f45f2e9-a617-570a-8867-dec1260088bb,6f45f2e9-a617-570a-2cc0-8b5d2b0fa66e,vital-signs,8867-4,Heart rate,88.0,/min,numeric
2021-05-13T06:34:20Z,6f45f2e9-a617-570a-8867-dec1260088bb,6f45f2e9-a617-570a-2cc0-8b5d2b0fa66e,vital-signs,9279-1,Respiratory rate,14.0,/min,numeric
2021-05-13T06:34:20Z,6f45f2e9-a617-570a-8867-dec1260088bb,6f45f2e9-a617-570a-2cc0-8b5d2b0fa66e,social-history,72166-2,Tobacco smoking status,Never smoked tobacco (finding),,text
2021-06-10T06:34:20Z,6f45f2e9-a617-570a-8867-dec1260088bb,6f45f2e9-a617-570a-f7ee-b4beea8c12a3,vital-signs,8302-2,Body Height,138.5,cm,numeric
2021-06-10T06:34:20Z,6f45f2e9-a617-570a-8867-dec1260088bb,6f45f2e9-a617-570a-f7ee-b4beea8c12a3,vital-signs,72514-3,Pain severity - 0-10 verbal numeric rating [Score] - Reported,1.0,{score},numeric
2021-06-10T06:34:20Z,6f45f2e9-a617-570a-8867-dec1260088bb,6f45f2e9-a617-570a-f7ee-b4beea8c12a3,vital-signs,29463-7,Body Weight,33.3,kg,numeric
2021-06-10T06:34:20Z,6f45f2e9-a617-570a-8867-dec1260088bb,6f45f2e9-a617-570a-f7ee-b4beea8c12a3,vital-signs,39156-5,Body mass index (BMI) [Ratio],17.4,kg/m2,numeric
2021-06-10T06:34:20Z,6f45f2e9-a617-570a-8867-dec1260088bb,6f45f2e9-a617-570a-f7ee-b4beea8c12a3,vital-signs,59576-9,Body mass index (BMI) [Percentile] Per age and sex,79.0,%,numeric
2021-06-10T06:34:20Z,6f45f2e9-a617-570a-8867-dec1260088bb,6f45f2e9-a617-570a-f7ee-b4beea8c12a3,vital-signs,8462-4,Diastolic Blood Pressure,90.0,mm[Hg],numeric
2021-06-10T06:34:20Z,6f45f2e9-a617-570a-8867-dec1260088bb,6f45f2e9-a617-570a-f7ee-b4beea8c12a3,vital-signs,8480-6,Systolic Blood Pressure,114.0,mm[Hg],numeric
2021-06-10T06:34:20Z,6f45f2e9-a617-570a-8867-dec1260088bb,6f45f2e9-a617-570a-f7ee-b4beea8c12a3,vital-signs,8867-4,Heart rate,82.0,/min,numeric
2021-06-10T06:34:20Z,6f45f2e9-a617-570a-8867-dec1260088bb,6f45f2e9-a617-570a-f7ee-b4beea8c12a3,vital-signs,9279-1,Respiratory rate,13.0,/min,numeric
2021-06-10T06:34:20Z,6f45f2e9-a617-570a-8867-dec1260088bb,6f45f2e9-a617-570a-f7ee-b4beea8c12a3,social-history,72166-2,Tobacco smoking status,Never smoked tobacco (finding),,text
2021-06-17T06:34:20Z,6f45f2e9-a617-570a-8867-dec1260088bb,6f45f2e9-a617-570a-9eca-8372ed09647d,vital-signs,8302-2,Body Height,139.0,cm,numeric
2021-06-17T06:34:20Z,6f45f2e9-a617-570a-8867-dec1260088bb,6f45f2e9-a617-570a-9eca-8372ed09647d,vital-signs,72514-3,Pain severity - 0-10 verbal numeric rating [Score] - Reported,2.0,{score},numeric
2021-06-17T06:34:20Z,6f45f2e9-a617-570a-8867-dec1260088bb,6f45f2e9-a617-570a-9eca-8372ed09647d,vital-signs,29463-7,Body Weight,33.4,kg,numeric
2021-06-17T06:34:20Z,6f45f2e9-a617-570a-8867-dec1260088bb,6f45f2e9-a617-570a-9eca-8372ed09647d,vital-signs,39156-5,Body mass index (BMI) [Ratio],,kg/m2,numeric
2021-06-17T06:34:20Z,6f45f2e9-a617-570a-8867-dec1260088bb,6f45f2e9-a617-570a-9eca-8372ed09647d,vital-signs,59576-9,Body mass index (BMI) [Percentile] Per age and sex,77.5,%,numeric
2021-06-17T06:34:20Z,6f45f2e9-a617-570a-8867-dec1260088bb,6f45f2e9-a617-570a-9eca-8372ed09647d,vital-signs,8462-4,Diastolic Blood Pressure,89.0,mm[Hg],numeric
2021-06-17T06:34:20Z,6f45f2e9-a617-570a-8867-dec1260088bb,6f45f2e9-a617-570a-9eca-8372ed09647d,vital-signs,8480-6,Systolic Blood Pressure,113.0,mm[Hg],numeric
2021-06-17T06:34:20Z,6f45f2e9-a617-570a-8867-dec1260088bb,6f45f2e9-a617-570a-9eca-8372ed09647d,vital-signs,8867-4,Heart rate,74.0,/min,numeric
2021-06-17T06:34:20Z,6f45f2e9-a617-570a-8867-dec1260088bb,6f45f2e9-a617-570a-9eca-8372ed09647d,vital-signs,9279-1,Respiratory rate,12.0,/min,numeric
2021-06-17T06:34:20Z,6f45f2e9-a617-570a-8867-dec1260088bb,6f45f2e9-a617-570a-9eca-8372ed09647d,social-history,72166-2,Tobacco smoking status,Never smoked tobacco (finding),,text
2022-05-19T06:34:20Z,6f45f2e9-a617-570a-8867-dec1260088bb,6f45f2e9-a617-570a-a799-0a378ebf567c,vital-signs,8302-2,Body Height,144.8,cm,numeric
2022-05-19T06:34:20Z,6f45f2e9-a617-570a-8867-dec1260088bb,6f45f2e9-a617-570a-a799-0a378ebf567c,vital-signs,72514-3,Pain severity - 0-10 verbal numeric rating [Score] - Reported,4.0,{score},numeric
2022-05-19T06:34:20Z,6f45f2e9-a617-570a-8867-dec1260088bb,6f45f2e9-a617-570a-a799-0a378ebf567c,vital-signs,29463-7,Body Weight,35.1,kg,numeric
2022-05-19T06:34:20Z,6f45f2e9-a617-570a-8867-dec1260088bb,6f45f2e9-a617-570a-a799-0a378ebf567c,vital-signs,39156-5,Body mass index (BMI) [Ratio],16.8,kg/m2,numeric
2022-05-19T06:34:20Z,6f45f2e9-a617-570a-8867-dec1260088bb,6f45f2e9-a617-570a-a799-0a378ebf567c,vital-signs,59576-9,Body mass index (BMI) [Percentile] Per age and sex,62.0,%,numeric
2022-05-19T06:34:20Z,6f45f2e9-a617-570a-8867-dec1260088bb,6f45f2e9-a617-570a-a799-0a378ebf567c,vital-signs,8462-4,Diastolic Blood Pressure,94.0,mm[Hg],numeric
2022-05-19T06:34:20Z,6f45f2e9-a617-570a-8867-dec1260088bb,6f45f2e9-a617-570a-a799-0a378ebf567c,vital-signs,8480-6,Systolic Blood Pressure,116.0,mm[Hg],numeric
2022-05-19T06:34:20Z,6f45f2e9-a617-570a-8867-dec1260088bb,6f45f2e9-a617-570a-a799-0a378ebf567c,vital-signs,8867-4,Heart rate,78.0,/min,numeric
2022-05-19T06:34:20Z,6f45f2e9-a617-570a-8867-dec1260088bb,6f45f2e9-a617-570a-a799-0a378ebf567c,vital-signs,9279-1,Respiratory rate,16.0,/min,numeric
2022-05-19T06:34:20Z,6f45f2e9-a617-570a-8867-dec1260088bb,6f45f2e9-a617-570a-a799-0a378ebf567c,social-history,72166-2,Tobacco smoking status,Never smoked tobacco (finding),,text
2023-05-25T06:34:20Z,6f45f2e9-a617-570a-8867-dec1260088bb,6f45f2e9-a617-570a-542d-aa11389be885,vital-signs,8302-2,Body Height,150.6,cm,numeric
2023-05-25T06:34:20Z,6f45f2e9-a617-570a-8867-dec1260088bb,6f45f2e9-a617-570a-542d-aa11389be885,vital-signs,72514-3,Pain severity - 0-10 verbal numeric rating [Score] - Reported,2.0,{score},numeric
2023-05-25T06:34:20Z,6f45f2e9-a617-570a-8867-dec1260088bb,6f45f2e9-a617-570a-542d-aa11389be885,vital-signs,29463-7,Body Weight,38.3,kg,numeric
2023-05-25T06:34:20Z,6f45f2e9-a617-570a-8867-dec1260088bb,6f45f2e9-a617-570a-542d-aa11389be885,vital-signs,39156-5,Body mass index (BMI) [Ratio],16.9,kg/m2,numeric
2023-05-25T06:34:20Z,6f45f2e9-a617-570a-8867-dec1260088bb,6f45f2e9-a617-570a-542d-aa11389be885,vital-signs,59576-9,Body mass index (BMI) [Percentile] Per age and sex,54.2,%,numeric
2023-05-25T06:34:20Z,6f45f2e9-a617-570a-8867-dec1260088bb,6f45f2e9-a617-570a-542d-aa11389be885,vital-signs,8462-4,Diastolic Blood Pressure,91.0,mm[Hg],numeric
2023-05-25T06:34:20Z,6f45f2e9-a617-570a-8867-dec1260088bb,6f45f2e9-a617-570a-542d-aa11389be885,vital-signs,8480-6,Systolic Blood Pressure,,mm[Hg],numeric
2023-05-25T06:34:20Z,6f45f2e9-a617-570a-8867-dec1260088bb,6f45f2e9-a617-570a-542d-aa11389be885,vital-signs,8867-4,Heart rate,67.0,/min,numeric
2023-05-25T06:34:20Z,6f45f2e9-a617-570a-8867-dec1260088bb,6f45f2e9-a617-570a-542d-aa11389be885,vital-signs,9279-1,Respiratory rate,13.0,/min,numeric
2023-05-25T06:34:20Z,6f45f2e9-a617-570a-8867-dec1260088bb,6f45f2e9-a617-570a-542d-aa11389be885,social-history,72166-2,Tobacco smoking status,Never smoked tobacco (finding),,text
2024-05-30T06:34:20Z,6f45f2e9-a617-570a-8867-dec1260088bb,6f45f2e9-a617-570a-027c-293417fabeaf,vital-signs,8302-2,Body Height,156.3,cm,numeric
2024-05-30T06:34:20Z,6f45f2e9-a617-570a-8867-dec1260088bb,6f45f2e9-a617-570a-027c-293417fabeaf,vital-signs,72514-3,Pain severity - 0-10 verbal numeric rating [Score] - Reported,3.0,{score},numeric
2024-05-30T06:34:20Z,6f45f2e9-a617-570a-8867-dec1260088bb,6f45f2e9-a617-570a-027c-293417fabeaf,vital-signs,29463-7,Body Weight,40.7,kg,numeric
2024-05-30T06:34:20Z,6f45f2e9-a617-570a-8867-dec1260088bb,6f45f2e9-a617-570a-027c-293417fabeaf,vital-signs,39156-5,Body mass index (BMI) [Ratio],16.7,kg/m2,numeric
2024-05-30T06:34:20Z,6f45f2e9-a617-570a-8867-dec1260088bb,6f45f2e9-a617-570a-027c-293417fabeaf,vital-signs,59576-9,Body mass index (BMI) [Percentile] Per age and sex,39.7,%,numeric
2024-05-30T06:34:20Z,6f45f2e9-a617-570a-8867-dec1260088bb,6f45f2e9-a617-570a-027c-293417fabeaf,vital-signs,8462-4,Diastolic Blood Pressure,99.0,mm[Hg],numeric
2024-05-30T06:34:20Z,6f45f2e9-a617-570a-8867-dec1260088bb,6f45f2e9-a617-570a-027c-293417fabeaf,vital-signs,8480-6,Systolic Blood Pressure,115.0,mm[Hg],numeric
2024-05-30T06:34:20Z,6f45f2e9-a617-570a-8867-dec1260088bb,6f45f2e9-a617-570a-027c-293417fabeaf,vital-signs,8867-4,Heart rate,60.0,/min,numeric
2024-05-30T06:34:20Z,6f45f2e9-a617-570a-8867-dec1260088bb,6f45f2e9-a617-570a-027c-293417fabeaf,vital-signs,9279-1,Respiratory rate,13.0,/min,numeric
2024-05-30T06:34:20Z,6f45f2e9-a617-570a-8867-dec1260088bb,6f45f2e9-a617-570a-027c-293417fabeaf,laboratory,6690-2,Leukocytes [#/volume] in Blood by Automated count,8.2,10*3/uL,numeric
2024-05-30T06:34:20Z,6f45f2e9-a617-570a-8867-dec1260088bb,6f45f2e9-a617-570a-027c-293417fabeaf,laboratory,789-8,Erythrocytes [#/volume] in Blood by Automated count,5.4,10*6/uL,numeric
2024-05-30T06:34:20Z,6f45f2e9-a617-570a-8867-dec1260088bb,6f45f2e9-a617-570a-027c-293417fabeaf,laboratory,718-7,Hemoglobin [Mass/volume] in Blood,15.0,g/dL,numeric
2024-05-30T06:34:20Z,6f45f2e9-a617-570a-8867-dec1260088bb,6f45f2e9-a617-570a-027c-293417fabeaf,laboratory,4544-3,Hematocrit [Volume Fraction] of Blood by Automated count,44.2,%,numeric
2024-05-30T06:34:20Z,6f45f2e9-a617-570a-8867-dec1260088bb,6f45f2e9-a617-570a-027c-293417fabeaf,laboratory,787-2,MCV [Entitic mean volume] in Red Blood Cells by Automated count,94.7,fL,numeric
2024-05-30T06:34:20Z,6f45f2e9-a617-570a-8867-dec1260088bb,6f45f2e9-a617-570a-027c-293417fabeaf,laboratory,785-6,MCH [Entitic mass] by Automated count,29.3,pg,numeric
2024-05-30T06:34:20Z,6f45f2e9-a617-570a-8867-dec1260088bb,6f45f2e9-a617-570a-027c-293417fabeaf,laboratory,786-4,MCHC [Entitic Mass/volume] in Red Blood Cells by Automated count,34.2,g/dL,numeric
2024-05-30T06:34:20Z,6f45f2e9-a617-570a-8867-dec1260088bb,6f45f2e9-a617-570a-027c-293417fabeaf,laboratory,788-0,Erythrocyte [DistWidth] in Blood by Automated count,41.7,fL,numeric
2024-05-30T06:34:20Z,6f45f2e9-a617-570a-8867-dec1260088bb,6f45f2e9-a617-570a-027c-293417fabeaf,laboratory,777-3,Platelets [#/volume] in Blood by Automated count,193.4,10*3/uL,numeric
2024-05-30T06:34:20Z,6f45f2e9-a617-570a-8867-dec1260088bb,6f45f2e9-a617-570a-027c-293417fabeaf,laboratory,32207-3,Platelet distribution width [Entitic volume] in Blood by Automated count,302.1,fL,numeric
2024-05-30T06:34:20Z,6f45f2e9-a617-570a-8867-dec1260088bb,6f45f2e9-a617-570a-027c-293417fabeaf,laboratory,32623-1,Platelet [Entitic mean volume] in Blood by Automated count,10.0,fL,numeric
2024-05-30T06:34:20Z,6f45f2e9-a617-570a-8867-dec1260088bb,6f45f2e9-a617-570a-027c-293417fabeaf,social-history,72166-2,Tobacco smoking status,Never smoked tobacco (finding),,text
2025-06-05T06:34:20Z,6f45f2e9-a617-570a-8867-dec1260088bb,6f45f2e9-a617-570a-b451-f25b0a269d31,vital-signs,8302-2,Body Height,162.7,cm,numeric
2025-06-05T06:34:20Z,6f45f2e9-a617-570a-8867-dec1260088bb,6f45f2e9-a617-570a-b451-f25b0a269d31,vital-signs,72514-3,Pain severity - 0-10 verbal numeric rating [Score] - Reported,4.0,{score},numeric
2025-06-05T06:34:20Z,6f45f2e9-a617-570a-8867-dec1260088bb,6f45f2e9-a617-570a-b451-f25b0a269d31,vital-signs,29463-7,Body Weight,46.3,kg,numeric
2025-06-05T06:34:20Z,6f45f2e9-a617-570a-8867-dec1260088bb,6f45f2e9-a617-570a-b451-f25b0a269d31,vital-signs,39156-5,Body mass index (BMI) [Ratio],17.5,kg/m2,numeric
2025-06-05T06:34:20Z,6f45f2e9-a617-570a-8867-dec1260088bb,6f45f2e9-a617-570a-b451-f25b0a269d31,vital-signs,59576-9,Body mass index (BMI) [Percentile] Per age and sex,44.3,%,numeric
2025-06-05T06:34:20Z,6f45f2e9-a617-570a-8867-dec1260088bb,6f45f2e9-a617-570a-b451-f25b0a269d31,vital-signs,8462-4,Diastolic Blood Pressure,89.0,mm[Hg],numeric
2025-06-05T06:34:20Z,6f45f2e9-a617-570a-8867-dec1260088bb,6f45f2e9-a617-570a-b451-f25b0a269d31,vital-signs,8480-6,Systolic Blood Pressure,108.0,mm[Hg],numeric
2025-06-05T06:34:20Z,6f45f2e9-a617-570a-8867-dec1260088bb,6f45f2e9-a617-570a-b451-f25b0a269d31,vital-signs,8867-4,Heart rate,75.0,/min,numeric
2025-06-05T06:34:20Z,6f45f2e9-a617-570a-8867-dec1260088bb,6f45f2e9-a617-570a-b451-f25b0a269d31,vital-signs,9279-1,Respiratory rate,16.0,/min,numeric
2025-06-05T06:34:20Z,6f45f2e9-a617-570a-8867-dec1260088bb,6f45f2e9-a617-570a-b451-f25b0a269d31,social-history,72166-2,Tobacco smoking status,Never smoked tobacco (finding),,text
2026-05-21T06:59:12Z,6f45f2e9-a617-570a-8867-dec1260088bb,6f45f2e9-a617-570a-7b38-0db6a91f76fc,laboratory,6206-7,Peanut IgE Ab [Units/volume] in Serum,0.1,,numeric
2026-05-21T06:59:12Z,6f45f2e9-a617-570a-8867-dec1260088bb,6f45f2e9-a617-570a-7b38-0db6a91f76fc,laboratory,6273-7,Walnut IgE Ab [Units/volume] in Serum,0.2,kU/L,numeric
2026-05-21T06:59:12Z,6f45f2e9-a617-570a-8867-dec1260088bb,6f45f2e9-a617-570a-7b38-0db6a91f76fc,laboratory,6082-2,Codfish IgE Ab [Units/volume] in Serum,0.1,kU/L,numeric
2026-05-21T06:59:12Z,6f45f2e9-a617-570a-8867-dec1260088bb,6f45f2e9-a617-570a-7b38-0db6a91f76fc,laboratory,6246-3,Shrimp IgE Ab [Units/volume] in Serum,0.1,kU/L,numeric
2026-05-21T06:59:12Z,6f45f2e9-a617-570a-8867-dec1260088bb,6f45f2e9-a617-570a-7b38-0db6a91f76fc,laboratory,6276-0,Wheat IgE Ab [Units/volume] in Serum,0.2,kU/L,numeric
2026-05-21T06:59:12Z,6f45f2e9-a617-570a-8867-dec1260088bb,6f45f2e9-a617-570a-7b38-0db6a91f76fc,laboratory,6106-9,Egg white IgE Ab [Units/volume] in Serum,0.3,kU/L,numeric
2026-05-21T06:59:12Z,6f45f2e9-a617-570a-8867-dec1260088bb,6f45f2e9-a617-570a-7b38-0db6a91f76fc,laboratory,6248-9,Soybean IgE Ab [Units/volume] in Serum,0.3,kU/L,numeric
2026-05-21T06:59:12Z,6f45f2e9-a617-570a-8867-dec1260088bb,6f45f2e9-a617-570a-7b38-0db6a91f76fc,laboratory,7258-7,Cow milk IgE Ab [Units/volume] in Serum,0.0,kU/L,numeric
2026-05-21T06:59:12Z,6f45f2e9-a617-570a-8867-dec1260088bb,6f45f2e9-a617-570a-7b38-0db6a91f76fc,laboratory,6189-5,White oak IgE Ab [Units/volume] in Serum,0.3,kU/L,numeric
2026-05-21T06:59:12Z,6f45f2e9-a617-570a-8867-dec1260088bb,6f45f2e9-a617-570a-7b38-0db6a91f76fc,laboratory,6085-5,Common Ragweed IgE Ab [Units/volume] in Serum,0.0,kU/L,numeric
2026-05-21T06:59:12Z,6f45f2e9-a617-570a-8867-dec1260088bb,6f45f2e9-a617-570a-7b38-0db6a91f76fc,laboratory,6833-8,Cat dander IgE Ab [Units/volume] in Serum,0.3,kU/L,numeric
2026-05-21T06:59:12Z,6f45f2e9-a617-570a-8867-dec1260088bb,6f45f2e9-a617-570a-7b38-0db6a91f76fc,laboratory,6095-4,American house dust mite IgE Ab [Units/volume] in Serum,0.2,,numeric
2026-05-21T06:59:12Z,6f45f2e9-a617-570a-8867-dec1260088bb,6f45f2e9-a617-570a-7b38-0db6a91f76fc,laboratory,6075-6,Cladosporium herbarum IgE Ab [Units/volume] in Serum,0.3,kU/L,numeric
2026-05-21T06:59:12Z,6f45f2e9-a617-570a-8867-dec1260088bb,6f45f2e9-a617-570a-7b38-0db6a91f76fc,laboratory,6844-5,Honey bee IgE Ab [Units/volume] in Serum,,kU/L,numeric
2026-05-21T06:59:12Z,6f45f2e9-a617-570a-8867-dec1260088bb,6f45f2e9-a617-570a-7b38-0db6a91f76fc,laboratory,6158-0,Latex IgE Ab [Units/volume] in Serum,0.0,kU/L,numeric
2026-06-11T06:34:20Z,6f45f2e9-a617-570a-8867-dec1260088bb,6f45f2e9-a617-570a-e706-4091b8895168,vital-signs,8302-2,Body Height,170.3,,numeric
2026-06-11T06:34:20Z,6f45f2e9-a617-570a-8867-dec1260088bb,6f45f2e9-a617-570a-e706-4091b8895168,vital-signs,72514-3,Pain severity - 0-10 verbal numeric rating [Score] - Reported,1.0,{score},numeric
2026-06-11T06:34:20Z,6f45f2e9-a617-570a-8867-dec1260088bb,6f45f2e9-a617-570a-e706-4091b8895168,vital-signs,29463-7,Body Weight,52.3,kg,numeric
2026-06-11T06:34:20Z,6f45f2e9-a617-570a-8867-dec1260088bb,6f45f2e9-a617-570a-e706-4091b8895168,vital-signs,39156-5,Body mass index (BMI) [Ratio],18.0,kg/m2,numeric
2026-06-11T06:34:20Z,6f45f2e9-a617-570a-8867-dec1260088bb,6f45f2e9-a617-570a-e706-4091b8895168,vital-signs,59576-9,Body mass index (BMI) [Percentile] Per age and sex,42.8,%,numeric
2026-06-11T06:34:20Z,6f45f2e9-a617-570a-8867-dec1260088bb,6f45f2e9-a617-570a-e706-4091b8895168,vital-signs,8462-4,Diastolic Blood Pressure,91.0,mm[Hg],numeric
2026-06-11T06:34:20Z,6f45f2e9-a617-570a-8867-dec1260088bb,6f45f2e9-a617-570a-e706-4091b8895168,vital-signs,8480-6,Systolic Blood Pressure,,mm[Hg],numeric
2026-06-11T06:34:20Z,6f45f2e9-a617-570a-8867-dec1260088bb,6f45f2e9-a617-570a-e706-4091b8895168,vital-signs,8867-4,Heart rate,81.0,/min,numeric
2026-06-11T06:34:20Z,6f45f2e9-a617-570a-8867-dec1260088bb,6f45f2e9-a617-570a-e706-4091b8895168,vital-signs,9279-1,Respiratory rate,15.0,/min,numeric
2026-06-11T06:34:20Z,6f45f2e9-a617-570a-8867-dec1260088bb,6f45f2e9-a617-570a-e706-4091b8895168,social-history,72166-2,Tobacco smoking status,Never smoked tobacco (finding),,text
2016-05-16T06:34:20Z,6f45f2e9-a617-570a-8867-dec1260088bb,,,QALY,QALY,2.0,a,numeric
2017-05-16T06:34:20Z,6f45f2e9-a617-570a-8867-dec1260088bb,,,QALY,QALY,3.0,a,numeric
2018-05-16T06:34:20Z,6f45f2e9-a617-570a-8867-dec1260088bb,,,QALY,QALY,4.0,a,numeric
2019-05-16T06:34:20Z,6f45f2e9-a617-570a-8867-dec1260088bb,,,QALY,QALY,5.0,a,numeric
2020-05-16T06:34:20Z,6f45f2e9-a617-570a-8867-dec1260088bb,,,QALY,QALY,6.0,a,numeric
2021-05-16T06:34:20Z,6f45f2e9-a617-570a-8867-dec1260088bb,,,QALY,QALY,7.0,a,numeric
2022-05-16T06:34:20Z,6f45f2e9-a617-570a-8867-dec1260088bb,,,QALY,QALY,8.0,a,numeric
2023-05-16T06:34:20Z,6f45f2e9-a617-570a-8867-dec1260088bb,,,QALY,QALY,9.0,a,numeric
2024-05-16T06:34:20Z,6f45f2e9-a617-570a-8867-dec1260088bb,,,QALY,QALY,10.0,a,numeric
2025-05-16T06:34:20Z,6f45f2e9-a617-570a-8867-dec1260088bb,,,QALY,QALY,11.0,a,numeric
2026-05-16T06:34:20Z,6f45f2e9-a617-570a-8867-dec1260088bb,,,QALY,QALY,12.0,a,numeric
2016-05-16T06:34:20Z,6f45f2e9-a617-570a-8867-dec1260088bb,,,DALY,DALY,0.0,a,numeric
2017-05-16T06:34:20Z,6f45f2e9-a617-570a-8867-dec1260088bb,,,DALY,DALY,0.0,,numeric
2018-05-16T06:34:20Z,6f45f2e9-a617-570a-8867-dec1260088bb,,,DALY,DALY,0.0,a,numeric
2019-05-16T06:34:20Z,6f45f2e9-a617-570a-8867-dec1260088bb,,,DALY,DALY,0.0,a,numeric
2020-05-16T06:34:20Z,6f45f2e9-a617-570a-8867-dec1260088bb,,,DALY,DALY,0.0,a,numeric
2021-05-16T06:34:20Z,6f45f2e9-a617-570a-8867-dec1260088bb,,,DALY,DALY,0.0,a,numeric
2022-05-16T06:34:20Z,6f45f2e9-a617-570a-8867-dec1260088bb,,,DALY,DALY,0.0,a,numeric
2023-05-16T06:34:20Z,6f45f2e9-a617-570a-8867-dec1260088bb,,,DALY,DALY,0.0,a,numeric
2024-05-16T06:34:20Z,6f45f2e9-a617-570a-8867-dec1260088bb,,,DALY,DALY,0.0,a,numeric
2025-05-16T06:34:20Z,6f45f2e9-a617-570a-8867-dec1260088bb,,,DALY,DALY,0.0,a,numeric
2026-05-16T06:34:20Z,6f45f2e9-a617-570a-8867-dec1260088bb,,,DALY,DALY,0.0,a,numeric
2016-05-16T06:34:20Z,6f45f2e9-a617-570a-8867-dec1260088bb,,,QOLS,QOLS,1.0,{score},numeric
2017-05-16T06:34:20Z,6f45f2e9-a617-570a-8867-dec1260088bb,,,QOLS,QOLS,1.0,{score},numeric
2018-05-16T06:34:20Z,6f45f2e9-a617-570a-8867-dec1260088bb,,,QOLS,QOLS,1.0,{score},numeric
2019-05-16T06:34:20Z,6f45f2e9-a617-570a-8867-dec1260088bb,,,QOLS,QOLS,1.0,{score},numeric
2020-05-16T06:34:20Z,6f45f2e9-a617-570a-8867-dec1260088bb,,,QOLS,QOLS,1.0,{score},numeric
2021-05-16T06:34:20Z,6f45f2e9-a617-570a-8867-dec1260088bb,,,QOLS,QOLS,1.0,{score},numeric
2022-05-16T06:34:20Z,6f45f2e9-a617-570a-8867-dec1260088bb,,,QOLS,QOLS,1.0,{score},numeric
2023-05-16T06:34:20Z,6f45f2e9-a617-570a-8867-dec1260088bb,,,QOLS,QOLS,1.0,{score},numeric
2024-05-16T06:34:20Z,6f45f2e9-a617-570a-8867-dec1260088bb,,,QOLS,QOLS,,{score},numeric
2025-05-16T06:34:20Z,6f45f2e9-a617-570a-8867-dec1260088bb,,,QOLS,QOLS,1.0,{score},numeric
2026-05-16T06:34:20Z,6f45f2e9-a617-570a-8867-dec1260088bb,,,QOLS,QOLS,1.0,{score},numeric
2017-06-18T20:49:24Z,d57841fa-c9e2-a3d1-0e78-09bdbe4eed66,d57841fa-c9e2-a3d1-cb45-134849ede762,vital-signs,8302-2,Body Height,160.8,cm,numeric
2017-06-18T20:49:24Z,d57841fa-c9e2-a3d1-0e78-09bdbe4eed66,d57841fa-c9e2-a3d1-cb45-134849ede762,vital-signs,72514-3,Pain severity - 0-10 verbal numeric rating [Score] - Reported,4.0,{score},numeric
2017-06-18T20:49:24Z,d57841fa-c9e2-a3d1-0e78-09bdbe4eed66,d57841fa-c9e2-a3d1-cb45-134849ede762,vital-signs,29463-7,Body Weight,71.9,kg,numeric
2017-06-18T20:49:24Z,d57841fa-c9e2-a3d1-0e78-09bdbe4eed66,d57841fa-c9e2-a3d1-cb45-134849ede762,vital-signs,39156-5,Body mass index (BMI) [Ratio],27.8,kg/m2,numeric
2017-06-18T20:49:24Z,d57841fa-c9e2-a3d1-0e78-09bdbe4eed66,d57841fa-c9e2-a3d1-cb45-134849ede762,vital-signs,8462-4,Diastolic Blood Pressure,60.0,mm[Hg],numeric
2017-06-18T20:49:24Z,d57841fa-c9e2-a3d1-0e78-09bdbe4eed66,d57841fa-c9e2-a3d1-cb45-134849ede762,vital-signs,8480-6,Systolic Blood Pressure,127.0,mm[Hg],numeric
2017-06-18T20:49:24Z,d57841fa-c9e2-a3d1-0e78-09bdbe4eed66,d57841fa-c9e2-a3d1-cb45-134849ede762,vital-signs,8867-4,Heart rate,92.0,/min,numeric
2017-06-18T20:49:24Z,d57841fa-c9e2-a3d1-0e78-09bdbe4eed66,d57841fa-c9e2-a3d1-cb45-134849ede762,vital-signs,9279-1,Respiratory rate,15.0,/min,numeric
2017-06-18T20:49:24Z,d57841fa-c9e2-a3d1-0e78-09bdbe4eed66,d57841fa-c9e2-a3d1-cb45-134849ede762,social-history,72166-2,Tobacco smoking status,Ex-smoker (finding),,text
2017-06-18T21:32:44Z,d57841fa-c9e2-a3d1-0e78-09bdbe4eed66,d57841fa-c9e2-a3d1-cb45-134849ede762,survey,76501-6,Within the last year  have you been afraid of your partner or ex-partner,No,,text
2017-06-18T21:32:44Z,d57841fa-c9e2-a3d1-0e78-09bdbe4eed66,d57841fa-c9e2-a3d1-cb45-134849ede762,survey,93026-3,Do you feel physically and emotionally safe where you currently live [PRAPARE],Yes,,text
2017-06-18T21:32:44Z,d57841fa-c9e2-a3d1-0e78-09bdbe4eed66,d57841fa-c9e2-a3d1-cb45-134849ede762,survey,93027-1,Are you a refugee,No,,text
2017-06-18T21:32:44Z,d57841fa-c9e2-a3d1-0e78-09bdbe4eed66,d57841fa-c9e2-a3d1-cb45-134849ede762,survey,93028-9,Have you spent more than 2 nights in a row in a jail  prison  detention center  or juvenile correctional facility in past 1 year [PRAPARE],Yes,,text
2017-06-18T21:32:44Z,d57841fa-c9e2-a3d1-0e78-09bdbe4eed66,d57841fa-c9e2-a3d1-cb45-134849ede762,survey,93038-8,Stress level,Not at all,,text
2017-06-18T21:32:44Z,d57841fa-c9e2-a3d1-0e78-09bdbe4eed66,d57841fa-c9e2-a3d1-cb45-134849ede762,survey,93029-7,How often do you see or talk to people that you care about and feel close to [PRAPARE],3 to 5 times a week,,text
2017-06-18T21:32:44Z,d57841fa-c9e2-a3d1-0e78-09bdbe4eed66,d57841fa-c9e2-a3d1-cb45-134849ede762,survey,93030-5,Has lack of transportation kept you from medical appointments  meetings  work  or from getting things needed for daily living,No,,text
2017-06-18T21:32:44Z,d57841fa-c9e2-a3d1-0e78-09bdbe4eed66,d57841fa-c9e2-a3d1-cb45-134849ede762,survey,93031-3,Have you or any family members you live with been unable to get any of the following when it was really needed in past 1 year [PRAPARE],I choose not to answer this question,,text
2017-06-18T21:32:44Z,d57841fa-c9e2-a3d1-0e78-09bdbe4eed66,d57841fa-c9e2-a3d1-cb45-134849ede762,survey,63586-2,What was your best estimate of the total income of all family members from all sources  before taxes  in last year [PhenX],145475,/a,text
2017-06-18T21:32:44Z,d57841fa-c9e2-a3d1-0e78-09bdbe4eed66,d57841fa-c9e2-a3d1-cb45-134849ede762,survey,76437-3,Primary insurance,Private insurance,,text
2017-06-18T21:32:44Z,d57841fa-c9e2-a3d1-0e78-09bdbe4eed66,d57841fa-c9e2-a3d1-cb45-134849ede762,survey,67875-5,Employment status - current,Otherwise unemployed but not seeking work (ex: student  retired  disabled  unpaid primary care giver),,text
2017-06-18T21:32:44Z,d57841fa-c9e2-a3d1-0e78-09bdbe4eed66,d57841fa-c9e2-a3d1-cb45-134849ede762,survey,82589-3,Highest level of education,More than high school,,text
2017-06-18T21:32:44Z,d57841fa-c9e2-a3d1-0e78-09bdbe4eed66,d57841fa-c9e2-a3d1-cb45-134849ede762,survey,56799-0,Address,891 Mraz Bridge Apt 79,,text
2017-06-18T21:32:44Z,d57841fa-c9e2-a3d1-0e78-09bdbe4eed66,d57841fa-c9e2-a3d1-cb45-134849ede762,survey,93033-9,Are you worried about losing your housing [PRAPARE],No,,text
2017-06-18T21:32:44Z,d57841fa-c9e2-a3d1-0e78-09bdbe4eed66,d57841fa-c9e2-a3d1-cb45-134849ede762,survey,71802-3,Housing status,I have housing,,text
2017-06-18T21:32:44Z,d57841fa-c9e2-a3d1-0e78-09bdbe4eed66,d57841fa-c9e2-a3d1-cb45-134849ede762,survey,63512-8,How many people are living or staying at this address [#],8.0,{#},numeric
2017-06-18T21:32:44Z,d57841fa-c9e2-a3d1-0e78-09bdbe4eed66,d57841fa-c9e2-a3d1-cb45-134849ede762,survey,54899-0,Preferred language,English,,text
2017-06-18T21:32:44Z,d57841fa-c9e2-a3d1-0e78-09bdbe4eed66,d57841fa-c9e2-a3d1-cb45-134849ede762,survey,93034-7,Discharged from the U.S. Armed Forces,No,,text
2017-06-18T21:32:44Z,d57841fa-c9e2-a3d1-0e78-09bdbe4eed66,d57841fa-c9e2-a3d1-cb45-134849ede762,survey,93035-4,Has season or migrant farm work been your or your family's main source of income at any point in past 2 years [PRAPARE],No,,text
2017-06-18T21:32:44Z,d57841fa-c9e2-a3d1-0e78-09bdbe4eed66,d57841fa-c9e2-a3d1-cb45-134849ede762,survey,32624-9,Race,White,,text
2017-06-18T21:32:44Z,d57841fa-c9e2-a3d1-0e78-09bdbe4eed66,d57841fa-c9e2-a3d1-cb45-134849ede762,survey,56051-6,Hispanic or Latino,No,,text
2017-06-18T22:01:25Z,d57841fa-c9e2-a3d1-0e78-09bdbe4eed66,d57841fa-c9e2-a3d1-cb45-134849ede762,survey,70274-6,Generalized anxiety disorder 7 item (GAD-7) total score [Reported.PHQ],7.0,{score},numeric
2017-06-18T22:38:56Z,d57841fa-c9e2-a3d1-0e78-09bdbe4eed66,d57841fa-c9e2-a3d1-cb45-134849ede762,survey,55758-7,Patient Health Questionnaire 2 item (PHQ-2) total score [Reported],0.0,{score},numeric
2017-06-18T23:21:04Z,d57841fa-c9e2-a3d1-0e78-09bdbe4eed66,d57841fa-c9e2-a3d1-cb45-134849ede762,survey,75626-2,Total score [AUDIT-C],1.0,{score},numeric
2018-06-24T20:49:24Z,d57841fa-c9e2-a3d1-0e78-09bdbe4eed66,d57841fa-c9e2-a3d1-0932-bd4d6c7c0257,laboratory,4548-4,Hemoglobin A1c/Hemoglobin.total in Blood,5.8,%,numeric
2018-06-24T20:49:24Z,d57841fa-c9e2-a3d1-0e78-09bdbe4eed66,d57841fa-c9e2-a3d1-0932-bd4d6c7c0257,vital-signs,8302-2,Body Height,160.8,cm,numeric
2018-06-24T20:49:24Z,d57841fa-c9e2-a3d1-0e78-09bdbe4eed66,d57841fa-c9e2-a3d1-0932-bd4d6c7c0257,vital-signs,72514-3,Pain severity - 0-10 verbal numeric rating [Score] - Reported,3.0,{score},numeric
2018-06-24T20:49:24Z,d57841fa-c9e2-a3d1-0e78-09bdbe4eed66,d57841fa-c9e2-a3d1-0932-bd4d6c7c0257,vital-signs,29463-7,Body Weight,71.9,kg,numeric
2018-06-24T20:49:24Z,d57841fa-c9e2-a3d1-0e78-09bdbe4eed66,d57841fa-c9e2-a3d1-0932-bd4d6c7c0257,vital-signs,39156-5,Body mass index (BMI) [Ratio],27.8,kg/m2,numeric
2018-06-24T20:49:24Z,d57841fa-c9e2-a3d1-0e78-09bdbe4eed66,d57841fa-c9e2-a3d1-0932-bd4d6c7c0257,vital-signs,8462-4,Diastolic Blood Pressure,72.0,mm[Hg],numeric
2018-06-24T20:49:24Z,d57841fa-c9e2-a3d1-0e78-09bdbe4eed66,d57841fa-c9e2-a3d1-0932-bd4d6c7c0257,vital-signs,8480-6,Systolic Blood Pressure,130.0,mm[Hg],numeric
2018-06-24T20:49:24Z,d57841fa-c9e2-a3d1-0e78-09bdbe4eed66,d57841fa-c9e2-a3d1-0932-bd4d6c7c0257,vital-signs,8867-4,Heart rate,89.0,/min,numeric
2018-06-24T20:49:24Z,d57841fa-c9e2-a3d1-0e78-09bdbe4eed66,d57841fa-c9e2-a3d1-0932-bd4d6c7c0257,vital-signs,9279-1,Respiratory rate,14.0,/min,numeric
2018-06-24T20:49:24Z,d57841fa-c9e2-a3d1-0e78-09bdbe4eed66,d57841fa-c9e2-a3d1-0932-bd4d6c7c0257,laboratory,2339-0,Glucose [Mass/volume] in Blood,66.8,mg/dL,numeric
2018-06-24T20:49:24Z,d57841fa-c9e2-a3d1-0e78-09bdbe4eed66,d57841fa-c9e2-a3d1-0932-bd4d6c7c0257,laboratory,6299-2,Urea nitrogen [Mass/volume] in Blood,9.9,mg/dL,numeric
2018-06-24T20:49:24Z,d57841fa-c9e2-a3d1-0e78-09bdbe4eed66,d57841fa-c9e2-a3d1-0932-bd4d6c7c0257,laboratory,38483-4,Creatinine [Mass/volume] in Blood,0.7,mg/dL,numeric
2018-06-24T20:49:24Z,d57841fa-c9e2-a3d1-0e78-09bdbe4eed66,d57841fa-c9e2-a3d1-0932-bd4d6c7c0257,laboratory,49765-1,Calcium [Mass/volume] in Blood,10.2,mg/dL,numeric
2018-06-24T20:49:24Z,d57841fa-c9e2-a3d1-0e78-09bdbe4eed66,d57841fa-c9e2-a3d1-0932-bd4d6c7c0257,laboratory,2947-0,Sodium [Moles/volume] in Blood,142.5,mmol/L,numeric
2018-06-24T20:49:24Z,d57841fa-c9e2-a3d1-0e78-09bdbe4eed66,d57841fa-c9e2-a3d1-0932-bd4d6c7c0257,laboratory,6298-4,Potassium [Moles/volume] in Blood,4.1,mmol/L,numeric
2018-06-24T20:49:24Z,d57841fa-c9e2-a3d1-0e78-09bdbe4eed66,d57841fa-c9e2-a3d1-0932-bd4d6c7c0257,laboratory,2069-3,Chloride [Moles/volume] in Blood,106.4,mmol/L,numeric
2018-06-24T20:49:24Z,d57841fa-c9e2-a3d1-0e78-09bdbe4eed66,d57841fa-c9e2-a3d1-0932-bd4d6c7c0257,laboratory,20565-8,Carbon dioxide  total [Moles/volume] in Blood,26.9,mmol/L,numeric
2018-06-24T20:49:24Z,d57841fa-c9e2-a3d1-0e78-09bdbe4eed66,d57841fa-c9e2-a3d1-0932-bd4d6c7c0257,laboratory,2093-3,Cholesterol [Mass/volume] in Serum or Plasma,199.7,mg/dL,numeric
2018-06-24T20:49:24Z,d57841fa-c9e2-a3d1-0e78-09bdbe4eed66,d57841fa-c9e2-a3d1-0932-bd4d6c7c0257,laboratory,2571-8,Triglyceride [Mass/volume] in Serum or Plasma,117.6,mg/dL,numeric
2018-06-24T20:49:24Z,d57841fa-c9e2-a3d1-0e78-09bdbe4eed66,d57841fa-c9e2-a3d1-0932-bd4d6c7c0257,laboratory,18262-6,Cholesterol in LDL [Mass/volume] in Serum or Plasma by Direct assay,119.0,mg/dL,numeric
2018-06-24T20:49:24Z,d57841fa-c9e2-a3d1-0e78-09bdbe4eed66,d57841fa-c9e2-a3d1-0932-bd4d6c7c0257,laboratory,2085-9,Cholesterol in HDL [Mass/volume] in Serum or Plasma,57.3,mg/dL,numeric
2018-06-24T20:49:24Z,d57841fa-c9e2-a3d1-0e78-09bdbe4eed66,d57841fa-c9e2-a3d1-0932-bd4d6c7c0257,social-history,72166-2,Tobacco smoking status,Ex-smoker (finding),,text
2018-06-24T21:30:11Z,d57841fa-c9e2-a3d1-0e78-09bdbe4eed66,d57841fa-c9e2-a3d1-0932-bd4d6c7c0257,survey,76501-6,Within the last year  have you been afraid of your partner or ex-partner,No,,text
2018-06-24T21:30:11Z,d57841fa-c9e2-a3d1-0e78-09bdbe4eed66,d57841fa-c9e2-a3d1-0932-bd4d6c7c0257,survey,93026-3,Do you feel physically and emotionally safe where you currently live [PRAPARE],Yes,,text
2018-06-24T21:30:11Z,d57841fa-c9e2-a3d1-0e78-09bdbe4eed66,d57841fa-c9e2-a3d1-0932-bd4d6c7c0257,survey,93027-1,Are you a refugee,No,,text
2018-06-24T21:30:11Z,d57841fa-c9e2-a3d1-0e78-09bdbe4eed66,d57841fa-c9e2-a3d1-0932-bd4d6c7c0257,survey,93028-9,Have you spent more than 2 nights in a row in a jail  prison  detention center  or juvenile correctional facility in past 1 year [PRAPARE],,,text
2018-06-24T21:30:11Z,d57841fa-c9e2-a3d1-0e78-09bdbe4eed66,d57841fa-c9e2-a3d1-0932-bd4d6c7c0257,survey,93038-8,Stress level,Not at all,,text
2018-06-24T21:30:11Z,d57841fa-c9e2-a3d1-0e78-09bdbe4eed66,d57841fa-c9e2-a3d1-0932-bd4d6c7c0257,survey,93029-7,How often do you see or talk to people that you care about and feel close to [PRAPARE],3 to 5 times a week,,text
2018-06-24T21:30:11Z,d57841fa-c9e2-a3d1-0e78-09bdbe4eed66,d57841fa-c9e2-a3d1-0932-bd4d6c7c0257,survey,93030-5,Has lack of transportation kept you from medical appointments  meetings  work  or from getting things needed for daily living,No,,text
2018-06-24T21:30:11Z,d57841fa-c9e2-a3d1-0e78-09bdbe4eed66,d57841fa-c9e2-a3d1-0932-bd4d6c7c0257,survey,93031-3,Have you or any family members you live with been unable to get any of the following when it was really needed in past 1 year [PRAPARE],I choose not to answer this question,,text
2018-06-24T21:30:11Z,d57841fa-c9e2-a3d1-0e78-09bdbe4eed66,d57841fa-c9e2-a3d1-0932-bd4d6c7c0257,survey,63586-2,What was your best estimate of the total income of all family members from all sources  before taxes  in last year [PhenX],145475,/a,text
2018-06-24T21:30:11Z,d57841fa-c9e2-a3d1-0e78-09bdbe4eed66,d57841fa-c9e2-a3d1-0932-bd4d6c7c0257,survey,76437-3,Primary insurance,,,text
2018-06-24T21:30:11Z,d57841fa-c9e2-a3d1-0e78-09bdbe4eed66,d57841fa-c9e2-a3d1-0932-bd4d6c7c0257,survey,67875-5,Employment status - current,Part-time or temporary work,,text
2018-06-24T21:30:11Z,d57841fa-c9e2-a3d1-0e78-09bdbe4eed66,d57841fa-c9e2-a3d1-0932-bd4d6c7c0257,survey,82589-3,Highest level of education,More than high school,,text
2018-06-24T21:30:11Z,d57841fa-c9e2-a3d1-0e78-09bdbe4eed66,d57841fa-c9e2-a3d1-0932-bd4d6c7c0257,survey,56799-0,Address,891 Mraz Bridge Apt 79,,text
2018-06-24T21:30:11Z,d57841fa-c9e2-a3d1-0e78-09bdbe4eed66,d57841fa-c9e2-a3d1-0932-bd4d6c7c0257,survey,93033-9,Are you worried about losing your housing [PRAPARE],No,,text
2018-06-24T21:30:11Z,d57841fa-c9e2-a3d1-0e78-09bdbe4eed66,d57841fa-c9e2-a3d1-0932-bd4d6c7c0257,survey,71802-3,Housing status,I have housing,,text
2018-06-24T21:30:11Z,d57841fa-c9e2-a3d1-0e78-09bdbe4eed66,d57841fa-c9e2-a3d1-0932-bd4d6c7c0257,survey,63512-8,How many people are living or staying at this address [#],8.0,{#},numeric
2018-06-24T21:30:11Z,d57841fa-c9e2-a3d1-0e78-09bdbe4eed66,d57841fa-c9e2-a3d1-0932-bd4d6c7c0257,survey,54899-0,Preferred language,English,,text
2018-06-24T21:30:11Z,d57841fa-c9e2-a3d1-0e78-09bdbe4eed66,d57841fa-c9e2-a3d1-0932-bd4d6c7c0257,survey,93034-7,Discharged from the U.S. Armed Forces,No,,text
2018-06-24T21:30:11Z,d57841fa-c9e2-a3d1-0e78-09bdbe4eed66,d57841fa-c9e2-a3d1-0932-bd4d6c7c0257,survey,93035-4,Has season or migrant farm work been your or your family's main source of income at any point in past 2 years [PRAPARE],No,,text
2018-06-24T21:30:11Z,d57841fa-c9e2-a3d1-0e78-09bdbe4eed66,d57841fa-c9e2-a3d1-0932-bd4d6c7c0257,survey,32624-9,Race,White,,text
2018-06-24T21:30:11Z,d57841fa-c9e2-a3d1-0e78-09bdbe4eed66,d57841fa-c9e2-a3d1-0932-bd4d6c7c0257,survey,56051-6,Hispanic or Latino,No,,text
2018-06-24T22:09:40Z,d57841fa-c9e2-a3d1-0e78-09bdbe4eed66,d57841fa-c9e2-a3d1-0932-bd4d6c7c0257,survey,55758-7,Patient Health Questionnaire 2 item (PHQ-2) total score [Reported],5.0,{score},numeric
2018-06-24T22:35:08Z,d57841fa-c9e2-a3d1-0e78-09bdbe4eed66,d57841fa-c9e2-a3d1-0932-bd4d6c7c0257,survey,44261-6,Patient Health Questionnaire 9 item (PHQ-9) total score [Reported],12.0,{score},numeric
2018-06-24T23:13:17Z,d57841fa-c9e2-a3d1-0e78-09bdbe4eed66,d57841fa-c9e2-a3d1-0932-bd4d6c7c0257,survey,82667-7,Total score [DAST-10],1.0,{score},numeric
2019-06-30T20:49:24Z,d57841fa-c9e2-a3d1-0e78-09bdbe4eed66,d57841fa-c9e2-a3d1-7aa4-8b79643052cb,laboratory,4548-4,Hemoglobin A1c/Hemoglobin.total in Blood,5.9,%,numeric
2019-06-30T20:49:24Z,d57841fa-c9e2-a3d1-0e78-09bdbe4eed66,d57841fa-c9e2-a3d1-7aa4-8b79643052cb,vital-signs,8302-2,Body Height,160.8,cm,numeric
2019-06-30T20:49:24Z,d57841fa-c9e2-a3d1-0e78-09bdbe4eed66,d57841fa-c9e2-a3d1-7aa4-8b79643052cb,vital-signs,72514-3,Pain severity - 0-10 verbal numeric rating [Score] - Reported,0.0,{score},numeric
2019-06-30T20:49:24Z,d57841fa-c9e2-a3d1-0e78-09bdbe4eed66,d57841fa-c9e2-a3d1-7aa4-8b79643052cb,vital-signs,29463-7,Body Weight,71.9,kg,numeric
2019-06-30T20:49:24Z,d57841fa-c9e2-a3d1-0e78-09bdbe4eed66,d57841fa-c9e2-a3d1-7aa4-8b79643052cb,vital-signs,39156-5,Body mass index (BMI) [Ratio],27.8,kg/m2,numeric
2019-06-30T20:49:24Z,d57841fa-c9e2-a3d1-0e78-09bdbe4eed66,d57841fa-c9e2-a3d1-7aa4-8b79643052cb,vital-signs,8462-4,Diastolic Blood Pressure,69.0,mm[Hg],numeric
2019-06-30T20:49:24Z,d57841fa-c9e2-a3d1-0e78-09bdbe4eed66,d57841fa-c9e2-a3d1-7aa4-8b79643052cb,vital-signs,8480-6,Systolic Blood Pressure,136.0,mm[Hg],numeric
2019-06-30T20:49:24Z,d57841fa-c9e2-a3d1-0e78-09bdbe4eed66,d57841fa-c9e2-a3d1-7aa4-8b79643052cb,vital-signs,8867-4,Heart rate,77.0,/min,numeric
2019-06-30T20:49:24Z,d57841fa-c9e2-a3d1-0e78-09bdbe4eed66,d57841fa-c9e2-a3d1-7aa4-8b79643052cb,vital-signs,9279-1,Respiratory rate,15.0,/min,numeric
2019-06-30T20:49:24Z,d57841fa-c9e2-a3d1-0e78-09bdbe4eed66,d57841fa-c9e2-a3d1-7aa4-8b79643052cb,laboratory,2339-0,Glucose [Mass/volume] in Blood,68.7,mg/dL,numeric
2019-06-30T20:49:24Z,d57841fa-c9e2-a3d1-0e78-09bdbe4eed66,d57841fa-c9e2-a3d1-7aa4-8b79643052cb,laboratory,6299-2,Urea nitrogen [Mass/volume] in Blood,11.1,mg/dL,numeric
2019-06-30T20:49:24Z,d57841fa-c9e2-a3d1-0e78-09bdbe4eed66,d57841fa-c9e2-a3d1-7aa4-8b79643052cb,laboratory,38483-4,Creatinine [Mass/volume] in Blood,0.7,,numeric
2019-06-30T20:49:24Z,d57841fa-c9e2-a3d1-0e78-09bdbe4eed66,d57841fa-c9e2-a3d1-7aa4-8b79643052cb,laboratory,49765-1,Calcium [Mass/volume] in Blood,10.1,mg/dL,numeric
2019-06-30T20:49:24Z,d57841fa-c9e2-a3d1-0e78-09bdbe4eed66,d57841fa-c9e2-a3d1-7aa4-8b79643052cb,laboratory,2947-0,Sodium [Moles/volume] in Blood,143.5,mmol/L,numeric
2019-06-30T20:49:24Z,d57841fa-c9e2-a3d1-0e78-09bdbe4eed66,d57841fa-c9e2-a3d1-7aa4-8b79643052cb,laboratory,6298-4,Potassium [Moles/volume] in Blood,4.7,mmol/L,numeric
2019-06-30T20:49:24Z,d57841fa-c9e2-a3d1-0e78-09bdbe4eed66,d57841fa-c9e2-a3d1-7aa4-8b79643052cb,laboratory,2069-3,Chloride [Moles/volume] in Blood,108.4,,numeric
2019-06-30T20:49:24Z,d57841fa-c9e2-a3d1-0e78-09bdbe4eed66,d57841fa-c9e2-a3d1-7aa4-8b79643052cb,laboratory,20565-8,Carbon dioxide  total [Moles/volume] in Blood,27.6,mmol/L,numeric
2019-06-30T20:49:24Z,d57841fa-c9e2-a3d1-0e78-09bdbe4eed66,d57841fa-c9e2-a3d1-7aa4-8b79643052cb,social-history,72166-2,Tobacco smoking status,Ex-smoker (finding),,text
2019-06-30T21:44:39Z,d57841fa-c9e2-a3d1-0e78-09bdbe4eed66,d57841fa-c9e2-a3d1-7aa4-8b79643052cb,survey,76501-6,Within the last year  have you been afraid of your partner or ex-partner,No,,text
2019-06-30T21:44:39Z,d57841fa-c9e2-a3d1-0e78-09bdbe4eed66,d57841fa-c9e2-a3d1-7aa4-8b79643052cb,survey,93026-3,Do you feel physically and emotionally safe where you currently live [PRAPARE],Yes,,text
2019-06-30T21:44:39Z,d57841fa-c9e2-a3d1-0e78-09bdbe4eed66,d57841fa-c9e2-a3d1-7aa4-8b79643052cb,survey,93027-1,Are you a refugee,No,,text
2019-06-30T21:44:39Z,d57841fa-c9e2-a3d1-0e78-09bdbe4eed66,d57841fa-c9e2-a3d1-7aa4-8b79643052cb,survey,93028-9,Have you spent more than 2 nights in a row in a jail  prison  detention center  or juvenile correctional facility in past 1 year [PRAPARE],Yes,,text
2019-06-30T21:44:39Z,d57841fa-c9e2-a3d1-0e78-09bdbe4eed66,d57841fa-c9e2-a3d1-7aa4-8b79643052cb,survey,93038-8,Stress level,Quite a bit,,text
2019-06-30T21:44:39Z,d57841fa-c9e2-a3d1-0e78-09bdbe4eed66,d57841fa-c9e2-a3d1-7aa4-8b79643052cb,survey,93029-7,How often do you see or talk to people that you care about and feel close to [PRAPARE],3 to 5 times a week,,text
2019-06-30T21:44:39Z,d57841fa-c9e2-a3d1-0e78-09bdbe4eed66,d57841fa-c9e2-a3d1-7aa4-8b79643052cb,survey,93030-5,Has lack of transportation kept you from medical appointments  meetings  work  or from getting things needed for daily living,No,,text
2019-06-30T21:44:39Z,d57841fa-c9e2-a3d1-0e78-09bdbe4eed66,d57841fa-c9e2-a3d1-7aa4-8b79643052cb,survey,93031-3,Have you or any family members you live with been unable to get any of the following when it was really needed in past 1 year [PRAPARE],I choose not to answer this question,,text
2019-06-30T21:44:39Z,d57841fa-c9e2-a3d1-0e78-09bdbe4eed66,d57841fa-c9e2-a3d1-7aa4-8b79643052cb,survey,63586-2,What was your best estimate of the total income of all family members from all sources  before taxes  in last year [PhenX],145475,/a,text
2019-06-30T21:44:39Z,d57841fa-c9e2-a3d1-0e78-09bdbe4eed66,d57841fa-c9e2-a3d1-7aa4-8b79643052cb,survey,76437-3,Primary insurance,Private insurance,,text
2019-06-30T21:44:39Z,d57841fa-c9e2-a3d1-0e78-09bdbe4eed66,d57841fa-c9e2-a3d1-7aa4-8b79643052cb,survey,67875-5,Employment status - current,Full-time work,,text
2019-06-30T21:44:39Z,d57841fa-c9e2-a3d1-0e78-09bdbe4eed66,d57841fa-c9e2-a3d1-7aa4-8b79643052cb,survey,82589-3,Highest level of education,More than high school,,text
2019-06-30T21:44:39Z,d57841fa-c9e2-a3d1-0e78-09bdbe4eed66,d57841fa-c9e2-a3d1-7aa4-8b79643052cb,survey,56799-0,Address,891 Mraz Bridge Apt 79,,text
2019-06-30T21:44:39Z,d57841fa-c9e2-a3d1-0e78-09bdbe4eed66,d57841fa-c9e2-a3d1-7aa4-8b79643052cb,survey,93033-9,Are you worried about losing your housing [PRAPARE],No,,text
2019-06-30T21:44:39Z,d57841fa-c9e2-a3d1-0e78-09bdbe4eed66,d57841fa-c9e2-a3d1-7aa4-8b79643052cb,survey,71802-3,Housing status,I have housing,,text
2019-06-30T21:44:39Z,d57841fa-c9e2-a3d1-0e78-09bdbe4eed66,d57841fa-c9e2-a3d1-7aa4-8b79643052cb,survey,63512-8,How many people are living or staying at this address [#],8.0,{#},numeric
2019-06-30T21:44:39Z,d57841fa-c9e2-a3d1-0e78-09bdbe4eed66,d57841fa-c9e2-a3d1-7aa4-8b79643052cb,survey,54899-0,Preferred language,English,,text
2019-06-30T21:44:39Z,d57841fa-c9e2-a3d1-0e78-09bdbe4eed66,d57841fa-c9e2-a3d1-7aa4-8b79643052cb,survey,93034-7,Discharged from the U.S. Armed Forces,No,,text
2019-06-30T21:44:39Z,d57841fa-c9e2-a3d1-0e78-09bdbe4eed66,d57841fa-c9e2-a3d1-7aa4-8b79643052cb,survey,93035-4,Has season or migrant farm work been your or your family's main source of income at any point in past 2 years [PRAPARE],No,,text
2019-06-30T21:44:39Z,d57841fa-c9e2-a3d1-0e78-09bdbe4eed66,d57841fa-c9e2-a3d1-7aa4-8b79643052cb,survey,32624-9,Race,White,,text
2019-06-30T21:44:39Z,d57841fa-c9e2-a3d1-0e78-09bdbe4eed66,d57841fa-c9e2-a3d1-7aa4-8b79643052cb,survey,56051-6,Hispanic or Latino,No,,text
2019-06-30T22:06:03Z,d57841fa-c9e2-a3d1-0e78-09bdbe4eed66,d57841fa-c9e2-a3d1-7aa4-8b79643052cb,survey,70274-6,Generalized anxiety disorder 7 item (GAD-7) total score [Reported.PHQ],4.0,{score},numeric
2019-06-30T22:45:45Z,d57841fa-c9e2-a3d1-0e78-09bdbe4eed66,d57841fa-c9e2-a3d1-7aa4-8b79643052cb,survey,55758-7,Patient Health Questionnaire 2 item (PHQ-2) total score [Reported],0.0,{score},numeric
2019-06-30T23:20:05Z,d57841fa-c9e2-a3d1-0e78-09bdbe4eed66,d57841fa-c9e2-a3d1-7aa4-8b79643052cb,survey,82667-7,Total score [DAST-10],1.0,{score},numeric
2019-07-07T20:49:24Z,d57841fa-c9e2-a3d1-0e78-09bdbe4eed66,d57841fa-c9e2-a3d1-c7eb-cf81387a23c3,laboratory,718-7,Hemoglobin [Mass/volume] in Blood,11.3,g/dL,numeric
2019-07-07T20:49:24Z,d57841fa-c9e2-a3d1-0e78-09bdbe4eed66,d57841fa-c9e2-a3d1-c7eb-cf81387a23c3,laboratory,20570-8,Hematocrit [Volume Fraction] of Blood by calculation,35.6,%,numeric
2019-07-07T20:49:24Z,d57841fa-c9e2-a3d1-0e78-09bdbe4eed66,d57841fa-c9e2-a3d1-c7eb-cf81387a23c3,laboratory,6690-2,Leukocytes [#/volume] in Blood by Automated count,4.8,10*3/uL,numeric
2019-07-07T20:49:24Z,d57841fa-c9e2-a3d1-0e78-09bdbe4eed66,d57841fa-c9e2-a3d1-c7eb-cf81387a23c3,laboratory,789-8,Erythrocytes [#/volume] in Blood by Automated count,5.1,10*6/uL,numeric
2019-07-07T20:49:24Z,d57841fa-c9e2-a3d1-0e78-09bdbe4eed66,d57841fa-c9e2-a3d1-c7eb-cf81387a23c3,laboratory,787-2,MCV [Entitic mean volume] in Red Blood Cells by Automated count,90.0,fL,numeric
2019-07-07T20:49:24Z,d57841fa-c9e2-a3d1-0e78-09bdbe4eed66,d57841fa-c9e2-a3d1-c7eb-cf81387a23c3,laboratory,785-6,MCH [Entitic mass] by Automated count,28.4,pg,numeric
2019-07-07T20:49:24Z,d57841fa-c9e2-a3d1-0e78-09bdbe4eed66,d57841fa-c9e2-a3d1-c7eb-cf81387a23c3,laboratory,786-4,MCHC [Entitic Mass/volume] in Red Blood Cells by Automated count,35.1,g/dL,numeric
2019-07-07T20:49:24Z,d57841fa-c9e2-a3d1-0e78-09bdbe4eed66,d57841fa-c9e2-a3d1-c7eb-cf81387a23c3,laboratory,788-0,Erythrocyte [DistWidth] in Blood by Automated count,39.9,fL,numeric
2019-07-07T20:49:24Z,d57841fa-c9e2-a3d1-0e78-09bdbe4eed66,d57841fa-c9e2-a3d1-c7eb-cf81387a23c3,laboratory,777-3,Platelets [#/volume] in Blood by Automated count,379.1,10*3/uL,numeric
2019-07-07T20:49:24Z,d57841fa-c9e2-a3d1-0e78-09bdbe4eed66,d57841fa-c9e2-a3d1-c7eb-cf81387a23c3,laboratory,32207-3,Platelet distribution width [Entitic volume] in Blood by Automated count,332.2,fL,numeric
2019-07-07T20:49:24Z,d57841fa-c9e2-a3d1-0e78-09bdbe4eed66,d57841fa-c9e2-a3d1-c7eb-cf81387a23c3,laboratory,32623-1,Platelet [Entitic mean volume] in Blood by Automated count,9.9,fL,numeric
2020-06-13T21:57:36Z,d57841fa-c9e2-a3d1-0e78-09bdbe4eed66,d57841fa-c9e2-a3d1-b0e0-2270f29bbaa6,procedure,33756-8,Polyp size greatest dimension,3.4,mm,numeric
2020-06-13T21:57:36Z,d57841fa-c9e2-a3d1-0e78-09bdbe4eed66,d57841fa-c9e2-a3d1-b0e0-2270f29bbaa6,laboratory,57905-2,Hemoglobin.gastrointestinal.lower [Presence] in Stool by Immunoassay --1st specimen,14.2,ng/mL,numeric
2020-07-05T20:49:24Z,d57841fa-c9e2-a3d1-0e78-09bdbe4eed66,d57841fa-c9e2-a3d1-6d02-b59528487972,laboratory,4548-4,Hemoglobin A1c/Hemoglobin.total in Blood,6.2,%,numeric
2020-07-05T20:49:24Z,d57841fa-c9e2-a3d1-0e78-09bdbe4eed66,d57841fa-c9e2-a3d1-6d02-b59528487972,vital-signs,8302-2,Body Height,160.8,cm,numeric
2020-07-05T20:49:24Z,d57841fa-c9e2-a3d1-0e78-09bdbe4eed66,d57841fa-c9e2-a3d1-6d02-b59528487972,vital-signs,72514-3,Pain severity - 0-10 verbal numeric rating [Score] - Reported,3.0,,numeric
2020-07-05T20:49:24Z,d57841fa-c9e2-a3d1-0e78-09bdbe4eed66,d57841fa-c9e2-a3d1-6d02-b59528487972,vital-signs,29463-7,Body Weight,71.9,kg,numeric
2020-07-05T20:49:24Z,d57841fa-c9e2-a3d1-0e78-09bdbe4eed66,d57841fa-c9e2-a3d1-6d02-b59528487972,vital-signs,39156-5,Body mass index (BMI) [Ratio],27.8,kg/m2,numeric
2020-07-05T20:49:24Z,d57841fa-c9e2-a3d1-0e78-09bdbe4eed66,d57841fa-c9e2-a3d1-6d02-b59528487972,vital-signs,8462-4,Diastolic Blood Pressure,72.0,mm[Hg],numeric
2020-07-05T20:49:24Z,d57841fa-c9e2-a3d1-0e78-09bdbe4eed66,d57841fa-c9e2-a3d1-6d02-b59528487972,vital-signs,8480-6,Systolic Blood Pressure,125.0,mm[Hg],numeric
2020-07-05T20:49:24Z,d57841fa-c9e2-a3d1-0e78-09bdbe4eed66,d57841fa-c9e2-a3d1-6d02-b59528487972,vital-signs,8867-4,Heart rate,73.0,/min,numeric
2020-07-05T20:49:24Z,d57841fa-c9e2-a3d1-0e78-09bdbe4eed66,d57841fa-c9e2-a3d1-6d02-b59528487972,vital-signs,9279-1,Respiratory rate,16.0,/min,numeric
2020-07-05T20:49:24Z,d57841fa-c9e2-a3d1-0e78-09bdbe4eed66,d57841fa-c9e2-a3d1-6d02-b59528487972,laboratory,2339-0,Glucose [Mass/volume] in Blood,92.5,mg/dL,numeric
2020-07-05T20:49:24Z,d57841fa-c9e2-a3d1-0e78-09bdbe4eed66,d57841fa-c9e2-a3d1-6d02-b59528487972,laboratory,6299-2,Urea nitrogen [Mass/volume] in Blood,9.3,mg/dL,numeric
2020-07-05T20:49:24Z,d57841fa-c9e2-a3d1-0e78-09bdbe4eed66,d57841fa-c9e2-a3d1-6d02-b59528487972,laboratory,38483-4,Creatinine [Mass/volume] in Blood,0.7,,numeric
2020-07-05T20:49:24Z,d57841fa-c9e2-a3d1-0e78-09bdbe4eed66,d57841fa-c9e2-a3d1-6d02-b59528487972,laboratory,49765-1,Calcium [Mass/volume] in Blood,9.6,mg/dL,numeric
2020-07-05T20:49:24Z,d57841fa-c9e2-a3d1-0e78-09bdbe4eed66,d57841fa-c9e2-a3d1-6d02-b59528487972,laboratory,2947-0,Sodium [Moles/volume] in Blood,137.3,,numeric
2020-07-05T20:49:24Z,d57841fa-c9e2-a3d1-0e78-09bdbe4eed66,d57841fa-c9e2-a3d1-6d02-b59528487972,laboratory,6298-4,Potassium [Moles/volume] in Blood,4.6,mmol/L,numeric
2020-07-05T20:49:24Z,d57841fa-c9e2-a3d1-0e78-09bdbe4eed66,d57841fa-c9e2-a3d1-6d02-b59528487972,laboratory,2069-3,Chloride [Moles/volume] in Blood,106.2,mmol/L,numeric
2020-07-05T20:49:24Z,d57841fa-c9e2-a3d1-0e78-09bdbe4eed66,d57841fa-c9e2-a3d1-6d02-b59528487972,laboratory,20565-8,Carbon dioxide  total [Moles/volume] in Blood,28.2,mmol/L,numeric
2020-07-05T20:49:24Z,d57841fa-c9e2-a3d1-0e78-09bdbe4eed66,d57841fa-c9e2-a3d1-6d02-b59528487972,laboratory,6690-2,Leukocytes [#/volume] in Blood by Automated count,6.3,10*3/uL,numeric
2020-07-05T20:49:24Z,d57841fa-c9e2-a3d1-0e78-09bdbe4eed66,d57841fa-c9e2-a3d1-6d02-b59528487972,laboratory,789-8,Erythrocytes [#/volume] in Blood by Automated count,4.5,10*6/uL,numeric
2020-07-05T20:49:24Z,d57841fa-c9e2-a3d1-0e78-09bdbe4eed66,d57841fa-c9e2-a3d1-6d02-b59528487972,laboratory,718-7,Hemoglobin [Mass/volume] in Blood,12.2,g/dL,numeric
2020-07-05T20:49:24Z,d57841fa-c9e2-a3d1-0e78-09bdbe4eed66,d57841fa-c9e2-a3d1-6d02-b59528487972,laboratory,4544-3,Hematocrit [Volume Fraction] of Blood by Automated count,38.1,%,numeric
2020-07-05T20:49:24Z,d57841fa-c9e2-a3d1-0e78-09bdbe4eed66,d57841fa-c9e2-a3d1-6d02-b59528487972,laboratory,787-2,MCV [Entitic mean volume] in Red Blood Cells by Automated count,89.1,fL,numeric
2020-07-05T20:49:24Z,d57841fa-c9e2-a3d1-0e78-09bdbe4eed66,d57841fa-c9e2-a3d1-6d02-b59528487972,laboratory,785-6,MCH [Entitic mass] by Automated count,31.4,pg,numeric
2020-07-05T20:49:24Z,d57841fa-c9e2-a3d1-0e78-09bdbe4eed66,d57841fa-c9e2-a3d1-6d02-b59528487972,laboratory,786-4,MCHC [Entitic Mass/volume] in Red Blood Cells by Automated count,35.4,g/dL,numeric
2020-07-05T20:49:24Z,d57841fa-c9e2-a3d1-0e78-09bdbe4eed66,d57841fa-c9e2-a3d1-6d02-b59528487972,laboratory,788-0,Erythrocyte [DistWidth] in Blood by Automated count,41.8,fL,numeric
2020-07-05T20:49:24Z,d57841fa-c9e2-a3d1-0e78-09bdbe4eed66,d57841fa-c9e2-a3d1-6d02-b59528487972,laboratory,777-3,Platelets [#/volume] in Blood by Automated count,152.8,10*3/uL,numeric
2020-07-05T20:49:24Z,d57841fa-c9e2-a3d1-0e78-09bdbe4eed66,d57841fa-c9e2-a3d1-6d02-b59528487972,laboratory,32207-3,Platelet distribution width [Entitic volume] in Blood by Automated count,374.2,fL,numeric
2020-07-05T20:49:24Z,d57841fa-c9e2-a3d1-0e78-09bdbe4eed66,d57841fa-c9e2-a3d1-6d02-b59528487972,laboratory,32623-1,Platelet [Entitic mean volume] in Blood by Automated count,11.7,,numeric
2020-07-05T20:49:24Z,d57841fa-c9e2-a3d1-0e78-09bdbe4eed66,d57841fa-c9e2-a3d1-6d02-b59528487972,social-history,72166-2,Tobacco smoking status,Ex-smoker (finding),,text
2020-07-05T21:40:25Z,d57841fa-c9e2-a3d1-0e78-09bdbe4eed66,d57841fa-c9e2-a3d1-6d02-b59528487972,survey,76501-6,Within the last year  have you been afraid of your partner or ex-partner,No,,text
2020-07-05T21:40:25Z,d57841fa-c9e2-a3d1-0e78-09bdbe4eed66,d57841fa-c9e2-a3d1-6d02-b59528487972,survey,93026-3,Do you feel physically and emotionally safe where you currently live [PRAPARE],Yes,,text
2020-07-05T21:40:25Z,d57841fa-c9e2-a3d1-0e78-09bdbe4eed66,d57841fa-c9e2-a3d1-6d02-b59528487972,survey,93027-1,Are you a refugee,,,text
2020-07-05T21:40:25Z,d57841fa-c9e2-a3d1-0e78-09bdbe4eed66,d57841fa-c9e2-a3d1-6d02-b59528487972,survey,93028-9,Have you spent more than 2 nights in a row in a jail  prison  detention center  or juvenile correctional facility in past 1 year [PRAPARE],Yes,,text
2020-07-05T21:40:25Z,d57841fa-c9e2-a3d1-0e78-09bdbe4eed66,d57841fa-c9e2-a3d1-6d02-b59528487972,survey,93038-8,Stress level,Not at all,,text
2020-07-05T21:40:25Z,d57841fa-c9e2-a3d1-0e78-09bdbe4eed66,d57841fa-c9e2-a3d1-6d02-b59528487972,survey,93029-7,How often do you see or talk to people that you care about and feel close to [PRAPARE],3 to 5 times a week,,text
2020-07-05T21:40:25Z,d57841fa-c9e2-a3d1-0e78-09bdbe4eed66,d57841fa-c9e2-a3d1-6d02-b59528487972,survey,93030-5,Has lack of transportation kept you from medical appointments  meetings  work  or from getting things needed for daily living,No,,text
2020-07-05T21:40:25Z,d57841fa-c9e2-a3d1-0e78-09bdbe4eed66,d57841fa-c9e2-a3d1-6d02-b59528487972,survey,93031-3,Have you or any family members you live with been unable to get any of the following when it was really needed in past 1 year [PRAPARE],Clothing,,text
2020-07-05T21:40:25Z,d57841fa-c9e2-a3d1-0e78-09bdbe4eed66,d57841fa-c9e2-a3d1-6d02-b59528487972,survey,63586-2,What was your best estimate of the total income of all family members from all sources  before taxes  in last year [PhenX],145475,/a,text
2020-07-05T21:40:25Z,d57841fa-c9e2-a3d1-0e78-09bdbe4eed66,d57841fa-c9e2-a3d1-6d02-b59528487972,survey,76437-3,Primary insurance,Private insurance,,text
2020-07-05T21:40:25Z,d57841fa-c9e2-a3d1-0e78-09bdbe4eed66,d57841fa-c9e2-a3d1-6d02-b59528487972,survey,67875-5,Employment status - current,Full-time work,,text
2020-07-05T21:40:25Z,d57841fa-c9e2-a3d1-0e78-09bdbe4eed66,d57841fa-c9e2-a3d1-6d02-b59528487972,survey,82589-3,Highest level of education,More than high school,,text
2020-07-05T21:40:25Z,d57841fa-c9e2-a3d1-0e78-09bdbe4eed66,d57841fa-c9e2-a3d1-6d02-b59528487972,survey,56799-0,Address,891 Mraz Bridge Apt 79,,text
2020-07-05T21:40:25Z,d57841fa-c9e2-a3d1-0e78-09bdbe4eed66,d57841fa-c9e2-a3d1-6d02-b59528487972,survey,93033-9,Are you worried about losing your housing [PRAPARE],No,,text
2020-07-05T21:40:25Z,d57841fa-c9e2-a3d1-0e78-09bdbe4eed66,d57841fa-c9e2-a3d1-6d02-b59528487972,survey,71802-3,Housing status,I have housing,,text
2020-07-05T21:40:25Z,d57841fa-c9e2-a3d1-0e78-09bdbe4eed66,d57841fa-c9e2-a3d1-6d02-b59528487972,survey,63512-8,How many people are living or staying at this address [#],8.0,{#},numeric
2020-07-05T21:40:25Z,d57841fa-c9e2-a3d1-0e78-09bdbe4eed66,d57841fa-c9e2-a3d1-6d02-b59528487972,survey,54899-0,Preferred language,English,,text
2020-07-05T21:40:25Z,d57841fa-c9e2-a3d1-0e78-09bdbe4eed66,d57841fa-c9e2-a3d1-6d02-b59528487972,survey,93034-7,Discharged from the U.S. Armed Forces,No,,text
2020-07-05T21:40:25Z,d57841fa-c9e2-a3d1-0e78-09bdbe4eed66,d57841fa-c9e2-a3d1-6d02-b59528487972,survey,93035-4,Has season or migrant farm work been your or your family's main source of income at any point in past 2 years [PRAPARE],No,,text
2020-07-05T21:40:25Z,d57841fa-c9e2-a3d1-0e78-09bdbe4eed66,d57841fa-c9e2-a3d1-6d02-b59528487972,survey,32624-9,Race,White,,text
2020-07-05T21:40:25Z,d57841fa-c9e2-a3d1-0e78-09bdbe4eed66,d57841fa-c9e2-a3d1-6d02-b59528487972,survey,56051-6,Hispanic or Latino,No,,text
2020-07-05T22:04:55Z,d57841fa-c9e2-a3d1-0e78-09bdbe4eed66,d57841fa-c9e2-a3d1-6d02-b59528487972,survey,70274-6,Generalized anxiety disorder 7 item (GAD-7) total score [Reported.PHQ],14.0,{score},numeric
2020-07-05T22:43:53Z,d57841fa-c9e2-a3d1-0e78-09bdbe4eed66,d57841fa-c9e2-a3d1-6d02-b59528487972,survey,55758-7,Patient Health Questionnaire 2 item (PHQ-2) total score [Reported],2.0,{score},numeric
2020-07-05T23:23:55Z,d57841fa-c9e2-a3d1-0e78-09bdbe4eed66,d57841fa-c9e2-a3d1-6d02-b59528487972,survey,75626-2,Total score [AUDIT-C],0.0,{score},numeric
2021-07-11T20:49:24Z,d57841fa-c9e2-a3d1-0e78-09bdbe4eed66,d57841fa-c9e2-a3d1-00a6-772279306868,laboratory,4548-4,Hemoglobin A1c/Hemoglobin.total in Blood,5.8,%,numeric
2021-07-11T20:49:24Z,d57841fa-c9e2-a3d1-0e78-09bdbe4eed66,d57841fa-c9e2-a3d1-00a6-772279306868,vital-signs,8302-2,Body Height,160.8,cm,numeric
2021-07-11T20:49:24Z,d57841fa-c9e2-a3d1-0e78-09bdbe4eed66,d57841fa-c9e2-a3d1-00a6-772279306868,vital-signs,72514-3,Pain severity - 0-10 verbal numeric rating [Score] - Reported,2.0,{score},numeric
2021-07-11T20:49:24Z,d57841fa-c9e2-a3d1-0e78-09bdbe4eed66,d57841fa-c9e2-a3d1-00a6-772279306868,vital-signs,29463-7,Body Weight,71.9,kg,numeric
2021-07-11T20:49:24Z,d57841fa-c9e2-a3d1-0e78-09bdbe4eed66,d57841fa-c9e2-a3d1-00a6-772279306868,vital-signs,39156-5,Body mass index (BMI) [Ratio],27.8,kg/m2,numeric
2021-07-11T20:49:24Z,d57841fa-c9e2-a3d1-0e78-09bdbe4eed66,d57841fa-c9e2-a3d1-00a6-772279306868,vital-signs,8462-4,Diastolic Blood Pressure,70.0,mm[Hg],numeric
2021-07-11T20:49:24Z,d57841fa-c9e2-a3d1-0e78-09bdbe4eed66,d57841fa-c9e2-a3d1-00a6-772279306868,vital-signs,8480-6,Systolic Blood Pressure,130.0,mm[Hg],numeric
2021-07-11T20:49:24Z,d57841fa-c9e2-a3d1-0e78-09bdbe4eed66,d57841fa-c9e2-a3d1-00a6-772279306868,vital-signs,8867-4,Heart rate,71.0,/min,numeric
2021-07-11T20:49:24Z,d57841fa-c9e2-a3d1-0e78-09bdbe4eed66,d57841fa-c9e2-a3d1-00a6-772279306868,vital-signs,9279-1,Respiratory rate,14.0,/min,numeric
2021-07-11T20:49:24Z,d57841fa-c9e2-a3d1-0e78-09bdbe4eed66,d57841fa-c9e2-a3d1-00a6-772279306868,laboratory,2339-0,Glucose [Mass/volume] in Blood,64.7,mg/dL,numeric
2021-07-11T20:49:24Z,d57841fa-c9e2-a3d1-0e78-09bdbe4eed66,d57841fa-c9e2-a3d1-00a6-772279306868,laboratory,6299-2,Urea nitrogen [Mass/volume] in Blood,8.1,mg/dL,numeric
2021-07-11T20:49:24Z,d57841fa-c9e2-a3d1-0e78-09bdbe4eed66,d57841fa-c9e2-a3d1-00a6-772279306868,laboratory,38483-4,Creatinine [Mass/volume] in Blood,0.7,mg/dL,numeric
2021-07-11T20:49:24Z,d57841fa-c9e2-a3d1-0e78-09bdbe4eed66,d57841fa-c9e2-a3d1-00a6-772279306868,laboratory,49765-1,Calcium [Mass/volume] in Blood,9.0,mg/dL,numeric
2021-07-11T20:49:24Z,d57841fa-c9e2-a3d1-0e78-09bdbe4eed66,d57841fa-c9e2-a3d1-00a6-772279306868,laboratory,2947-0,Sodium [Moles/volume] in Blood,141.4,mmol/L,numeric
2021-07-11T20:49:24Z,d57841fa-c9e2-a3d1-0e78-09bdbe4eed66,d57841fa-c9e2-a3d1-00a6-772279306868,laboratory,6298-4,Potassium [Moles/volume] in Blood,4.6,mmol/L,numeric
2021-07-11T20:49:24Z,d57841fa-c9e2-a3d1-0e78-09bdbe4eed66,d57841fa-c9e2-a3d1-00a6-772279306868,laboratory,2069-3,Chloride [Moles/volume] in Blood,110.0,mmol/L,numeric
2021-07-11T20:49:24Z,d57841fa-c9e2-a3d1-0e78-09bdbe4eed66,d57841fa-c9e2-a3d1-00a6-772279306868,laboratory,20565-8,Carbon dioxide  total [Moles/volume] in Blood,28.0,mmol/L,numeric
2021-07-11T20:49:24Z,d57841fa-c9e2-a3d1-0e78-09bdbe4eed66,d57841fa-c9e2-a3d1-00a6-772279306868,laboratory,2093-3,Cholesterol [Mass/volume] in Serum or Plasma,205.4,mg/dL,numeric
2021-07-11T20:49:24Z,d57841fa-c9e2-a3d1-0e78-09bdbe4eed66,d57841fa-c9e2-a3d1-00a6-772279306868,laboratory,2571-8,Triglyceride [Mass/volume] in Serum or Plasma,134.8,mg/dL,numeric
2021-07-11T20:49:24Z,d57841fa-c9e2-a3d1-0e78-09bdbe4eed66,d57841fa-c9e2-a3d1-00a6-772279306868,laboratory,18262-6,Cholesterol in LDL [Mass/volume] in Serum or Plasma by Direct assay,113.6,mg/dL,numeric
2021-07-11T20:49:24Z,d57841fa-c9e2-a3d1-0e78-09bdbe4eed66,d57841fa-c9e2-a3d1-00a6-772279306868,laboratory,2085-9,Cholesterol in HDL [Mass/volume] in Serum or Plasma,64.9,mg/dL,numeric
2021-07-11T20:49:24Z,d57841fa-c9e2-a3d1-0e78-09bdbe4eed66,d57841fa-c9e2-a3d1-00a6-772279306868,social-history,72166-2,Tobacco smoking status,Ex-smoker (finding),,text
2021-07-11T21:36:17Z,d57841fa-c9e2-a3d1-0e78-09bdbe4eed66,d57841fa-c9e2-a3d1-00a6-772279306868,survey,76501-6,Within the last year  have you been afraid of your partner or ex-partner,No,,text
2021-07-11T21:36:17Z,d57841fa-c9e2-a3d1-0e78-09bdbe4eed66,d57841fa-c9e2-a3d1-00a6-772279306868,survey,93026-3,Do you feel physically and emotionally safe where you currently live [PRAPARE],Yes,,text
2021-07-11T21:36:17Z,d57841fa-c9e2-a3d1-0e78-09bdbe4eed66,d57841fa-c9e2-a3d1-00a6-772279306868,survey,93027-1,Are you a refugee,No,,text
2021-07-11T21:36:17Z,d57841fa-c9e2-a3d1-0e78-09bdbe4eed66,d57841fa-c9e2-a3d1-00a6-772279306868,survey,93028-9,Have you spent more than 2 nights in a row in a jail  prison  detention center  or juvenile correctional facility in past 1 year [PRAPARE],Yes,,text
2021-07-11T21:36:17Z,d57841fa-c9e2-a3d1-0e78-09bdbe4eed66,d57841fa-c9e2-a3d1-00a6-772279306868,survey,93038-8,Stress level,,,text
2021-07-11T21:36:17Z,d57841fa-c9e2-a3d1-0e78-09bdbe4eed66,d57841fa-c9e2-a3d1-00a6-772279306868,survey,93029-7,How often do you see or talk to people that you care about and feel close to [PRAPARE],5 or more times a week,,text
2021-07-11T21:36:17Z,d57841fa-c9e2-a3d1-0e78-09bdbe4eed66,d57841fa-c9e2-a3d1-00a6-772279306868,survey,93030-5,Has lack of transportation kept you from medical appointments  meetings  work  or from getting things needed for daily living,No,,text
2021-07-11T21:36:17Z,d57841fa-c9e2-a3d1-0e78-09bdbe4eed66,d57841fa-c9e2-a3d1-00a6-772279306868,survey,93031-3,Have you or any family members you live with been unable to get any of the following when it was really needed in past 1 year [PRAPARE],I choose not to answer this question,,text
2021-07-11T21:36:17Z,d57841fa-c9e2-a3d1-0e78-09bdbe4eed66,d57841fa-c9e2-a3d1-00a6-772279306868,survey,63586-2,What was your best estimate of the total income of all family members from all sources  before taxes  in last year [PhenX],145475,/a,text
2021-07-11T21:36:17Z,d57841fa-c9e2-a3d1-0e78-09bdbe4eed66,d57841fa-c9e2-a3d1-00a6-772279306868,survey,76437-3,Primary insurance,Private insurance,,text
2021-07-11T21:36:17Z,d57841fa-c9e2-a3d1-0e78-09bdbe4eed66,d57841fa-c9e2-a3d1-00a6-772279306868,survey,67875-5,Employment status - current,,,text
2021-07-11T21:36:17Z,d57841fa-c9e2-a3d1-0e78-09bdbe4eed66,d57841fa-c9e2-a3d1-00a6-772279306868,survey,82589-3,Highest level of education,More than high school,,text
2021-07-11T21:36:17Z,d57841fa-c9e2-a3d1-0e78-09bdbe4eed66,d57841fa-c9e2-a3d1-00a6-772279306868,survey,56799-0,Address,891 Mraz Bridge Apt 79,,text
2021-07-11T21:36:17Z,d57841fa-c9e2-a3d1-0e78-09bdbe4eed66,d57841fa-c9e2-a3d1-00a6-772279306868,survey,93033-9,Are you worried about losing your housing [PRAPARE],No,,text
2021-07-11T21:36:17Z,d57841fa-c9e2-a3d1-0e78-09bdbe4eed66,d57841fa-c9e2-a3d1-00a6-772279306868,survey,71802-3,Housing status,I have housing,,text
2021-07-11T21:36:17Z,d57841fa-c9e2-a3d1-0e78-09bdbe4eed66,d57841fa-c9e2-a3d1-00a6-772279306868,survey,63512-8,How many people are living or staying at this address [#],8.0,{#},numeric
2021-07-11T21:36:17Z,d57841fa-c9e2-a3d1-0e78-09bdbe4eed66,d57841fa-c9e2-a3d1-00a6-772279306868,survey,54899-0,Preferred language,English,,text
2021-07-11T21:36:17Z,d57841fa-c9e2-a3d1-0e78-09bdbe4eed66,d57841fa-c9e2-a3d1-00a6-772279306868,survey,93034-7,Discharged from the U.S. Armed Forces,No,,text
2021-07-11T21:36:17Z,d57841fa-c9e2-a3d1-0e78-09bdbe4eed66,d57841fa-c9e2-a3d1-00a6-772279306868,survey,93035-4,Has season or migrant farm work been your or your family's main source of income at any point in past 2 years [PRAPARE],No,,text
2021-07-11T21:36:17Z,d57841fa-c9e2-a3d1-0e78-09bdbe4eed66,d57841fa-c9e2-a3d1-00a6-772279306868,survey,32624-9,Race,White,,text
2021-07-11T21:36:17Z,d57841fa-c9e2-a3d1-0e78-09bdbe4eed66,d57841fa-c9e2-a3d1-00a6-772279306868,survey,56051-6,Hispanic or Latino,No,,text
2021-07-11T22:19:16Z,d57841fa-c9e2-a3d1-0e78-09bdbe4eed66,d57841fa-c9e2-a3d1-00a6-772279306868,survey,55758-7,Patient Health Questionnaire 2 item (PHQ-2) total score [Reported],2.0,{score},numeric
2021-07-11T22:52:01Z,d57841fa-c9e2-a3d1-0e78-09bdbe4eed66,d57841fa-c9e2-a3d1-00a6-772279306868,survey,75626-2,Total score [AUDIT-C],1.0,{score},numeric
2022-07-17T20:49:24Z,d57841fa-c9e2-a3d1-0e78-09bdbe4eed66,d57841fa-c9e2-a3d1-f5c9-1762ece38cec,laboratory,4548-4,Hemoglobin A1c/Hemoglobin.total in Blood,6.4,%,numeric
2022-07-17T20:49:24Z,d57841fa-c9e2-a3d1-0e78-09bdbe4eed66,d57841fa-c9e2-a3d1-f5c9-1762ece38cec,vital-signs,8302-2,Body Height,160.8,cm,numeric
2022-07-17T20:49:24Z,d57841fa-c9e2-a3d1-0e78-09bdbe4eed66,d57841fa-c9e2-a3d1-f5c9-1762ece38cec,vital-signs,72514-3,Pain severity - 0-10 verbal numeric rating [Score] - Reported,3.0,{score},numeric
2022-07-17T20:49:24Z,d57841fa-c9e2-a3d1-0e78-09bdbe4eed66,d57841fa-c9e2-a3d1-f5c9-1762ece38cec,vital-signs,29463-7,Body Weight,71.9,kg,numeric
2022-07-17T20:49:24Z,d57841fa-c9e2-a3d1-0e78-09bdbe4eed66,d57841fa-c9e2-a3d1-f5c9-1762ece38cec,vital-signs,39156-5,Body mass index (BMI) [Ratio],27.8,kg/m2,numeric
2022-07-17T20:49:24Z,d57841fa-c9e2-a3d1-0e78-09bdbe4eed66,d57841fa-c9e2-a3d1-f5c9-1762ece38cec,vital-signs,8462-4,Diastolic Blood Pressure,73.0,mm[Hg],numeric
2022-07-17T20:49:24Z,d57841fa-c9e2-a3d1-0e78-09bdbe4eed66,d57841fa-c9e2-a3d1-f5c9-1762ece38cec,vital-signs,8480-6,Systolic Blood Pressure,130.0,mm[Hg],numeric
2022-07-17T20:49:24Z,d57841fa-c9e2-a3d1-0e78-09bdbe4eed66,d57841fa-c9e2-a3d1-f5c9-1762ece38cec,vital-signs,8867-4,Heart rate,63.0,/min,numeric
2022-07-17T20:49:24Z,d57841fa-c9e2-a3d1-0e78-09bdbe4eed66,d57841fa-c9e2-a3d1-f5c9-1762ece38cec,vital-signs,9279-1,Respiratory rate,15.0,/min,numeric
2022-07-17T20:49:24Z,d57841fa-c9e2-a3d1-0e78-09bdbe4eed66,d57841fa-c9e2-a3d1-f5c9-1762ece38cec,laboratory,2339-0,Glucose [Mass/volume] in Blood,70.1,mg/dL,numeric
2022-07-17T20:49:24Z,d57841fa-c9e2-a3d1-0e78-09bdbe4eed66,d57841fa-c9e2-a3d1-f5c9-1762ece38cec,laboratory,6299-2,Urea nitrogen [Mass/volume] in Blood,19.1,mg/dL,numeric
2022-07-17T20:49:24Z,d57841fa-c9e2-a3d1-0e78-09bdbe4eed66,d57841fa-c9e2-a3d1-f5c9-1762ece38cec,laboratory,38483-4,Creatinine [Mass/volume] in Blood,0.8,mg/dL,numeric
2022-07-17T20:49:24Z,d57841fa-c9e2-a3d1-0e78-09bdbe4eed66,d57841fa-c9e2-a3d1-f5c9-1762ece38cec,laboratory,49765-1,Calcium [Mass/volume] in Blood,10.1,mg/dL,numeric
2022-07-17T20:49:24Z,d57841fa-c9e2-a3d1-0e78-09bdbe4eed66,d57841fa-c9e2-a3d1-f5c9-1762ece38cec,laboratory,2947-0,Sodium [Moles/volume] in Blood,137.2,mmol/L,numeric
2022-07-17T20:49:24Z,d57841fa-c9e2-a3d1-0e78-09bdbe4eed66,d57841fa-c9e2-a3d1-f5c9-1762ece38cec,laboratory,6298-4,Potassium [Moles/volume] in Blood,4.0,mmol/L,numeric
2022-07-17T20:49:24Z,d57841fa-c9e2-a3d1-0e78-09bdbe4eed66,d57841fa-c9e2-a3d1-f5c9-1762ece38cec,laboratory,2069-3,Chloride [Moles/volume] in Blood,101.7,mmol/L,numeric
2022-07-17T20:49:24Z,d57841fa-c9e2-a3d1-0e78-09bdbe4eed66,d57841fa-c9e2-a3d1-f5c9-1762ece38cec,laboratory,20565-8,Carbon dioxide  total [Moles/volume] in Blood,28.9,mmol/L,numeric
2022-07-17T20:49:24Z,d57841fa-c9e2-a3d1-0e78-09bdbe4eed66,d57841fa-c9e2-a3d1-f5c9-1762ece38cec,social-history,72166-2,Tobacco smoking status,Ex-smoker (finding),,text
2022-07-17T21:46:57Z,d57841fa-c9e2-a3d1-0e78-09bdbe4eed66,d57841fa-c9e2-a3d1-f5c9-1762ece38cec,survey,76501-6,Within the last year  have you been afraid of your partner or ex-partner,No,,text
2022-07-17T21:46:57Z,d57841fa-c9e2-a3d1-0e78-09bdbe4eed66,d57841fa-c9e2-a3d1-f5c9-1762ece38cec,survey,93026-3,Do you feel physically and emotionally safe where you currently live [PRAPARE],Yes,,text
2022-07-17T21:46:57Z,d57841fa-c9e2-a3d1-0e78-09bdbe4eed66,d57841fa-c9e2-a3d1-f5c9-1762ece38cec,survey,93027-1,Are you a refugee,No,,text
2022-07-17T21:46:57Z,d57841fa-c9e2-a3d1-0e78-09bdbe4eed66,d57841fa-c9e2-a3d1-f5c9-1762ece38cec,survey,93028-9,Have you spent more than 2 nights in a row in a jail  prison  detention center  or juvenile correctional facility in past 1 year [PRAPARE],Yes,,text
2022-07-17T21:46:57Z,d57841fa-c9e2-a3d1-0e78-09bdbe4eed66,d57841fa-c9e2-a3d1-f5c9-1762ece38cec,survey,93038-8,Stress level,A little bit,,text
2022-07-17T21:46:57Z,d57841fa-c9e2-a3d1-0e78-09bdbe4eed66,d57841fa-c9e2-a3d1-f5c9-1762ece38cec,survey,93029-7,How often do you see or talk to people that you care about and feel close to [PRAPARE],3 to 5 times a week,,text
2022-07-17T21:46:57Z,d57841fa-c9e2-a3d1-0e78-09bdbe4eed66,d57841fa-c9e2-a3d1-f5c9-1762ece38cec,survey,93030-5,Has lack of transportation kept you from medical appointments  meetings  work  or from getting things needed for daily living,No,,text
2022-07-17T21:46:57Z,d57841fa-c9e2-a3d1-0e78-09bdbe4eed66,d57841fa-c9e2-a3d1-f5c9-1762ece38cec,survey,93031-3,Have you or any family members you live with been unable to get any of the following when it was really needed in past 1 year [PRAPARE],I choose not to answer this question,,text
2022-07-17T21:46:57Z,d57841fa-c9e2-a3d1-0e78-09bdbe4eed66,d57841fa-c9e2-a3d1-f5c9-1762ece38cec,survey,63586-2,What was your best estimate of the total income of all family members from all sources  before taxes  in last year [PhenX],145475,/a,text
2022-07-17T21:46:57Z,d57841fa-c9e2-a3d1-0e78-09bdbe4eed66,d57841fa-c9e2-a3d1-f5c9-1762ece38cec,survey,76437-3,Primary insurance,,,text
2022-07-17T21:46:57Z,d57841fa-c9e2-a3d1-0e78-09bdbe4eed66,d57841fa-c9e2-a3d1-f5c9-1762ece38cec,survey,67875-5,Employment status - current,Unemployed,,text
2022-07-17T21:46:57Z,d57841fa-c9e2-a3d1-0e78-09bdbe4eed66,d57841fa-c9e2-a3d1-f5c9-1762ece38cec,survey,82589-3,Highest level of education,More than high school,,text
2022-07-17T21:46:57Z,d57841fa-c9e2-a3d1-0e78-09bdbe4eed66,d57841fa-c9e2-a3d1-f5c9-1762ece38cec,survey,56799-0,Address,891 Mraz Bridge Apt 79,,text
2022-07-17T21:46:57Z,d57841fa-c9e2-a3d1-0e78-09bdbe4eed66,d57841fa-c9e2-a3d1-f5c9-1762ece38cec,survey,93033-9,Are you worried about losing your housing [PRAPARE],No,,text
2022-07-17T21:46:57Z,d57841fa-c9e2-a3d1-0e78-09bdbe4eed66,d57841fa-c9e2-a3d1-f5c9-1762ece38cec,survey,71802-3,Housing status,I have housing,,text
2022-07-17T21:46:57Z,d57841fa-c9e2-a3d1-0e78-09bdbe4eed66,d57841fa-c9e2-a3d1-f5c9-1762ece38cec,survey,63512-8,How many people are living or staying at this address [#],8.0,{#},numeric
2022-07-17T21:46:57Z,d57841fa-c9e2-a3d1-0e78-09bdbe4eed66,d57841fa-c9e2-a3d1-f5c9-1762ece38cec,survey,54899-0,Preferred language,English,,text
2022-07-17T21:46:57Z,d57841fa-c9e2-a3d1-0e78-09bdbe4eed66,d57841fa-c9e2-a3d1-f5c9-1762ece38cec,survey,93034-7,Discharged from the U.S. Armed Forces,No,,text
2022-07-17T21:46:57Z,d57841fa-c9e2-a3d1-0e78-09bdbe4eed66,d57841fa-c9e2-a3d1-f5c9-1762ece38cec,survey,93035-4,Has season or migrant farm work been your or your family's main source of income at any point in past 2 years [PRAPARE],No,,text
2022-07-17T21:46:57Z,d57841fa-c9e2-a3d1-0e78-09bdbe4eed66,d57841fa-c9e2-a3d1-f5c9-1762ece38cec,survey,32624-9,Race,White,,text
2022-07-17T21:46:57Z,d57841fa-c9e2-a3d1-0e78-09bdbe4eed66,d57841fa-c9e2-a3d1-f5c9-1762ece38cec,survey,56051-6,Hispanic or Latino,No,,text
2022-07-17T22:03:13Z,d57841fa-c9e2-a3d1-0e78-09bdbe4eed66,d57841fa-c9e2-a3d1-f5c9-1762ece38cec,survey,70274-6,Generalized anxiety disorder 7 item (GAD-7) total score [Reported.PHQ],3.0,{score},numeric
2022-07-17T22:33:25Z,d57841fa-c9e2-a3d1-0e78-09bdbe4eed66,d57841fa-c9e2-a3d1-f5c9-1762ece38cec,survey,76504-0,Total score [HARK],0.0,{score},numeric
2022-07-17T23:15:26Z,d57841fa-c9e2-a3d1-0e78-09bdbe4eed66,d57841fa-c9e2-a3d1-f5c9-1762ece38cec,survey,55758-7,Patient Health Questionnaire 2 item (PHQ-2) total score [Reported],2.0,{score},numeric
2022-07-17T23:53:30Z,d57841fa-c9e2-a3d1-0e78-09bdbe4eed66,d57841fa-c9e2-a3d1-f5c9-1762ece38cec,survey,75626-2,Total score [AUDIT-C],0.0,{score},numeric
2023-07-23T20:49:24Z,d57841fa-c9e2-a3d1-0e78-09bdbe4eed66,d57841fa-c9e2-a3d1-7524-128ad4fac6e3,laboratory,4548-4,Hemoglobin A1c/Hemoglobin.total in Blood,6.1,%,numeric
2023-07-23T20:49:24Z,d57841fa-c9e2-a3d1-0e78-09bdbe4eed66,d57841fa-c9e2-a3d1-7524-128ad4fac6e3,vital-signs,8302-2,Body Height,160.8,,numeric
2023-07-23T20:49:24Z,d57841fa-c9e2-a3d1-0e78-09bdbe4eed66,d57841fa-c9e2-a3d1-7524-128ad4fac6e3,vital-signs,72514-3,Pain severity - 0-10 verbal numeric rating [Score] - Reported,1.0,{score},numeric
2023-07-23T20:49:24Z,d57841fa-c9e2-a3d1-0e78-09bdbe4eed66,d57841fa-c9e2-a3d1-7524-128ad4fac6e3,vital-signs,29463-7,Body Weight,71.9,kg,numeric
2023-07-23T20:49:24Z,d57841fa-c9e2-a3d1-0e78-09bdbe4eed66,d57841fa-c9e2-a3d1-7524-128ad4fac6e3,vital-signs,39156-5,Body mass index (BMI) [Ratio],27.8,kg/m2,numeric
2023-07-23T20:49:24Z,d57841fa-c9e2-a3d1-0e78-09bdbe4eed66,d57841fa-c9e2-a3d1-7524-128ad4fac6e3,vital-signs,8462-4,Diastolic Blood Pressure,73.0,mm[Hg],numeric
2023-07-23T20:49:24Z,d57841fa-c9e2-a3d1-0e78-09bdbe4eed66,d57841fa-c9e2-a3d1-7524-128ad4fac6e3,vital-signs,8480-6,Systolic Blood Pressure,117.0,mm[Hg],numeric
2023-07-23T20:49:24Z,d57841fa-c9e2-a3d1-0e78-09bdbe4eed66,d57841fa-c9e2-a3d1-7524-128ad4fac6e3,vital-signs,8867-4,Heart rate,68.0,/min,numeric
2023-07-23T20:49:24Z,d57841fa-c9e2-a3d1-0e78-09bdbe4eed66,d57841fa-c9e2-a3d1-7524-128ad4fac6e3,vital-signs,9279-1,Respiratory rate,14.0,/min,numeric
2023-07-23T20:49:24Z,d57841fa-c9e2-a3d1-0e78-09bdbe4eed66,d57841fa-c9e2-a3d1-7524-128ad4fac6e3,laboratory,2339-0,Glucose [Mass/volume] in Blood,93.8,mg/dL,numeric
2023-07-23T20:49:24Z,d57841fa-c9e2-a3d1-0e78-09bdbe4eed66,d57841fa-c9e2-a3d1-7524-128ad4fac6e3,laboratory,6299-2,Urea nitrogen [Mass/volume] in Blood,10.9,mg/dL,numeric
2023-07-23T20:49:24Z,d57841fa-c9e2-a3d1-0e78-09bdbe4eed66,d57841fa-c9e2-a3d1-7524-128ad4fac6e3,laboratory,38483-4,Creatinine [Mass/volume] in Blood,0.8,mg/dL,numeric
2023-07-23T20:49:24Z,d57841fa-c9e2-a3d1-0e78-09bdbe4eed66,d57841fa-c9e2-a3d1-7524-128ad4fac6e3,laboratory,49765-1,Calcium [Mass/volume] in Blood,8.7,mg/dL,numeric
2023-07-23T20:49:24Z,d57841fa-c9e2-a3d1-0e78-09bdbe4eed66,d57841fa-c9e2-a3d1-7524-128ad4fac6e3,laboratory,2947-0,Sodium [Moles/volume] in Blood,144.0,mmol/L,numeric
2023-07-23T20:49:24Z,d57841fa-c9e2-a3d1-0e78-09bdbe4eed66,d57841fa-c9e2-a3d1-7524-128ad4fac6e3,laboratory,6298-4,Potassium [Moles/volume] in Blood,4.2,mmol/L,numeric
2023-07-23T20:49:24Z,d57841fa-c9e2-a3d1-0e78-09bdbe4eed66,d57841fa-c9e2-a3d1-7524-128ad4fac6e3,laboratory,2069-3,Chloride [Moles/volume] in Blood,108.4,mmol/L,numeric
2023-07-23T20:49:24Z,d57841fa-c9e2-a3d1-0e78-09bdbe4eed66,d57841fa-c9e2-a3d1-7524-128ad4fac6e3,laboratory,20565-8,Carbon dioxide  total [Moles/volume] in Blood,22.6,mmol/L,numeric
2023-07-23T20:49:24Z,d57841fa-c9e2-a3d1-0e78-09bdbe4eed66,d57841fa-c9e2-a3d1-7524-128ad4fac6e3,social-history,72166-2,Tobacco smoking status,Ex-smoker (finding),,text
2023-07-23T21:45:57Z,d57841fa-c9e2-a3d1-0e78-09bdbe4eed66,d57841fa-c9e2-a3d1-7524-128ad4fac6e3,survey,76501-6,Within the last year  have you been afraid of your partner or ex-partner,No,,text
2023-07-23T21:45:57Z,d57841fa-c9e2-a3d1-0e78-09bdbe4eed66,d57841fa-c9e2-a3d1-7524-128ad4fac6e3,survey,93026-3,Do you feel physically and emotionally safe where you currently live [PRAPARE],Yes,,text
2023-07-23T21:45:57Z,d57841fa-c9e2-a3d1-0e78-09bdbe4eed66,d57841fa-c9e2-a3d1-7524-128ad4fac6e3,survey,93027-1,Are you a refugee,No,,text
2023-07-23T21:45:57Z,d57841fa-c9e2-a3d1-0e78-09bdbe4eed66,d57841fa-c9e2-a3d1-7524-128ad4fac6e3,survey,93028-9,Have you spent more than 2 nights in a row in a jail  prison  detention center  or juvenile correctional facility in past 1 year [PRAPARE],,,text
2023-07-23T21:45:57Z,d57841fa-c9e2-a3d1-0e78-09bdbe4eed66,d57841fa-c9e2-a3d1-7524-128ad4fac6e3,survey,93038-8,Stress level,Not at all,,text
2023-07-23T21:45:57Z,d57841fa-c9e2-a3d1-0e78-09bdbe4eed66,d57841fa-c9e2-a3d1-7524-128ad4fac6e3,survey,93029-7,How often do you see or talk to people that you care about and feel close to [PRAPARE],3 to 5 times a week,,text
2023-07-23T21:45:57Z,d57841fa-c9e2-a3d1-0e78-09bdbe4eed66,d57841fa-c9e2-a3d1-7524-128ad4fac6e3,survey,93030-5,Has lack of transportation kept you from medical appointments  meetings  work  or from getting things needed for daily living,No,,text
2023-07-23T21:45:57Z,d57841fa-c9e2-a3d1-0e78-09bdbe4eed66,d57841fa-c9e2-a3d1-7524-128ad4fac6e3,survey,93031-3,Have you or any family members you live with been unable to get any of the following when it was really needed in past 1 year [PRAPARE],I choose not to answer this question,,text
2023-07-23T21:45:57Z,d57841fa-c9e2-a3d1-0e78-09bdbe4eed66,d57841fa-c9e2-a3d1-7524-128ad4fac6e3,survey,63586-2,What was your best estimate of the total income of all family members from all sources  before taxes  in last year [PhenX],145475,/a,text
2023-07-23T21:45:57Z,d57841fa-c9e2-a3d1-0e78-09bdbe4eed66,d57841fa-c9e2-a3d1-7524-128ad4fac6e3,survey,76437-3,Primary insurance,Private insurance,,text
2023-07-23T21:45:57Z,d57841fa-c9e2-a3d1-0e78-09bdbe4eed66,d57841fa-c9e2-a3d1-7524-128ad4fac6e3,survey,67875-5,Employment status - current,Otherwise unemployed but not seeking work (ex: student  retired  disabled  unpaid primary care giver),,text
2023-07-23T21:45:57Z,d57841fa-c9e2-a3d1-0e78-09bdbe4eed66,d57841fa-c9e2-a3d1-7524-128ad4fac6e3,survey,82589-3,Highest level of education,More than high school,,text
2023-07-23T21:45:57Z,d57841fa-c9e2-a3d1-0e78-09bdbe4eed66,d57841fa-c9e2-a3d1-7524-128ad4fac6e3,survey,56799-0,Address,891 Mraz Bridge Apt 79,,text
2023-07-23T21:45:57Z,d57841fa-c9e2-a3d1-0e78-09bdbe4eed66,d57841fa-c9e2-a3d1-7524-128ad4fac6e3,survey,93033-9,Are you worried about losing your housing [PRAPARE],No,,text
2023-07-23T21:45:57Z,d57841fa-c9e2-a3d1-0e78-09bdbe4eed66,d57841fa-c9e2-a3d1-7524-128ad4fac6e3,survey,71802-3,Housing status,I have housing,,text
2023-07-23T21:45:57Z,d57841fa-c9e2-a3d1-0e78-09bdbe4eed66,d57841fa-c9e2-a3d1-7524-128ad4fac6e3,survey,63512-8,How many people are living or staying at this address [#],8.0,{#},numeric
2023-07-23T21:45:57Z,d57841fa-c9e2-a3d1-0e78-09bdbe4eed66,d57841fa-c9e2-a3d1-7524-128ad4fac6e3,survey,54899-0,Preferred language,English,,text
2023-07-23T21:45:57Z,d57841fa-c9e2-a3d1-0e78-09bdbe4eed66,d57841fa-c9e2-a3d1-7524-128ad4fac6e3,survey,93034-7,Discharged from the U.S. Armed Forces,No,,text
2023-07-23T21:45:57Z,d57841fa-c9e2-a3d1-0e78-09bdbe4eed66,d57841fa-c9e2-a3d1-7524-128ad4fac6e3,survey,93035-4,Has season or migrant farm work been your or your family's main source of income at any point in past 2 years [PRAPARE],No,,text
2023-07-23T21:45:57Z,d57841fa-c9e2-a3d1-0e78-09bdbe4eed66,d57841fa-c9e2-a3d1-7524-128ad4fac6e3,survey,32624-9,Race,White,,text
2023-07-23T21:45:57Z,d57841fa-c9e2-a3d1-0e78-09bdbe4eed66,d57841fa-c9e2-a3d1-7524-128ad4fac6e3,survey,56051-6,Hispanic or Latino,No,,text
2023-07-23T22:05:51Z,d57841fa-c9e2-a3d1-0e78-09bdbe4eed66,d57841fa-c9e2-a3d1-7524-128ad4fac6e3,survey,70274-6,Generalized anxiety disorder 7 item (GAD-7) total score [Reported.PHQ],6.0,{score},numeric
2023-07-23T22:43:59Z,d57841fa-c9e2-a3d1-0e78-09bdbe4eed66,d57841fa-c9e2-a3d1-7524-128ad4fac6e3,survey,55758-7,Patient Health Questionnaire 2 item (PHQ-2) total score [Reported],2.0,{score},numeric
2024-07-28T20:49:24Z,d57841fa-c9e2-a3d1-0e78-09bdbe4eed66,d57841fa-c9e2-a3d1-fc95-55e48f257d75,laboratory,4548-4,Hemoglobin A1c/Hemoglobin.total in Blood,6.1,%,numeric
2024-07-28T20:49:24Z,d57841fa-c9e2-a3d1-0e78-09bdbe4eed66,d57841fa-c9e2-a3d1-fc95-55e48f257d75,vital-signs,8302-2,Body Height,160.8,cm,numeric
2024-07-28T20:49:24Z,d57841fa-c9e2-a3d1-0e78-09bdbe4eed66,d57841fa-c9e2-a3d1-fc95-55e48f257d75,vital-signs,72514-3,Pain severity - 0-10 verbal numeric rating [Score] - Reported,0.0,{score},numeric
2024-07-28T20:49:24Z,d57841fa-c9e2-a3d1-0e78-09bdbe4eed66,d57841fa-c9e2-a3d1-fc95-55e48f257d75,vital-signs,29463-7,Body Weight,71.9,kg,numeric
2024-07-28T20:49:24Z,d57841fa-c9e2-a3d1-0e78-09bdbe4eed66,d57841fa-c9e2-a3d1-fc95-55e48f257d75,vital-signs,39156-5,Body mass index (BMI) [Ratio],27.8,kg/m2,numeric
2024-07-28T20:49:24Z,d57841fa-c9e2-a3d1-0e78-09bdbe4eed66,d57841fa-c9e2-a3d1-fc95-55e48f257d75,vital-signs,8462-4,Diastolic Blood Pressure,73.0,mm[Hg],numeric
2024-07-28T20:49:24Z,d57841fa-c9e2-a3d1-0e78-09bdbe4eed66,d57841fa-c9e2-a3d1-fc95-55e48f257d75,vital-signs,8480-6,Systolic Blood Pressure,137.0,mm[Hg],numeric
2024-07-28T20:49:24Z,d57841fa-c9e2-a3d1-0e78-09bdbe4eed66,d57841fa-c9e2-a3d1-fc95-55e48f257d75,vital-signs,8867-4,Heart rate,65.0,/min,numeric
2024-07-28T20:49:24Z,d57841fa-c9e2-a3d1-0e78-09bdbe4eed66,d57841fa-c9e2-a3d1-fc95-55e48f257d75,vital-signs,9279-1,Respiratory rate,13.0,/min,numeric
2024-07-28T20:49:24Z,d57841fa-c9e2-a3d1-0e78-09bdbe4eed66,d57841fa-c9e2-a3d1-fc95-55e48f257d75,laboratory,2339-0,Glucose [Mass/volume] in Blood,66.2,mg/dL,numeric
2024-07-28T20:49:24Z,d57841fa-c9e2-a3d1-0e78-09bdbe4eed66,d57841fa-c9e2-a3d1-fc95-55e48f257d75,laboratory,6299-2,Urea nitrogen [Mass/volume] in Blood,,mg/dL,numeric
2024-07-28T20:49:24Z,d57841fa-c9e2-a3d1-0e78-09bdbe4eed66,d57841fa-c9e2-a3d1-fc95-55e48f257d75,laboratory,38483-4,Creatinine [Mass/volume] in Blood,0.7,mg/dL,numeric
2024-07-28T20:49:24Z,d57841fa-c9e2-a3d1-0e78-09bdbe4eed66,d57841fa-c9e2-a3d1-fc95-55e48f257d75,laboratory,49765-1,Calcium [Mass/volume] in Blood,8.6,mg/dL,numeric
2024-07-28T20:49:24Z,d57841fa-c9e2-a3d1-0e78-09bdbe4eed66,d57841fa-c9e2-a3d1-fc95-55e48f257d75,laboratory,2947-0,Sodium [Moles/volume] in Blood,136.9,mmol/L,numeric
2024-07-28T20:49:24Z,d57841fa-c9e2-a3d1-0e78-09bdbe4eed66,d57841fa-c9e2-a3d1-fc95-55e48f257d75,laboratory,6298-4,Potassium [Moles/volume] in Blood,4.3,mmol/L,numeric
2024-07-28T20:49:24Z,d57841fa-c9e2-a3d1-0e78-09bdbe4eed66,d57841fa-c9e2-a3d1-fc95-55e48f257d75,laboratory,2069-3,Chloride [Moles/volume] in Blood,103.5,,numeric
2024-07-28T20:49:24Z,d57841fa-c9e2-a3d1-0e78-09bdbe4eed66,d57841fa-c9e2-a3d1-fc95-55e48f257d75,laboratory,20565-8,Carbon dioxide  total [Moles/volume] in Blood,28.4,mmol/L,numeric
2024-07-28T20:49:24Z,d57841fa-c9e2-a3d1-0e78-09bdbe4eed66,d57841fa-c9e2-a3d1-fc95-55e48f257d75,laboratory,2093-3,Cholesterol [Mass/volume] in Serum or Plasma,124.1,mg/dL,numeric
2024-07-28T20:49:24Z,d57841fa-c9e2-a3d1-0e78-09bdbe4eed66,d57841fa-c9e2-a3d1-fc95-55e48f257d75,laboratory,2571-8,Triglyceride [Mass/volume] in Serum or Plasma,132.4,mg/dL,numeric
2024-07-28T20:49:24Z,d57841fa-c9e2-a3d1-0e78-09bdbe4eed66,d57841fa-c9e2-a3d1-fc95-55e48f257d75,laboratory,18262-6,Cholesterol in LDL [Mass/volume] in Serum or Plasma by Direct assay,42.9,mg/dL,numeric
2024-07-28T20:49:24Z,d57841fa-c9e2-a3d1-0e78-09bdbe4eed66,d57841fa-c9e2-a3d1-fc95-55e48f257d75,laboratory,2085-9,Cholesterol in HDL [Mass/volume] in Serum or Plasma,54.7,mg/dL,numeric
2024-07-28T20:49:24Z,d57841fa-c9e2-a3d1-0e78-09bdbe4eed66,d57841fa-c9e2-a3d1-fc95-55e48f257d75,social-history,72166-2,Tobacco smoking status,Ex-smoker (finding),,text
2024-07-28T21:48:11Z,d57841fa-c9e2-a3d1-0e78-09bdbe4eed66,d57841fa-c9e2-a3d1-fc95-55e48f257d75,survey,76501-6,Within the last year  have you been afraid of your partner or ex-partner,No,,text
2024-07-28T21:48:11Z,d57841fa-c9e2-a3d1-0e78-09bdbe4eed66,d57841fa-c9e2-a3d1-fc95-55e48f257d75,survey,93026-3,Do you feel physically and emotionally safe where you currently live [PRAPARE],Yes,,text
2024-07-28T21:48:11Z,d57841fa-c9e2-a3d1-0e78-09bdbe4eed66,d57841fa-c9e2-a3d1-fc95-55e48f257d75,survey,93027-1,Are you a refugee,No,,text
2024-07-28T21:48:11Z,d57841fa-c9e2-a3d1-0e78-09bdbe4eed66,d57841fa-c9e2-a3d1-fc95-55e48f257d75,survey,93028-9,Have you spent more than 2 nights in a row in a jail  prison  detention center  or juvenile correctional facility in past 1 year [PRAPARE],Yes,,text
2024-07-28T21:48:11Z,d57841fa-c9e2-a3d1-0e78-09bdbe4eed66,d57841fa-c9e2-a3d1-fc95-55e48f257d75,survey,93038-8,Stress level,Not at all,,text
2024-07-28T21:48:11Z,d57841fa-c9e2-a3d1-0e78-09bdbe4eed66,d57841fa-c9e2-a3d1-fc95-55e48f257d75,survey,93029-7,How often do you see or talk to people that you care about and feel close to [PRAPARE],3 to 5 times a week,,text
2024-07-28T21:48:11Z,d57841fa-c9e2-a3d1-0e78-09bdbe4eed66,d57841fa-c9e2-a3d1-fc95-55e48f257d75,survey,93030-5,Has lack of transportation kept you from medical appointments  meetings  work  or from getting things needed for daily living,No,,text
2024-07-28T21:48:11Z,d57841fa-c9e2-a3d1-0e78-09bdbe4eed66,d57841fa-c9e2-a3d1-fc95-55e48f257d75,survey,93031-3,Have you or any family members you live with been unable to get any of the following when it was really needed in past 1 year [PRAPARE],I choose not to answer this question,,text
2024-07-28T21:48:11Z,d57841fa-c9e2-a3d1-0e78-09bdbe4eed66,d57841fa-c9e2-a3d1-fc95-55e48f257d75,survey,63586-2,What was your best estimate of the total income of all family members from all sources  before taxes  in last year [PhenX],145475,/a,text
2024-07-28T21:48:11Z,d57841fa-c9e2-a3d1-0e78-09bdbe4eed66,d57841fa-c9e2-a3d1-fc95-55e48f257d75,survey,76437-3,Primary insurance,Private insurance,,text
2024-07-28T21:48:11Z,d57841fa-c9e2-a3d1-0e78-09bdbe4eed66,d57841fa-c9e2-a3d1-fc95-55e48f257d75,survey,67875-5,Employment status - current,Part-time or temporary work,,text
2024-07-28T21:48:11Z,d57841fa-c9e2-a3d1-0e78-09bdbe4eed66,d57841fa-c9e2-a3d1-fc95-55e48f257d75,survey,82589-3,Highest level of education,More than high school,,text
2024-07-28T21:48:11Z,d57841fa-c9e2-a3d1-0e78-09bdbe4eed66,d57841fa-c9e2-a3d1-fc95-55e48f257d75,survey,56799-0,Address,891 Mraz Bridge Apt 79,,text
2024-07-28T21:48:11Z,d57841fa-c9e2-a3d1-0e78-09bdbe4eed66,d57841fa-c9e2-a3d1-fc95-55e48f257d75,survey,93033-9,Are you worried about losing your housing [PRAPARE],No,,text
2024-07-28T21:48:11Z,d57841fa-c9e2-a3d1-0e78-09bdbe4eed66,d57841fa-c9e2-a3d1-fc95-55e48f257d75,survey,71802-3,Housing status,I have housing,,text
2024-07-28T21:48:11Z,d57841fa-c9e2-a3d1-0e78-09bdbe4eed66,d57841fa-c9e2-a3d1-fc95-55e48f257d75,survey,63512-8,How many people are living or staying at this address [#],8.0,{#},numeric
2024-07-28T21:48:11Z,d57841fa-c9e2-a3d1-0e78-09bdbe4eed66,d57841fa-c9e2-a3d1-fc95-55e48f257d75,survey,54899-0,Preferred language,English,,text
2024-07-28T21:48:11Z,d57841fa-c9e2-a3d1-0e78-09bdbe4eed66,d57841fa-c9e2-a3d1-fc95-55e48f257d75,survey,93034-7,Discharged from the U.S. Armed Forces,No,,text
2024-07-28T21:48:11Z,d57841fa-c9e2-a3d1-0e78-09bdbe4eed66,d57841fa-c9e2-a3d1-fc95-55e48f257d75,survey,93035-4,Has season or migrant farm work been your or your family's main source of income at any point in past 2 years [PRAPARE],No,,text
2024-07-28T21:48:11Z,d57841fa-c9e2-a3d1-0e78-09bdbe4eed66,d57841fa-c9e2-a3d1-fc95-55e48f257d75,survey,32624-9,Race,White,,text
2024-07-28T21:48:11Z,d57841fa-c9e2-a3d1-0e78-09bdbe4eed66,d57841fa-c9e2-a3d1-fc95-55e48f257d75,survey,56051-6,Hispanic or Latino,No,,text
2025-08-03T20:49:24Z,d57841fa-c9e2-a3d1-0e78-09bdbe4eed66,d57841fa-c9e2-a3d1-2cbe-8f76f8cf28ff,laboratory,4548-4,Hemoglobin A1c/Hemoglobin.total in Blood,6.1,%,numeric
2025-08-03T20:49:24Z,d57841fa-c9e2-a3d1-0e78-09bdbe4eed66,d57841fa-c9e2-a3d1-2cbe-8f76f8cf28ff,vital-signs,8302-2,Body Height,160.8,cm,numeric
2025-08-03T20:49:24Z,d57841fa-c9e2-a3d1-0e78-09bdbe4eed66,d57841fa-c9e2-a3d1-2cbe-8f76f8cf28ff,vital-signs,72514-3,Pain severity - 0-10 verbal numeric rating [Score] - Reported,0.0,{score},numeric
2025-08-03T20:49:24Z,d57841fa-c9e2-a3d1-0e78-09bdbe4eed66,d57841fa-c9e2-a3d1-2cbe-8f76f8cf28ff,vital-signs,29463-7,Body Weight,71.9,kg,numeric
2025-08-03T20:49:24Z,d57841fa-c9e2-a3d1-0e78-09bdbe4eed66,d57841fa-c9e2-a3d1-2cbe-8f76f8cf28ff,vital-signs,39156-5,Body mass index (BMI) [Ratio],27.8,kg/m2,numeric
2025-08-03T20:49:24Z,d57841fa-c9e2-a3d1-0e78-09bdbe4eed66,d57841fa-c9e2-a3d1-2cbe-8f76f8cf28ff,vital-signs,8462-4,Diastolic Blood Pressure,67.0,mm[Hg],numeric
2025-08-03T20:49:24Z,d57841fa-c9e2-a3d1-0e78-09bdbe4eed66,d57841fa-c9e2-a3d1-2cbe-8f76f8cf28ff,vital-signs,8480-6,Systolic Blood Pressure,125.0,mm[Hg],numeric
2025-08-03T20:49:24Z,d57841fa-c9e2-a3d1-0e78-09bdbe4eed66,d57841fa-c9e2-a3d1-2cbe-8f76f8cf28ff,vital-signs,8867-4,Heart rate,84.0,/min,numeric
2025-08-03T20:49:24Z,d57841fa-c9e2-a3d1-0e78-09bdbe4eed66,d57841fa-c9e2-a3d1-2cbe-8f76f8cf28ff,vital-signs,9279-1,Respiratory rate,16.0,/min,numeric
2025-08-03T20:49:24Z,d57841fa-c9e2-a3d1-0e78-09bdbe4eed66,d57841fa-c9e2-a3d1-2cbe-8f76f8cf28ff,laboratory,2339-0,Glucose [Mass/volume] in Blood,67.2,mg/dL,numeric
2025-08-03T20:49:24Z,d57841fa-c9e2-a3d1-0e78-09bdbe4eed66,d57841fa-c9e2-a3d1-2cbe-8f76f8cf28ff,laboratory,6299-2,Urea nitrogen [Mass/volume] in Blood,17.1,mg/dL,numeric
2025-08-03T20:49:24Z,d57841fa-c9e2-a3d1-0e78-09bdbe4eed66,d57841fa-c9e2-a3d1-2cbe-8f76f8cf28ff,laboratory,38483-4,Creatinine [Mass/volume] in Blood,0.8,mg/dL,numeric
2025-08-03T20:49:24Z,d57841fa-c9e2-a3d1-0e78-09bdbe4eed66,d57841fa-c9e2-a3d1-2cbe-8f76f8cf28ff,laboratory,49765-1,Calcium [Mass/volume] in Blood,9.0,mg/dL,numeric
2025-08-03T20:49:24Z,d57841fa-c9e2-a3d1-0e78-09bdbe4eed66,d57841fa-c9e2-a3d1-2cbe-8f76f8cf28ff,laboratory,2947-0,Sodium [Moles/volume] in Blood,142.6,mmol/L,numeric
2025-08-03T20:49:24Z,d57841fa-c9e2-a3d1-0e78-09bdbe4eed66,d57841fa-c9e2-a3d1-2cbe-8f76f8cf28ff,laboratory,6298-4,Potassium [Moles/volume] in Blood,4.3,mmol/L,numeric
2025-08-03T20:49:24Z,d57841fa-c9e2-a3d1-0e78-09bdbe4eed66,d57841fa-c9e2-a3d1-2cbe-8f76f8cf28ff,laboratory,2069-3,Chloride [Moles/volume] in Blood,109.7,mmol/L,numeric
2025-08-03T20:49:24Z,d57841fa-c9e2-a3d1-0e78-09bdbe4eed66,d57841fa-c9e2-a3d1-2cbe-8f76f8cf28ff,laboratory,20565-8,Carbon dioxide  total [Moles/volume] in Blood,20.8,mmol/L,numeric
2025-08-03T20:49:24Z,d57841fa-c9e2-a3d1-0e78-09bdbe4eed66,d57841fa-c9e2-a3d1-2cbe-8f76f8cf28ff,laboratory,6690-2,Leukocytes [#/volume] in Blood by Automated count,9.5,10*3/uL,numeric
2025-08-03T20:49:24Z,d57841fa-c9e2-a3d1-0e78-09bdbe4eed66,d57841fa-c9e2-a3d1-2cbe-8f76f8cf28ff,laboratory,789-8,Erythrocytes [#/volume] in Blood by Automated count,4.7,10*6/uL,numeric
2025-08-03T20:49:24Z,d57841fa-c9e2-a3d1-0e78-09bdbe4eed66,d57841fa-c9e2-a3d1-2cbe-8f76f8cf28ff,laboratory,718-7,Hemoglobin [Mass/volume] in Blood,17.5,g/dL,numeric
2025-08-03T20:49:24Z,d57841fa-c9e2-a3d1-0e78-09bdbe4eed66,d57841fa-c9e2-a3d1-2cbe-8f76f8cf28ff,laboratory,4544-3,Hematocrit [Volume Fraction] of Blood by Automated count,39.4,%,numeric
2025-08-03T20:49:24Z,d57841fa-c9e2-a3d1-0e78-09bdbe4eed66,d57841fa-c9e2-a3d1-2cbe-8f76f8cf28ff,laboratory,787-2,MCV [Entitic mean volume] in Red Blood Cells by Automated count,86.8,fL,numeric
2025-08-03T20:49:24Z,d57841fa-c9e2-a3d1-0e78-09bdbe4eed66,d57841fa-c9e2-a3d1-2cbe-8f76f8cf28ff,laboratory,785-6,MCH [Entitic mass] by Automated count,32.1,pg,numeric
2025-08-03T20:49:24Z,d57841fa-c9e2-a3d1-0e78-09bdbe4eed66,d57841fa-c9e2-a3d1-2cbe-8f76f8cf28ff,laboratory,786-4,MCHC [Entitic Mass/volume] in Red Blood Cells by Automated count,34.9,g/dL,numeric
2025-08-03T20:49:24Z,d57841fa-c9e2-a3d1-0e78-09bdbe4eed66,d57841fa-c9e2-a3d1-2cbe-8f76f8cf28ff,laboratory,788-0,Erythrocyte [DistWidth] in Blood by Automated count,42.0,,numeric
2025-08-03T20:49:24Z,d57841fa-c9e2-a3d1-0e78-09bdbe4eed66,d57841fa-c9e2-a3d1-2cbe-8f76f8cf28ff,laboratory,777-3,Platelets [#/volume] in Blood by Automated count,260.6,10*3/uL,numeric
2025-08-03T20:49:24Z,d57841fa-c9e2-a3d1-0e78-09bdbe4eed66,d57841fa-c9e2-a3d1-2cbe-8f76f8cf28ff,laboratory,32207-3,Platelet distribution width [Entitic volume] in Blood by Automated count,255.3,fL,numeric
2025-08-03T20:49:24Z,d57841fa-c9e2-a3d1-0e78-09bdbe4eed66,d57841fa-c9e2-a3d1-2cbe-8f76f8cf28ff,laboratory,32623-1,Platelet [Entitic mean volume] in Blood by Automated count,12.1,fL,numeric
2025-08-03T20:49:24Z,d57841fa-c9e2-a3d1-0e78-09bdbe4eed66,d57841fa-c9e2-a3d1-2cbe-8f76f8cf28ff,social-history,72166-2,Tobacco smoking status,Ex-smoker (finding),,text
2025-08-03T21:41:27Z,d57841fa-c9e2-a3d1-0e78-09bdbe4eed66,d57841fa-c9e2-a3d1-2cbe-8f76f8cf28ff,survey,76501-6,Within the last year  have you been afraid of your partner or ex-partner,No,,text
2025-08-03T21:41:27Z,d57841fa-c9e2-a3d1-0e78-09bdbe4eed66,d57841fa-c9e2-a3d1-2cbe-8f76f8cf28ff,survey,93026-3,Do you feel physically and emotionally safe where you currently live [PRAPARE],Yes,,text
2025-08-03T21:41:27Z,d57841fa-c9e2-a3d1-0e78-09bdbe4eed66,d57841fa-c9e2-a3d1-2cbe-8f76f8cf28ff,survey,93027-1,Are you a refugee,No,,text
2025-08-03T21:41:27Z,d57841fa-c9e2-a3d1-0e78-09bdbe4eed66,d57841fa-c9e2-a3d1-2cbe-8f76f8cf28ff,survey,93028-9,Have you spent more than 2 nights in a row in a jail  prison  detention center  or juvenile correctional facility in past 1 year [PRAPARE],Yes,,text
2025-08-03T21:41:27Z,d57841fa-c9e2-a3d1-0e78-09bdbe4eed66,d57841fa-c9e2-a3d1-2cbe-8f76f8cf28ff,survey,93038-8,Stress level,Not at all,,text
2025-08-03T21:41:27Z,d57841fa-c9e2-a3d1-0e78-09bdbe4eed66,d57841fa-c9e2-a3d1-2cbe-8f76f8cf28ff,survey,93029-7,How often do you see or talk to people that you care about and feel close to [PRAPARE],3 to 5 times a week,,text
2025-08-03T21:41:27Z,d57841fa-c9e2-a3d1-0e78-09bdbe4eed66,d57841fa-c9e2-a3d1-2cbe-8f76f8cf28ff,survey,93030-5,Has lack of transportation kept you from medical appointments  meetings  work  or from getting things needed for daily living,No,,text
2025-08-03T21:41:27Z,d57841fa-c9e2-a3d1-0e78-09bdbe4eed66,d57841fa-c9e2-a3d1-2cbe-8f76f8cf28ff,survey,93031-3,Have you or any family members you live with been unable to get any of the following when it was really needed in past 1 year [PRAPARE],I choose not to answer this question,,text
2025-08-03T21:41:27Z,d57841fa-c9e2-a3d1-0e78-09bdbe4eed66,d57841fa-c9e2-a3d1-2cbe-8f76f8cf28ff,survey,63586-2,What was your best estimate of the total income of all family members from all sources  before taxes  in last year [PhenX],145475,,text
2025-08-03T21:41:27Z,d57841fa-c9e2-a3d1-0e78-09bdbe4eed66,d57841fa-c9e2-a3d1-2cbe-8f76f8cf28ff,survey,76437-3,Primary insurance,Private insurance,,text
2025-08-03T21:41:27Z,d57841fa-c9e2-a3d1-0e78-09bdbe4eed66,d57841fa-c9e2-a3d1-2cbe-8f76f8cf28ff,survey,67875-5,Employment status - current,Full-time work,,text
2025-08-03T21:41:27Z,d57841fa-c9e2-a3d1-0e78-09bdbe4eed66,d57841fa-c9e2-a3d1-2cbe-8f76f8cf28ff,survey,82589-3,Highest level of education,More than high school,,text
2025-08-03T21:41:27Z,d57841fa-c9e2-a3d1-0e78-09bdbe4eed66,d57841fa-c9e2-a3d1-2cbe-8f76f8cf28ff,survey,56799-0,Address,891 Mraz Bridge Apt 79,,text
2025-08-03T21:41:27Z,d57841fa-c9e2-a3d1-0e78-09bdbe4eed66,d57841fa-c9e2-a3d1-2cbe-8f76f8cf28ff,survey,93033-9,Are you worried about losing your housing [PRAPARE],No,,text
2025-08-03T21:41:27Z,d57841fa-c9e2-a3d1-0e78-09bdbe4eed66,d57841fa-c9e2-a3d1-2cbe-8f76f8cf28ff,survey,71802-3,Housing status,I have housing,,text
2025-08-03T21:41:27Z,d57841fa-c9e2-a3d1-0e78-09bdbe4eed66,d57841fa-c9e2-a3d1-2cbe-8f76f8cf28ff,survey,63512-8,How many people are living or staying at this address [#],8.0,{#},numeric
2025-08-03T21:41:27Z,d57841fa-c9e2-a3d1-0e78-09bdbe4eed66,d57841fa-c9e2-a3d1-2cbe-8f76f8cf28ff,survey,54899-0,Preferred language,English,,text
2025-08-03T21:41:27Z,d57841fa-c9e2-a3d1-0e78-09bdbe4eed66,d57841fa-c9e2-a3d1-2cbe-8f76f8cf28ff,survey,93034-7,Discharged from the U.S. Armed Forces,No,,text
2025-08-03T21:41:27Z,d57841fa-c9e2-a3d1-0e78-09bdbe4eed66,d57841fa-c9e2-a3d1-2cbe-8f76f8cf28ff,survey,93035-4,Has season or migrant farm work been your or your family's main source of income at any point in past 2 years [PRAPARE],No,,text
2025-08-03T21:41:27Z,d57841fa-c9e2-a3d1-0e78-09bdbe4eed66,d57841fa-c9e2-a3d1-2cbe-8f76f8cf28ff,survey,32624-9,Race,White,,text
2025-08-03T21:41:27Z,d57841fa-c9e2-a3d1-0e78-09bdbe4eed66,d57841fa-c9e2-a3d1-2cbe-8f76f8cf28ff,survey,56051-6,Hispanic or Latino,No,,text
2025-08-03T22:17:55Z,d57841fa-c9e2-a3d1-0e78-09bdbe4eed66,d57841fa-c9e2-a3d1-2cbe-8f76f8cf28ff,survey,75626-2,Total score [AUDIT-C],1.0,{score},numeric
2026-08-09T20:49:24Z,d57841fa-c9e2-a3d1-0e78-09bdbe4eed66,d57841fa-c9e2-a3d1-6b0b-be25397535ba,laboratory,4548-4,Hemoglobin A1c/Hemoglobin.total in Blood,6.4,%,numeric
2026-08-09T20:49:24Z,d57841fa-c9e2-a3d1-0e78-09bdbe4eed66,d57841fa-c9e2-a3d1-6b0b-be25397535ba,vital-signs,8302-2,Body Height,160.8,cm,numeric
2026-08-09T20:49:24Z,d57841fa-c9e2-a3d1-0e78-09bdbe4eed66,d57841fa-c9e2-a3d1-6b0b-be25397535ba,vital-signs,72514-3,Pain severity - 0-10 verbal numeric rating [Score] - Reported,1.0,{score},numeric
2026-08-09T20:49:24Z,d57841fa-c9e2-a3d1-0e78-09bdbe4eed66,d57841fa-c9e2-a3d1-6b0b-be25397535ba,vital-signs,29463-7,Body Weight,71.9,kg,numeric
2026-08-09T20:49:24Z,d57841fa-c9e2-a3d1-0e78-09bdbe4eed66,d57841fa-c9e2-a3d1-6b0b-be25397535ba,vital-signs,39156-5,Body mass index (BMI) [Ratio],27.8,kg/m2,numeric
2026-08-09T20:49:24Z,d57841fa-c9e2-a3d1-0e78-09bdbe4eed66,d57841fa-c9e2-a3d1-6b0b-be25397535ba,vital-signs,8462-4,Diastolic Blood Pressure,67.0,mm[Hg],numeric
2026-08-09T20:49:24Z,d57841fa-c9e2-a3d1-0e78-09bdbe4eed66,d57841fa-c9e2-a3d1-6b0b-be25397535ba,vital-signs,8480-6,Systolic Blood Pressure,137.0,mm[Hg],numeric
2026-08-09T20:49:24Z,d57841fa-c9e2-a3d1-0e78-09bdbe4eed66,d57841fa-c9e2-a3d1-6b0b-be25397535ba,vital-signs,8867-4,Heart rate,84.0,/min,numeric
2026-08-09T20:49:24Z,d57841fa-c9e2-a3d1-0e78-09bdbe4eed66,d57841fa-c9e2-a3d1-6b0b-be25397535ba,vital-signs,9279-1,Respiratory rate,13.0,/min,numeric
2026-08-09T20:49:24Z,d57841fa-c9e2-a3d1-0e78-09bdbe4eed66,d57841fa-c9e2-a3d1-6b0b-be25397535ba,laboratory,2339-0,Glucose [Mass/volume] in Blood,91.0,mg/dL,numeric
2026-08-09T20:49:24Z,d57841fa-c9e2-a3d1-0e78-09bdbe4eed66,d57841fa-c9e2-a3d1-6b0b-be25397535ba,laboratory,6299-2,Urea nitrogen [Mass/volume] in Blood,12.7,mg/dL,numeric
2026-08-09T20:49:24Z,d57841fa-c9e2-a3d1-0e78-09bdbe4eed66,d57841fa-c9e2-a3d1-6b0b-be25397535ba,laboratory,38483-4,Creatinine [Mass/volume] in Blood,0.9,mg/dL,numeric
2026-08-09T20:49:24Z,d57841fa-c9e2-a3d1-0e78-09bdbe4eed66,d57841fa-c9e2-a3d1-6b0b-be25397535ba,laboratory,49765-1,Calcium [Mass/volume] in Blood,,mg/dL,numeric
2026-08-09T20:49:24Z,d57841fa-c9e2-a3d1-0e78-09bdbe4eed66,d57841fa-c9e2-a3d1-6b0b-be25397535ba,laboratory,2947-0,Sodium [Moles/volume] in Blood,138.7,mmol/L,numeric
2026-08-09T20:49:24Z,d57841fa-c9e2-a3d1-0e78-09bdbe4eed66,d57841fa-c9e2-a3d1-6b0b-be25397535ba,laboratory,6298-4,Potassium [Moles/volume] in Blood,,mmol/L,numeric
2026-08-09T20:49:24Z,d57841fa-c9e2-a3d1-0e78-09bdbe4eed66,d57841fa-c9e2-a3d1-6b0b-be25397535ba,laboratory,2069-3,Chloride [Moles/volume] in Blood,103.4,mmol/L,numeric
2026-08-09T20:49:24Z,d57841fa-c9e2-a3d1-0e78-09bdbe4eed66,d57841fa-c9e2-a3d1-6b0b-be25397535ba,laboratory,20565-8,Carbon dioxide  total [Moles/volume] in Blood,23.4,mmol/L,numeric
2026-08-09T20:49:24Z,d57841fa-c9e2-a3d1-0e78-09bdbe4eed66,d57841fa-c9e2-a3d1-6b0b-be25397535ba,social-history,72166-2,Tobacco smoking status,Ex-smoker (finding),,text
2026-08-09T21:32:18Z,d57841fa-c9e2-a3d1-0e78-09bdbe4eed66,d57841fa-c9e2-a3d1-6b0b-be25397535ba,survey,76501-6,Within the last year  have you been afraid of your partner or ex-partner,No,,text
2026-08-09T21:32:18Z,d57841fa-c9e2-a3d1-0e78-09bdbe4eed66,d57841fa-c9e2-a3d1-6b0b-be25397535ba,survey,93026-3,Do you feel physically and emotionally safe where you currently live [PRAPARE],Yes,,text
2026-08-09T21:32:18Z,d57841fa-c9e2-a3d1-0e78-09bdbe4eed66,d57841fa-c9e2-a3d1-6b0b-be25397535ba,survey,93027-1,Are you a refugee,No,,text
2026-08-09T21:32:18Z,d57841fa-c9e2-a3d1-0e78-09bdbe4eed66,d57841fa-c9e2-a3d1-6b0b-be25397535ba,survey,93028-9,Have you spent more than 2 nights in a row in a jail  prison  detention center  or juvenile correctional facility in past 1 year [PRAPARE],Yes,,text
2026-08-09T21:32:18Z,d57841fa-c9e2-a3d1-0e78-09bdbe4eed66,d57841fa-c9e2-a3d1-6b0b-be25397535ba,survey,93038-8,Stress level,Quite a bit,,text
2026-08-09T21:32:18Z,d57841fa-c9e2-a3d1-0e78-09bdbe4eed66,d57841fa-c9e2-a3d1-6b0b-be25397535ba,survey,93029-7,How often do you see or talk to people that you care about and feel close to [PRAPARE],3 to 5 times a week,,text
2026-08-09T21:32:18Z,d57841fa-c9e2-a3d1-0e78-09bdbe4eed66,d57841fa-c9e2-a3d1-6b0b-be25397535ba,survey,93030-5,Has lack of transportation kept you from medical appointments  meetings  work  or from getting things needed for daily living,No,,text
2026-08-09T21:32:18Z,d57841fa-c9e2-a3d1-0e78-09bdbe4eed66,d57841fa-c9e2-a3d1-6b0b-be25397535ba,survey,93031-3,Have you or any family members you live with been unable to get any of the following when it was really needed in past 1 year [PRAPARE],,,text
2026-08-09T21:32:18Z,d57841fa-c9e2-a3d1-0e78-09bdbe4eed66,d57841fa-c9e2-a3d1-6b0b-be25397535ba,survey,63586-2,What was your best estimate of the total income of all family members from all sources  before taxes  in last year [PhenX],145475,/a,text
2026-08-09T21:32:18Z,d57841fa-c9e2-a3d1-0e78-09bdbe4eed66,d57841fa-c9e2-a3d1-6b0b-be25397535ba,survey,76437-3,Primary insurance,Private insurance,,text
2026-08-09T21:32:18Z,d57841fa-c9e2-a3d1-0e78-09bdbe4eed66,d57841fa-c9e2-a3d1-6b0b-be25397535ba,survey,67875-5,Employment status - current,Full-time work,,text
2026-08-09T21:32:18Z,d57841fa-c9e2-a3d1-0e78-09bdbe4eed66,d57841fa-c9e2-a3d1-6b0b-be25397535ba,survey,82589-3,Highest level of education,More than high school,,text
2026-08-09T21:32:18Z,d57841fa-c9e2-a3d1-0e78-09bdbe4eed66,d57841fa-c9e2-a3d1-6b0b-be25397535ba,survey,56799-0,Address,891 Mraz Bridge Apt 79,,text
2026-08-09T21:32:18Z,d57841fa-c9e2-a3d1-0e78-09bdbe4eed66,d57841fa-c9e2-a3d1-6b0b-be25397535ba,survey,93033-9,Are you worried about losing your housing [PRAPARE],No,,text
2026-08-09T21:32:18Z,d57841fa-c9e2-a3d1-0e78-09bdbe4eed66,d57841fa-c9e2-a3d1-6b0b-be25397535ba,survey,71802-3,Housing status,I have housing,,text
2026-08-09T21:32:18Z,d57841fa-c9e2-a3d1-0e78-09bdbe4eed66,d57841fa-c9e2-a3d1-6b0b-be25397535ba,survey,63512-8,How many people are living or staying at this address [#],8.0,{#},numeric
2026-08-09T21:32:18Z,d57841fa-c9e2-a3d1-0e78-09bdbe4eed66,d57841fa-c9e2-a3d1-6b0b-be25397535ba,survey,54899-0,Preferred language,English,,text
2026-08-09T21:32:18Z,d57841fa-c9e2-a3d1-0e78-09bdbe4eed66,d57841fa-c9e2-a3d1-6b0b-be25397535ba,survey,93034-7,Discharged from the U.S. Armed Forces,No,,text
2026-08-09T21:32:18Z,d57841fa-c9e2-a3d1-0e78-09bdbe4eed66,d57841fa-c9e2-a3d1-6b0b-be25397535ba,survey,93035-4,Has season or migrant farm work been your or your family's main source of income at any point in past 2 years [PRAPARE],No,,text
2026-08-09T21:32:18Z,d57841fa-c9e2-a3d1-0e78-09bdbe4eed66,d57841fa-c9e2-a3d1-6b0b-be25397535ba,survey,32624-9,Race,White,,text
2026-08-09T21:32:18Z,d57841fa-c9e2-a3d1-0e78-09bdbe4eed66,d57841fa-c9e2-a3d1-6b0b-be25397535ba,survey,56051-6,Hispanic or Latino,No,,text
2026-08-09T22:07:26Z,d57841fa-c9e2-a3d1-0e78-09bdbe4eed66,d57841fa-c9e2-a3d1-6b0b-be25397535ba,survey,55758-7,Patient Health Questionnaire 2 item (PHQ-2) total score [Reported],1.0,{score},numeric
2016-06-06T20:49:24Z,d57841fa-c9e2-a3d1-0e78-09bdbe4eed66,,,QALY,QALY,49.8,a,numeric
2017-06-06T20:49:24Z,d57841fa-c9e2-a3d1-0e78-09bdbe4eed66,,,QALY,QALY,50.8,a,numeric
2018-06-06T20:49:24Z,d57841fa-c9e2-a3d1-0e78-09bdbe4eed66,,,QALY,QALY,51.8,a,numeric
2019-06-06T20:49:24Z,d57841fa-c9e2-a3d1-0e78-09bdbe4eed66,,,QALY,QALY,52.8,a,numeric
2020-06-06T20:49:24Z,d57841fa-c9e2-a3d1-0e78-09bdbe4eed66,,,QALY,QALY,53.8,a,numeric
2021-06-06T20:49:24Z,d57841fa-c9e2-a3d1-0e78-09bdbe4eed66,,,QALY,QALY,54.8,a,numeric
2022-06-06T20:49:24Z,d57841fa-c9e2-a3d1-0e78-09bdbe4eed66,,,QALY,QALY,55.8,a,numeric
2023-06-06T20:49:24Z,d57841fa-c9e2-a3d1-0e78-09bdbe4eed66,,,QALY,QALY,56.8,,numeric
2024-06-06T20:49:24Z,d57841fa-c9e2-a3d1-0e78-09bdbe4eed66,,,QALY,QALY,57.8,a,numeric
2025-06-06T20:49:24Z,d57841fa-c9e2-a3d1-0e78-09bdbe4eed66,,,QALY,QALY,58.8,a,numeric
2026-06-06T20:49:24Z,d57841fa-c9e2-a3d1-0e78-09bdbe4eed66,,,QALY,QALY,59.7,a,numeric
2016-06-06T20:49:24Z,d57841fa-c9e2-a3d1-0e78-09bdbe4eed66,,,DALY,DALY,0.2,a,numeric
2017-06-06T20:49:24Z,d57841fa-c9e2-a3d1-0e78-09bdbe4eed66,,,DALY,DALY,0.2,a,numeric
2018-06-06T20:49:24Z,d57841fa-c9e2-a3d1-0e78-09bdbe4eed66,,,DALY,DALY,0.2,a,numeric
2019-06-06T20:49:24Z,d57841fa-c9e2-a3d1-0e78-09bdbe4eed66,,,DALY,DALY,0.2,a,numeric
2020-06-06T20:49:24Z,d57841fa-c9e2-a3d1-0e78-09bdbe4eed66,,,DALY,DALY,0.2,a,numeric
2021-06-06T20:49:24Z,d57841fa-c9e2-a3d1-0e78-09bdbe4eed66,,,DALY,DALY,0.2,a,numeric
2022-06-06T20:49:24Z,d57841fa-c9e2-a3d1-0e78-09bdbe4eed66,,,DALY,DALY,0.2,a,numeric
2023-06-06T20:49:24Z,d57841fa-c9e2-a3d1-0e78-09bdbe4eed66,,,DALY,DALY,0.2,a,numeric
2024-06-06T20:49:24Z,d57841fa-c9e2-a3d1-0e78-09bdbe4eed66,,,DALY,DALY,0.2,a,numeric
2025-06-06T20:49:24Z,d57841fa-c9e2-a3d1-0e78-09bdbe4eed66,,,DALY,DALY,0.2,a,numeric
2026-06-06T20:49:24Z,d57841fa-c9e2-a3d1-0e78-09bdbe4eed66,,,DALY,DALY,0.3,a,numeric
2016-06-06T20:49:24Z,d57841fa-c9e2-a3d1-0e78-09bdbe4eed66,,,QOLS,QOLS,1.0,{score},numeric
2017-06-06T20:49:24Z,d57841fa-c9e2-a3d1-0e78-09bdbe4eed66,,,QOLS,QOLS,1.0,{score},numeric
2018-06-06T20:49:24Z,d57841fa-c9e2-a3d1-0e78-09bdbe4eed66,,,QOLS,QOLS,1.0,{score},numeric
2019-06-06T20:49:24Z,d57841fa-c9e2-a3d1-0e78-09bdbe4eed66,,,QOLS,QOLS,1.0,{score},numeric
2020-06-06T20:49:24Z,d57841fa-c9e2-a3d1-0e78-09bdbe4eed66,,,QOLS,QOLS,1.0,{score},numeric
2021-06-06T20:49:24Z,d57841fa-c9e2-a3d1-0e78-09bdbe4eed66,,,QOLS,QOLS,1.0,{score},numeric
2022-06-06T20:49:24Z,d57841fa-c9e2-a3d1-0e78-09bdbe4eed66,,,QOLS,QOLS,1.0,{score},numeric
2023-06-06T20:49:24Z,d57841fa-c9e2-a3d1-0e78-09bdbe4eed66,,,QOLS,QOLS,1.0,{score},numeric
2024-06-06T20:49:24Z,d57841fa-c9e2-a3d1-0e78-09bdbe4eed66,,,QOLS,QOLS,1.0,{score},numeric
2025-06-06T20:49:24Z,d57841fa-c9e2-a3d1-0e78-09bdbe4eed66,,,QOLS,QOLS,1.0,{score},numeric
2026-06-06T20:49:24Z,d57841fa-c9e2-a3d1-0e78-09bdbe4eed66,,,QOLS,QOLS,1.0,{score},numeric
2016-11-25T15:13:25Z,75d6a35c-c2e1-5b9f-e7f8-6a5b05af8fc8,75d6a35c-c2e1-5b9f-f40f-d5e93c12a289,vital-signs,8302-2,Body Height,104.1,cm,numeric
2016-11-25T15:13:25Z,75d6a35c-c2e1-5b9f-e7f8-6a5b05af8fc8,75d6a35c-c2e1-5b9f-f40f-d5e93c12a289,vital-signs,72514-3,Pain severity - 0-10 verbal numeric rating [Score] - Reported,2.0,{score},numeric
2016-11-25T15:13:25Z,75d6a35c-c2e1-5b9f-e7f8-6a5b05af8fc8,75d6a35c-c2e1-5b9f-f40f-d5e93c12a289,vital-signs,29463-7,Body Weight,16.5,kg,numeric
2016-11-25T15:13:25Z,75d6a35c-c2e1-5b9f-e7f8-6a5b05af8fc8,75d6a35c-c2e1-5b9f-f40f-d5e93c12a289,vital-signs,77606-2,Weight-for-length Per age and sex,31.1,%,numeric
2016-11-25T15:13:25Z,75d6a35c-c2e1-5b9f-e7f8-6a5b05af8fc8,75d6a35c-c2e1-5b9f-f40f-d5e93c12a289,vital-signs,8289-1,Head Occipital-frontal circumference Percentile,73.0,%,numeric
2016-11-25T15:13:25Z,75d6a35c-c2e1-5b9f-e7f8-6a5b05af8fc8,75d6a35c-c2e1-5b9f-f40f-d5e93c12a289,vital-signs,9843-4,Head Occipital-frontal circumference,50.7,cm,numeric
2016-11-25T15:13:25Z,75d6a35c-c2e1-5b9f-e7f8-6a5b05af8fc8,75d6a35c-c2e1-5b9f-f40f-d5e93c12a289,vital-signs,39156-5,Body mass index (BMI) [Ratio],15.3,kg/m2,numeric
2016-11-25T15:13:25Z,75d6a35c-c2e1-5b9f-e7f8-6a5b05af8fc8,75d6a35c-c2e1-5b9f-f40f-d5e93c12a289,vital-signs,59576-9,Body mass index (BMI) [Percentile] Per age and sex,35.6,%,numeric
2016-11-25T15:13:25Z,75d6a35c-c2e1-5b9f-e7f8-6a5b05af8fc8,75d6a35c-c2e1-5b9f-f40f-d5e93c12a289,vital-signs,8462-4,Diastolic Blood Pressure,82.0,mm[Hg],numeric
2016-11-25T15:13:25Z,75d6a35c-c2e1-5b9f-e7f8-6a5b05af8fc8,75d6a35c-c2e1-5b9f-f40f-d5e93c12a289,vital-signs,8480-6,Systolic Blood Pressure,99.0,mm[Hg],numeric
2016-11-25T15:13:25Z,75d6a35c-c2e1-5b9f-e7f8-6a5b05af8fc8,75d6a35c-c2e1-5b9f-f40f-d5e93c12a289,vital-signs,8867-4,Heart rate,98.0,/min,numeric
2016-11-25T15:13:25Z,75d6a35c-c2e1-5b9f-e7f8-6a5b05af8fc8,75d6a35c-c2e1-5b9f-f40f-d5e93c12a289,vital-signs,9279-1,Respiratory rate,13.0,/min,numeric
2016-11-25T15:13:25Z,75d6a35c-c2e1-5b9f-e7f8-6a5b05af8fc8,75d6a35c-c2e1-5b9f-f40f-d5e93c12a289,social-history,72166-2,Tobacco smoking status,Never smoked tobacco (finding),,text
2017-12-01T15:13:25Z,75d6a35c-c2e1-5b9f-e7f8-6a5b05af8fc8,75d6a35c-c2e1-5b9f-830c-8360c503d4a6,vital-signs,8302-2,Body Height,111.0,cm,numeric
2017-12-01T15:13:25Z,75d6a35c-c2e1-5b9f-e7f8-6a5b05af8fc8,75d6a35c-c2e1-5b9f-830c-8360c503d4a6,vital-signs,72514-3,Pain severity - 0-10 verbal numeric rating [Score] - Reported,2.0,{score},numeric
2017-12-01T15:13:25Z,75d6a35c-c2e1-5b9f-e7f8-6a5b05af8fc8,75d6a35c-c2e1-5b9f-830c-8360c503d4a6,vital-signs,29463-7,Body Weight,18.6,kg,numeric
2017-12-01T15:13:25Z,75d6a35c-c2e1-5b9f-e7f8-6a5b05af8fc8,75d6a35c-c2e1-5b9f-830c-8360c503d4a6,vital-signs,39156-5,Body mass index (BMI) [Ratio],15.1,kg/m2,numeric
2017-12-01T15:13:25Z,75d6a35c-c2e1-5b9f-e7f8-6a5b05af8fc8,75d6a35c-c2e1-5b9f-830c-8360c503d4a6,vital-signs,59576-9,Body mass index (BMI) [Percentile] Per age and sex,37.5,%,numeric
2017-12-01T15:13:25Z,75d6a35c-c2e1-5b9f-e7f8-6a5b05af8fc8,75d6a35c-c2e1-5b9f-830c-8360c503d4a6,vital-signs,8462-4,Diastolic Blood Pressure,76.0,mm[Hg],numeric
2017-12-01T15:13:25Z,75d6a35c-c2e1-5b9f-e7f8-6a5b05af8fc8,75d6a35c-c2e1-5b9f-830c-8360c503d4a6,vital-signs,8480-6,Systolic Blood Pressure,103.0,mm[Hg],numeric
2017-12-01T15:13:25Z,75d6a35c-c2e1-5b9f-e7f8-6a5b05af8fc8,75d6a35c-c2e1-5b9f-830c-8360c503d4a6,vital-signs,8867-4,Heart rate,78.0,/min,numeric
2017-12-01T15:13:25Z,75d6a35c-c2e1-5b9f-e7f8-6a5b05af8fc8,75d6a35c-c2e1-5b9f-830c-8360c503d4a6,vital-signs,9279-1,Respiratory rate,12.0,/min,numeric
2017-12-01T15:13:25Z,75d6a35c-c2e1-5b9f-e7f8-6a5b05af8fc8,75d6a35c-c2e1-5b9f-830c-8360c503d4a6,social-history,72166-2,Tobacco smoking status,Never smoked tobacco (finding),,text
2018-12-07T15:13:25Z,75d6a35c-c2e1-5b9f-e7f8-6a5b05af8fc8,75d6a35c-c2e1-5b9f-edee-b48b79e25366,vital-signs,8302-2,Body Height,117.8,cm,numeric
2018-12-07T15:13:25Z,75d6a35c-c2e1-5b9f-e7f8-6a5b05af8fc8,75d6a35c-c2e1-5b9f-edee-b48b79e25366,vital-signs,72514-3,Pain severity - 0-10 verbal numeric rating [Score] - Reported,3.0,{score},numeric
2018-12-07T15:13:25Z,75d6a35c-c2e1-5b9f-e7f8-6a5b05af8fc8,75d6a35c-c2e1-5b9f-edee-b48b79e25366,vital-signs,29463-7,Body Weight,21.4,kg,numeric
2018-12-07T15:13:25Z,75d6a35c-c2e1-5b9f-e7f8-6a5b05af8fc8,75d6a35c-c2e1-5b9f-edee-b48b79e25366,vital-signs,39156-5,Body mass index (BMI) [Ratio],15.4,kg/m2,numeric
2018-12-07T15:13:25Z,75d6a35c-c2e1-5b9f-e7f8-6a5b05af8fc8,75d6a35c-c2e1-5b9f-edee-b48b79e25366,vital-signs,59576-9,Body mass index (BMI) [Percentile] Per age and sex,51.6,%,numeric
2018-12-07T15:13:25Z,75d6a35c-c2e1-5b9f-e7f8-6a5b05af8fc8,75d6a35c-c2e1-5b9f-edee-b48b79e25366,vital-signs,8462-4,Diastolic Blood Pressure,81.0,mm[Hg],numeric
2018-12-07T15:13:25Z,75d6a35c-c2e1-5b9f-e7f8-6a5b05af8fc8,75d6a35c-c2e1-5b9f-edee-b48b79e25366,vital-signs,8480-6,Systolic Blood Pressure,111.0,,numeric
2018-12-07T15:13:25Z,75d6a35c-c2e1-5b9f-e7f8-6a5b05af8fc8,75d6a35c-c2e1-5b9f-edee-b48b79e25366,vital-signs,8867-4,Heart rate,72.0,/min,numeric
2018-12-07T15:13:25Z,75d6a35c-c2e1-5b9f-e7f8-6a5b05af8fc8,75d6a35c-c2e1-5b9f-edee-b48b79e25366,vital-signs,9279-1,Respiratory rate,16.0,,numeric
2018-12-07T15:13:25Z,75d6a35c-c2e1-5b9f-e7f8-6a5b05af8fc8,75d6a35c-c2e1-5b9f-edee-b48b79e25366,laboratory,6690-2,Leukocytes [#/volume] in Blood by Automated count,5.0,10*3/uL,numeric
2018-12-07T15:13:25Z,75d6a35c-c2e1-5b9f-e7f8-6a5b05af8fc8,75d6a35c-c2e1-5b9f-edee-b48b79e25366,laboratory,789-8,Erythrocytes [#/volume] in Blood by Automated count,5.3,10*6/uL,numeric
2018-12-07T15:13:25Z,75d6a35c-c2e1-5b9f-e7f8-6a5b05af8fc8,75d6a35c-c2e1-5b9f-edee-b48b79e25366,laboratory,718-7,Hemoglobin [Mass/volume] in Blood,12.6,g/dL,numeric
2018-12-07T15:13:25Z,75d6a35c-c2e1-5b9f-e7f8-6a5b05af8fc8,75d6a35c-c2e1-5b9f-edee-b48b79e25366,laboratory,4544-3,Hematocrit [Volume Fraction] of Blood by Automated count,43.3,%,numeric
2018-12-07T15:13:25Z,75d6a35c-c2e1-5b9f-e7f8-6a5b05af8fc8,75d6a35c-c2e1-5b9f-edee-b48b79e25366,laboratory,787-2,MCV [Entitic mean volume] in Red Blood Cells by Automated count,91.4,fL,numeric
2018-12-07T15:13:25Z,75d6a35c-c2e1-5b9f-e7f8-6a5b05af8fc8,75d6a35c-c2e1-5b9f-edee-b48b79e25366,laboratory,785-6,MCH [Entitic mass] by Automated count,32.6,pg,numeric
2018-12-07T15:13:25Z,75d6a35c-c2e1-5b9f-e7f8-6a5b05af8fc8,75d6a35c-c2e1-5b9f-edee-b48b79e25366,laboratory,786-4,MCHC [Entitic Mass/volume] in Red Blood Cells by Automated count,33.1,g/dL,numeric
2018-12-07T15:13:25Z,75d6a35c-c2e1-5b9f-e7f8-6a5b05af8fc8,75d6a35c-c2e1-5b9f-edee-b48b79e25366,laboratory,788-0,Erythrocyte [DistWidth] in Blood by Automated count,42.5,fL,numeric
2018-12-07T15:13:25Z,75d6a35c-c2e1-5b9f-e7f8-6a5b05af8fc8,75d6a35c-c2e1-5b9f-edee-b48b79e25366,laboratory,777-3,Platelets [#/volume] in Blood by Automated count,320.1,10*3/uL,numeric
2018-12-07T15:13:25Z,75d6a35c-c2e1-5b9f-e7f8-6a5b05af8fc8,75d6a35c-c2e1-5b9f-edee-b48b79e25366,laboratory,32207-3,Platelet distribution width [Entitic volume] in Blood by Automated count,233.2,fL,numeric
2018-12-07T15:13:25Z,75d6a35c-c2e1-5b9f-e7f8-6a5b05af8fc8,75d6a35c-c2e1-5b9f-edee-b48b79e25366,laboratory,32623-1,Platelet [Entitic mean volume] in Blood by Automated count,11.5,fL,numeric
2018-12-07T15:13:25Z,75d6a35c-c2e1-5b9f-e7f8-6a5b05af8fc8,75d6a35c-c2e1-5b9f-edee-b48b79e25366,social-history,72166-2,Tobacco smoking status,Never smoked tobacco (finding),,text
2019-11-17T04:13:25Z,75d6a35c-c2e1-5b9f-e7f8-6a5b05af8fc8,75d6a35c-c2e1-5b9f-9b6e-7cbc0cdf9119,vital-signs,8310-5,Body temperature,37.1,Cel,numeric
2019-12-13T15:13:25Z,75d6a35c-c2e1-5b9f-e7f8-6a5b05af8fc8,75d6a35c-c2e1-5b9f-f2a2-2e9e02fae76c,vital-signs,8302-2,Body Height,124.3,cm,numeric
2019-12-13T15:13:25Z,75d6a35c-c2e1-5b9f-e7f8-6a5b05af8fc8,75d6a35c-c2e1-5b9f-f2a2-2e9e02fae76c,vital-signs,72514-3,Pain severity - 0-10 verbal numeric rating [Score] - Reported,2.0,{score},numeric
2019-12-13T15:13:25Z,75d6a35c-c2e1-5b9f-e7f8-6a5b05af8fc8,75d6a35c-c2e1-5b9f-f2a2-2e9e02fae76c,vital-signs,29463-7,Body Weight,24.3,kg,numeric
2019-12-13T15:13:25Z,75d6a35c-c2e1-5b9f-e7f8-6a5b05af8fc8,75d6a35c-c2e1-5b9f-f2a2-2e9e02fae76c,vital-signs,39156-5,Body mass index (BMI) [Ratio],15.7,kg/m2,numeric
2019-12-13T15:13:25Z,75d6a35c-c2e1-5b9f-e7f8-6a5b05af8fc8,75d6a35c-c2e1-5b9f-f2a2-2e9e02fae76c,vital-signs,59576-9,Body mass index (BMI) [Percentile] Per age and sex,55.8,%,numeric
2019-12-13T15:13:25Z,75d6a35c-c2e1-5b9f-e7f8-6a5b05af8fc8,75d6a35c-c2e1-5b9f-f2a2-2e9e02fae76c,vital-signs,8462-4,Diastolic Blood Pressure,83.0,mm[Hg],numeric
2019-12-13T15:13:25Z,75d6a35c-c2e1-5b9f-e7f8-6a5b05af8fc8,75d6a35c-c2e1-5b9f-f2a2-2e9e02fae76c,vital-signs,8480-6,Systolic Blood Pressure,106.0,mm[Hg],numeric
2019-12-13T15:13:25Z,75d6a35c-c2e1-5b9f-e7f8-6a5b05af8fc8,75d6a35c-c2e1-5b9f-f2a2-2e9e02fae76c,vital-signs,8867-4,Heart rate,61.0,/min,numeric
2019-12-13T15:13:25Z,75d6a35c-c2e1-5b9f-e7f8-6a5b05af8fc8,75d6a35c-c2e1-5b9f-f2a2-2e9e02fae76c,vital-signs,9279-1,Respiratory rate,13.0,/min,numeric
2019-12-13T15:13:25Z,75d6a35c-c2e1-5b9f-e7f8-6a5b05af8fc8,75d6a35c-c2e1-5b9f-f2a2-2e9e02fae76c,social-history,72166-2,Tobacco smoking status,Never smoked tobacco (finding),,text
2020-11-23T08:13:25Z,75d6a35c-c2e1-5b9f-e7f8-6a5b05af8fc8,75d6a35c-c2e1-5b9f-0e56-0f3ce81d6e07,vital-signs,8310-5,Body temperature,37.2,Cel,numeric
2020-12-18T15:13:25Z,75d6a35c-c2e1-5b9f-e7f8-6a5b05af8fc8,75d6a35c-c2e1-5b9f-9c79-d137bc82c649,vital-signs,8302-2,Body Height,130.7,cm,numeric
2020-12-18T15:13:25Z,75d6a35c-c2e1-5b9f-e7f8-6a5b05af8fc8,75d6a35c-c2e1-5b9f-9c79-d137bc82c649,vital-signs,72514-3,Pain severity - 0-10 verbal numeric rating [Score] - Reported,2.0,{score},numeric
2020-12-18T15:13:25Z,75d6a35c-c2e1-5b9f-e7f8-6a5b05af8fc8,75d6a35c-c2e1-5b9f-9c79-d137bc82c649,vital-signs,29463-7,Body Weight,,kg,numeric
2020-12-18T15:13:25Z,75d6a35c-c2e1-5b9f-e7f8-6a5b05af8fc8,75d6a35c-c2e1-5b9f-9c79-d137bc82c649,vital-signs,39156-5,Body mass index (BMI) [Ratio],16.5,kg/m2,numeric
2020-12-18T15:13:25Z,75d6a35c-c2e1-5b9f-e7f8-6a5b05af8fc8,75d6a35c-c2e1-5b9f-9c79-d137bc82c649,vital-signs,59576-9,Body mass index (BMI) [Percentile] Per age and sex,65.5,%,numeric
2020-12-18T15:13:25Z,75d6a35c-c2e1-5b9f-e7f8-6a5b05af8fc8,75d6a35c-c2e1-5b9f-9c79-d137bc82c649,vital-signs,8462-4,Diastolic Blood Pressure,76.0,mm[Hg],numeric
2020-12-18T15:13:25Z,75d6a35c-c2e1-5b9f-e7f8-6a5b05af8fc8,75d6a35c-c2e1-5b9f-9c79-d137bc82c649,vital-signs,8480-6,Systolic Blood Pressure,100.0,,numeric
2020-12-18T15:13:25Z,75d6a35c-c2e1-5b9f-e7f8-6a5b05af8fc8,75d6a35c-c2e1-5b9f-9c79-d137bc82c649,vital-signs,8867-4,Heart rate,100.0,/min,numeric
2020-12-18T15:13:25Z,75d6a35c-c2e1-5b9f-e7f8-6a5b05af8fc8,75d6a35c-c2e1-5b9f-9c79-d137bc82c649,vital-signs,9279-1,Respiratory rate,13.0,/min,numeric
2020-12-18T15:13:25Z,75d6a35c-c2e1-5b9f-e7f8-6a5b05af8fc8,75d6a35c-c2e1-5b9f-9c79-d137bc82c649,social-history,72166-2,Tobacco smoking status,Never smoked tobacco (finding),,text
2021-12-24T15:13:25Z,75d6a35c-c2e1-5b9f-e7f8-6a5b05af8fc8,75d6a35c-c2e1-5b9f-f150-70f1f7e6ea7a,vital-signs,8302-2,Body Height,137.0,cm,numeric
2021-12-24T15:13:25Z,75d6a35c-c2e1-5b9f-e7f8-6a5b05af8fc8,75d6a35c-c2e1-5b9f-f150-70f1f7e6ea7a,vital-signs,72514-3,Pain severity - 0-10 verbal numeric rating [Score] - Reported,2.0,{score},numeric
2021-12-24T15:13:25Z,75d6a35c-c2e1-5b9f-e7f8-6a5b05af8fc8,75d6a35c-c2e1-5b9f-f150-70f1f7e6ea7a,vital-signs,29463-7,Body Weight,32.3,kg,numeric
2021-12-24T15:13:25Z,75d6a35c-c2e1-5b9f-e7f8-6a5b05af8fc8,75d6a35c-c2e1-5b9f-f150-70f1f7e6ea7a,vital-signs,39156-5,Body mass index (BMI) [Ratio],,kg/m2,numeric
2021-12-24T15:13:25Z,75d6a35c-c2e1-5b9f-e7f8-6a5b05af8fc8,75d6a35c-c2e1-5b9f-f150-70f1f7e6ea7a,vital-signs,59576-9,Body mass index (BMI) [Percentile] Per age and sex,69.7,%,numeric
2021-12-24T15:13:25Z,75d6a35c-c2e1-5b9f-e7f8-6a5b05af8fc8,75d6a35c-c2e1-5b9f-f150-70f1f7e6ea7a,vital-signs,8462-4,Diastolic Blood Pressure,77.0,mm[Hg],numeric
2021-12-24T15:13:25Z,75d6a35c-c2e1-5b9f-e7f8-6a5b05af8fc8,75d6a35c-c2e1-5b9f-f150-70f1f7e6ea7a,vital-signs,8480-6,Systolic Blood Pressure,106.0,mm[Hg],numeric
2021-12-24T15:13:25Z,75d6a35c-c2e1-5b9f-e7f8-6a5b05af8fc8,75d6a35c-c2e1-5b9f-f150-70f1f7e6ea7a,vital-signs,8867-4,Heart rate,80.0,/min,numeric
2021-12-24T15:13:25Z,75d6a35c-c2e1-5b9f-e7f8-6a5b05af8fc8,75d6a35c-c2e1-5b9f-f150-70f1f7e6ea7a,vital-signs,9279-1,Respiratory rate,14.0,/min,numeric
2021-12-24T15:13:25Z,75d6a35c-c2e1-5b9f-e7f8-6a5b05af8fc8,75d6a35c-c2e1-5b9f-f150-70f1f7e6ea7a,social-history,72166-2,Tobacco smoking status,Never smoked tobacco (finding),,text
2022-12-30T15:13:25Z,75d6a35c-c2e1-5b9f-e7f8-6a5b05af8fc8,75d6a35c-c2e1-5b9f-a7e5-ef14537eb827,vital-signs,8302-2,Body Height,142.3,cm,numeric
2022-12-30T15:13:25Z,75d6a35c-c2e1-5b9f-e7f8-6a5b05af8fc8,75d6a35c-c2e1-5b9f-a7e5-ef14537eb827,vital-signs,72514-3,Pain severity - 0-10 verbal numeric rating [Score] - Reported,2.0,{score},numeric
2022-12-30T15:13:25Z,75d6a35c-c2e1-5b9f-e7f8-6a5b05af8fc8,75d6a35c-c2e1-5b9f-a7e5-ef14537eb827,vital-signs,29463-7,Body Weight,39.6,kg,numeric
2022-12-30T15:13:25Z,75d6a35c-c2e1-5b9f-e7f8-6a5b05af8fc8,75d6a35c-c2e1-5b9f-a7e5-ef14537eb827,vital-signs,39156-5,Body mass index (BMI) [Ratio],19.6,kg/m2,numeric
2022-12-30T15:13:25Z,75d6a35c-c2e1-5b9f-e7f8-6a5b05af8fc8,75d6a35c-c2e1-5b9f-a7e5-ef14537eb827,vital-signs,59576-9,Body mass index (BMI) [Percentile] Per age and sex,86.1,%,numeric
2022-12-30T15:13:25Z,75d6a35c-c2e1-5b9f-e7f8-6a5b05af8fc8,75d6a35c-c2e1-5b9f-a7e5-ef14537eb827,vital-signs,8462-4,Diastolic Blood Pressure,76.0,mm[Hg],numeric
2022-12-30T15:13:25Z,75d6a35c-c2e1-5b9f-e7f8-6a5b05af8fc8,75d6a35c-c2e1-5b9f-a7e5-ef14537eb827,vital-signs,8480-6,Systolic Blood Pressure,102.0,mm[Hg],numeric
2022-12-30T15:13:25Z,75d6a35c-c2e1-5b9f-e7f8-6a5b05af8fc8,75d6a35c-c2e1-5b9f-a7e5-ef14537eb827,vital-signs,8867-4,Heart rate,78.0,/min,numeric
2022-12-30T15:13:25Z,75d6a35c-c2e1-5b9f-e7f8-6a5b05af8fc8,75d6a35c-c2e1-5b9f-a7e5-ef14537eb827,vital-signs,9279-1,Respiratory rate,14.0,/min,numeric
2022-12-30T15:13:25Z,75d6a35c-c2e1-5b9f-e7f8-6a5b05af8fc8,75d6a35c-c2e1-5b9f-a7e5-ef14537eb827,social-history,72166-2,Tobacco smoking status,Never smoked tobacco (finding),,text
2024-01-05T15:13:25Z,75d6a35c-c2e1-5b9f-e7f8-6a5b05af8fc8,75d6a35c-c2e1-5b9f-166b-588b8ed66f05,vital-signs,8302-2,Body Height,147.4,cm,numeric
2024-01-05T15:13:25Z,75d6a35c-c2e1-5b9f-e7f8-6a5b05af8fc8,75d6a35c-c2e1-5b9f-166b-588b8ed66f05,vital-signs,72514-3,Pain severity - 0-10 verbal numeric rating [Score] - Reported,4.0,{score},numeric
2024-01-05T15:13:25Z,75d6a35c-c2e1-5b9f-e7f8-6a5b05af8fc8,75d6a35c-c2e1-5b9f-166b-588b8ed66f05,vital-signs,29463-7,Body Weight,45.5,kg,numeric
2024-01-05T15:13:25Z,75d6a35c-c2e1-5b9f-e7f8-6a5b05af8fc8,75d6a35c-c2e1-5b9f-166b-588b8ed66f05,vital-signs,39156-5,Body mass index (BMI) [Ratio],21.0,kg/m2,numeric
2024-01-05T15:13:25Z,75d6a35c-c2e1-5b9f-e7f8-6a5b05af8fc8,75d6a35c-c2e1-5b9f-166b-588b8ed66f05,vital-signs,59576-9,Body mass index (BMI) [Percentile] Per age and sex,88.8,%,numeric
2024-01-05T15:13:25Z,75d6a35c-c2e1-5b9f-e7f8-6a5b05af8fc8,75d6a35c-c2e1-5b9f-166b-588b8ed66f05,vital-signs,8462-4,Diastolic Blood Pressure,79.0,,numeric
2024-01-05T15:13:25Z,75d6a35c-c2e1-5b9f-e7f8-6a5b05af8fc8,75d6a35c-c2e1-5b9f-166b-588b8ed66f05,vital-signs,8480-6,Systolic Blood Pressure,109.0,mm[Hg],numeric
2024-01-05T15:13:25Z,75d6a35c-c2e1-5b9f-e7f8-6a5b05af8fc8,75d6a35c-c2e1-5b9f-166b-588b8ed66f05,vital-signs,8867-4,Heart rate,62.0,/min,numeric
2024-01-05T15:13:25Z,75d6a35c-c2e1-5b9f-e7f8-6a5b05af8fc8,75d6a35c-c2e1-5b9f-166b-588b8ed66f05,vital-signs,9279-1,Respiratory rate,14.0,/min,numeric
2024-01-05T15:13:25Z,75d6a35c-c2e1-5b9f-e7f8-6a5b05af8fc8,75d6a35c-c2e1-5b9f-166b-588b8ed66f05,laboratory,6690-2,Leukocytes [#/volume] in Blood by Automated count,6.2,10*3/uL,numeric
2024-01-05T15:13:25Z,75d6a35c-c2e1-5b9f-e7f8-6a5b05af8fc8,75d6a35c-c2e1-5b9f-166b-588b8ed66f05,laboratory,789-8,Erythrocytes [#/volume] in Blood by Automated count,5.0,10*6/uL,numeric
2024-01-05T15:13:25Z,75d6a35c-c2e1-5b9f-e7f8-6a5b05af8fc8,75d6a35c-c2e1-5b9f-166b-588b8ed66f05,laboratory,718-7,Hemoglobin [Mass/volume] in Blood,14.1,g/dL,numeric
2024-01-05T15:13:25Z,75d6a35c-c2e1-5b9f-e7f8-6a5b05af8fc8,75d6a35c-c2e1-5b9f-166b-588b8ed66f05,laboratory,4544-3,Hematocrit [Volume Fraction] of Blood by Automated count,,%,numeric
2024-01-05T15:13:25Z,75d6a35c-c2e1-5b9f-e7f8-6a5b05af8fc8,75d6a35c-c2e1-5b9f-166b-588b8ed66f05,laboratory,787-2,MCV [Entitic mean volume] in Red Blood Cells by Automated count,83.4,fL,numeric
2024-01-05T15:13:25Z,75d6a35c-c2e1-5b9f-e7f8-6a5b05af8fc8,75d6a35c-c2e1-5b9f-166b-588b8ed66f05,laboratory,785-6,MCH [Entitic mass] by Automated count,33.0,pg,numeric
2024-01-05T15:13:25Z,75d6a35c-c2e1-5b9f-e7f8-6a5b05af8fc8,75d6a35c-c2e1-5b9f-166b-588b8ed66f05,laboratory,786-4,MCHC [Entitic Mass/volume] in Red Blood Cells by Automated count,34.2,g/dL,numeric
2024-01-05T15:13:25Z,75d6a35c-c2e1-5b9f-e7f8-6a5b05af8fc8,75d6a35c-c2e1-5b9f-166b-588b8ed66f05,laboratory,788-0,Erythrocyte [DistWidth] in Blood by Automated count,44.3,fL,numeric
2024-01-05T15:13:25Z,75d6a35c-c2e1-5b9f-e7f8-6a5b05af8fc8,75d6a35c-c2e1-5b9f-166b-588b8ed66f05,laboratory,777-3,Platelets [#/volume] in Blood by Automated count,353.5,10*3/uL,numeric
2024-01-05T15:13:25Z,75d6a35c-c2e1-5b9f-e7f8-6a5b05af8fc8,75d6a35c-c2e1-5b9f-166b-588b8ed66f05,laboratory,32207-3,Platelet distribution width [Entitic volume] in Blood by Automated count,208.1,fL,numeric
2024-01-05T15:13:25Z,75d6a35c-c2e1-5b9f-e7f8-6a5b05af8fc8,75d6a35c-c2e1-5b9f-166b-588b8ed66f05,laboratory,32623-1,Platelet [Entitic mean volume] in Blood by Automated count,10.2,fL,numeric
2024-01-05T15:13:25Z,75d6a35c-c2e1-5b9f-e7f8-6a5b05af8fc8,75d6a35c-c2e1-5b9f-166b-588b8ed66f05,social-history,72166-2,Tobacco smoking status,Never smoked tobacco (finding),,text
2025-01-10T15:13:25Z,75d6a35c-c2e1-5b9f-e7f8-6a5b05af8fc8,75d6a35c-c2e1-5b9f-2473-d1d6a0908420,vital-signs,8302-2,Body Height,153.2,cm,numeric
2025-01-10T15:13:25Z,75d6a35c-c2e1-5b9f-e7f8-6a5b05af8fc8,75d6a35c-c2e1-5b9f-2473-d1d6a0908420,vital-signs,72514-3,Pain severity - 0-10 verbal numeric rating [Score] - Reported,0.0,{score},numeric
2025-01-10T15:13:25Z,75d6a35c-c2e1-5b9f-e7f8-6a5b05af8fc8,75d6a35c-c2e1-5b9f-2473-d1d6a0908420,vital-signs,29463-7,Body Weight,50.5,kg,numeric
2025-01-10T15:13:25Z,75d6a35c-c2e1-5b9f-e7f8-6a5b05af8fc8,75d6a35c-c2e1-5b9f-2473-d1d6a0908420,vital-signs,39156-5,Body mass index (BMI) [Ratio],21.5,kg/m2,numeric
2025-01-10T15:13:25Z,75d6a35c-c2e1-5b9f-e7f8-6a5b05af8fc8,75d6a35c-c2e1-5b9f-2473-d1d6a0908420,vital-signs,59576-9,Body mass index (BMI) [Percentile] Per age and sex,87.5,%,numeric
2025-01-10T15:13:25Z,75d6a35c-c2e1-5b9f-e7f8-6a5b05af8fc8,75d6a35c-c2e1-5b9f-2473-d1d6a0908420,vital-signs,8462-4,Diastolic Blood Pressure,83.0,mm[Hg],numeric
2025-01-10T15:13:25Z,75d6a35c-c2e1-5b9f-e7f8-6a5b05af8fc8,75d6a35c-c2e1-5b9f-2473-d1d6a0908420,vital-signs,8480-6,Systolic Blood Pressure,98.0,mm[Hg],numeric
2025-01-10T15:13:25Z,75d6a35c-c2e1-5b9f-e7f8-6a5b05af8fc8,75d6a35c-c2e1-5b9f-2473-d1d6a0908420,vital-signs,8867-4,Heart rate,76.0,/min,numeric
2025-01-10T15:13:25Z,75d6a35c-c2e1-5b9f-e7f8-6a5b05af8fc8,75d6a35c-c2e1-5b9f-2473-d1d6a0908420,vital-signs,9279-1,Respiratory rate,13.0,/min,numeric
2025-01-10T15:13:25Z,75d6a35c-c2e1-5b9f-e7f8-6a5b05af8fc8,75d6a35c-c2e1-5b9f-2473-d1d6a0908420,social-history,72166-2,Tobacco smoking status,Never smoked tobacco (finding),,text
2025-01-10T15:43:21Z,75d6a35c-c2e1-5b9f-e7f8-6a5b05af8fc8,75d6a35c-c2e1-5b9f-2473-d1d6a0908420,survey,70274-6,Generalized anxiety disorder 7 item (GAD-7) total score [Reported.PHQ],2.0,{score},numeric
2025-01-10T16:23:16Z,75d6a35c-c2e1-5b9f-e7f8-6a5b05af8fc8,75d6a35c-c2e1-5b9f-2473-d1d6a0908420,survey,89204-2,Patient Health Questionnaire-9: Modified for Teens total score [Reported.PHQ.Teen],3.0,{score},numeric
2025-09-19T15:13:25Z,75d6a35c-c2e1-5b9f-e7f8-6a5b05af8fc8,75d6a35c-c2e1-5b9f-cbe2-05f04a356ea2,vital-signs,8302-2,Body Height,158.0,cm,numeric
2025-09-19T15:13:25Z,75d6a35c-c2e1-5b9f-e7f8-6a5b05af8fc8,75d6a35c-c2e1-5b9f-cbe2-05f04a356ea2,vital-signs,72514-3,Pain severity - 0-10 verbal numeric rating [Score] - Reported,3.0,,numeric
2025-09-19T15:13:25Z,75d6a35c-c2e1-5b9f-e7f8-6a5b05af8fc8,75d6a35c-c2e1-5b9f-cbe2-05f04a356ea2,vital-signs,29463-7,Body Weight,,kg,numeric
2025-09-19T15:13:25Z,75d6a35c-c2e1-5b9f-e7f8-6a5b05af8fc8,75d6a35c-c2e1-5b9f-cbe2-05f04a356ea2,vital-signs,39156-5,Body mass index (BMI) [Ratio],22.0,kg/m2,numeric
2025-09-19T15:13:25Z,75d6a35c-c2e1-5b9f-e7f8-6a5b05af8fc8,75d6a35c-c2e1-5b9f-cbe2-05f04a356ea2,vital-signs,59576-9,Body mass index (BMI) [Percentile] Per age and sex,87.3,%,numeric
2025-09-19T15:13:25Z,75d6a35c-c2e1-5b9f-e7f8-6a5b05af8fc8,75d6a35c-c2e1-5b9f-cbe2-05f04a356ea2,vital-signs,8462-4,Diastolic Blood Pressure,84.0,mm[Hg],numeric
2025-09-19T15:13:25Z,75d6a35c-c2e1-5b9f-e7f8-6a5b05af8fc8,75d6a35c-c2e1-5b9f-cbe2-05f04a356ea2,vital-signs,8480-6,Systolic Blood Pressure,106.0,mm[Hg],numeric
2025-09-19T15:13:25Z,75d6a35c-c2e1-5b9f-e7f8-6a5b05af8fc8,75d6a35c-c2e1-5b9f-cbe2-05f04a356ea2,vital-signs,8867-4,Heart rate,81.0,/min,numeric
2025-09-19T15:13:25Z,75d6a35c-c2e1-5b9f-e7f8-6a5b05af8fc8,75d6a35c-c2e1-5b9f-cbe2-05f04a356ea2,vital-signs,9279-1,Respiratory rate,14.0,/min,numeric
2025-09-19T15:13:25Z,75d6a35c-c2e1-5b9f-e7f8-6a5b05af8fc8,75d6a35c-c2e1-5b9f-cbe2-05f04a356ea2,social-history,72166-2,Tobacco smoking status,Never smoked tobacco (finding),,text
2025-09-19T15:57:41Z,75d6a35c-c2e1-5b9f-e7f8-6a5b05af8fc8,75d6a35c-c2e1-5b9f-cbe2-05f04a356ea2,survey,89204-2,Patient Health Questionnaire-9: Modified for Teens total score [Reported.PHQ.Teen],1.0,{score},numeric
2026-01-16T15:13:25Z,75d6a35c-c2e1-5b9f-e7f8-6a5b05af8fc8,75d6a35c-c2e1-5b9f-8058-bffad2c63e7a,vital-signs,8302-2,Body Height,160.5,cm,numeric
2026-01-16T15:13:25Z,75d6a35c-c2e1-5b9f-e7f8-6a5b05af8fc8,75d6a35c-c2e1-5b9f-8058-bffad2c63e7a,vital-signs,72514-3,Pain severity - 0-10 verbal numeric rating [Score] - Reported,0.0,{score},numeric
2026-01-16T15:13:25Z,75d6a35c-c2e1-5b9f-e7f8-6a5b05af8fc8,75d6a35c-c2e1-5b9f-8058-bffad2c63e7a,vital-signs,29463-7,Body Weight,57.3,kg,numeric
2026-01-16T15:13:25Z,75d6a35c-c2e1-5b9f-e7f8-6a5b05af8fc8,75d6a35c-c2e1-5b9f-8058-bffad2c63e7a,vital-signs,39156-5,Body mass index (BMI) [Ratio],22.3,kg/m2,numeric
2026-01-16T15:13:25Z,75d6a35c-c2e1-5b9f-e7f8-6a5b05af8fc8,75d6a35c-c2e1-5b9f-8058-bffad2c63e7a,vital-signs,59576-9,Body mass index (BMI) [Percentile] Per age and sex,87.0,%,numeric
2026-01-16T15:13:25Z,75d6a35c-c2e1-5b9f-e7f8-6a5b05af8fc8,75d6a35c-c2e1-5b9f-8058-bffad2c63e7a,vital-signs,8462-4,Diastolic Blood Pressure,85.0,mm[Hg],numeric
2026-01-16T15:13:25Z,75d6a35c-c2e1-5b9f-e7f8-6a5b05af8fc8,75d6a35c-c2e1-5b9f-8058-bffad2c63e7a,vital-signs,8480-6,Systolic Blood Pressure,101.0,mm[Hg],numeric
2026-01-16T15:13:25Z,75d6a35c-c2e1-5b9f-e7f8-6a5b05af8fc8,75d6a35c-c2e1-5b9f-8058-bffad2c63e7a,vital-signs,8867-4,Heart rate,100.0,/min,numeric
2026-01-16T15:13:25Z,75d6a35c-c2e1-5b9f-e7f8-6a5b05af8fc8,75d6a35c-c2e1-5b9f-8058-bffad2c63e7a,vital-signs,9279-1,Respiratory rate,14.0,/min,numeric
2026-01-16T15:13:25Z,75d6a35c-c2e1-5b9f-e7f8-6a5b05af8fc8,75d6a35c-c2e1-5b9f-8058-bffad2c63e7a,social-history,72166-2,Tobacco smoking status,Never smoked tobacco (finding),,text
2026-01-16T15:45:41Z,75d6a35c-c2e1-5b9f-e7f8-6a5b05af8fc8,75d6a35c-c2e1-5b9f-8058-bffad2c63e7a,survey,89204-2,Patient Health Questionnaire-9: Modified for Teens total score [Reported.PHQ.Teen],2.0,{score},numeric
2016-12-21T15:13:25Z,75d6a35c-c2e1-5b9f-e7f8-6a5b05af8fc8,,,QALY,QALY,3.0,a,numeric
2017-12-21T15:13:25Z,75d6a35c-c2e1-5b9f-e7f8-6a5b05af8fc8,,,QALY,QALY,4.0,a,numeric
2018-12-21T15:13:25Z,75d6a35c-c2e1-5b9f-e7f8-6a5b05af8fc8,,,QALY,QALY,5.0,a,numeric
2019-12-21T15:13:25Z,75d6a35c-c2e1-5b9f-e7f8-6a5b05af8fc8,,,QALY,QALY,6.0,a,numeric
2020-12-21T15:13:25Z,75d6a35c-c2e1-5b9f-e7f8-6a5b05af8fc8,,,QALY,QALY,7.0,a,numeric
2021-12-21T15:13:25Z,75d6a35c-c2e1-5b9f-e7f8-6a5b05af8fc8,,,QALY,QALY,8.0,a,numeric
2022-12-21T15:13:25Z,75d6a35c-c2e1-5b9f-e7f8-6a5b05af8fc8,,,QALY,QALY,9.0,a,numeric
2023-12-21T15:13:25Z,75d6a35c-c2e1-5b9f-e7f8-6a5b05af8fc8,,,QALY,QALY,10.0,a,numeric
2024-12-21T15:13:25Z,75d6a35c-c2e1-5b9f-e7f8-6a5b05af8fc8,,,QALY,QALY,11.0,a,numeric
2025-12-21T15:13:25Z,75d6a35c-c2e1-5b9f-e7f8-6a5b05af8fc8,,,QALY,QALY,12.0,a,numeric
2016-12-21T15:13:25Z,75d6a35c-c2e1-5b9f-e7f8-6a5b05af8fc8,,,DALY,DALY,0.0,a,numeric
2017-12-21T15:13:25Z,75d6a35c-c2e1-5b9f-e7f8-6a5b05af8fc8,,,DALY,DALY,0.0,a,numeric
2018-12-21T15:13:25Z,75d6a35c-c2e1-5b9f-e7f8-6a5b05af8fc8,,,DALY,DALY,0.0,a,numeric
2019-12-21T15:13:25Z,75d6a35c-c2e1-5b9f-e7f8-6a5b05af8fc8,,,DALY,DALY,0.0,a,numeric
2020-12-21T15:13:25Z,75d6a35c-c2e1-5b9f-e7f8-6a5b05af8fc8,,,DALY,DALY,0.0,a,numeric
2021-12-21T15:13:25Z,75d6a35c-c2e1-5b9f-e7f8-6a5b05af8fc8,,,DALY,DALY,0.0,a,numeric
2022-12-21T15:13:25Z,75d6a35c-c2e1-5b9f-e7f8-6a5b05af8fc8,,,DALY,DALY,0.0,a,numeric
2023-12-21T15:13:25Z,75d6a35c-c2e1-5b9f-e7f8-6a5b05af8fc8,,,DALY,DALY,0.0,a,numeric
2024-12-21T15:13:25Z,75d6a35c-c2e1-5b9f-e7f8-6a5b05af8fc8,,,DALY,DALY,0.0,a,numeric
2025-12-21T15:13:25Z,75d6a35c-c2e1-5b9f-e7f8-6a5b05af8fc8,,,DALY,DALY,0.0,a,numeric
2016-12-21T15:13:25Z,75d6a35c-c2e1-5b9f-e7f8-6a5b05af8fc8,,,QOLS,QOLS,1.0,{score},numeric
2017-12-21T15:13:25Z,75d6a35c-c2e1-5b9f-e7f8-6a5b05af8fc8,,,QOLS,QOLS,1.0,{score},numeric
2018-12-21T15:13:25Z,75d6a35c-c2e1-5b9f-e7f8-6a5b05af8fc8,,,QOLS,QOLS,1.0,{score},numeric
2019-12-21T15:13:25Z,75d6a35c-c2e1-5b9f-e7f8-6a5b05af8fc8,,,QOLS,QOLS,1.0,{score},numeric
2020-12-21T15:13:25Z,75d6a35c-c2e1-5b9f-e7f8-6a5b05af8fc8,,,QOLS,QOLS,1.0,{score},numeric
2021-12-21T15:13:25Z,75d6a35c-c2e1-5b9f-e7f8-6a5b05af8fc8,,,QOLS,QOLS,1.0,{score},numeric
2022-12-21T15:13:25Z,75d6a35c-c2e1-5b9f-e7f8-6a5b05af8fc8,,,QOLS,QOLS,1.0,{score},numeric
2023-12-21T15:13:25Z,75d6a35c-c2e1-5b9f-e7f8-6a5b05af8fc8,,,QOLS,QOLS,1.0,,numeric
2024-12-21T15:13:25Z,75d6a35c-c2e1-5b9f-e7f8-6a5b05af8fc8,,,QOLS,QOLS,1.0,{score},numeric
2025-12-21T15:13:25Z,75d6a35c-c2e1-5b9f-e7f8-6a5b05af8fc8,,,QOLS,QOLS,1.0,{score},numeric
2016-09-16T04:52:26Z,3236b1f8-2bc1-3e38-c539-a29407c6a206,3236b1f8-2bc1-3e38-0d9f-b5674c00c141,vital-signs,8302-2,Body Height,150.0,cm,numeric
2016-09-16T04:52:26Z,3236b1f8-2bc1-3e38-c539-a29407c6a206,3236b1f8-2bc1-3e38-0d9f-b5674c00c141,vital-signs,72514-3,Pain severity - 0-10 verbal numeric rating [Score] - Reported,4.0,{score},numeric
2016-09-16T04:52:26Z,3236b1f8-2bc1-3e38-c539-a29407c6a206,3236b1f8-2bc1-3e38-0d9f-b5674c00c141,vital-signs,29463-7,Body Weight,44.3,kg,numeric
2016-09-16T04:52:26Z,3236b1f8-2bc1-3e38-c539-a29407c6a206,3236b1f8-2bc1-3e38-0d9f-b5674c00c141,vital-signs,39156-5,Body mass index (BMI) [Ratio],19.7,kg/m2,numeric
2016-09-16T04:52:26Z,3236b1f8-2bc1-3e38-c539-a29407c6a206,3236b1f8-2bc1-3e38-0d9f-b5674c00c141,vital-signs,59576-9,Body mass index (BMI) [Percentile] Per age and sex,69.8,%,numeric
2016-09-16T04:52:26Z,3236b1f8-2bc1-3e38-c539-a29407c6a206,3236b1f8-2bc1-3e38-0d9f-b5674c00c141,vital-signs,8462-4,Diastolic Blood Pressure,,mm[Hg],numeric
2016-09-16T04:52:26Z,3236b1f8-2bc1-3e38-c539-a29407c6a206,3236b1f8-2bc1-3e38-0d9f-b5674c00c141,vital-signs,8480-6,Systolic Blood Pressure,103.0,mm[Hg],numeric
2016-09-16T04:52:26Z,3236b1f8-2bc1-3e38-c539-a29407c6a206,3236b1f8-2bc1-3e38-0d9f-b5674c00c141,vital-signs,8867-4,Heart rate,83.0,/min,numeric
2016-09-16T04:52:26Z,3236b1f8-2bc1-3e38-c539-a29407c6a206,3236b1f8-2bc1-3e38-0d9f-b5674c00c141,vital-signs,9279-1,Respiratory rate,13.0,/min,numeric
2016-09-16T04:52:26Z,3236b1f8-2bc1-3e38-c539-a29407c6a206,3236b1f8-2bc1-3e38-0d9f-b5674c00c141,social-history,72166-2,Tobacco smoking status,Never smoked tobacco (finding),,text
2016-09-16T05:31:41Z,3236b1f8-2bc1-3e38-c539-a29407c6a206,3236b1f8-2bc1-3e38-0d9f-b5674c00c141,survey,89204-2,Patient Health Questionnaire-9: Modified for Teens total score [Reported.PHQ.Teen],1.0,{score},numeric
2017-09-01T05:21:48Z,3236b1f8-2bc1-3e38-c539-a29407c6a206,3236b1f8-2bc1-3e38-efae-268f1168e342,laboratory,6206-7,Peanut IgE Ab [Units/volume] in Serum,,kU/L,numeric
2017-09-01T05:21:48Z,3236b1f8-2bc1-3e38-c539-a29407c6a206,3236b1f8-2bc1-3e38-efae-268f1168e342,laboratory,6273-7,Walnut IgE Ab [Units/volume] in Serum,0.3,kU/L,numeric
2017-09-01T05:21:48Z,3236b1f8-2bc1-3e38-c539-a29407c6a206,3236b1f8-2bc1-3e38-efae-268f1168e342,laboratory,6082-2,Codfish IgE Ab [Units/volume] in Serum,0.2,kU/L,numeric
2017-09-01T05:21:48Z,3236b1f8-2bc1-3e38-c539-a29407c6a206,3236b1f8-2bc1-3e38-efae-268f1168e342,laboratory,6246-3,Shrimp IgE Ab [Units/volume] in Serum,0.1,kU/L,numeric
2017-09-01T05:21:48Z,3236b1f8-2bc1-3e38-c539-a29407c6a206,3236b1f8-2bc1-3e38-efae-268f1168e342,laboratory,6276-0,Wheat IgE Ab [Units/volume] in Serum,0.1,kU/L,numeric
2017-09-01T05:21:48Z,3236b1f8-2bc1-3e38-c539-a29407c6a206,3236b1f8-2bc1-3e38-efae-268f1168e342,laboratory,6106-9,Egg white IgE Ab [Units/volume] in Serum,0.2,kU/L,numeric
2017-09-01T05:21:48Z,3236b1f8-2bc1-3e38-c539-a29407c6a206,3236b1f8-2bc1-3e38-efae-268f1168e342,laboratory,6248-9,Soybean IgE Ab [Units/volume] in Serum,0.0,kU/L,numeric
2017-09-01T05:21:48Z,3236b1f8-2bc1-3e38-c539-a29407c6a206,3236b1f8-2bc1-3e38-efae-268f1168e342,laboratory,7258-7,Cow milk IgE Ab [Units/volume] in Serum,0.0,kU/L,numeric
2017-09-01T05:21:48Z,3236b1f8-2bc1-3e38-c539-a29407c6a206,3236b1f8-2bc1-3e38-efae-268f1168e342,laboratory,6189-5,White oak IgE Ab [Units/volume] in Serum,0.3,kU/L,numeric
2017-09-01T05:21:48Z,3236b1f8-2bc1-3e38-c539-a29407c6a206,3236b1f8-2bc1-3e38-efae-268f1168e342,laboratory,6085-5,Common Ragweed IgE Ab [Units/volume] in Serum,0.1,kU/L,numeric
2017-09-01T05:21:48Z,3236b1f8-2bc1-3e38-c539-a29407c6a206,3236b1f8-2bc1-3e38-efae-268f1168e342,laboratory,6833-8,Cat dander IgE Ab [Units/volume] in Serum,0.3,kU/L,numeric
2017-09-01T05:21:48Z,3236b1f8-2bc1-3e38-c539-a29407c6a206,3236b1f8-2bc1-3e38-efae-268f1168e342,laboratory,6095-4,American house dust mite IgE Ab [Units/volume] in Serum,0.0,kU/L,numeric
2017-09-01T05:21:48Z,3236b1f8-2bc1-3e38-c539-a29407c6a206,3236b1f8-2bc1-3e38-efae-268f1168e342,laboratory,6075-6,Cladosporium herbarum IgE Ab [Units/volume] in Serum,,kU/L,numeric
2017-09-01T05:21:48Z,3236b1f8-2bc1-3e38-c539-a29407c6a206,3236b1f8-2bc1-3e38-efae-268f1168e342,laboratory,6844-5,Honey bee IgE Ab [Units/volume] in Serum,0.3,kU/L,numeric
2017-09-01T05:21:48Z,3236b1f8-2bc1-3e38-c539-a29407c6a206,3236b1f8-2bc1-3e38-efae-268f1168e342,laboratory,6158-0,Latex IgE Ab [Units/volume] in Serum,0.3,kU/L,numeric
2017-09-22T04:52:26Z,3236b1f8-2bc1-3e38-c539-a29407c6a206,3236b1f8-2bc1-3e38-a44a-b0af462cef03,vital-signs,8302-2,Body Height,155.9,cm,numeric
2017-09-22T04:52:26Z,3236b1f8-2bc1-3e38-c539-a29407c6a206,3236b1f8-2bc1-3e38-a44a-b0af462cef03,vital-signs,72514-3,Pain severity - 0-10 verbal numeric rating [Score] - Reported,0.0,{score},numeric
2017-09-22T04:52:26Z,3236b1f8-2bc1-3e38-c539-a29407c6a206,3236b1f8-2bc1-3e38-a44a-b0af462cef03,vital-signs,29463-7,Body Weight,48.5,kg,numeric
2017-09-22T04:52:26Z,3236b1f8-2bc1-3e38-c539-a29407c6a206,3236b1f8-2bc1-3e38-a44a-b0af462cef03,vital-signs,39156-5,Body mass index (BMI) [Ratio],20.0,kg/m2,numeric
2017-09-22T04:52:26Z,3236b1f8-2bc1-3e38-c539-a29407c6a206,3236b1f8-2bc1-3e38-a44a-b0af462cef03,vital-signs,59576-9,Body mass index (BMI) [Percentile] Per age and sex,65.2,%,numeric
2017-09-22T04:52:26Z,3236b1f8-2bc1-3e38-c539-a29407c6a206,3236b1f8-2bc1-3e38-a44a-b0af462cef03,vital-signs,8462-4,Diastolic Blood Pressure,84.0,mm[Hg],numeric
2017-09-22T04:52:26Z,3236b1f8-2bc1-3e38-c539-a29407c6a206,3236b1f8-2bc1-3e38-a44a-b0af462cef03,vital-signs,8480-6,Systolic Blood Pressure,105.0,mm[Hg],numeric
2017-09-22T04:52:26Z,3236b1f8-2bc1-3e38-c539-a29407c6a206,3236b1f8-2bc1-3e38-a44a-b0af462cef03,vital-signs,8867-4,Heart rate,60.0,/min,numeric
2017-09-22T04:52:26Z,3236b1f8-2bc1-3e38-c539-a29407c6a206,3236b1f8-2bc1-3e38-a44a-b0af462cef03,vital-signs,9279-1,Respiratory rate,12.0,/min,numeric
2017-09-22T04:52:26Z,3236b1f8-2bc1-3e38-c539-a29407c6a206,3236b1f8-2bc1-3e38-a44a-b0af462cef03,social-history,72166-2,Tobacco smoking status,Never smoked tobacco (finding),,text
2017-09-22T05:11:22Z,3236b1f8-2bc1-3e38-c539-a29407c6a206,3236b1f8-2bc1-3e38-a44a-b0af462cef03,survey,70274-6,Generalized anxiety disorder 7 item (GAD-7) total score [Reported.PHQ],4.0,{score},numeric
2017-09-22T05:42:59Z,3236b1f8-2bc1-3e38-c539-a29407c6a206,3236b1f8-2bc1-3e38-a44a-b0af462cef03,survey,89204-2,Patient Health Questionnaire-9: Modified for Teens total score [Reported.PHQ.Teen],22.0,{score},numeric
2018-07-27T04:52:26Z,3236b1f8-2bc1-3e38-c539-a29407c6a206,3236b1f8-2bc1-3e38-86e9-237a984ef5e0,vital-signs,8302-2,Body Height,159.0,cm,numeric
2018-07-27T04:52:26Z,3236b1f8-2bc1-3e38-c539-a29407c6a206,3236b1f8-2bc1-3e38-86e9-237a984ef5e0,vital-signs,72514-3,Pain severity - 0-10 verbal numeric rating [Score] - Reported,2.0,{score},numeric
2018-07-27T04:52:26Z,3236b1f8-2bc1-3e38-c539-a29407c6a206,3236b1f8-2bc1-3e38-86e9-237a984ef5e0,vital-signs,29463-7,Body Weight,51.5,kg,numeric
2018-07-27T04:52:26Z,3236b1f8-2bc1-3e38-c539-a29407c6a206,3236b1f8-2bc1-3e38-86e9-237a984ef5e0,vital-signs,39156-5,Body mass index (BMI) [Ratio],20.4,kg/m2,numeric
2018-07-27T04:52:26Z,3236b1f8-2bc1-3e38-c539-a29407c6a206,3236b1f8-2bc1-3e38-86e9-237a984ef5e0,vital-signs,59576-9,Body mass index (BMI) [Percentile] Per age and sex,63.1,%,numeric
2018-07-27T04:52:26Z,3236b1f8-2bc1-3e38-c539-a29407c6a206,3236b1f8-2bc1-3e38-86e9-237a984ef5e0,vital-signs,8462-4,Diastolic Blood Pressure,84.0,,numeric
2018-07-27T04:52:26Z,3236b1f8-2bc1-3e38-c539-a29407c6a206,3236b1f8-2bc1-3e38-86e9-237a984ef5e0,vital-signs,8480-6,Systolic Blood Pressure,101.0,mm[Hg],numeric
2018-07-27T04:52:26Z,3236b1f8-2bc1-3e38-c539-a29407c6a206,3236b1f8-2bc1-3e38-86e9-237a984ef5e0,vital-signs,8867-4,Heart rate,82.0,/min,numeric
2018-07-27T04:52:26Z,3236b1f8-2bc1-3e38-c539-a29407c6a206,3236b1f8-2bc1-3e38-86e9-237a984ef5e0,vital-signs,9279-1,Respiratory rate,15.0,/min,numeric
2018-07-27T04:52:26Z,3236b1f8-2bc1-3e38-c539-a29407c6a206,3236b1f8-2bc1-3e38-86e9-237a984ef5e0,social-history,72166-2,Tobacco smoking status,Never smoked tobacco (finding),,text
2018-07-27T05:15:11Z,3236b1f8-2bc1-3e38-c539-a29407c6a206,3236b1f8-2bc1-3e38-86e9-237a984ef5e0,survey,70274-6,Generalized anxiety disorder 7 item (GAD-7) total score [Reported.PHQ],0.0,{score},numeric
2018-07-27T05:54:38Z,3236b1f8-2bc1-3e38-c539-a29407c6a206,3236b1f8-2bc1-3e38-86e9-237a984ef5e0,survey,89204-2,Patient Health Questionnaire-9: Modified for Teens total score [Reported.PHQ.Teen],1.0,{score},numeric
2018-09-28T04:52:26Z,3236b1f8-2bc1-3e38-c539-a29407c6a206,3236b1f8-2bc1-3e38-8b11-d3fd10e5d637,vital-signs,8302-2,Body Height,159.3,cm,numeric
2018-09-28T04:52:26Z,3236b1f8-2bc1-3e38-c539-a29407c6a206,3236b1f8-2bc1-3e38-8b11-d3fd10e5d637,vital-signs,72514-3,Pain severity - 0-10 verbal numeric rating [Score] - Reported,3.0,{score},numeric
2018-09-28T04:52:26Z,3236b1f8-2bc1-3e38-c539-a29407c6a206,3236b1f8-2bc1-3e38-8b11-d3fd10e5d637,vital-signs,29463-7,Body Weight,51.8,kg,numeric
2018-09-28T04:52:26Z,3236b1f8-2bc1-3e38-c539-a29407c6a206,3236b1f8-2bc1-3e38-8b11-d3fd10e5d637,vital-signs,39156-5,Body mass index (BMI) [Ratio],20.4,kg/m2,numeric
2018-09-28T04:52:26Z,3236b1f8-2bc1-3e38-c539-a29407c6a206,3236b1f8-2bc1-3e38-8b11-d3fd10e5d637,vital-signs,59576-9,Body mass index (BMI) [Percentile] Per age and sex,62.6,%,numeric
2018-09-28T04:52:26Z,3236b1f8-2bc1-3e38-c539-a29407c6a206,3236b1f8-2bc1-3e38-8b11-d3fd10e5d637,vital-signs,8462-4,Diastolic Blood Pressure,82.0,mm[Hg],numeric
2018-09-28T04:52:26Z,3236b1f8-2bc1-3e38-c539-a29407c6a206,3236b1f8-2bc1-3e38-8b11-d3fd10e5d637,vital-signs,8480-6,Systolic Blood Pressure,109.0,mm[Hg],numeric
2018-09-28T04:52:26Z,3236b1f8-2bc1-3e38-c539-a29407c6a206,3236b1f8-2bc1-3e38-8b11-d3fd10e5d637,vital-signs,8867-4,Heart rate,93.0,/min,numeric
2018-09-28T04:52:26Z,3236b1f8-2bc1-3e38-c539-a29407c6a206,3236b1f8-2bc1-3e38-8b11-d3fd10e5d637,vital-signs,9279-1,Respiratory rate,14.0,/min,numeric
2018-09-28T04:52:26Z,3236b1f8-2bc1-3e38-c539-a29407c6a206,3236b1f8-2bc1-3e38-8b11-d3fd10e5d637,social-history,72166-2,Tobacco smoking status,Never smoked tobacco (finding),,text
2018-09-28T05:19:46Z,3236b1f8-2bc1-3e38-c539-a29407c6a206,3236b1f8-2bc1-3e38-8b11-d3fd10e5d637,survey,70274-6,Generalized anxiety disorder 7 item (GAD-7) total score [Reported.PHQ],13.0,{score},numeric
2018-09-28T05:59:18Z,3236b1f8-2bc1-3e38-c539-a29407c6a206,3236b1f8-2bc1-3e38-8b11-d3fd10e5d637,survey,89204-2,Patient Health Questionnaire-9: Modified for Teens total score [Reported.PHQ.Teen],1.0,{score},numeric
2019-03-08T04:52:26Z,3236b1f8-2bc1-3e38-c539-a29407c6a206,3236b1f8-2bc1-3e38-6d47-52dc715504fb,vital-signs,8302-2,Body Height,160.0,cm,numeric
2019-03-08T04:52:26Z,3236b1f8-2bc1-3e38-c539-a29407c6a206,3236b1f8-2bc1-3e38-6d47-52dc715504fb,vital-signs,72514-3,Pain severity - 0-10 verbal numeric rating [Score] - Reported,1.0,{score},numeric
2019-03-08T04:52:26Z,3236b1f8-2bc1-3e38-c539-a29407c6a206,3236b1f8-2bc1-3e38-6d47-52dc715504fb,vital-signs,29463-7,Body Weight,52.7,kg,numeric
2019-03-08T04:52:26Z,3236b1f8-2bc1-3e38-c539-a29407c6a206,3236b1f8-2bc1-3e38-6d47-52dc715504fb,vital-signs,39156-5,Body mass index (BMI) [Ratio],20.6,kg/m2,numeric
2019-03-08T04:52:26Z,3236b1f8-2bc1-3e38-c539-a29407c6a206,3236b1f8-2bc1-3e38-6d47-52dc715504fb,vital-signs,59576-9,Body mass index (BMI) [Percentile] Per age and sex,61.7,%,numeric
2019-03-08T04:52:26Z,3236b1f8-2bc1-3e38-c539-a29407c6a206,3236b1f8-2bc1-3e38-6d47-52dc715504fb,vital-signs,8462-4,Diastolic Blood Pressure,82.0,mm[Hg],numeric
2019-03-08T04:52:26Z,3236b1f8-2bc1-3e38-c539-a29407c6a206,3236b1f8-2bc1-3e38-6d47-52dc715504fb,vital-signs,8480-6,Systolic Blood Pressure,109.0,mm[Hg],numeric
2019-03-08T04:52:26Z,3236b1f8-2bc1-3e38-c539-a29407c6a206,3236b1f8-2bc1-3e38-6d47-52dc715504fb,vital-signs,8867-4,Heart rate,90.0,/min,numeric
2019-03-08T04:52:26Z,3236b1f8-2bc1-3e38-c539-a29407c6a206,3236b1f8-2bc1-3e38-6d47-52dc715504fb,vital-signs,9279-1,Respiratory rate,14.0,/min,numeric
2019-03-08T04:52:26Z,3236b1f8-2bc1-3e38-c539-a29407c6a206,3236b1f8-2bc1-3e38-6d47-52dc715504fb,social-history,72166-2,Tobacco smoking status,,,text
2019-03-08T05:31:46Z,3236b1f8-2bc1-3e38-c539-a29407c6a206,3236b1f8-2bc1-3e38-6d47-52dc715504fb,survey,89204-2,Patient Health Questionnaire-9: Modified for Teens total score [Reported.PHQ.Teen],4.0,{score},numeric
2019-08-30T05:34:53Z,3236b1f8-2bc1-3e38-c539-a29407c6a206,3236b1f8-2bc1-3e38-96e3-4b55e1ed77db,exam,75636-1,Emergency severity index [ESI],Needs 1 resource,,text
2019-08-30T05:34:53Z,3236b1f8-2bc1-3e38-c539-a29407c6a206,3236b1f8-2bc1-3e38-96e3-4b55e1ed77db,vital-signs,8462-4,Diastolic Blood Pressure,71.2,mm[Hg],numeric
2019-08-30T05:34:53Z,3236b1f8-2bc1-3e38-c539-a29407c6a206,3236b1f8-2bc1-3e38-96e3-4b55e1ed77db,vital-signs,8480-6,Systolic Blood Pressure,144.6,mm[Hg],numeric
2019-08-30T05:34:53Z,3236b1f8-2bc1-3e38-c539-a29407c6a206,3236b1f8-2bc1-3e38-96e3-4b55e1ed77db,vital-signs,8867-4,Heart rate,79.9,/min,numeric
2019-08-30T05:34:53Z,3236b1f8-2bc1-3e38-c539-a29407c6a206,3236b1f8-2bc1-3e38-96e3-4b55e1ed77db,vital-signs,9279-1,Respiratory rate,18.4,/min,numeric
2019-08-30T05:34:53Z,3236b1f8-2bc1-3e38-c539-a29407c6a206,3236b1f8-2bc1-3e38-96e3-4b55e1ed77db,vital-signs,2708-6,Oxygen saturation in Arterial blood,99.3,%,numeric
2019-08-30T05:34:53Z,3236b1f8-2bc1-3e38-c539-a29407c6a206,3236b1f8-2bc1-3e38-96e3-4b55e1ed77db,vital-signs,8310-5,Body temperature,36.7,Cel,numeric
2019-08-30T06:56:05Z,3236b1f8-2bc1-3e38-c539-a29407c6a206,3236b1f8-2bc1-3e38-96e3-4b55e1ed77db,laboratory,5792-7,Glucose [Mass/volume] in Urine by Test strip,2.6,mg/dL,numeric
2019-08-30T06:56:05Z,3236b1f8-2bc1-3e38-c539-a29407c6a206,3236b1f8-2bc1-3e38-96e3-4b55e1ed77db,laboratory,2514-8,Ketones [Presence] in Urine by Test strip,Urine ketones not detected (finding),{nominal},text
2019-08-30T06:56:05Z,3236b1f8-2bc1-3e38-c539-a29407c6a206,3236b1f8-2bc1-3e38-96e3-4b55e1ed77db,laboratory,5811-5,Specific gravity of Urine by Test strip,1.0,{nominal},numeric
2019-08-30T06:56:05Z,3236b1f8-2bc1-3e38-c539-a29407c6a206,3236b1f8-2bc1-3e38-96e3-4b55e1ed77db,laboratory,5803-2,pH of Urine by Test strip,6.8,pH,numeric
2019-08-30T06:56:05Z,3236b1f8-2bc1-3e38-c539-a29407c6a206,3236b1f8-2bc1-3e38-96e3-4b55e1ed77db,laboratory,5804-0,Protein [Mass/volume] in Urine by Test strip,13.2,mg/dL,numeric
2019-08-30T06:56:05Z,3236b1f8-2bc1-3e38-c539-a29407c6a206,3236b1f8-2bc1-3e38-96e3-4b55e1ed77db,laboratory,5802-4,Nitrite [Presence] in Urine by Test strip,Nitrite detected in urine (finding),{nominal},text
2019-08-30T06:56:05Z,3236b1f8-2bc1-3e38-c539-a29407c6a206,3236b1f8-2bc1-3e38-96e3-4b55e1ed77db,laboratory,5794-3,Hemoglobin [Presence] in Urine by Test strip,Urine blood test = + (finding),{nominal},text
2019-08-30T06:56:05Z,3236b1f8-2bc1-3e38-c539-a29407c6a206,3236b1f8-2bc1-3e38-96e3-4b55e1ed77db,laboratory,5799-2,Leukocyte esterase [Presence] in Urine by Test strip,Urine leukocyte test one plus (finding),{nominal},text
2019-08-30T06:56:05Z,3236b1f8-2bc1-3e38-c539-a29407c6a206,3236b1f8-2bc1-3e38-96e3-4b55e1ed77db,laboratory,5821-4,Leukocytes [#/area] in Urine sediment by Microscopy high power field,12.5,/[HPF],numeric
2019-08-30T06:56:05Z,3236b1f8-2bc1-3e38-c539-a29407c6a206,3236b1f8-2bc1-3e38-96e3-4b55e1ed77db,laboratory,13945-1,Erythrocytes [#/area] in Urine sediment by Microscopy high power field,2.3,/[HPF],numeric
2019-08-30T06:56:05Z,3236b1f8-2bc1-3e38-c539-a29407c6a206,3236b1f8-2bc1-3e38-96e3-4b55e1ed77db,laboratory,5787-7,Epithelial cells [#/area] in Urine sediment by Microscopy high power field,1.1,/[HPF],numeric
2019-08-30T06:56:05Z,3236b1f8-2bc1-3e38-c539-a29407c6a206,3236b1f8-2bc1-3e38-96e3-4b55e1ed77db,laboratory,24124-0,Casts [Presence] in Urine sediment by Light microscopy,Urine microscopy: no casts (finding),{nominal},text
2019-08-30T06:56:05Z,3236b1f8-2bc1-3e38-c539-a29407c6a206,3236b1f8-2bc1-3e38-96e3-4b55e1ed77db,laboratory,8247-9,Mucus [Presence] in Urine sediment by Light microscopy,Mucus in urine (finding),{nominal},text
2019-08-30T06:56:05Z,3236b1f8-2bc1-3e38-c539-a29407c6a206,3236b1f8-2bc1-3e38-96e3-4b55e1ed77db,laboratory,5769-5,Bacteria [#/area] in Urine sediment by Microscopy high power field,Finding of presence of bacteria (finding),{nominal},text
2019-08-30T06:56:05Z,3236b1f8-2bc1-3e38-c539-a29407c6a206,3236b1f8-2bc1-3e38-96e3-4b55e1ed77db,laboratory,630-4,Bacteria identified in Urine by Culture,Greater than 100 000 colony forming units per mL Escherichia coli,,text
2019-08-31T23:56:53Z,3236b1f8-2bc1-3e38-c539-a29407c6a206,3236b1f8-2bc1-3e38-8e0b-c87e63eb56f2,exam,75636-1,Emergency severity index [ESI],Needs 1 resource,,text
2019-08-31T23:56:53Z,3236b1f8-2bc1-3e38-c539-a29407c6a206,3236b1f8-2bc1-3e38-8e0b-c87e63eb56f2,vital-signs,8462-4,Diastolic Blood Pressure,99.3,mm[Hg],numeric
2019-08-31T23:56:53Z,3236b1f8-2bc1-3e38-c539-a29407c6a206,3236b1f8-2bc1-3e38-8e0b-c87e63eb56f2,vital-signs,8480-6,Systolic Blood Pressure,132.9,mm[Hg],numeric
2019-08-31T23:56:53Z,3236b1f8-2bc1-3e38-c539-a29407c6a206,3236b1f8-2bc1-3e38-8e0b-c87e63eb56f2,vital-signs,8867-4,Heart rate,76.8,/min,numeric
2019-08-31T23:56:53Z,3236b1f8-2bc1-3e38-c539-a29407c6a206,3236b1f8-2bc1-3e38-8e0b-c87e63eb56f2,vital-signs,9279-1,Respiratory rate,18.4,/min,numeric
2019-08-31T23:56:53Z,3236b1f8-2bc1-3e38-c539-a29407c6a206,3236b1f8-2bc1-3e38-8e0b-c87e63eb56f2,vital-signs,2708-6,Oxygen saturation in Arterial blood,99.6,%,numeric
2019-08-31T23:56:53Z,3236b1f8-2bc1-3e38-c539-a29407c6a206,3236b1f8-2bc1-3e38-8e0b-c87e63eb56f2,vital-signs,8310-5,Body temperature,36.5,Cel,numeric
2019-09-01T01:25:09Z,3236b1f8-2bc1-3e38-c539-a29407c6a206,3236b1f8-2bc1-3e38-8e0b-c87e63eb56f2,laboratory,5792-7,Glucose [Mass/volume] in Urine by Test strip,1.3,,numeric
2019-09-01T01:25:09Z,3236b1f8-2bc1-3e38-c539-a29407c6a206,3236b1f8-2bc1-3e38-8e0b-c87e63eb56f2,laboratory,2514-8,Ketones [Presence] in Urine by Test strip,Urine ketones not detected (finding),{nominal},text
2019-09-01T01:25:09Z,3236b1f8-2bc1-3e38-c539-a29407c6a206,3236b1f8-2bc1-3e38-8e0b-c87e63eb56f2,laboratory,5811-5,Specific gravity of Urine by Test strip,1.0,{nominal},numeric
2019-09-01T01:25:09Z,3236b1f8-2bc1-3e38-c539-a29407c6a206,3236b1f8-2bc1-3e38-8e0b-c87e63eb56f2,laboratory,5803-2,pH of Urine by Test strip,7.0,pH,numeric
2019-09-01T01:25:09Z,3236b1f8-2bc1-3e38-c539-a29407c6a206,3236b1f8-2bc1-3e38-8e0b-c87e63eb56f2,laboratory,5804-0,Protein [Mass/volume] in Urine by Test strip,,mg/dL,numeric
2019-09-01T01:25:09Z,3236b1f8-2bc1-3e38-c539-a29407c6a206,3236b1f8-2bc1-3e38-8e0b-c87e63eb56f2,laboratory,5802-4,Nitrite [Presence] in Urine by Test strip,Nitrite detected in urine (finding),{nominal},text
2019-09-01T01:25:09Z,3236b1f8-2bc1-3e38-c539-a29407c6a206,3236b1f8-2bc1-3e38-8e0b-c87e63eb56f2,laboratory,5794-3,Hemoglobin [Presence] in Urine by Test strip,Urine blood test = + (finding),{nominal},text
2019-09-01T01:25:09Z,3236b1f8-2bc1-3e38-c539-a29407c6a206,3236b1f8-2bc1-3e38-8e0b-c87e63eb56f2,laboratory,5799-2,Leukocyte esterase [Presence] in Urine by Test strip,Urine leukocyte test one plus (finding),{nominal},text
2019-09-01T01:25:09Z,3236b1f8-2bc1-3e38-c539-a29407c6a206,3236b1f8-2bc1-3e38-8e0b-c87e63eb56f2,laboratory,5821-4,Leukocytes [#/area] in Urine sediment by Microscopy high power field,49.4,/[HPF],numeric
2019-09-01T01:25:09Z,3236b1f8-2bc1-3e38-c539-a29407c6a206,3236b1f8-2bc1-3e38-8e0b-c87e63eb56f2,laboratory,13945-1,Erythrocytes [#/area] in Urine sediment by Microscopy high power field,1.6,/[HPF],numeric
2019-09-01T01:25:09Z,3236b1f8-2bc1-3e38-c539-a29407c6a206,3236b1f8-2bc1-3e38-8e0b-c87e63eb56f2,laboratory,5787-7,Epithelial cells [#/area] in Urine sediment by Microscopy high power field,2.9,/[HPF],numeric
2019-09-01T01:25:09Z,3236b1f8-2bc1-3e38-c539-a29407c6a206,3236b1f8-2bc1-3e38-8e0b-c87e63eb56f2,laboratory,24124-0,Casts [Presence] in Urine sediment by Light microscopy,Urine microscopy: no casts (finding),{nominal},text
2019-09-01T01:25:09Z,3236b1f8-2bc1-3e38-c539-a29407c6a206,3236b1f8-2bc1-3e38-8e0b-c87e63eb56f2,laboratory,8247-9,Mucus [Presence] in Urine sediment by Light microscopy,Mucus in urine (finding),{nominal},text
2019-09-01T01:25:09Z,3236b1f8-2bc1-3e38-c539-a29407c6a206,3236b1f8-2bc1-3e38-8e0b-c87e63eb56f2,laboratory,5769-5,Bacteria [#/area] in Urine sediment by Microscopy high power field,Finding of presence of bacteria (finding),{nominal},text
2019-09-01T01:25:09Z,3236b1f8-2bc1-3e38-c539-a29407c6a206,3236b1f8-2bc1-3e38-8e0b-c87e63eb56f2,laboratory,630-4,Bacteria identified in Urine by Culture,Greater than 100 000 colony forming units per mL Escherichia coli,,text
2019-10-04T04:52:26Z,3236b1f8-2bc1-3e38-c539-a29407c6a206,3236b1f8-2bc1-3e38-af23-2cfe66c2a010,vital-signs,8302-2,Body Height,160.7,cm,numeric
2019-10-04T04:52:26Z,3236b1f8-2bc1-3e38-c539-a29407c6a206,3236b1f8-2bc1-3e38-af23-2cfe66c2a010,vital-signs,72514-3,Pain severity - 0-10 verbal numeric rating [Score] - Reported,3.0,{score},numeric
2019-10-04T04:52:26Z,3236b1f8-2bc1-3e38-c539-a29407c6a206,3236b1f8-2bc1-3e38-af23-2cfe66c2a010,vital-signs,29463-7,Body Weight,53.9,kg,numeric
2019-10-04T04:52:26Z,3236b1f8-2bc1-3e38-c539-a29407c6a206,3236b1f8-2bc1-3e38-af23-2cfe66c2a010,vital-signs,39156-5,Body mass index (BMI) [Ratio],20.9,kg/m2,numeric
2019-10-04T04:52:26Z,3236b1f8-2bc1-3e38-c539-a29407c6a206,3236b1f8-2bc1-3e38-af23-2cfe66c2a010,vital-signs,59576-9,Body mass index (BMI) [Percentile] Per age and sex,61.2,%,numeric
2019-10-04T04:52:26Z,3236b1f8-2bc1-3e38-c539-a29407c6a206,3236b1f8-2bc1-3e38-af23-2cfe66c2a010,vital-signs,8462-4,Diastolic Blood Pressure,88.0,mm[Hg],numeric
2019-10-04T04:52:26Z,3236b1f8-2bc1-3e38-c539-a29407c6a206,3236b1f8-2bc1-3e38-af23-2cfe66c2a010,vital-signs,8480-6,Systolic Blood Pressure,103.0,mm[Hg],numeric
2019-10-04T04:52:26Z,3236b1f8-2bc1-3e38-c539-a29407c6a206,3236b1f8-2bc1-3e38-af23-2cfe66c2a010,vital-signs,8867-4,Heart rate,68.0,/min,numeric
2019-10-04T04:52:26Z,3236b1f8-2bc1-3e38-c539-a29407c6a206,3236b1f8-2bc1-3e38-af23-2cfe66c2a010,vital-signs,9279-1,Respiratory rate,14.0,/min,numeric
2019-10-04T04:52:26Z,3236b1f8-2bc1-3e38-c539-a29407c6a206,3236b1f8-2bc1-3e38-af23-2cfe66c2a010,social-history,72166-2,Tobacco smoking status,Never smoked tobacco (finding),,text
2019-10-04T05:31:48Z,3236b1f8-2bc1-3e38-c539-a29407c6a206,3236b1f8-2bc1-3e38-af23-2cfe66c2a010,survey,89204-2,Patient Health Questionnaire-9: Modified for Teens total score [Reported.PHQ.Teen],3.0,{score},numeric
2020-10-09T04:52:26Z,3236b1f8-2bc1-3e38-c539-a29407c6a206,3236b1f8-2bc1-3e38-4f5f-c9be38cc11e7,vital-signs,8302-2,Body Height,161.3,cm,numeric
2020-10-09T04:52:26Z,3236b1f8-2bc1-3e38-c539-a29407c6a206,3236b1f8-2bc1-3e38-4f5f-c9be38cc11e7,vital-signs,72514-3,Pain severity - 0-10 verbal numeric rating [Score] - Reported,2.0,{score},numeric
2020-10-09T04:52:26Z,3236b1f8-2bc1-3e38-c539-a29407c6a206,3236b1f8-2bc1-3e38-4f5f-c9be38cc11e7,vital-signs,29463-7,Body Weight,62.0,kg,numeric
2020-10-09T04:52:26Z,3236b1f8-2bc1-3e38-c539-a29407c6a206,3236b1f8-2bc1-3e38-4f5f-c9be38cc11e7,vital-signs,39156-5,Body mass index (BMI) [Ratio],23.8,kg/m2,numeric
2020-10-09T04:52:26Z,3236b1f8-2bc1-3e38-c539-a29407c6a206,3236b1f8-2bc1-3e38-4f5f-c9be38cc11e7,vital-signs,59576-9,Body mass index (BMI) [Percentile] Per age and sex,80.7,%,numeric
2020-10-09T04:52:26Z,3236b1f8-2bc1-3e38-c539-a29407c6a206,3236b1f8-2bc1-3e38-4f5f-c9be38cc11e7,vital-signs,8462-4,Diastolic Blood Pressure,82.0,mm[Hg],numeric
2020-10-09T04:52:26Z,3236b1f8-2bc1-3e38-c539-a29407c6a206,3236b1f8-2bc1-3e38-4f5f-c9be38cc11e7,vital-signs,8480-6,Systolic Blood Pressure,102.0,mm[Hg],numeric
2020-10-09T04:52:26Z,3236b1f8-2bc1-3e38-c539-a29407c6a206,3236b1f8-2bc1-3e38-4f5f-c9be38cc11e7,vital-signs,8867-4,Heart rate,88.0,/min,numeric
2020-10-09T04:52:26Z,3236b1f8-2bc1-3e38-c539-a29407c6a206,3236b1f8-2bc1-3e38-4f5f-c9be38cc11e7,vital-signs,9279-1,Respiratory rate,14.0,/min,numeric
2020-10-09T04:52:26Z,3236b1f8-2bc1-3e38-c539-a29407c6a206,3236b1f8-2bc1-3e38-4f5f-c9be38cc11e7,laboratory,6690-2,Leukocytes [#/volume] in Blood by Automated count,9.6,10*3/uL,numeric
2020-10-09T04:52:26Z,3236b1f8-2bc1-3e38-c539-a29407c6a206,3236b1f8-2bc1-3e38-4f5f-c9be38cc11e7,laboratory,789-8,Erythrocytes [#/volume] in Blood by Automated count,4.9,10*6/uL,numeric
2020-10-09T04:52:26Z,3236b1f8-2bc1-3e38-c539-a29407c6a206,3236b1f8-2bc1-3e38-4f5f-c9be38cc11e7,laboratory,718-7,Hemoglobin [Mass/volume] in Blood,17.3,g/dL,numeric
2020-10-09T04:52:26Z,3236b1f8-2bc1-3e38-c539-a29407c6a206,3236b1f8-2bc1-3e38-4f5f-c9be38cc11e7,laboratory,4544-3,Hematocrit [Volume Fraction] of Blood by Automated count,44.3,%,numeric
2020-10-09T04:52:26Z,3236b1f8-2bc1-3e38-c539-a29407c6a206,3236b1f8-2bc1-3e38-4f5f-c9be38cc11e7,laboratory,787-2,MCV [Entitic mean volume] in Red Blood Cells by Automated count,,fL,numeric
2020-10-09T04:52:26Z,3236b1f8-2bc1-3e38-c539-a29407c6a206,3236b1f8-2bc1-3e38-4f5f-c9be38cc11e7,laboratory,785-6,MCH [Entitic mass] by Automated count,30.3,pg,numeric
2020-10-09T04:52:26Z,3236b1f8-2bc1-3e38-c539-a29407c6a206,3236b1f8-2bc1-3e38-4f5f-c9be38cc11e7,laboratory,786-4,MCHC [Entitic Mass/volume] in Red Blood Cells by Automated count,35.7,g/dL,numeric
2020-10-09T04:52:26Z,3236b1f8-2bc1-3e38-c539-a29407c6a206,3236b1f8-2bc1-3e38-4f5f-c9be38cc11e7,laboratory,788-0,Erythrocyte [DistWidth] in Blood by Automated count,40.5,fL,numeric
2020-10-09T04:52:26Z,3236b1f8-2bc1-3e38-c539-a29407c6a206,3236b1f8-2bc1-3e38-4f5f-c9be38cc11e7,laboratory,777-3,Platelets [#/volume] in Blood by Automated count,402.5,10*3/uL,numeric
2020-10-09T04:52:26Z,3236b1f8-2bc1-3e38-c539-a29407c6a206,3236b1f8-2bc1-3e38-4f5f-c9be38cc11e7,laboratory,32207-3,Platelet distribution width [Entitic volume] in Blood by Automated count,504.5,fL,numeric
2020-10-09T04:52:26Z,3236b1f8-2bc1-3e38-c539-a29407c6a206,3236b1f8-2bc1-3e38-4f5f-c9be38cc11e7,laboratory,32623-1,Platelet [Entitic mean volume] in Blood by Automated count,9.4,fL,numeric
2020-10-09T04:52:26Z,3236b1f8-2bc1-3e38-c539-a29407c6a206,3236b1f8-2bc1-3e38-4f5f-c9be38cc11e7,social-history,72166-2,Tobacco smoking status,Never smoked tobacco (finding),,text
2020-10-09T05:16:53Z,3236b1f8-2bc1-3e38-c539-a29407c6a206,3236b1f8-2bc1-3e38-4f5f-c9be38cc11e7,survey,70274-6,Generalized anxiety disorder 7 item (GAD-7) total score [Reported.PHQ],1.0,{score},numeric
2020-10-09T05:59:57Z,3236b1f8-2bc1-3e38-c539-a29407c6a206,3236b1f8-2bc1-3e38-4f5f-c9be38cc11e7,survey,89204-2,Patient Health Questionnaire-9: Modified for Teens total score [Reported.PHQ.Teen],1.0,{score},numeric
2021-10-15T04:52:26Z,3236b1f8-2bc1-3e38-c539-a29407c6a206,3236b1f8-2bc1-3e38-28ae-2bd6d1bd92fc,vital-signs,8302-2,Body Height,161.6,cm,numeric
2021-10-15T04:52:26Z,3236b1f8-2bc1-3e38-c539-a29407c6a206,3236b1f8-2bc1-3e38-28ae-2bd6d1bd92fc,vital-signs,72514-3,Pain severity - 0-10 verbal numeric rating [Score] - Reported,2.0,{score},numeric
2021-10-15T04:52:26Z,3236b1f8-2bc1-3e38-c539-a29407c6a206,3236b1f8-2bc1-3e38-28ae-2bd6d1bd92fc,vital-signs,29463-7,Body Weight,61.0,kg,numeric
2021-10-15T04:52:26Z,3236b1f8-2bc1-3e38-c539-a29407c6a206,3236b1f8-2bc1-3e38-28ae-2bd6d1bd92fc,vital-signs,39156-5,Body mass index (BMI) [Ratio],23.4,kg/m2,numeric
2021-10-15T04:52:26Z,3236b1f8-2bc1-3e38-c539-a29407c6a206,3236b1f8-2bc1-3e38-28ae-2bd6d1bd92fc,vital-signs,59576-9,Body mass index (BMI) [Percentile] Per age and sex,74.4,%,numeric
2021-10-15T04:52:26Z,3236b1f8-2bc1-3e38-c539-a29407c6a206,3236b1f8-2bc1-3e38-28ae-2bd6d1bd92fc,vital-signs,8462-4,Diastolic Blood Pressure,81.0,mm[Hg],numeric
2021-10-15T04:52:26Z,3236b1f8-2bc1-3e38-c539-a29407c6a206,3236b1f8-2bc1-3e38-28ae-2bd6d1bd92fc,vital-signs,8480-6,Systolic Blood Pressure,107.0,mm[Hg],numeric
2021-10-15T04:52:26Z,3236b1f8-2bc1-3e38-c539-a29407c6a206,3236b1f8-2bc1-3e38-28ae-2bd6d1bd92fc,vital-signs,8867-4,Heart rate,,/min,numeric
2021-10-15T04:52:26Z,3236b1f8-2bc1-3e38-c539-a29407c6a206,3236b1f8-2bc1-3e38-28ae-2bd6d1bd92fc,vital-signs,9279-1,Respiratory rate,13.0,/min,numeric
2021-10-15T04:52:26Z,3236b1f8-2bc1-3e38-c539-a29407c6a206,3236b1f8-2bc1-3e38-28ae-2bd6d1bd92fc,social-history,72166-2,Tobacco smoking status,,,text
2021-10-15T05:09:23Z,3236b1f8-2bc1-3e38-c539-a29407c6a206,3236b1f8-2bc1-3e38-28ae-2bd6d1bd92fc,survey,70274-6,Generalized anxiety disorder 7 item (GAD-7) total score [Reported.PHQ],0.0,{score},numeric
2021-10-15T05:50:03Z,3236b1f8-2bc1-3e38-c539-a29407c6a206,3236b1f8-2bc1-3e38-28ae-2bd6d1bd92fc,survey,89204-2,Patient Health Questionnaire-9: Modified for Teens total score [Reported.PHQ.Teen],1.0,{score},numeric
2021-10-16T11:23:24Z,3236b1f8-2bc1-3e38-c539-a29407c6a206,3236b1f8-2bc1-3e38-4061-ad02b2075f31,laboratory,6206-7,Peanut IgE Ab [Units/volume] in Serum,0.1,kU/L,numeric
2021-10-16T11:23:24Z,3236b1f8-2bc1-3e38-c539-a29407c6a206,3236b1f8-2bc1-3e38-4061-ad02b2075f31,laboratory,6273-7,Walnut IgE Ab [Units/volume] in Serum,0.0,kU/L,numeric
2021-10-16T11:23:24Z,3236b1f8-2bc1-3e38-c539-a29407c6a206,3236b1f8-2bc1-3e38-4061-ad02b2075f31,laboratory,6082-2,Codfish IgE Ab [Units/volume] in Serum,0.1,kU/L,numeric
2021-10-16T11:23:24Z,3236b1f8-2bc1-3e38-c539-a29407c6a206,3236b1f8-2bc1-3e38-4061-ad02b2075f31,laboratory,6246-3,Shrimp IgE Ab [Units/volume] in Serum,0.1,kU/L,numeric
2021-10-16T11:23:24Z,3236b1f8-2bc1-3e38-c539-a29407c6a206,3236b1f8-2bc1-3e38-4061-ad02b2075f31,laboratory,6276-0,Wheat IgE Ab [Units/volume] in Serum,0.0,kU/L,numeric
2021-10-16T11:23:24Z,3236b1f8-2bc1-3e38-c539-a29407c6a206,3236b1f8-2bc1-3e38-4061-ad02b2075f31,laboratory,6106-9,Egg white IgE Ab [Units/volume] in Serum,0.0,kU/L,numeric
2021-10-16T11:23:24Z,3236b1f8-2bc1-3e38-c539-a29407c6a206,3236b1f8-2bc1-3e38-4061-ad02b2075f31,laboratory,6248-9,Soybean IgE Ab [Units/volume] in Serum,0.3,kU/L,numeric
2021-10-16T11:23:24Z,3236b1f8-2bc1-3e38-c539-a29407c6a206,3236b1f8-2bc1-3e38-4061-ad02b2075f31,laboratory,7258-7,Cow milk IgE Ab [Units/volume] in Serum,0.3,kU/L,numeric
2021-10-16T11:23:24Z,3236b1f8-2bc1-3e38-c539-a29407c6a206,3236b1f8-2bc1-3e38-4061-ad02b2075f31,laboratory,6189-5,White oak IgE Ab [Units/volume] in Serum,0.1,,numeric
2021-10-16T11:23:24Z,3236b1f8-2bc1-3e38-c539-a29407c6a206,3236b1f8-2bc1-3e38-4061-ad02b2075f31,laboratory,6085-5,Common Ragweed IgE Ab [Units/volume] in Serum,0.0,kU/L,numeric
2021-10-16T11:23:24Z,3236b1f8-2bc1-3e38-c539-a29407c6a206,3236b1f8-2bc1-3e38-4061-ad02b2075f31,laboratory,6833-8,Cat dander IgE Ab [Units/volume] in Serum,0.3,kU/L,numeric
2021-10-16T11:23:24Z,3236b1f8-2bc1-3e38-c539-a29407c6a206,3236b1f8-2bc1-3e38-4061-ad02b2075f31,laboratory,6095-4,American house dust mite IgE Ab [Units/volume] in Serum,0.2,kU/L,numeric
2021-10-16T11:23:24Z,3236b1f8-2bc1-3e38-c539-a29407c6a206,3236b1f8-2bc1-3e38-4061-ad02b2075f31,laboratory,6075-6,Cladosporium herbarum IgE Ab [Units/volume] in Serum,0.1,kU/L,numeric
2021-10-16T11:23:24Z,3236b1f8-2bc1-3e38-c539-a29407c6a206,3236b1f8-2bc1-3e38-4061-ad02b2075f31,laboratory,6844-5,Honey bee IgE Ab [Units/volume] in Serum,0.1,kU/L,numeric
2021-10-16T11:23:24Z,3236b1f8-2bc1-3e38-c539-a29407c6a206,3236b1f8-2bc1-3e38-4061-ad02b2075f31,laboratory,6158-0,Latex IgE Ab [Units/volume] in Serum,0.1,kU/L,numeric
2022-04-08T04:52:26Z,3236b1f8-2bc1-3e38-c539-a29407c6a206,3236b1f8-2bc1-3e38-4061-ad02b2075f31,social-history,82810-3,Pregnancy status,Pregnant,,text
2022-10-21T04:52:26Z,3236b1f8-2bc1-3e38-c539-a29407c6a206,3236b1f8-2bc1-3e38-e4cd-fc6f74dff31c,vital-signs,8302-2,Body Height,161.8,cm,numeric
2022-10-21T04:52:26Z,3236b1f8-2bc1-3e38-c539-a29407c6a206,3236b1f8-2bc1-3e38-e4cd-fc6f74dff31c,vital-signs,72514-3,Pain severity - 0-10 verbal numeric rating [Score] - Reported,1.0,{score},numeric
2022-10-21T04:52:26Z,3236b1f8-2bc1-3e38-c539-a29407c6a206,3236b1f8-2bc1-3e38-e4cd-fc6f74dff31c,vital-signs,29463-7,Body Weight,58.6,kg,numeric
2022-10-21T04:52:26Z,3236b1f8-2bc1-3e38-c539-a29407c6a206,3236b1f8-2bc1-3e38-e4cd-fc6f74dff31c,vital-signs,39156-5,Body mass index (BMI) [Ratio],22.4,kg/m2,numeric
2022-10-21T04:52:26Z,3236b1f8-2bc1-3e38-c539-a29407c6a206,3236b1f8-2bc1-3e38-e4cd-fc6f74dff31c,vital-signs,59576-9,Body mass index (BMI) [Percentile] Per age and sex,62.3,%,numeric
2022-10-21T04:52:26Z,3236b1f8-2bc1-3e38-c539-a29407c6a206,3236b1f8-2bc1-3e38-e4cd-fc6f74dff31c,vital-signs,8462-4,Diastolic Blood Pressure,82.0,mm[Hg],numeric
2022-10-21T04:52:26Z,3236b1f8-2bc1-3e38-c539-a29407c6a206,3236b1f8-2bc1-3e38-e4cd-fc6f74dff31c,vital-signs,8480-6,Systolic Blood Pressure,103.0,mm[Hg],numeric
2022-10-21T04:52:26Z,3236b1f8-2bc1-3e38-c539-a29407c6a206,3236b1f8-2bc1-3e38-e4cd-fc6f74dff31c,vital-signs,8867-4,Heart rate,75.0,/min,numeric
2022-10-21T04:52:26Z,3236b1f8-2bc1-3e38-c539-a29407c6a206,3236b1f8-2bc1-3e38-e4cd-fc6f74dff31c,vital-signs,9279-1,Respiratory rate,13.0,/min,numeric
2022-10-21T04:52:26Z,3236b1f8-2bc1-3e38-c539-a29407c6a206,3236b1f8-2bc1-3e38-e4cd-fc6f74dff31c,social-history,72166-2,Tobacco smoking status,Never smoked tobacco (finding),,text
2022-10-21T05:47:59Z,3236b1f8-2bc1-3e38-c539-a29407c6a206,3236b1f8-2bc1-3e38-e4cd-fc6f74dff31c,survey,76501-6,Within the last year  have you been afraid of your partner or ex-partner,No,,text
2022-10-21T05:47:59Z,3236b1f8-2bc1-3e38-c539-a29407c6a206,3236b1f8-2bc1-3e38-e4cd-fc6f74dff31c,survey,93026-3,Do you feel physically and emotionally safe where you currently live [PRAPARE],Yes,,text
2022-10-21T05:47:59Z,3236b1f8-2bc1-3e38-c539-a29407c6a206,3236b1f8-2bc1-3e38-e4cd-fc6f74dff31c,survey,93027-1,Are you a refugee,No,,text
2022-10-21T05:47:59Z,3236b1f8-2bc1-3e38-c539-a29407c6a206,3236b1f8-2bc1-3e38-e4cd-fc6f74dff31c,survey,93028-9,Have you spent more than 2 nights in a row in a jail  prison  detention center  or juvenile correctional facility in past 1 year [PRAPARE],No,,text
2022-10-21T05:47:59Z,3236b1f8-2bc1-3e38-c539-a29407c6a206,3236b1f8-2bc1-3e38-e4cd-fc6f74dff31c,survey,93038-8,Stress level,Not at all,,text
2022-10-21T05:47:59Z,3236b1f8-2bc1-3e38-c539-a29407c6a206,3236b1f8-2bc1-3e38-e4cd-fc6f74dff31c,survey,93029-7,How often do you see or talk to people that you care about and feel close to [PRAPARE],,,text
2022-10-21T05:47:59Z,3236b1f8-2bc1-3e38-c539-a29407c6a206,3236b1f8-2bc1-3e38-e4cd-fc6f74dff31c,survey,93030-5,Has lack of transportation kept you from medical appointments  meetings  work  or from getting things needed for daily living,No,,text
2022-10-21T05:47:59Z,3236b1f8-2bc1-3e38-c539-a29407c6a206,3236b1f8-2bc1-3e38-e4cd-fc6f74dff31c,survey,93031-3,Have you or any family members you live with been unable to get any of the following when it was really needed in past 1 year [PRAPARE],I choose not to answer this question,,text
2022-10-21T05:47:59Z,3236b1f8-2bc1-3e38-c539-a29407c6a206,3236b1f8-2bc1-3e38-e4cd-fc6f74dff31c,survey,63586-2,What was your best estimate of the total income of all family members from all sources  before taxes  in last year [PhenX],93722,/a,text
2022-10-21T05:47:59Z,3236b1f8-2bc1-3e38-c539-a29407c6a206,3236b1f8-2bc1-3e38-e4cd-fc6f74dff31c,survey,76437-3,Primary insurance,Private insurance,,text
2022-10-21T05:47:59Z,3236b1f8-2bc1-3e38-c539-a29407c6a206,3236b1f8-2bc1-3e38-e4cd-fc6f74dff31c,survey,67875-5,Employment status - current,Part-time or temporary work,,text
2022-10-21T05:47:59Z,3236b1f8-2bc1-3e38-c539-a29407c6a206,3236b1f8-2bc1-3e38-e4cd-fc6f74dff31c,survey,82589-3,Highest level of education,More than high school,,text
2022-10-21T05:47:59Z,3236b1f8-2bc1-3e38-c539-a29407c6a206,3236b1f8-2bc1-3e38-e4cd-fc6f74dff31c,survey,56799-0,Address,996 Ankunding Approach Apt 1,,text
2022-10-21T05:47:59Z,3236b1f8-2bc1-3e38-c539-a29407c6a206,3236b1f8-2bc1-3e38-e4cd-fc6f74dff31c,survey,93033-9,Are you worried about losing your housing [PRAPARE],No,,text
2022-10-21T05:47:59Z,3236b1f8-2bc1-3e38-c539-a29407c6a206,3236b1f8-2bc1-3e38-e4cd-fc6f74dff31c,survey,71802-3,Housing status,I have housing,,text
2022-10-21T05:47:59Z,3236b1f8-2bc1-3e38-c539-a29407c6a206,3236b1f8-2bc1-3e38-e4cd-fc6f74dff31c,survey,63512-8,How many people are living or staying at this address [#],6.0,{#},numeric
2022-10-21T05:47:59Z,3236b1f8-2bc1-3e38-c539-a29407c6a206,3236b1f8-2bc1-3e38-e4cd-fc6f74dff31c,survey,54899-0,Preferred language,English,,text
2022-10-21T05:47:59Z,3236b1f8-2bc1-3e38-c539-a29407c6a206,3236b1f8-2bc1-3e38-e4cd-fc6f74dff31c,survey,93034-7,Discharged from the U.S. Armed Forces,No,,text
2022-10-21T05:47:59Z,3236b1f8-2bc1-3e38-c539-a29407c6a206,3236b1f8-2bc1-3e38-e4cd-fc6f74dff31c,survey,93035-4,Has season or migrant farm work been your or your family's main source of income at any point in past 2 years [PRAPARE],No,,text
2022-10-21T05:47:59Z,3236b1f8-2bc1-3e38-c539-a29407c6a206,3236b1f8-2bc1-3e38-e4cd-fc6f74dff31c,survey,32624-9,Race,Black/African American,,text
2022-10-21T05:47:59Z,3236b1f8-2bc1-3e38-c539-a29407c6a206,3236b1f8-2bc1-3e38-e4cd-fc6f74dff31c,survey,56051-6,Hispanic or Latino,No,,text
2023-10-27T04:52:26Z,3236b1f8-2bc1-3e38-c539-a29407c6a206,3236b1f8-2bc1-3e38-e6c4-c47bb55497c3,vital-signs,8302-2,Body Height,162.0,cm,numeric
2023-10-27T04:52:26Z,3236b1f8-2bc1-3e38-c539-a29407c6a206,3236b1f8-2bc1-3e38-e6c4-c47bb55497c3,vital-signs,72514-3,Pain severity - 0-10 verbal numeric rating [Score] - Reported,4.0,{score},numeric
2023-10-27T04:52:26Z,3236b1f8-2bc1-3e38-c539-a29407c6a206,3236b1f8-2bc1-3e38-e6c4-c47bb55497c3,vital-signs,29463-7,Body Weight,55.9,kg,numeric
2023-10-27T04:52:26Z,3236b1f8-2bc1-3e38-c539-a29407c6a206,3236b1f8-2bc1-3e38-e6c4-c47bb55497c3,vital-signs,39156-5,Body mass index (BMI) [Ratio],21.3,kg/m2,numeric
2023-10-27T04:52:26Z,3236b1f8-2bc1-3e38-c539-a29407c6a206,3236b1f8-2bc1-3e38-e6c4-c47bb55497c3,vital-signs,59576-9,Body mass index (BMI) [Percentile] Per age and sex,46.6,%,numeric
2023-10-27T04:52:26Z,3236b1f8-2bc1-3e38-c539-a29407c6a206,3236b1f8-2bc1-3e38-e6c4-c47bb55497c3,vital-signs,8462-4,Diastolic Blood Pressure,80.0,mm[Hg],numeric
2023-10-27T04:52:26Z,3236b1f8-2bc1-3e38-c539-a29407c6a206,3236b1f8-2bc1-3e38-e6c4-c47bb55497c3,vital-signs,8480-6,Systolic Blood Pressure,108.0,mm[Hg],numeric
2023-10-27T04:52:26Z,3236b1f8-2bc1-3e38-c539-a29407c6a206,3236b1f8-2bc1-3e38-e6c4-c47bb55497c3,vital-signs,8867-4,Heart rate,66.0,/min,numeric
2023-10-27T04:52:26Z,3236b1f8-2bc1-3e38-c539-a29407c6a206,3236b1f8-2bc1-3e38-e6c4-c47bb55497c3,vital-signs,9279-1,Respiratory rate,12.0,/min,numeric
2023-10-27T04:52:26Z,3236b1f8-2bc1-3e38-c539-a29407c6a206,3236b1f8-2bc1-3e38-e6c4-c47bb55497c3,social-history,72166-2,Tobacco smoking status,Never smoked tobacco (finding),,text
2023-10-27T05:43:51Z,3236b1f8-2bc1-3e38-c539-a29407c6a206,3236b1f8-2bc1-3e38-e6c4-c47bb55497c3,survey,76501-6,Within the last year  have you been afraid of your partner or ex-partner,No,,text
2023-10-27T05:43:51Z,3236b1f8-2bc1-3e38-c539-a29407c6a206,3236b1f8-2bc1-3e38-e6c4-c47bb55497c3,survey,93026-3,Do you feel physically and emotionally safe where you currently live [PRAPARE],Yes,,text
2023-10-27T05:43:51Z,3236b1f8-2bc1-3e38-c539-a29407c6a206,3236b1f8-2bc1-3e38-e6c4-c47bb55497c3,survey,93027-1,Are you a refugee,No,,text
2023-10-27T05:43:51Z,3236b1f8-2bc1-3e38-c539-a29407c6a206,3236b1f8-2bc1-3e38-e6c4-c47bb55497c3,survey,93028-9,Have you spent more than 2 nights in a row in a jail  prison  detention center  or juvenile correctional facility in past 1 year [PRAPARE],No,,text
2023-10-27T05:43:51Z,3236b1f8-2bc1-3e38-c539-a29407c6a206,3236b1f8-2bc1-3e38-e6c4-c47bb55497c3,survey,93038-8,Stress level,Not at all,,text
2023-10-27T05:43:51Z,3236b1f8-2bc1-3e38-c539-a29407c6a206,3236b1f8-2bc1-3e38-e6c4-c47bb55497c3,survey,93029-7,How often do you see or talk to people that you care about and feel close to [PRAPARE],Less than once a week,,text
2023-10-27T05:43:51Z,3236b1f8-2bc1-3e38-c539-a29407c6a206,3236b1f8-2bc1-3e38-e6c4-c47bb55497c3,survey,93030-5,Has lack of transportation kept you from medical appointments  meetings  work  or from getting things needed for daily living,No,,text
2023-10-27T05:43:51Z,3236b1f8-2bc1-3e38-c539-a29407c6a206,3236b1f8-2bc1-3e38-e6c4-c47bb55497c3,survey,93031-3,Have you or any family members you live with been unable to get any of the following when it was really needed in past 1 year [PRAPARE],Medicine or Any Health Care (Medical  Dental  Mental Health  Vision),,text
2023-10-27T05:43:51Z,3236b1f8-2bc1-3e38-c539-a29407c6a206,3236b1f8-2bc1-3e38-e6c4-c47bb55497c3,survey,63586-2,What was your best estimate of the total income of all family members from all sources  before taxes  in last year [PhenX],93722,/a,text
2023-10-27T05:43:51Z,3236b1f8-2bc1-3e38-c539-a29407c6a206,3236b1f8-2bc1-3e38-e6c4-c47bb55497c3,survey,76437-3,Primary insurance,Private insurance,,text
2023-10-27T05:43:51Z,3236b1f8-2bc1-3e38-c539-a29407c6a206,3236b1f8-2bc1-3e38-e6c4-c47bb55497c3,survey,67875-5,Employment status - current,Full-time work,,text
2023-10-27T05:43:51Z,3236b1f8-2bc1-3e38-c539-a29407c6a206,3236b1f8-2bc1-3e38-e6c4-c47bb55497c3,survey,82589-3,Highest level of education,More than high school,,text
2023-10-27T05:43:51Z,3236b1f8-2bc1-3e38-c539-a29407c6a206,3236b1f8-2bc1-3e38-e6c4-c47bb55497c3,survey,56799-0,Address,996 Ankunding Approach Apt 1,,text
2023-10-27T05:43:51Z,3236b1f8-2bc1-3e38-c539-a29407c6a206,3236b1f8-2bc1-3e38-e6c4-c47bb55497c3,survey,93033-9,Are you worried about losing your housing [PRAPARE],No,,text
2023-10-27T05:43:51Z,3236b1f8-2bc1-3e38-c539-a29407c6a206,3236b1f8-2bc1-3e38-e6c4-c47bb55497c3,survey,71802-3,Housing status,I have housing,,text
2023-10-27T05:43:51Z,3236b1f8-2bc1-3e38-c539-a29407c6a206,3236b1f8-2bc1-3e38-e6c4-c47bb55497c3,survey,63512-8,How many people are living or staying at this address [#],6.0,{#},numeric
2023-10-27T05:43:51Z,3236b1f8-2bc1-3e38-c539-a29407c6a206,3236b1f8-2bc1-3e38-e6c4-c47bb55497c3,survey,54899-0,Preferred language,English,,text
2023-10-27T05:43:51Z,3236b1f8-2bc1-3e38-c539-a29407c6a206,3236b1f8-2bc1-3e38-e6c4-c47bb55497c3,survey,93034-7,Discharged from the U.S. Armed Forces,,,text
2023-10-27T05:43:51Z,3236b1f8-2bc1-3e38-c539-a29407c6a206,3236b1f8-2bc1-3e38-e6c4-c47bb55497c3,survey,93035-4,Has season or migrant farm work been your or your family's main source of income at any point in past 2 years [PRAPARE],No,,text
2023-10-27T05:43:51Z,3236b1f8-2bc1-3e38-c539-a29407c6a206,3236b1f8-2bc1-3e38-e6c4-c47bb55497c3,survey,32624-9,Race,Black/African American,,text
2023-10-27T05:43:51Z,3236b1f8-2bc1-3e38-c539-a29407c6a206,3236b1f8-2bc1-3e38-e6c4-c47bb55497c3,survey,56051-6,Hispanic or Latino,No,,text
2023-10-27T06:09:24Z,3236b1f8-2bc1-3e38-c539-a29407c6a206,3236b1f8-2bc1-3e38-e6c4-c47bb55497c3,survey,70274-6,Generalized anxiety disorder 7 item (GAD-7) total score [Reported.PHQ],2.0,{score},numeric
2023-10-27T06:50:36Z,3236b1f8-2bc1-3e38-c539-a29407c6a206,3236b1f8-2bc1-3e38-e6c4-c47bb55497c3,survey,76504-0,Total score [HARK],0.0,{score},numeric
2023-10-27T07:31:31Z,3236b1f8-2bc1-3e38-c539-a29407c6a206,3236b1f8-2bc1-3e38-e6c4-c47bb55497c3,survey,75626-2,Total score [AUDIT-C],2.0,{score},numeric
2016-08-27T04:52:26Z,3236b1f8-2bc1-3e38-c539-a29407c6a206,,,QALY,QALY,10.7,a,numeric
2017-08-27T04:52:26Z,3236b1f8-2bc1-3e38-c539-a29407c6a206,,,QALY,QALY,11.7,a,numeric
2018-08-27T04:52:26Z,3236b1f8-2bc1-3e38-c539-a29407c6a206,,,QALY,QALY,12.7,a,numeric
2019-08-27T04:52:26Z,3236b1f8-2bc1-3e38-c539-a29407c6a206,,,QALY,QALY,13.6,a,numeric
2020-08-27T04:52:26Z,3236b1f8-2bc1-3e38-c539-a29407c6a206,,,QALY,QALY,14.6,a,numeric
2021-08-27T04:52:26Z,3236b1f8-2bc1-3e38-c539-a29407c6a206,,,QALY,QALY,15.6,a,numeric
2022-08-27T04:52:26Z,3236b1f8-2bc1-3e38-c539-a29407c6a206,,,QALY,QALY,16.5,a,numeric
2023-08-27T04:52:26Z,3236b1f8-2bc1-3e38-c539-a29407c6a206,,,QALY,QALY,17.5,a,numeric
2024-08-27T04:52:26Z,3236b1f8-2bc1-3e38-c539-a29407c6a206,,,QALY,QALY,18.5,a,numeric
2025-08-27T04:52:26Z,3236b1f8-2bc1-3e38-c539-a29407c6a206,,,QALY,QALY,19.5,a,numeric
2016-08-27T04:52:26Z,3236b1f8-2bc1-3e38-c539-a29407c6a206,,,DALY,DALY,0.3,a,numeric
2017-08-27T04:52:26Z,3236b1f8-2bc1-3e38-c539-a29407c6a206,,,DALY,DALY,0.3,a,numeric
2018-08-27T04:52:26Z,3236b1f8-2bc1-3e38-c539-a29407c6a206,,,DALY,DALY,0.3,a,numeric
2019-08-27T04:52:26Z,3236b1f8-2bc1-3e38-c539-a29407c6a206,,,DALY,DALY,0.4,a,numeric
2020-08-27T04:52:26Z,3236b1f8-2bc1-3e38-c539-a29407c6a206,,,DALY,DALY,0.4,a,numeric
2021-08-27T04:52:26Z,3236b1f8-2bc1-3e38-c539-a29407c6a206,,,DALY,DALY,0.4,,numeric
2022-08-27T04:52:26Z,3236b1f8-2bc1-3e38-c539-a29407c6a206,,,DALY,DALY,0.5,a,numeric
2023-08-27T04:52:26Z,3236b1f8-2bc1-3e38-c539-a29407c6a206,,,DALY,DALY,0.5,a,numeric
2024-08-27T04:52:26Z,3236b1f8-2bc1-3e38-c539-a29407c6a206,,,DALY,DALY,0.5,a,numeric
2025-08-27T04:52:26Z,3236b1f8-2bc1-3e38-c539-a29407c6a206,,,DALY,DALY,0.5,a,numeric
2016-08-27T04:52:26Z,3236b1f8-2bc1-3e38-c539-a29407c6a206,,,QOLS,QOLS,1.0,{score},numeric
2017-08-27T04:52:26Z,3236b1f8-2bc1-3e38-c539-a29407c6a206,,,QOLS,QOLS,1.0,{score},numeric
2018-08-27T04:52:26Z,3236b1f8-2bc1-3e38-c539-a29407c6a206,,,QOLS,QOLS,1.0,{score},numeric
2019-08-27T04:52:26Z,3236b1f8-2bc1-3e38-c539-a29407c6a206,,,QOLS,QOLS,1.0,{score},numeric
2020-08-27T04:52:26Z,3236b1f8-2bc1-3e38-c539-a29407c6a206,,,QOLS,QOLS,1.0,{score},numeric
2021-08-27T04:52:26Z,3236b1f8-2bc1-3e38-c539-a29407c6a206,,,QOLS,QOLS,1.0,{score},numeric
2022-08-27T04:52:26Z,3236b1f8-2bc1-3e38-c539-a29407c6a206,,,QOLS,QOLS,1.0,{score},numeric
2023-08-27T04:52:26Z,3236b1f8-2bc1-3e38-c539-a29407c6a206,,,QOLS,QOLS,1.0,{score},numeric
2024-08-27T04:52:26Z,3236b1f8-2bc1-3e38-c539-a29407c6a206,,,QOLS,QOLS,1.0,{score},numeric
2025-08-27T04:52:26Z,3236b1f8-2bc1-3e38-c539-a29407c6a206,,,QOLS,QOLS,1.0,{score},numeric
2017-10-18T21:37:05Z,a296a2ba-b1ad-a3c5-d172-aa3dfdbcdab9,a296a2ba-b1ad-a3c5-3635-c83a6503e16a,vital-signs,8310-5,Body temperature,37.2,Cel,numeric
2018-05-20T23:37:05Z,a296a2ba-b1ad-a3c5-d172-aa3dfdbcdab9,a296a2ba-b1ad-a3c5-7434-5b1f1f984056,laboratory,4548-4,Hemoglobin A1c/Hemoglobin.total in Blood,6.1,%,numeric
2018-05-20T23:37:05Z,a296a2ba-b1ad-a3c5-d172-aa3dfdbcdab9,a296a2ba-b1ad-a3c5-7434-5b1f1f984056,vital-signs,8302-2,Body Height,172.9,cm,numeric
2018-05-20T23:37:05Z,a296a2ba-b1ad-a3c5-d172-aa3dfdbcdab9,a296a2ba-b1ad-a3c5-7434-5b1f1f984056,vital-signs,72514-3,Pain severity - 0-10 verbal numeric rating [Score] - Reported,1.0,{score},numeric
2018-05-20T23:37:05Z,a296a2ba-b1ad-a3c5-d172-aa3dfdbcdab9,a296a2ba-b1ad-a3c5-7434-5b1f1f984056,vital-signs,29463-7,Body Weight,89.3,kg,numeric
2018-05-20T23:37:05Z,a296a2ba-b1ad-a3c5-d172-aa3dfdbcdab9,a296a2ba-b1ad-a3c5-7434-5b1f1f984056,vital-signs,39156-5,Body mass index (BMI) [Ratio],29.9,kg/m2,numeric
2018-05-20T23:37:05Z,a296a2ba-b1ad-a3c5-d172-aa3dfdbcdab9,a296a2ba-b1ad-a3c5-7434-5b1f1f984056,vital-signs,8462-4,Diastolic Blood Pressure,76.0,mm[Hg],numeric
2018-05-20T23:37:05Z,a296a2ba-b1ad-a3c5-d172-aa3dfdbcdab9,a296a2ba-b1ad-a3c5-7434-5b1f1f984056,vital-signs,8480-6,Systolic Blood Pressure,108.0,mm[Hg],numeric
2018-05-20T23:37:05Z,a296a2ba-b1ad-a3c5-d172-aa3dfdbcdab9,a296a2ba-b1ad-a3c5-7434-5b1f1f984056,vital-signs,8867-4,Heart rate,98.0,/min,numeric
2018-05-20T23:37:05Z,a296a2ba-b1ad-a3c5-d172-aa3dfdbcdab9,a296a2ba-b1ad-a3c5-7434-5b1f1f984056,vital-signs,9279-1,Respiratory rate,15.0,/min,numeric
2018-05-20T23:37:05Z,a296a2ba-b1ad-a3c5-d172-aa3dfdbcdab9,a296a2ba-b1ad-a3c5-7434-5b1f1f984056,laboratory,2339-0,Glucose [Mass/volume] in Blood,91.7,mg/dL,numeric
2018-05-20T23:37:05Z,a296a2ba-b1ad-a3c5-d172-aa3dfdbcdab9,a296a2ba-b1ad-a3c5-7434-5b1f1f984056,laboratory,6299-2,Urea nitrogen [Mass/volume] in Blood,9.2,mg/dL,numeric
2018-05-20T23:37:05Z,a296a2ba-b1ad-a3c5-d172-aa3dfdbcdab9,a296a2ba-b1ad-a3c5-7434-5b1f1f984056,laboratory,38483-4,Creatinine [Mass/volume] in Blood,1.5,mg/dL,numeric
2018-05-20T23:37:05Z,a296a2ba-b1ad-a3c5-d172-aa3dfdbcdab9,a296a2ba-b1ad-a3c5-7434-5b1f1f984056,laboratory,49765-1,Calcium [Mass/volume] in Blood,9.4,mg/dL,numeric
2018-05-20T23:37:05Z,a296a2ba-b1ad-a3c5-d172-aa3dfdbcdab9,a296a2ba-b1ad-a3c5-7434-5b1f1f984056,laboratory,2947-0,Sodium [Moles/volume] in Blood,140.7,mmol/L,numeric
2018-05-20T23:37:05Z,a296a2ba-b1ad-a3c5-d172-aa3dfdbcdab9,a296a2ba-b1ad-a3c5-7434-5b1f1f984056,laboratory,6298-4,Potassium [Moles/volume] in Blood,4.0,mmol/L,numeric
2018-05-20T23:37:05Z,a296a2ba-b1ad-a3c5-d172-aa3dfdbcdab9,a296a2ba-b1ad-a3c5-7434-5b1f1f984056,laboratory,2069-3,Chloride [Moles/volume] in Blood,107.0,mmol/L,numeric
2018-05-20T23:37:05Z,a296a2ba-b1ad-a3c5-d172-aa3dfdbcdab9,a296a2ba-b1ad-a3c5-7434-5b1f1f984056,laboratory,20565-8,Carbon dioxide  total [Moles/volume] in Blood,27.5,mmol/L,numeric
2018-05-20T23:37:05Z,a296a2ba-b1ad-a3c5-d172-aa3dfdbcdab9,a296a2ba-b1ad-a3c5-7434-5b1f1f984056,laboratory,2093-3,Cholesterol [Mass/volume] in Serum or Plasma,142.5,mg/dL,numeric
2018-05-20T23:37:05Z,a296a2ba-b1ad-a3c5-d172-aa3dfdbcdab9,a296a2ba-b1ad-a3c5-7434-5b1f1f984056,laboratory,2571-8,Triglyceride [Mass/volume] in Serum or Plasma,104.6,mg/dL,numeric
2018-05-20T23:37:05Z,a296a2ba-b1ad-a3c5-d172-aa3dfdbcdab9,a296a2ba-b1ad-a3c5-7434-5b1f1f984056,laboratory,18262-6,Cholesterol in LDL [Mass/volume] in Serum or Plasma by Direct assay,71.4,mg/dL,numeric
2018-05-20T23:37:05Z,a296a2ba-b1ad-a3c5-d172-aa3dfdbcdab9,a296a2ba-b1ad-a3c5-7434-5b1f1f984056,laboratory,2085-9,Cholesterol in HDL [Mass/volume] in Serum or Plasma,50.2,mg/dL,numeric
2018-05-20T23:37:05Z,a296a2ba-b1ad-a3c5-d172-aa3dfdbcdab9,a296a2ba-b1ad-a3c5-7434-5b1f1f984056,social-history,72166-2,Tobacco smoking status,Ex-smoker (finding),,text
2018-05-21T00:08:16Z,a296a2ba-b1ad-a3c5-d172-aa3dfdbcdab9,a296a2ba-b1ad-a3c5-7434-5b1f1f984056,survey,76501-6,Within the last year  have you been afraid of your partner or ex-partner,No,,text
2018-05-21T00:08:16Z,a296a2ba-b1ad-a3c5-d172-aa3dfdbcdab9,a296a2ba-b1ad-a3c5-7434-5b1f1f984056,survey,93026-3,Do you feel physically and emotionally safe where you currently live [PRAPARE],Yes,,text
2018-05-21T00:08:16Z,a296a2ba-b1ad-a3c5-d172-aa3dfdbcdab9,a296a2ba-b1ad-a3c5-7434-5b1f1f984056,survey,93027-1,Are you a refugee,No,,text
2018-05-21T00:08:16Z,a296a2ba-b1ad-a3c5-d172-aa3dfdbcdab9,a296a2ba-b1ad-a3c5-7434-5b1f1f984056,survey,93028-9,Have you spent more than 2 nights in a row in a jail  prison  detention center  or juvenile correctional facility in past 1 year [PRAPARE],Yes,,text
2018-05-21T00:08:16Z,a296a2ba-b1ad-a3c5-d172-aa3dfdbcdab9,a296a2ba-b1ad-a3c5-7434-5b1f1f984056,survey,93038-8,Stress level,A little bit,,text
2018-05-21T00:08:16Z,a296a2ba-b1ad-a3c5-d172-aa3dfdbcdab9,a296a2ba-b1ad-a3c5-7434-5b1f1f984056,survey,93029-7,How often do you see or talk to people that you care about and feel close to [PRAPARE],3 to 5 times a week,,text
2018-05-21T00:08:16Z,a296a2ba-b1ad-a3c5-d172-aa3dfdbcdab9,a296a2ba-b1ad-a3c5-7434-5b1f1f984056,survey,93030-5,Has lack of transportation kept you from medical appointments  meetings  work  or from getting things needed for daily living,No,,text
2018-05-21T00:08:16Z,a296a2ba-b1ad-a3c5-d172-aa3dfdbcdab9,a296a2ba-b1ad-a3c5-7434-5b1f1f984056,survey,93031-3,Have you or any family members you live with been unable to get any of the following when it was really needed in past 1 year [PRAPARE],I choose not to answer this question,,text
2018-05-21T00:08:16Z,a296a2ba-b1ad-a3c5-d172-aa3dfdbcdab9,a296a2ba-b1ad-a3c5-7434-5b1f1f984056,survey,63586-2,What was your best estimate of the total income of all family members from all sources  before taxes  in last year [PhenX],17562,/a,text
2018-05-21T00:08:16Z,a296a2ba-b1ad-a3c5-d172-aa3dfdbcdab9,a296a2ba-b1ad-a3c5-7434-5b1f1f984056,survey,76437-3,Primary insurance,Medicaid,,text
2018-05-21T00:08:16Z,a296a2ba-b1ad-a3c5-d172-aa3dfdbcdab9,a296a2ba-b1ad-a3c5-7434-5b1f1f984056,survey,67875-5,Employment status - current,Full-time work,,text
2018-05-21T00:08:16Z,a296a2ba-b1ad-a3c5-d172-aa3dfdbcdab9,a296a2ba-b1ad-a3c5-7434-5b1f1f984056,survey,82589-3,Highest level of education,More than high school,,text
2018-05-21T00:08:16Z,a296a2ba-b1ad-a3c5-d172-aa3dfdbcdab9,a296a2ba-b1ad-a3c5-7434-5b1f1f984056,survey,56799-0,Address,724 Nolan Camp Unit 48,,text
2018-05-21T00:08:16Z,a296a2ba-b1ad-a3c5-d172-aa3dfdbcdab9,a296a2ba-b1ad-a3c5-7434-5b1f1f984056,survey,93033-9,Are you worried about losing your housing [PRAPARE],Yes,,text
2018-05-21T00:08:16Z,a296a2ba-b1ad-a3c5-d172-aa3dfdbcdab9,a296a2ba-b1ad-a3c5-7434-5b1f1f984056,survey,71802-3,Housing status,I have housing,,text
2018-05-21T00:08:16Z,a296a2ba-b1ad-a3c5-d172-aa3dfdbcdab9,a296a2ba-b1ad-a3c5-7434-5b1f1f984056,survey,63512-8,How many people are living or staying at this address [#],3.0,{#},numeric
2018-05-21T00:08:16Z,a296a2ba-b1ad-a3c5-d172-aa3dfdbcdab9,a296a2ba-b1ad-a3c5-7434-5b1f1f984056,survey,54899-0,Preferred language,Language other than English,,text
2018-05-21T00:08:16Z,a296a2ba-b1ad-a3c5-d172-aa3dfdbcdab9,a296a2ba-b1ad-a3c5-7434-5b1f1f984056,survey,93034-7,Discharged from the U.S. Armed Forces,No,,text
2018-05-21T00:08:16Z,a296a2ba-b1ad-a3c5-d172-aa3dfdbcdab9,a296a2ba-b1ad-a3c5-7434-5b1f1f984056,survey,93035-4,Has season or migrant farm work been your or your family's main source of income at any point in past 2 years [PRAPARE],No,,text
2018-05-21T00:08:16Z,a296a2ba-b1ad-a3c5-d172-aa3dfdbcdab9,a296a2ba-b1ad-a3c5-7434-5b1f1f984056,survey,32624-9,Race,Black/African American,,text
2018-05-21T00:08:16Z,a296a2ba-b1ad-a3c5-d172-aa3dfdbcdab9,a296a2ba-b1ad-a3c5-7434-5b1f1f984056,survey,56051-6,Hispanic or Latino,No,,text
2018-05-21T00:42:28Z,a296a2ba-b1ad-a3c5-d172-aa3dfdbcdab9,a296a2ba-b1ad-a3c5-7434-5b1f1f984056,survey,55758-7,Patient Health Questionnaire 2 item (PHQ-2) total score [Reported],1.0,{score},numeric
2018-05-21T01:24:56Z,a296a2ba-b1ad-a3c5-d172-aa3dfdbcdab9,a296a2ba-b1ad-a3c5-7434-5b1f1f984056,survey,82667-7,Total score [DAST-10],0.0,{score},numeric
2018-06-03T23:37:05Z,a296a2ba-b1ad-a3c5-d172-aa3dfdbcdab9,a296a2ba-b1ad-a3c5-d420-cef2ec5adf8d,laboratory,718-7,Hemoglobin [Mass/volume] in Blood,11.0,g/dL,numeric
2018-06-03T23:37:05Z,a296a2ba-b1ad-a3c5-d172-aa3dfdbcdab9,a296a2ba-b1ad-a3c5-d420-cef2ec5adf8d,laboratory,20570-8,Hematocrit [Volume Fraction] of Blood by calculation,35.2,%,numeric
2018-06-03T23:37:05Z,a296a2ba-b1ad-a3c5-d172-aa3dfdbcdab9,a296a2ba-b1ad-a3c5-d420-cef2ec5adf8d,laboratory,6690-2,Leukocytes [#/volume] in Blood by Automated count,3.7,10*3/uL,numeric
2018-06-03T23:37:05Z,a296a2ba-b1ad-a3c5-d172-aa3dfdbcdab9,a296a2ba-b1ad-a3c5-d420-cef2ec5adf8d,laboratory,789-8,Erythrocytes [#/volume] in Blood by Automated count,4.9,10*6/uL,numeric
2018-06-03T23:37:05Z,a296a2ba-b1ad-a3c5-d172-aa3dfdbcdab9,a296a2ba-b1ad-a3c5-d420-cef2ec5adf8d,laboratory,787-2,MCV [Entitic mean volume] in Red Blood Cells by Automated count,85.8,fL,numeric
2018-06-03T23:37:05Z,a296a2ba-b1ad-a3c5-d172-aa3dfdbcdab9,a296a2ba-b1ad-a3c5-d420-cef2ec5adf8d,laboratory,785-6,MCH [Entitic mass] by Automated count,27.1,pg,numeric
2018-06-03T23:37:05Z,a296a2ba-b1ad-a3c5-d172-aa3dfdbcdab9,a296a2ba-b1ad-a3c5-d420-cef2ec5adf8d,laboratory,786-4,MCHC [Entitic Mass/volume] in Red Blood Cells by Automated count,34.9,g/dL,numeric
2018-06-03T23:37:05Z,a296a2ba-b1ad-a3c5-d172-aa3dfdbcdab9,a296a2ba-b1ad-a3c5-d420-cef2ec5adf8d,laboratory,788-0,Erythrocyte [DistWidth] in Blood by Automated count,44.4,fL,numeric
2018-06-03T23:37:05Z,a296a2ba-b1ad-a3c5-d172-aa3dfdbcdab9,a296a2ba-b1ad-a3c5-d420-cef2ec5adf8d,laboratory,777-3,Platelets [#/volume] in Blood by Automated count,373.3,10*3/uL,numeric
2018-06-03T23:37:05Z,a296a2ba-b1ad-a3c5-d172-aa3dfdbcdab9,a296a2ba-b1ad-a3c5-d420-cef2ec5adf8d,laboratory,32207-3,Platelet distribution width [Entitic volume] in Blood by Automated count,,fL,numeric
2018-06-03T23:37:05Z,a296a2ba-b1ad-a3c5-d172-aa3dfdbcdab9,a296a2ba-b1ad-a3c5-d420-cef2ec5adf8d,laboratory,32623-1,Platelet [Entitic mean volume] in Blood by Automated count,10.3,fL,numeric
2018-09-29T07:37:05Z,a296a2ba-b1ad-a3c5-d172-aa3dfdbcdab9,a296a2ba-b1ad-a3c5-98e6-53af489230cb,vital-signs,8310-5,Body temperature,39.3,Cel,numeric
2018-10-28T23:37:05Z,a296a2ba-b1ad-a3c5-d172-aa3dfdbcdab9,a296a2ba-b1ad-a3c5-72e0-47b7b2f13c7e,laboratory,4548-4,Hemoglobin A1c/Hemoglobin.total in Blood,6.0,%,numeric
2018-10-28T23:37:05Z,a296a2ba-b1ad-a3c5-d172-aa3dfdbcdab9,a296a2ba-b1ad-a3c5-72e0-47b7b2f13c7e,vital-signs,8302-2,Body Height,172.9,cm,numeric
2018-10-28T23:37:05Z,a296a2ba-b1ad-a3c5-d172-aa3dfdbcdab9,a296a2ba-b1ad-a3c5-72e0-47b7b2f13c7e,vital-signs,72514-3,Pain severity - 0-10 verbal numeric rating [Score] - Reported,0.0,{score},numeric
2018-10-28T23:37:05Z,a296a2ba-b1ad-a3c5-d172-aa3dfdbcdab9,a296a2ba-b1ad-a3c5-72e0-47b7b2f13c7e,vital-signs,29463-7,Body Weight,89.3,kg,numeric
2018-10-28T23:37:05Z,a296a2ba-b1ad-a3c5-d172-aa3dfdbcdab9,a296a2ba-b1ad-a3c5-72e0-47b7b2f13c7e,vital-signs,39156-5,Body mass index (BMI) [Ratio],29.9,kg/m2,numeric
2018-10-28T23:37:05Z,a296a2ba-b1ad-a3c5-d172-aa3dfdbcdab9,a296a2ba-b1ad-a3c5-72e0-47b7b2f13c7e,vital-signs,8462-4,Diastolic Blood Pressure,78.0,mm[Hg],numeric
2018-10-28T23:37:05Z,a296a2ba-b1ad-a3c5-d172-aa3dfdbcdab9,a296a2ba-b1ad-a3c5-72e0-47b7b2f13c7e,vital-signs,8480-6,Systolic Blood Pressure,110.0,mm[Hg],numeric
2018-10-28T23:37:05Z,a296a2ba-b1ad-a3c5-d172-aa3dfdbcdab9,a296a2ba-b1ad-a3c5-72e0-47b7b2f13c7e,vital-signs,8867-4,Heart rate,73.0,/min,numeric
2018-10-28T23:37:05Z,a296a2ba-b1ad-a3c5-d172-aa3dfdbcdab9,a296a2ba-b1ad-a3c5-72e0-47b7b2f13c7e,vital-signs,9279-1,Respiratory rate,13.0,/min,numeric
2018-10-28T23:37:05Z,a296a2ba-b1ad-a3c5-d172-aa3dfdbcdab9,a296a2ba-b1ad-a3c5-72e0-47b7b2f13c7e,laboratory,2339-0,Glucose [Mass/volume] in Blood,,mg/dL,numeric
2018-10-28T23:37:05Z,a296a2ba-b1ad-a3c5-d172-aa3dfdbcdab9,a296a2ba-b1ad-a3c5-72e0-47b7b2f13c7e,laboratory,6299-2,Urea nitrogen [Mass/volume] in Blood,19.6,mg/dL,numeric
2018-10-28T23:37:05Z,a296a2ba-b1ad-a3c5-d172-aa3dfdbcdab9,a296a2ba-b1ad-a3c5-72e0-47b7b2f13c7e,laboratory,38483-4,Creatinine [Mass/volume] in Blood,1.2,mg/dL,numeric
2018-10-28T23:37:05Z,a296a2ba-b1ad-a3c5-d172-aa3dfdbcdab9,a296a2ba-b1ad-a3c5-72e0-47b7b2f13c7e,laboratory,49765-1,Calcium [Mass/volume] in Blood,8.9,mg/dL,numeric
2018-10-28T23:37:05Z,a296a2ba-b1ad-a3c5-d172-aa3dfdbcdab9,a296a2ba-b1ad-a3c5-72e0-47b7b2f13c7e,laboratory,2947-0,Sodium [Moles/volume] in Blood,142.1,mmol/L,numeric
2018-10-28T23:37:05Z,a296a2ba-b1ad-a3c5-d172-aa3dfdbcdab9,a296a2ba-b1ad-a3c5-72e0-47b7b2f13c7e,laboratory,6298-4,Potassium [Moles/volume] in Blood,4.2,mmol/L,numeric
2018-10-28T23:37:05Z,a296a2ba-b1ad-a3c5-d172-aa3dfdbcdab9,a296a2ba-b1ad-a3c5-72e0-47b7b2f13c7e,laboratory,2069-3,Chloride [Moles/volume] in Blood,110.2,mmol/L,numeric
2018-10-28T23:37:05Z,a296a2ba-b1ad-a3c5-d172-aa3dfdbcdab9,a296a2ba-b1ad-a3c5-72e0-47b7b2f13c7e,laboratory,20565-8,Carbon dioxide  total [Moles/volume] in Blood,28.8,mmol/L,numeric
2018-10-28T23:37:05Z,a296a2ba-b1ad-a3c5-d172-aa3dfdbcdab9,a296a2ba-b1ad-a3c5-72e0-47b7b2f13c7e,social-history,72166-2,Tobacco smoking status,Ex-smoker (finding),,text
2018-10-29T00:29:10Z,a296a2ba-b1ad-a3c5-d172-aa3dfdbcdab9,a296a2ba-b1ad-a3c5-72e0-47b7b2f13c7e,survey,76501-6,Within the last year  have you been afraid of your partner or ex-partner,No,,text
2018-10-29T00:29:10Z,a296a2ba-b1ad-a3c5-d172-aa3dfdbcdab9,a296a2ba-b1ad-a3c5-72e0-47b7b2f13c7e,survey,93026-3,Do you feel physically and emotionally safe where you currently live [PRAPARE],Yes,,text
2018-10-29T00:29:10Z,a296a2ba-b1ad-a3c5-d172-aa3dfdbcdab9,a296a2ba-b1ad-a3c5-72e0-47b7b2f13c7e,survey,93027-1,Are you a refugee,No,,text
2018-10-29T00:29:10Z,a296a2ba-b1ad-a3c5-d172-aa3dfdbcdab9,a296a2ba-b1ad-a3c5-72e0-47b7b2f13c7e,survey,93028-9,Have you spent more than 2 nights in a row in a jail  prison  detention center  or juvenile correctional facility in past 1 year [PRAPARE],Yes,,text
2018-10-29T00:29:10Z,a296a2ba-b1ad-a3c5-d172-aa3dfdbcdab9,a296a2ba-b1ad-a3c5-72e0-47b7b2f13c7e,survey,93038-8,Stress level,Not at all,,text
2018-10-29T00:29:10Z,a296a2ba-b1ad-a3c5-d172-aa3dfdbcdab9,a296a2ba-b1ad-a3c5-72e0-47b7b2f13c7e,survey,93029-7,How often do you see or talk to people that you care about and feel close to [PRAPARE],5 or more times a week,,text
2018-10-29T00:29:10Z,a296a2ba-b1ad-a3c5-d172-aa3dfdbcdab9,a296a2ba-b1ad-a3c5-72e0-47b7b2f13c7e,survey,93030-5,Has lack of transportation kept you from medical appointments  meetings  work  or from getting things needed for daily living,No,,text
2018-10-29T00:29:10Z,a296a2ba-b1ad-a3c5-d172-aa3dfdbcdab9,a296a2ba-b1ad-a3c5-72e0-47b7b2f13c7e,survey,93031-3,Have you or any family members you live with been unable to get any of the following when it was really needed in past 1 year [PRAPARE],Medicine or Any Health Care (Medical  Dental  Mental Health  Vision),,text
2018-10-29T00:29:10Z,a296a2ba-b1ad-a3c5-d172-aa3dfdbcdab9,a296a2ba-b1ad-a3c5-72e0-47b7b2f13c7e,survey,63586-2,What was your best estimate of the total income of all family members from all sources  before taxes  in last year [PhenX],17562,/a,text
2018-10-29T00:29:10Z,a296a2ba-b1ad-a3c5-d172-aa3dfdbcdab9,a296a2ba-b1ad-a3c5-72e0-47b7b2f13c7e,survey,76437-3,Primary insurance,Medicaid,,text
2018-10-29T00:29:10Z,a296a2ba-b1ad-a3c5-d172-aa3dfdbcdab9,a296a2ba-b1ad-a3c5-72e0-47b7b2f13c7e,survey,67875-5,Employment status - current,Full-time work,,text
2018-10-29T00:29:10Z,a296a2ba-b1ad-a3c5-d172-aa3dfdbcdab9,a296a2ba-b1ad-a3c5-72e0-47b7b2f13c7e,survey,82589-3,Highest level of education,More than high school,,text
2018-10-29T00:29:10Z,a296a2ba-b1ad-a3c5-d172-aa3dfdbcdab9,a296a2ba-b1ad-a3c5-72e0-47b7b2f13c7e,survey,56799-0,Address,724 Nolan Camp Unit 48,,text
2018-10-29T00:29:10Z,a296a2ba-b1ad-a3c5-d172-aa3dfdbcdab9,a296a2ba-b1ad-a3c5-72e0-47b7b2f13c7e,survey,93033-9,Are you worried about losing your housing [PRAPARE],Yes,,text
2018-10-29T00:29:10Z,a296a2ba-b1ad-a3c5-d172-aa3dfdbcdab9,a296a2ba-b1ad-a3c5-72e0-47b7b2f13c7e,survey,71802-3,Housing status,I have housing,,text
2018-10-29T00:29:10Z,a296a2ba-b1ad-a3c5-d172-aa3dfdbcdab9,a296a2ba-b1ad-a3c5-72e0-47b7b2f13c7e,survey,63512-8,How many people are living or staying at this address [#],3.0,{#},numeric
2018-10-29T00:29:10Z,a296a2ba-b1ad-a3c5-d172-aa3dfdbcdab9,a296a2ba-b1ad-a3c5-72e0-47b7b2f13c7e,survey,54899-0,Preferred language,Language other than English,,text
2018-10-29T00:29:10Z,a296a2ba-b1ad-a3c5-d172-aa3dfdbcdab9,a296a2ba-b1ad-a3c5-72e0-47b7b2f13c7e,survey,93034-7,Discharged from the U.S. Armed Forces,No,,text
2018-10-29T00:29:10Z,a296a2ba-b1ad-a3c5-d172-aa3dfdbcdab9,a296a2ba-b1ad-a3c5-72e0-47b7b2f13c7e,survey,93035-4,Has season or migrant farm work been your or your family's main source of income at any point in past 2 years [PRAPARE],No,,text
2018-10-29T00:29:10Z,a296a2ba-b1ad-a3c5-d172-aa3dfdbcdab9,a296a2ba-b1ad-a3c5-72e0-47b7b2f13c7e,survey,32624-9,Race,Black/African American,,text
2018-10-29T00:29:10Z,a296a2ba-b1ad-a3c5-d172-aa3dfdbcdab9,a296a2ba-b1ad-a3c5-72e0-47b7b2f13c7e,survey,56051-6,Hispanic or Latino,No,,text
2018-10-29T00:50:14Z,a296a2ba-b1ad-a3c5-d172-aa3dfdbcdab9,a296a2ba-b1ad-a3c5-72e0-47b7b2f13c7e,survey,70274-6,Generalized anxiety disorder 7 item (GAD-7) total score [Reported.PHQ],2.0,{score},numeric
2018-10-29T01:21:39Z,a296a2ba-b1ad-a3c5-d172-aa3dfdbcdab9,a296a2ba-b1ad-a3c5-72e0-47b7b2f13c7e,survey,76504-0,Total score [HARK],0.0,{score},numeric
2018-10-29T01:52:05Z,a296a2ba-b1ad-a3c5-d172-aa3dfdbcdab9,a296a2ba-b1ad-a3c5-72e0-47b7b2f13c7e,survey,55758-7,Patient Health Questionnaire 2 item (PHQ-2) total score [Reported],1.0,{score},numeric
2018-10-29T02:35:36Z,a296a2ba-b1ad-a3c5-d172-aa3dfdbcdab9,a296a2ba-b1ad-a3c5-72e0-47b7b2f13c7e,survey,82667-7,Total score [DAST-10],1.0,,numeric
2021-05-23T23:37:05Z,a296a2ba-b1ad-a3c5-d172-aa3dfdbcdab9,a296a2ba-b1ad-a3c5-1eca-1bd66f5d405d,laboratory,4548-4,Hemoglobin A1c/Hemoglobin.total in Blood,5.9,%,numeric
2021-05-23T23:37:05Z,a296a2ba-b1ad-a3c5-d172-aa3dfdbcdab9,a296a2ba-b1ad-a3c5-1eca-1bd66f5d405d,vital-signs,8302-2,Body Height,172.9,cm,numeric
2021-05-23T23:37:05Z,a296a2ba-b1ad-a3c5-d172-aa3dfdbcdab9,a296a2ba-b1ad-a3c5-1eca-1bd66f5d405d,vital-signs,72514-3,Pain severity - 0-10 verbal numeric rating [Score] - Reported,3.0,{score},numeric
2021-05-23T23:37:05Z,a296a2ba-b1ad-a3c5-d172-aa3dfdbcdab9,a296a2ba-b1ad-a3c5-1eca-1bd66f5d405d,vital-signs,29463-7,Body Weight,90.6,kg,numeric
2021-05-23T23:37:05Z,a296a2ba-b1ad-a3c5-d172-aa3dfdbcdab9,a296a2ba-b1ad-a3c5-1eca-1bd66f5d405d,vital-signs,39156-5,Body mass index (BMI) [Ratio],30.3,kg/m2,numeric
2021-05-23T23:37:05Z,a296a2ba-b1ad-a3c5-d172-aa3dfdbcdab9,a296a2ba-b1ad-a3c5-1eca-1bd66f5d405d,vital-signs,8462-4,Diastolic Blood Pressure,76.0,mm[Hg],numeric
2021-05-23T23:37:05Z,a296a2ba-b1ad-a3c5-d172-aa3dfdbcdab9,a296a2ba-b1ad-a3c5-1eca-1bd66f5d405d,vital-signs,8480-6,Systolic Blood Pressure,109.0,mm[Hg],numeric
2021-05-23T23:37:05Z,a296a2ba-b1ad-a3c5-d172-aa3dfdbcdab9,a296a2ba-b1ad-a3c5-1eca-1bd66f5d405d,vital-signs,8867-4,Heart rate,78.0,/min,numeric
2021-05-23T23:37:05Z,a296a2ba-b1ad-a3c5-d172-aa3dfdbcdab9,a296a2ba-b1ad-a3c5-1eca-1bd66f5d405d,vital-signs,9279-1,Respiratory rate,13.0,,numeric
2021-05-23T23:37:05Z,a296a2ba-b1ad-a3c5-d172-aa3dfdbcdab9,a296a2ba-b1ad-a3c5-1eca-1bd66f5d405d,laboratory,2339-0,Glucose [Mass/volume] in Blood,88.8,mg/dL,numeric
2021-05-23T23:37:05Z,a296a2ba-b1ad-a3c5-d172-aa3dfdbcdab9,a296a2ba-b1ad-a3c5-1eca-1bd66f5d405d,laboratory,6299-2,Urea nitrogen [Mass/volume] in Blood,14.4,mg/dL,numeric
2021-05-23T23:37:05Z,a296a2ba-b1ad-a3c5-d172-aa3dfdbcdab9,a296a2ba-b1ad-a3c5-1eca-1bd66f5d405d,laboratory,38483-4,Creatinine [Mass/volume] in Blood,1.1,mg/dL,numeric
2021-05-23T23:37:05Z,a296a2ba-b1ad-a3c5-d172-aa3dfdbcdab9,a296a2ba-b1ad-a3c5-1eca-1bd66f5d405d,laboratory,49765-1,Calcium [Mass/volume] in Blood,9.3,mg/dL,numeric
2021-05-23T23:37:05Z,a296a2ba-b1ad-a3c5-d172-aa3dfdbcdab9,a296a2ba-b1ad-a3c5-1eca-1bd66f5d405d,laboratory,2947-0,Sodium [Moles/volume] in Blood,141.7,mmol/L,numeric
2021-05-23T23:37:05Z,a296a2ba-b1ad-a3c5-d172-aa3dfdbcdab9,a296a2ba-b1ad-a3c5-1eca-1bd66f5d405d,laboratory,6298-4,Potassium [Moles/volume] in Blood,4.8,mmol/L,numeric
2021-05-23T23:37:05Z,a296a2ba-b1ad-a3c5-d172-aa3dfdbcdab9,a296a2ba-b1ad-a3c5-1eca-1bd66f5d405d,laboratory,2069-3,Chloride [Moles/volume] in Blood,105.8,mmol/L,numeric
2021-05-23T23:37:05Z,a296a2ba-b1ad-a3c5-d172-aa3dfdbcdab9,a296a2ba-b1ad-a3c5-1eca-1bd66f5d405d,laboratory,20565-8,Carbon dioxide  total [Moles/volume] in Blood,24.0,mmol/L,numeric
2021-05-23T23:37:05Z,a296a2ba-b1ad-a3c5-d172-aa3dfdbcdab9,a296a2ba-b1ad-a3c5-1eca-1bd66f5d405d,laboratory,2093-3,Cholesterol [Mass/volume] in Serum or Plasma,144.3,mg/dL,numeric
2021-05-23T23:37:05Z,a296a2ba-b1ad-a3c5-d172-aa3dfdbcdab9,a296a2ba-b1ad-a3c5-1eca-1bd66f5d405d,laboratory,2571-8,Triglyceride [Mass/volume] in Serum or Plasma,107.7,mg/dL,numeric
2021-05-23T23:37:05Z,a296a2ba-b1ad-a3c5-d172-aa3dfdbcdab9,a296a2ba-b1ad-a3c5-1eca-1bd66f5d405d,laboratory,18262-6,Cholesterol in LDL [Mass/volume] in Serum or Plasma by Direct assay,67.0,mg/dL,numeric
2021-05-23T23:37:05Z,a296a2ba-b1ad-a3c5-d172-aa3dfdbcdab9,a296a2ba-b1ad-a3c5-1eca-1bd66f5d405d,laboratory,2085-9,Cholesterol in HDL [Mass/volume] in Serum or Plasma,55.7,mg/dL,numeric
2021-05-23T23:37:05Z,a296a2ba-b1ad-a3c5-d172-aa3dfdbcdab9,a296a2ba-b1ad-a3c5-1eca-1bd66f5d405d,laboratory,6690-2,Leukocytes [#/volume] in Blood by Automated count,7.3,10*3/uL,numeric
2021-05-23T23:37:05Z,a296a2ba-b1ad-a3c5-d172-aa3dfdbcdab9,a296a2ba-b1ad-a3c5-1eca-1bd66f5d405d,laboratory,789-8,Erythrocytes [#/volume] in Blood by Automated count,3.9,10*6/uL,numeric
2021-05-23T23:37:05Z,a296a2ba-b1ad-a3c5-d172-aa3dfdbcdab9,a296a2ba-b1ad-a3c5-1eca-1bd66f5d405d,laboratory,718-7,Hemoglobin [Mass/volume] in Blood,14.6,g/dL,numeric
2021-05-23T23:37:05Z,a296a2ba-b1ad-a3c5-d172-aa3dfdbcdab9,a296a2ba-b1ad-a3c5-1eca-1bd66f5d405d,laboratory,4544-3,Hematocrit [Volume Fraction] of Blood by Automated count,48.2,%,numeric
2021-05-23T23:37:05Z,a296a2ba-b1ad-a3c5-d172-aa3dfdbcdab9,a296a2ba-b1ad-a3c5-1eca-1bd66f5d405d,laboratory,787-2,MCV [Entitic mean volume] in Red Blood Cells by Automated count,81.0,fL,numeric
2021-05-23T23:37:05Z,a296a2ba-b1ad-a3c5-d172-aa3dfdbcdab9,a296a2ba-b1ad-a3c5-1eca-1bd66f5d405d,laboratory,785-6,MCH [Entitic mass] by Automated count,27.6,pg,numeric
2021-05-23T23:37:05Z,a296a2ba-b1ad-a3c5-d172-aa3dfdbcdab9,a296a2ba-b1ad-a3c5-1eca-1bd66f5d405d,laboratory,786-4,MCHC [Entitic Mass/volume] in Red Blood Cells by Automated count,34.4,g/dL,numeric
2021-05-23T23:37:05Z,a296a2ba-b1ad-a3c5-d172-aa3dfdbcdab9,a296a2ba-b1ad-a3c5-1eca-1bd66f5d405d,laboratory,788-0,Erythrocyte [DistWidth] in Blood by Automated count,45.2,fL,numeric
2021-05-23T23:37:05Z,a296a2ba-b1ad-a3c5-d172-aa3dfdbcdab9,a296a2ba-b1ad-a3c5-1eca-1bd66f5d405d,laboratory,777-3,Platelets [#/volume] in Blood by Automated count,386.6,10*3/uL,numeric
2021-05-23T23:37:05Z,a296a2ba-b1ad-a3c5-d172-aa3dfdbcdab9,a296a2ba-b1ad-a3c5-1eca-1bd66f5d405d,laboratory,32207-3,Platelet distribution width [Entitic volume] in Blood by Automated count,221.8,fL,numeric
2021-05-23T23:37:05Z,a296a2ba-b1ad-a3c5-d172-aa3dfdbcdab9,a296a2ba-b1ad-a3c5-1eca-1bd66f5d405d,laboratory,32623-1,Platelet [Entitic mean volume] in Blood by Automated count,10.2,fL,numeric
2021-05-23T23:37:05Z,a296a2ba-b1ad-a3c5-d172-aa3dfdbcdab9,a296a2ba-b1ad-a3c5-1eca-1bd66f5d405d,social-history,72166-2,Tobacco smoking status,Ex-smoker (finding),,text
2021-05-24T00:23:40Z,a296a2ba-b1ad-a3c5-d172-aa3dfdbcdab9,a296a2ba-b1ad-a3c5-1eca-1bd66f5d405d,survey,76501-6,Within the last year  have you been afraid of your partner or ex-partner,No,,text
2021-05-24T00:23:40Z,a296a2ba-b1ad-a3c5-d172-aa3dfdbcdab9,a296a2ba-b1ad-a3c5-1eca-1bd66f5d405d,survey,93026-3,Do you feel physically and emotionally safe where you currently live [PRAPARE],Yes,,text
2021-05-24T00:23:40Z,a296a2ba-b1ad-a3c5-d172-aa3dfdbcdab9,a296a2ba-b1ad-a3c5-1eca-1bd66f5d405d,survey,93027-1,Are you a refugee,,,text
2021-05-24T00:23:40Z,a296a2ba-b1ad-a3c5-d172-aa3dfdbcdab9,a296a2ba-b1ad-a3c5-1eca-1bd66f5d405d,survey,93028-9,Have you spent more than 2 nights in a row in a jail  prison  detention center  or juvenile correctional facility in past 1 year [PRAPARE],Yes,,text
2021-05-24T00:23:40Z,a296a2ba-b1ad-a3c5-d172-aa3dfdbcdab9,a296a2ba-b1ad-a3c5-1eca-1bd66f5d405d,survey,93038-8,Stress level,A little bit,,text
2021-05-24T00:23:40Z,a296a2ba-b1ad-a3c5-d172-aa3dfdbcdab9,a296a2ba-b1ad-a3c5-1eca-1bd66f5d405d,survey,93029-7,How often do you see or talk to people that you care about and feel close to [PRAPARE],Less than once a week,,text
2021-05-24T00:23:40Z,a296a2ba-b1ad-a3c5-d172-aa3dfdbcdab9,a296a2ba-b1ad-a3c5-1eca-1bd66f5d405d,survey,93030-5,Has lack of transportation kept you from medical appointments  meetings  work  or from getting things needed for daily living,No,,text
2021-05-24T00:23:40Z,a296a2ba-b1ad-a3c5-d172-aa3dfdbcdab9,a296a2ba-b1ad-a3c5-1eca-1bd66f5d405d,survey,93031-3,Have you or any family members you live with been unable to get any of the following when it was really needed in past 1 year [PRAPARE],Medicine or Any Health Care (Medical  Dental  Mental Health  Vision),,text
2021-05-24T00:23:40Z,a296a2ba-b1ad-a3c5-d172-aa3dfdbcdab9,a296a2ba-b1ad-a3c5-1eca-1bd66f5d405d,survey,63586-2,What was your best estimate of the total income of all family members from all sources  before taxes  in last year [PhenX],17562,/a,text
2021-05-24T00:23:40Z,a296a2ba-b1ad-a3c5-d172-aa3dfdbcdab9,a296a2ba-b1ad-a3c5-1eca-1bd66f5d405d,survey,76437-3,Primary insurance,Medicaid,,text
2021-05-24T00:23:40Z,a296a2ba-b1ad-a3c5-d172-aa3dfdbcdab9,a296a2ba-b1ad-a3c5-1eca-1bd66f5d405d,survey,67875-5,Employment status - current,Full-time work,,text
2021-05-24T00:23:40Z,a296a2ba-b1ad-a3c5-d172-aa3dfdbcdab9,a296a2ba-b1ad-a3c5-1eca-1bd66f5d405d,survey,82589-3,Highest level of education,More than high school,,text
2021-05-24T00:23:40Z,a296a2ba-b1ad-a3c5-d172-aa3dfdbcdab9,a296a2ba-b1ad-a3c5-1eca-1bd66f5d405d,survey,56799-0,Address,724 Nolan Camp Unit 48,,text
2021-05-24T00:23:40Z,a296a2ba-b1ad-a3c5-d172-aa3dfdbcdab9,a296a2ba-b1ad-a3c5-1eca-1bd66f5d405d,survey,93033-9,Are you worried about losing your housing [PRAPARE],Yes,,text
2021-05-24T00:23:40Z,a296a2ba-b1ad-a3c5-d172-aa3dfdbcdab9,a296a2ba-b1ad-a3c5-1eca-1bd66f5d405d,survey,71802-3,Housing status,I have housing,,text
2021-05-24T00:23:40Z,a296a2ba-b1ad-a3c5-d172-aa3dfdbcdab9,a296a2ba-b1ad-a3c5-1eca-1bd66f5d405d,survey,63512-8,How many people are living or staying at this address [#],3.0,{#},numeric
2021-05-24T00:23:40Z,a296a2ba-b1ad-a3c5-d172-aa3dfdbcdab9,a296a2ba-b1ad-a3c5-1eca-1bd66f5d405d,survey,54899-0,Preferred language,Language other than English,,text
2021-05-24T00:23:40Z,a296a2ba-b1ad-a3c5-d172-aa3dfdbcdab9,a296a2ba-b1ad-a3c5-1eca-1bd66f5d405d,survey,93034-7,Discharged from the U.S. Armed Forces,No,,text
2021-05-24T00:23:40Z,a296a2ba-b1ad-a3c5-d172-aa3dfdbcdab9,a296a2ba-b1ad-a3c5-1eca-1bd66f5d405d,survey,93035-4,Has season or migrant farm work been your or your family's main source of income at any point in past 2 years [PRAPARE],Yes,,text
2021-05-24T00:23:40Z,a296a2ba-b1ad-a3c5-d172-aa3dfdbcdab9,a296a2ba-b1ad-a3c5-1eca-1bd66f5d405d,survey,32624-9,Race,Black/African American,,text
2021-05-24T00:23:40Z,a296a2ba-b1ad-a3c5-d172-aa3dfdbcdab9,a296a2ba-b1ad-a3c5-1eca-1bd66f5d405d,survey,56051-6,Hispanic or Latino,No,,text
2021-05-24T00:42:52Z,a296a2ba-b1ad-a3c5-d172-aa3dfdbcdab9,a296a2ba-b1ad-a3c5-1eca-1bd66f5d405d,survey,70274-6,Generalized anxiety disorder 7 item (GAD-7) total score [Reported.PHQ],6.0,{score},numeric
2021-05-24T01:14:54Z,a296a2ba-b1ad-a3c5-d172-aa3dfdbcdab9,a296a2ba-b1ad-a3c5-1eca-1bd66f5d405d,survey,55758-7,Patient Health Questionnaire 2 item (PHQ-2) total score [Reported],0.0,{score},numeric
2021-05-24T01:50:13Z,a296a2ba-b1ad-a3c5-d172-aa3dfdbcdab9,a296a2ba-b1ad-a3c5-1eca-1bd66f5d405d,survey,82667-7,Total score [DAST-10],0.0,{score},numeric
2024-05-26T23:37:05Z,a296a2ba-b1ad-a3c5-d172-aa3dfdbcdab9,a296a2ba-b1ad-a3c5-07fd-ed301015f5f6,laboratory,4548-4,Hemoglobin A1c/Hemoglobin.total in Blood,5.9,%,numeric
2024-05-26T23:37:05Z,a296a2ba-b1ad-a3c5-d172-aa3dfdbcdab9,a296a2ba-b1ad-a3c5-07fd-ed301015f5f6,vital-signs,8302-2,Body Height,172.9,cm,numeric
2024-05-26T23:37:05Z,a296a2ba-b1ad-a3c5-d172-aa3dfdbcdab9,a296a2ba-b1ad-a3c5-07fd-ed301015f5f6,vital-signs,72514-3,Pain severity - 0-10 verbal numeric rating [Score] - Reported,2.0,{score},numeric
2024-05-26T23:37:05Z,a296a2ba-b1ad-a3c5-d172-aa3dfdbcdab9,a296a2ba-b1ad-a3c5-07fd-ed301015f5f6,vital-signs,29463-7,Body Weight,90.6,kg,numeric
2024-05-26T23:37:05Z,a296a2ba-b1ad-a3c5-d172-aa3dfdbcdab9,a296a2ba-b1ad-a3c5-07fd-ed301015f5f6,vital-signs,39156-5,Body mass index (BMI) [Ratio],30.3,kg/m2,numeric
2024-05-26T23:37:05Z,a296a2ba-b1ad-a3c5-d172-aa3dfdbcdab9,a296a2ba-b1ad-a3c5-07fd-ed301015f5f6,vital-signs,8462-4,Diastolic Blood Pressure,81.0,mm[Hg],numeric
2024-05-26T23:37:05Z,a296a2ba-b1ad-a3c5-d172-aa3dfdbcdab9,a296a2ba-b1ad-a3c5-07fd-ed301015f5f6,vital-signs,8480-6,Systolic Blood Pressure,111.0,mm[Hg],numeric
2024-05-26T23:37:05Z,a296a2ba-b1ad-a3c5-d172-aa3dfdbcdab9,a296a2ba-b1ad-a3c5-07fd-ed301015f5f6,vital-signs,8867-4,Heart rate,80.0,/min,numeric
2024-05-26T23:37:05Z,a296a2ba-b1ad-a3c5-d172-aa3dfdbcdab9,a296a2ba-b1ad-a3c5-07fd-ed301015f5f6,vital-signs,9279-1,Respiratory rate,15.0,/min,numeric
2024-05-26T23:37:05Z,a296a2ba-b1ad-a3c5-d172-aa3dfdbcdab9,a296a2ba-b1ad-a3c5-07fd-ed301015f5f6,laboratory,2339-0,Glucose [Mass/volume] in Blood,82.6,mg/dL,numeric
2024-05-26T23:37:05Z,a296a2ba-b1ad-a3c5-d172-aa3dfdbcdab9,a296a2ba-b1ad-a3c5-07fd-ed301015f5f6,laboratory,6299-2,Urea nitrogen [Mass/volume] in Blood,18.8,mg/dL,numeric
2024-05-26T23:37:05Z,a296a2ba-b1ad-a3c5-d172-aa3dfdbcdab9,a296a2ba-b1ad-a3c5-07fd-ed301015f5f6,laboratory,38483-4,Creatinine [Mass/volume] in Blood,1.8,mg/dL,numeric
2024-05-26T23:37:05Z,a296a2ba-b1ad-a3c5-d172-aa3dfdbcdab9,a296a2ba-b1ad-a3c5-07fd-ed301015f5f6,laboratory,49765-1,Calcium [Mass/volume] in Blood,9.0,mg/dL,numeric
2024-05-26T23:37:05Z,a296a2ba-b1ad-a3c5-d172-aa3dfdbcdab9,a296a2ba-b1ad-a3c5-07fd-ed301015f5f6,laboratory,2947-0,Sodium [Moles/volume] in Blood,143.0,mmol/L,numeric
2024-05-26T23:37:05Z,a296a2ba-b1ad-a3c5-d172-aa3dfdbcdab9,a296a2ba-b1ad-a3c5-07fd-ed301015f5f6,laboratory,6298-4,Potassium [Moles/volume] in Blood,3.9,mmol/L,numeric
2024-05-26T23:37:05Z,a296a2ba-b1ad-a3c5-d172-aa3dfdbcdab9,a296a2ba-b1ad-a3c5-07fd-ed301015f5f6,laboratory,2069-3,Chloride [Moles/volume] in Blood,104.5,mmol/L,numeric
2024-05-26T23:37:05Z,a296a2ba-b1ad-a3c5-d172-aa3dfdbcdab9,a296a2ba-b1ad-a3c5-07fd-ed301015f5f6,laboratory,20565-8,Carbon dioxide  total [Moles/volume] in Blood,24.9,mmol/L,numeric
2024-05-26T23:37:05Z,a296a2ba-b1ad-a3c5-d172-aa3dfdbcdab9,a296a2ba-b1ad-a3c5-07fd-ed301015f5f6,laboratory,2093-3,Cholesterol [Mass/volume] in Serum or Plasma,141.9,mg/dL,numeric
2024-05-26T23:37:05Z,a296a2ba-b1ad-a3c5-d172-aa3dfdbcdab9,a296a2ba-b1ad-a3c5-07fd-ed301015f5f6,laboratory,2571-8,Triglyceride [Mass/volume] in Serum or Plasma,137.2,mg/dL,numeric
2024-05-26T23:37:05Z,a296a2ba-b1ad-a3c5-d172-aa3dfdbcdab9,a296a2ba-b1ad-a3c5-07fd-ed301015f5f6,laboratory,18262-6,Cholesterol in LDL [Mass/volume] in Serum or Plasma by Direct assay,53.9,mg/dL,numeric
2024-05-26T23:37:05Z,a296a2ba-b1ad-a3c5-d172-aa3dfdbcdab9,a296a2ba-b1ad-a3c5-07fd-ed301015f5f6,laboratory,2085-9,Cholesterol in HDL [Mass/volume] in Serum or Plasma,60.5,mg/dL,numeric
2024-05-26T23:37:05Z,a296a2ba-b1ad-a3c5-d172-aa3dfdbcdab9,a296a2ba-b1ad-a3c5-07fd-ed301015f5f6,social-history,72166-2,Tobacco smoking status,Ex-smoker (finding),,text
2024-05-27T00:24:19Z,a296a2ba-b1ad-a3c5-d172-aa3dfdbcdab9,a296a2ba-b1ad-a3c5-07fd-ed301015f5f6,survey,76501-6,Within the last year  have you been afraid of your partner or ex-partner,No,,text
2024-05-27T00:24:19Z,a296a2ba-b1ad-a3c5-d172-aa3dfdbcdab9,a296a2ba-b1ad-a3c5-07fd-ed301015f5f6,survey,93026-3,Do you feel physically and emotionally safe where you currently live [PRAPARE],Yes,,text
2024-05-27T00:24:19Z,a296a2ba-b1ad-a3c5-d172-aa3dfdbcdab9,a296a2ba-b1ad-a3c5-07fd-ed301015f5f6,survey,93027-1,Are you a refugee,I choose not to answer this question,,text
2024-05-27T00:24:19Z,a296a2ba-b1ad-a3c5-d172-aa3dfdbcdab9,a296a2ba-b1ad-a3c5-07fd-ed301015f5f6,survey,93028-9,Have you spent more than 2 nights in a row in a jail  prison  detention center  or juvenile correctional facility in past 1 year [PRAPARE],Yes,,text
2024-05-27T00:24:19Z,a296a2ba-b1ad-a3c5-d172-aa3dfdbcdab9,a296a2ba-b1ad-a3c5-07fd-ed301015f5f6,survey,93038-8,Stress level,Quite a bit,,text
2024-05-27T00:24:19Z,a296a2ba-b1ad-a3c5-d172-aa3dfdbcdab9,a296a2ba-b1ad-a3c5-07fd-ed301015f5f6,survey,93029-7,How often do you see or talk to people that you care about and feel close to [PRAPARE],Less than once a week,,text
2024-05-27T00:24:19Z,a296a2ba-b1ad-a3c5-d172-aa3dfdbcdab9,a296a2ba-b1ad-a3c5-07fd-ed301015f5f6,survey,93030-5,Has lack of transportation kept you from medical appointments  meetings  work  or from getting things needed for daily living,No,,text
2024-05-27T00:24:19Z,a296a2ba-b1ad-a3c5-d172-aa3dfdbcdab9,a296a2ba-b1ad-a3c5-07fd-ed301015f5f6,survey,93031-3,Have you or any family members you live with been unable to get any of the following when it was really needed in past 1 year [PRAPARE],Medicine or Any Health Care (Medical  Dental  Mental Health  Vision),,text
2024-05-27T00:24:19Z,a296a2ba-b1ad-a3c5-d172-aa3dfdbcdab9,a296a2ba-b1ad-a3c5-07fd-ed301015f5f6,survey,63586-2,What was your best estimate of the total income of all family members from all sources  before taxes  in last year [PhenX],17562,/a,text
2024-05-27T00:24:19Z,a296a2ba-b1ad-a3c5-d172-aa3dfdbcdab9,a296a2ba-b1ad-a3c5-07fd-ed301015f5f6,survey,76437-3,Primary insurance,Medicaid,,text
2024-05-27T00:24:19Z,a296a2ba-b1ad-a3c5-d172-aa3dfdbcdab9,a296a2ba-b1ad-a3c5-07fd-ed301015f5f6,survey,67875-5,Employment status - current,Otherwise unemployed but not seeking work (ex: student  retired  disabled  unpaid primary care giver),,text
2024-05-27T00:24:19Z,a296a2ba-b1ad-a3c5-d172-aa3dfdbcdab9,a296a2ba-b1ad-a3c5-07fd-ed301015f5f6,survey,82589-3,Highest level of education,More than high school,,text
2024-05-27T00:24:19Z,a296a2ba-b1ad-a3c5-d172-aa3dfdbcdab9,a296a2ba-b1ad-a3c5-07fd-ed301015f5f6,survey,56799-0,Address,724 Nolan Camp Unit 48,,text
2024-05-27T00:24:19Z,a296a2ba-b1ad-a3c5-d172-aa3dfdbcdab9,a296a2ba-b1ad-a3c5-07fd-ed301015f5f6,survey,93033-9,Are you worried about losing your housing [PRAPARE],Yes,,text
2024-05-27T00:24:19Z,a296a2ba-b1ad-a3c5-d172-aa3dfdbcdab9,a296a2ba-b1ad-a3c5-07fd-ed301015f5f6,survey,71802-3,Housing status,I have housing,,text
2024-05-27T00:24:19Z,a296a2ba-b1ad-a3c5-d172-aa3dfdbcdab9,a296a2ba-b1ad-a3c5-07fd-ed301015f5f6,survey,63512-8,How many people are living or staying at this address [#],3.0,{#},numeric
2024-05-27T00:24:19Z,a296a2ba-b1ad-a3c5-d172-aa3dfdbcdab9,a296a2ba-b1ad-a3c5-07fd-ed301015f5f6,survey,54899-0,Preferred language,Language other than English,,text
2024-05-27T00:24:19Z,a296a2ba-b1ad-a3c5-d172-aa3dfdbcdab9,a296a2ba-b1ad-a3c5-07fd-ed301015f5f6,survey,93034-7,Discharged from the U.S. Armed Forces,No,,text
2024-05-27T00:24:19Z,a296a2ba-b1ad-a3c5-d172-aa3dfdbcdab9,a296a2ba-b1ad-a3c5-07fd-ed301015f5f6,survey,93035-4,Has season or migrant farm work been your or your family's main source of income at any point in past 2 years [PRAPARE],Yes,,text
2024-05-27T00:24:19Z,a296a2ba-b1ad-a3c5-d172-aa3dfdbcdab9,a296a2ba-b1ad-a3c5-07fd-ed301015f5f6,survey,32624-9,Race,Black/African American,,text
2024-05-27T00:24:19Z,a296a2ba-b1ad-a3c5-d172-aa3dfdbcdab9,a296a2ba-b1ad-a3c5-07fd-ed301015f5f6,survey,56051-6,Hispanic or Latino,No,,text
2024-05-27T00:49:55Z,a296a2ba-b1ad-a3c5-d172-aa3dfdbcdab9,a296a2ba-b1ad-a3c5-07fd-ed301015f5f6,survey,70274-6,Generalized anxiety disorder 7 item (GAD-7) total score [Reported.PHQ],3.0,,numeric
2024-05-27T01:24:52Z,a296a2ba-b1ad-a3c5-d172-aa3dfdbcdab9,a296a2ba-b1ad-a3c5-07fd-ed301015f5f6,survey,55758-7,Patient Health Questionnaire 2 item (PHQ-2) total score [Reported],0.0,{score},numeric
2016-03-08T23:37:05Z,a296a2ba-b1ad-a3c5-d172-aa3dfdbcdab9,,,QALY,QALY,27.9,a,numeric
2017-03-08T23:37:05Z,a296a2ba-b1ad-a3c5-d172-aa3dfdbcdab9,,,QALY,QALY,28.9,a,numeric
2018-03-08T23:37:05Z,a296a2ba-b1ad-a3c5-d172-aa3dfdbcdab9,,,QALY,QALY,29.8,a,numeric
2019-03-08T23:37:05Z,a296a2ba-b1ad-a3c5-d172-aa3dfdbcdab9,,,QALY,QALY,30.8,a,numeric
2020-03-08T23:37:05Z,a296a2ba-b1ad-a3c5-d172-aa3dfdbcdab9,,,QALY,QALY,31.8,a,numeric
2021-03-08T23:37:05Z,a296a2ba-b1ad-a3c5-d172-aa3dfdbcdab9,,,QALY,QALY,32.7,a,numeric
2022-03-08T23:37:05Z,a296a2ba-b1ad-a3c5-d172-aa3dfdbcdab9,,,QALY,QALY,33.7,a,numeric
2023-03-08T23:37:05Z,a296a2ba-b1ad-a3c5-d172-aa3dfdbcdab9,,,QALY,QALY,34.6,a,numeric
2024-03-08T23:37:05Z,a296a2ba-b1ad-a3c5-d172-aa3dfdbcdab9,,,QALY,QALY,35.6,a,numeric
2025-03-08T23:37:05Z,a296a2ba-b1ad-a3c5-d172-aa3dfdbcdab9,,,QALY,QALY,36.6,a,numeric
2026-03-08T23:37:05Z,a296a2ba-b1ad-a3c5-d172-aa3dfdbcdab9,,,QALY,QALY,37.5,a,numeric
2016-03-08T23:37:05Z,a296a2ba-b1ad-a3c5-d172-aa3dfdbcdab9,,,DALY,DALY,0.1,a,numeric
2017-03-08T23:37:05Z,a296a2ba-b1ad-a3c5-d172-aa3dfdbcdab9,,,DALY,DALY,0.1,a,numeric
2018-03-08T23:37:05Z,a296a2ba-b1ad-a3c5-d172-aa3dfdbcdab9,,,DALY,DALY,0.2,a,numeric
2019-03-08T23:37:05Z,a296a2ba-b1ad-a3c5-d172-aa3dfdbcdab9,,,DALY,DALY,0.2,a,numeric
2020-03-08T23:37:05Z,a296a2ba-b1ad-a3c5-d172-aa3dfdbcdab9,,,DALY,DALY,0.2,a,numeric
2021-03-08T23:37:05Z,a296a2ba-b1ad-a3c5-d172-aa3dfdbcdab9,,,DALY,DALY,0.3,a,numeric
2022-03-08T23:37:05Z,a296a2ba-b1ad-a3c5-d172-aa3dfdbcdab9,,,DALY,DALY,0.3,a,numeric
2023-03-08T23:37:05Z,a296a2ba-b1ad-a3c5-d172-aa3dfdbcdab9,,,DALY,DALY,0.4,a,numeric
2024-03-08T23:37:05Z,a296a2ba-b1ad-a3c5-d172-aa3dfdbcdab9,,,DALY,DALY,0.4,a,numeric
2025-03-08T23:37:05Z,a296a2ba-b1ad-a3c5-d172-aa3dfdbcdab9,,,DALY,DALY,0.4,a,numeric
2026-03-08T23:37:05Z,a296a2ba-b1ad-a3c5-d172-aa3dfdbcdab9,,,DALY,DALY,0.5,a,numeric
2016-03-08T23:37:05Z,a296a2ba-b1ad-a3c5-d172-aa3dfdbcdab9,,,QOLS,QOLS,1.0,{score},numeric
2017-03-08T23:37:05Z,a296a2ba-b1ad-a3c5-d172-aa3dfdbcdab9,,,QOLS,QOLS,1.0,{score},numeric
2018-03-08T23:37:05Z,a296a2ba-b1ad-a3c5-d172-aa3dfdbcdab9,,,QOLS,QOLS,1.0,{score},numeric
2019-03-08T23:37:05Z,a296a2ba-b1ad-a3c5-d172-aa3dfdbcdab9,,,QOLS,QOLS,1.0,{score},numeric
2020-03-08T23:37:05Z,a296a2ba-b1ad-a3c5-d172-aa3dfdbcdab9,,,QOLS,QOLS,1.0,{score},numeric
2021-03-08T23:37:05Z,a296a2ba-b1ad-a3c5-d172-aa3dfdbcdab9,,,QOLS,QOLS,1.0,{score},numeric
2022-03-08T23:37:05Z,a296a2ba-b1ad-a3c5-d172-aa3dfdbcdab9,,,QOLS,QOLS,1.0,{score},numeric
2023-03-08T23:37:05Z,a296a2ba-b1ad-a3c5-d172-aa3dfdbcdab9,,,QOLS,QOLS,1.0,{score},numeric
2024-03-08T23:37:05Z,a296a2ba-b1ad-a3c5-d172-aa3dfdbcdab9,,,QOLS,QOLS,1.0,{score},numeric
2025-03-08T23:37:05Z,a296a2ba-b1ad-a3c5-d172-aa3dfdbcdab9,,,QOLS,QOLS,1.0,{score},numeric
2026-03-08T23:37:05Z,a296a2ba-b1ad-a3c5-d172-aa3dfdbcdab9,,,QOLS,QOLS,1.0,{score},numeric
2018-03-18T21:47:21Z,ce8f0d5d-2f0f-0c66-6a64-518b1e209f13,ce8f0d5d-2f0f-0c66-193a-c74c83c24b4f,laboratory,4548-4,Hemoglobin A1c/Hemoglobin.total in Blood,6.3,%,numeric
2018-03-18T21:47:21Z,ce8f0d5d-2f0f-0c66-6a64-518b1e209f13,ce8f0d5d-2f0f-0c66-193a-c74c83c24b4f,vital-signs,8302-2,Body Height,172.0,cm,numeric
2018-03-18T21:47:21Z,ce8f0d5d-2f0f-0c66-6a64-518b1e209f13,ce8f0d5d-2f0f-0c66-193a-c74c83c24b4f,vital-signs,72514-3,Pain severity - 0-10 verbal numeric rating [Score] - Reported,0.0,{score},numeric
2018-03-18T21:47:21Z,ce8f0d5d-2f0f-0c66-6a64-518b1e209f13,ce8f0d5d-2f0f-0c66-193a-c74c83c24b4f,vital-signs,29463-7,Body Weight,89.2,kg,numeric
2018-03-18T21:47:21Z,ce8f0d5d-2f0f-0c66-6a64-518b1e209f13,ce8f0d5d-2f0f-0c66-193a-c74c83c24b4f,vital-signs,39156-5,Body mass index (BMI) [Ratio],30.2,kg/m2,numeric
2018-03-18T21:47:21Z,ce8f0d5d-2f0f-0c66-6a64-518b1e209f13,ce8f0d5d-2f0f-0c66-193a-c74c83c24b4f,vital-signs,8462-4,Diastolic Blood Pressure,74.0,mm[Hg],numeric
2018-03-18T21:47:21Z,ce8f0d5d-2f0f-0c66-6a64-518b1e209f13,ce8f0d5d-2f0f-0c66-193a-c74c83c24b4f,vital-signs,8480-6,Systolic Blood Pressure,120.0,mm[Hg],numeric
2018-03-18T21:47:21Z,ce8f0d5d-2f0f-0c66-6a64-518b1e209f13,ce8f0d5d-2f0f-0c66-193a-c74c83c24b4f,vital-signs,8867-4,Heart rate,86.0,/min,numeric
2018-03-18T21:47:21Z,ce8f0d5d-2f0f-0c66-6a64-518b1e209f13,ce8f0d5d-2f0f-0c66-193a-c74c83c24b4f,vital-signs,9279-1,Respiratory rate,15.0,/min,numeric
2018-03-18T21:47:21Z,ce8f0d5d-2f0f-0c66-6a64-518b1e209f13,ce8f0d5d-2f0f-0c66-193a-c74c83c24b4f,laboratory,2339-0,Glucose [Mass/volume] in Blood,95.4,mg/dL,numeric
2018-03-18T21:47:21Z,ce8f0d5d-2f0f-0c66-6a64-518b1e209f13,ce8f0d5d-2f0f-0c66-193a-c74c83c24b4f,laboratory,6299-2,Urea nitrogen [Mass/volume] in Blood,11.9,mg/dL,numeric
2018-03-18T21:47:21Z,ce8f0d5d-2f0f-0c66-6a64-518b1e209f13,ce8f0d5d-2f0f-0c66-193a-c74c83c24b4f,laboratory,38483-4,Creatinine [Mass/volume] in Blood,1.2,mg/dL,numeric
2018-03-18T21:47:21Z,ce8f0d5d-2f0f-0c66-6a64-518b1e209f13,ce8f0d5d-2f0f-0c66-193a-c74c83c24b4f,laboratory,49765-1,Calcium [Mass/volume] in Blood,9.3,mg/dL,numeric
2018-03-18T21:47:21Z,ce8f0d5d-2f0f-0c66-6a64-518b1e209f13,ce8f0d5d-2f0f-0c66-193a-c74c83c24b4f,laboratory,2947-0,Sodium [Moles/volume] in Blood,142.2,mmol/L,numeric
2018-03-18T21:47:21Z,ce8f0d5d-2f0f-0c66-6a64-518b1e209f13,ce8f0d5d-2f0f-0c66-193a-c74c83c24b4f,laboratory,6298-4,Potassium [Moles/volume] in Blood,4.2,mmol/L,numeric
2018-03-18T21:47:21Z,ce8f0d5d-2f0f-0c66-6a64-518b1e209f13,ce8f0d5d-2f0f-0c66-193a-c74c83c24b4f,laboratory,2069-3,Chloride [Moles/volume] in Blood,105.9,,numeric
2018-03-18T21:47:21Z,ce8f0d5d-2f0f-0c66-6a64-518b1e209f13,ce8f0d5d-2f0f-0c66-193a-c74c83c24b4f,laboratory,20565-8,Carbon dioxide  total [Moles/volume] in Blood,28.7,mmol/L,numeric
2018-03-18T21:47:21Z,ce8f0d5d-2f0f-0c66-6a64-518b1e209f13,ce8f0d5d-2f0f-0c66-193a-c74c83c24b4f,laboratory,2093-3,Cholesterol [Mass/volume] in Serum or Plasma,180.7,mg/dL,numeric
2018-03-18T21:47:21Z,ce8f0d5d-2f0f-0c66-6a64-518b1e209f13,ce8f0d5d-2f0f-0c66-193a-c74c83c24b4f,laboratory,2571-8,Triglyceride [Mass/volume] in Serum or Plasma,116.0,mg/dL,numeric
2018-03-18T21:47:21Z,ce8f0d5d-2f0f-0c66-6a64-518b1e209f13,ce8f0d5d-2f0f-0c66-193a-c74c83c24b4f,laboratory,18262-6,Cholesterol in LDL [Mass/volume] in Serum or Plasma by Direct assay,102.2,mg/dL,numeric
2018-03-18T21:47:21Z,ce8f0d5d-2f0f-0c66-6a64-518b1e209f13,ce8f0d5d-2f0f-0c66-193a-c74c83c24b4f,laboratory,2085-9,Cholesterol in HDL [Mass/volume] in Serum or Plasma,55.3,mg/dL,numeric
2018-03-18T21:47:21Z,ce8f0d5d-2f0f-0c66-6a64-518b1e209f13,ce8f0d5d-2f0f-0c66-193a-c74c83c24b4f,social-history,72166-2,Tobacco smoking status,Never smoked tobacco (finding),,text
2018-03-18T22:19:42Z,ce8f0d5d-2f0f-0c66-6a64-518b1e209f13,ce8f0d5d-2f0f-0c66-193a-c74c83c24b4f,survey,76501-6,Within the last year  have you been afraid of your partner or ex-partner,No,,text
2018-03-18T22:19:42Z,ce8f0d5d-2f0f-0c66-6a64-518b1e209f13,ce8f0d5d-2f0f-0c66-193a-c74c83c24b4f,survey,93026-3,Do you feel physically and emotionally safe where you currently live [PRAPARE],Yes,,text
2018-03-18T22:19:42Z,ce8f0d5d-2f0f-0c66-6a64-518b1e209f13,ce8f0d5d-2f0f-0c66-193a-c74c83c24b4f,survey,93027-1,Are you a refugee,No,,text
2018-03-18T22:19:42Z,ce8f0d5d-2f0f-0c66-6a64-518b1e209f13,ce8f0d5d-2f0f-0c66-193a-c74c83c24b4f,survey,93028-9,Have you spent more than 2 nights in a row in a jail  prison  detention center  or juvenile correctional facility in past 1 year [PRAPARE],No,,text
2018-03-18T22:19:42Z,ce8f0d5d-2f0f-0c66-6a64-518b1e209f13,ce8f0d5d-2f0f-0c66-193a-c74c83c24b4f,survey,93038-8,Stress level,A little bit,,text
2018-03-18T22:19:42Z,ce8f0d5d-2f0f-0c66-6a64-518b1e209f13,ce8f0d5d-2f0f-0c66-193a-c74c83c24b4f,survey,93029-7,How often do you see or talk to people that you care about and feel close to [PRAPARE],3 to 5 times a week,,text
2018-03-18T22:19:42Z,ce8f0d5d-2f0f-0c66-6a64-518b1e209f13,ce8f0d5d-2f0f-0c66-193a-c74c83c24b4f,survey,93030-5,Has lack of transportation kept you from medical appointments  meetings  work  or from getting things needed for daily living,No,,text
2018-03-18T22:19:42Z,ce8f0d5d-2f0f-0c66-6a64-518b1e209f13,ce8f0d5d-2f0f-0c66-193a-c74c83c24b4f,survey,93031-3,Have you or any family members you live with been unable to get any of the following when it was really needed in past 1 year [PRAPARE],I choose not to answer this question,,text
2018-03-18T22:19:42Z,ce8f0d5d-2f0f-0c66-6a64-518b1e209f13,ce8f0d5d-2f0f-0c66-193a-c74c83c24b4f,survey,63586-2,What was your best estimate of the total income of all family members from all sources  before taxes  in last year [PhenX],776519,/a,text
2018-03-18T22:19:42Z,ce8f0d5d-2f0f-0c66-6a64-518b1e209f13,ce8f0d5d-2f0f-0c66-193a-c74c83c24b4f,survey,76437-3,Primary insurance,Private insurance,,text
2018-03-18T22:19:42Z,ce8f0d5d-2f0f-0c66-6a64-518b1e209f13,ce8f0d5d-2f0f-0c66-193a-c74c83c24b4f,survey,67875-5,Employment status - current,Full-time work,,text
2018-03-18T22:19:42Z,ce8f0d5d-2f0f-0c66-6a64-518b1e209f13,ce8f0d5d-2f0f-0c66-193a-c74c83c24b4f,survey,82589-3,Highest level of education,High school diploma or GED,,text
2018-03-18T22:19:42Z,ce8f0d5d-2f0f-0c66-6a64-518b1e209f13,ce8f0d5d-2f0f-0c66-193a-c74c83c24b4f,survey,56799-0,Address,1040 Champlin Union,,text
2018-03-18T22:19:42Z,ce8f0d5d-2f0f-0c66-6a64-518b1e209f13,ce8f0d5d-2f0f-0c66-193a-c74c83c24b4f,survey,93033-9,Are you worried about losing your housing [PRAPARE],No,,text
2018-03-18T22:19:42Z,ce8f0d5d-2f0f-0c66-6a64-518b1e209f13,ce8f0d5d-2f0f-0c66-193a-c74c83c24b4f,survey,71802-3,Housing status,I have housing,,text
2018-03-18T22:19:42Z,ce8f0d5d-2f0f-0c66-6a64-518b1e209f13,ce8f0d5d-2f0f-0c66-193a-c74c83c24b4f,survey,63512-8,How many people are living or staying at this address [#],6.0,{#},numeric
2018-03-18T22:19:42Z,ce8f0d5d-2f0f-0c66-6a64-518b1e209f13,ce8f0d5d-2f0f-0c66-193a-c74c83c24b4f,survey,54899-0,Preferred language,English,,text
2018-03-18T22:19:42Z,ce8f0d5d-2f0f-0c66-6a64-518b1e209f13,ce8f0d5d-2f0f-0c66-193a-c74c83c24b4f,survey,93034-7,Discharged from the U.S. Armed Forces,I choose not to answer this question,,text
2018-03-18T22:19:42Z,ce8f0d5d-2f0f-0c66-6a64-518b1e209f13,ce8f0d5d-2f0f-0c66-193a-c74c83c24b4f,survey,93035-4,Has season or migrant farm work been your or your family's main source of income at any point in past 2 years [PRAPARE],No,,text
2018-03-18T22:19:42Z,ce8f0d5d-2f0f-0c66-6a64-518b1e209f13,ce8f0d5d-2f0f-0c66-193a-c74c83c24b4f,survey,32624-9,Race,White,,text
2018-03-18T22:19:42Z,ce8f0d5d-2f0f-0c66-6a64-518b1e209f13,ce8f0d5d-2f0f-0c66-193a-c74c83c24b4f,survey,56051-6,Hispanic or Latino,No,,text
2018-03-18T22:48:24Z,ce8f0d5d-2f0f-0c66-6a64-518b1e209f13,ce8f0d5d-2f0f-0c66-193a-c74c83c24b4f,survey,70274-6,Generalized anxiety disorder 7 item (GAD-7) total score [Reported.PHQ],1.0,{score},numeric
2018-03-18T23:26:18Z,ce8f0d5d-2f0f-0c66-6a64-518b1e209f13,ce8f0d5d-2f0f-0c66-193a-c74c83c24b4f,survey,55758-7,Patient Health Questionnaire 2 item (PHQ-2) total score [Reported],0.0,{score},numeric
2018-03-19T00:07:08Z,ce8f0d5d-2f0f-0c66-6a64-518b1e209f13,ce8f0d5d-2f0f-0c66-193a-c74c83c24b4f,survey,82667-7,Total score [DAST-10],2.0,{score},numeric
2018-03-25T21:47:21Z,ce8f0d5d-2f0f-0c66-6a64-518b1e209f13,ce8f0d5d-2f0f-0c66-0cae-fa9f4ff28201,laboratory,718-7,Hemoglobin [Mass/volume] in Blood,10.8,g/dL,numeric
2018-03-25T21:47:21Z,ce8f0d5d-2f0f-0c66-6a64-518b1e209f13,ce8f0d5d-2f0f-0c66-0cae-fa9f4ff28201,laboratory,20570-8,Hematocrit [Volume Fraction] of Blood by calculation,33.9,%,numeric
2018-03-25T21:47:21Z,ce8f0d5d-2f0f-0c66-6a64-518b1e209f13,ce8f0d5d-2f0f-0c66-0cae-fa9f4ff28201,laboratory,6690-2,Leukocytes [#/volume] in Blood by Automated count,6.4,10*3/uL,numeric
2018-03-25T21:47:21Z,ce8f0d5d-2f0f-0c66-6a64-518b1e209f13,ce8f0d5d-2f0f-0c66-0cae-fa9f4ff28201,laboratory,789-8,Erythrocytes [#/volume] in Blood by Automated count,4.9,10*6/uL,numeric
2018-03-25T21:47:21Z,ce8f0d5d-2f0f-0c66-6a64-518b1e209f13,ce8f0d5d-2f0f-0c66-0cae-fa9f4ff28201,laboratory,787-2,MCV [Entitic mean volume] in Red Blood Cells by Automated count,86.2,fL,numeric
2018-03-25T21:47:21Z,ce8f0d5d-2f0f-0c66-6a64-518b1e209f13,ce8f0d5d-2f0f-0c66-0cae-fa9f4ff28201,laboratory,785-6,MCH [Entitic mass] by Automated count,29.5,pg,numeric
2018-03-25T21:47:21Z,ce8f0d5d-2f0f-0c66-6a64-518b1e209f13,ce8f0d5d-2f0f-0c66-0cae-fa9f4ff28201,laboratory,786-4,MCHC [Entitic Mass/volume] in Red Blood Cells by Automated count,33.8,,numeric
2018-03-25T21:47:21Z,ce8f0d5d-2f0f-0c66-6a64-518b1e209f13,ce8f0d5d-2f0f-0c66-0cae-fa9f4ff28201,laboratory,788-0,Erythrocyte [DistWidth] in Blood by Automated count,44.3,fL,numeric
2018-03-25T21:47:21Z,ce8f0d5d-2f0f-0c66-6a64-518b1e209f13,ce8f0d5d-2f0f-0c66-0cae-fa9f4ff28201,laboratory,777-3,Platelets [#/volume] in Blood by Automated count,236.6,10*3/uL,numeric
2018-03-25T21:47:21Z,ce8f0d5d-2f0f-0c66-6a64-518b1e209f13,ce8f0d5d-2f0f-0c66-0cae-fa9f4ff28201,laboratory,32207-3,Platelet distribution width [Entitic volume] in Blood by Automated count,160.6,fL,numeric
2018-03-25T21:47:21Z,ce8f0d5d-2f0f-0c66-6a64-518b1e209f13,ce8f0d5d-2f0f-0c66-0cae-fa9f4ff28201,laboratory,32623-1,Platelet [Entitic mean volume] in Blood by Automated count,11.8,fL,numeric
2020-03-22T21:47:21Z,ce8f0d5d-2f0f-0c66-6a64-518b1e209f13,ce8f0d5d-2f0f-0c66-ea40-05b3e129205d,laboratory,4548-4,Hemoglobin A1c/Hemoglobin.total in Blood,6.1,%,numeric
2020-03-22T21:47:21Z,ce8f0d5d-2f0f-0c66-6a64-518b1e209f13,ce8f0d5d-2f0f-0c66-ea40-05b3e129205d,vital-signs,8302-2,Body Height,172.0,cm,numeric
2020-03-22T21:47:21Z,ce8f0d5d-2f0f-0c66-6a64-518b1e209f13,ce8f0d5d-2f0f-0c66-ea40-05b3e129205d,vital-signs,72514-3,Pain severity - 0-10 verbal numeric rating [Score] - Reported,1.0,{score},numeric
2020-03-22T21:47:21Z,ce8f0d5d-2f0f-0c66-6a64-518b1e209f13,ce8f0d5d-2f0f-0c66-ea40-05b3e129205d,vital-signs,29463-7,Body Weight,89.2,kg,numeric
2020-03-22T21:47:21Z,ce8f0d5d-2f0f-0c66-6a64-518b1e209f13,ce8f0d5d-2f0f-0c66-ea40-05b3e129205d,vital-signs,39156-5,Body mass index (BMI) [Ratio],30.2,kg/m2,numeric
2020-03-22T21:47:21Z,ce8f0d5d-2f0f-0c66-6a64-518b1e209f13,ce8f0d5d-2f0f-0c66-ea40-05b3e129205d,vital-signs,8462-4,Diastolic Blood Pressure,69.0,mm[Hg],numeric
2020-03-22T21:47:21Z,ce8f0d5d-2f0f-0c66-6a64-518b1e209f13,ce8f0d5d-2f0f-0c66-ea40-05b3e129205d,vital-signs,8480-6,Systolic Blood Pressure,128.0,mm[Hg],numeric
2020-03-22T21:47:21Z,ce8f0d5d-2f0f-0c66-6a64-518b1e209f13,ce8f0d5d-2f0f-0c66-ea40-05b3e129205d,vital-signs,8867-4,Heart rate,84.0,/min,numeric
2020-03-22T21:47:21Z,ce8f0d5d-2f0f-0c66-6a64-518b1e209f13,ce8f0d5d-2f0f-0c66-ea40-05b3e129205d,vital-signs,9279-1,Respiratory rate,14.0,/min,numeric
2020-03-22T21:47:21Z,ce8f0d5d-2f0f-0c66-6a64-518b1e209f13,ce8f0d5d-2f0f-0c66-ea40-05b3e129205d,laboratory,2339-0,Glucose [Mass/volume] in Blood,73.2,mg/dL,numeric
2020-03-22T21:47:21Z,ce8f0d5d-2f0f-0c66-6a64-518b1e209f13,ce8f0d5d-2f0f-0c66-ea40-05b3e129205d,laboratory,6299-2,Urea nitrogen [Mass/volume] in Blood,16.8,mg/dL,numeric
2020-03-22T21:47:21Z,ce8f0d5d-2f0f-0c66-6a64-518b1e209f13,ce8f0d5d-2f0f-0c66-ea40-05b3e129205d,laboratory,38483-4,Creatinine [Mass/volume] in Blood,1.2,mg/dL,numeric
2020-03-22T21:47:21Z,ce8f0d5d-2f0f-0c66-6a64-518b1e209f13,ce8f0d5d-2f0f-0c66-ea40-05b3e129205d,laboratory,49765-1,Calcium [Mass/volume] in Blood,10.0,mg/dL,numeric
2020-03-22T21:47:21Z,ce8f0d5d-2f0f-0c66-6a64-518b1e209f13,ce8f0d5d-2f0f-0c66-ea40-05b3e129205d,laboratory,2947-0,Sodium [Moles/volume] in Blood,140.7,mmol/L,numeric
2020-03-22T21:47:21Z,ce8f0d5d-2f0f-0c66-6a64-518b1e209f13,ce8f0d5d-2f0f-0c66-ea40-05b3e129205d,laboratory,6298-4,Potassium [Moles/volume] in Blood,4.7,mmol/L,numeric
2020-03-22T21:47:21Z,ce8f0d5d-2f0f-0c66-6a64-518b1e209f13,ce8f0d5d-2f0f-0c66-ea40-05b3e129205d,laboratory,2069-3,Chloride [Moles/volume] in Blood,102.8,mmol/L,numeric
2020-03-22T21:47:21Z,ce8f0d5d-2f0f-0c66-6a64-518b1e209f13,ce8f0d5d-2f0f-0c66-ea40-05b3e129205d,laboratory,20565-8,Carbon dioxide  total [Moles/volume] in Blood,20.9,mmol/L,numeric
2020-03-22T21:47:21Z,ce8f0d5d-2f0f-0c66-6a64-518b1e209f13,ce8f0d5d-2f0f-0c66-ea40-05b3e129205d,social-history,72166-2,Tobacco smoking status,Never smoked tobacco (finding),,text
2020-03-22T22:23:10Z,ce8f0d5d-2f0f-0c66-6a64-518b1e209f13,ce8f0d5d-2f0f-0c66-ea40-05b3e129205d,survey,76501-6,Within the last year  have you been afraid of your partner or ex-partner,No,,text
2020-03-22T22:23:10Z,ce8f0d5d-2f0f-0c66-6a64-518b1e209f13,ce8f0d5d-2f0f-0c66-ea40-05b3e129205d,survey,93026-3,Do you feel physically and emotionally safe where you currently live [PRAPARE],Yes,,text
2020-03-22T22:23:10Z,ce8f0d5d-2f0f-0c66-6a64-518b1e209f13,ce8f0d5d-2f0f-0c66-ea40-05b3e129205d,survey,93027-1,Are you a refugee,No,,text
2020-03-22T22:23:10Z,ce8f0d5d-2f0f-0c66-6a64-518b1e209f13,ce8f0d5d-2f0f-0c66-ea40-05b3e129205d,survey,93028-9,Have you spent more than 2 nights in a row in a jail  prison  detention center  or juvenile correctional facility in past 1 year [PRAPARE],No,,text
2020-03-22T22:23:10Z,ce8f0d5d-2f0f-0c66-6a64-518b1e209f13,ce8f0d5d-2f0f-0c66-ea40-05b3e129205d,survey,93038-8,Stress level,Not at all,,text
2020-03-22T22:23:10Z,ce8f0d5d-2f0f-0c66-6a64-518b1e209f13,ce8f0d5d-2f0f-0c66-ea40-05b3e129205d,survey,93029-7,How often do you see or talk to people that you care about and feel close to [PRAPARE],3 to 5 times a week,,text
2020-03-22T22:23:10Z,ce8f0d5d-2f0f-0c66-6a64-518b1e209f13,ce8f0d5d-2f0f-0c66-ea40-05b3e129205d,survey,93030-5,Has lack of transportation kept you from medical appointments  meetings  work  or from getting things needed for daily living,No,,text
2020-03-22T22:23:10Z,ce8f0d5d-2f0f-0c66-6a64-518b1e209f13,ce8f0d5d-2f0f-0c66-ea40-05b3e129205d,survey,93031-3,Have you or any family members you live with been unable to get any of the following when it was really needed in past 1 year [PRAPARE],Utilities,,text
2020-03-22T22:23:10Z,ce8f0d5d-2f0f-0c66-6a64-518b1e209f13,ce8f0d5d-2f0f-0c66-ea40-05b3e129205d,survey,63586-2,What was your best estimate of the total income of all family members from all sources  before taxes  in last year [PhenX],776519,/a,text
2020-03-22T22:23:10Z,ce8f0d5d-2f0f-0c66-6a64-518b1e209f13,ce8f0d5d-2f0f-0c66-ea40-05b3e129205d,survey,76437-3,Primary insurance,Private insurance,,text
2020-03-22T22:23:10Z,ce8f0d5d-2f0f-0c66-6a64-518b1e209f13,ce8f0d5d-2f0f-0c66-ea40-05b3e129205d,survey,67875-5,Employment status - current,Full-time work,,text
2020-03-22T22:23:10Z,ce8f0d5d-2f0f-0c66-6a64-518b1e209f13,ce8f0d5d-2f0f-0c66-ea40-05b3e129205d,survey,82589-3,Highest level of education,High school diploma or GED,,text
2020-03-22T22:23:10Z,ce8f0d5d-2f0f-0c66-6a64-518b1e209f13,ce8f0d5d-2f0f-0c66-ea40-05b3e129205d,survey,56799-0,Address,1040 Champlin Union,,text
2020-03-22T22:23:10Z,ce8f0d5d-2f0f-0c66-6a64-518b1e209f13,ce8f0d5d-2f0f-0c66-ea40-05b3e129205d,survey,93033-9,Are you worried about losing your housing [PRAPARE],No,,text
2020-03-22T22:23:10Z,ce8f0d5d-2f0f-0c66-6a64-518b1e209f13,ce8f0d5d-2f0f-0c66-ea40-05b3e129205d,survey,71802-3,Housing status,I have housing,,text
2020-03-22T22:23:10Z,ce8f0d5d-2f0f-0c66-6a64-518b1e209f13,ce8f0d5d-2f0f-0c66-ea40-05b3e129205d,survey,63512-8,How many people are living or staying at this address [#],6.0,{#},numeric
2020-03-22T22:23:10Z,ce8f0d5d-2f0f-0c66-6a64-518b1e209f13,ce8f0d5d-2f0f-0c66-ea40-05b3e129205d,survey,54899-0,Preferred language,,,text
2020-03-22T22:23:10Z,ce8f0d5d-2f0f-0c66-6a64-518b1e209f13,ce8f0d5d-2f0f-0c66-ea40-05b3e129205d,survey,93034-7,Discharged from the U.S. Armed Forces,No,,text
2020-03-22T22:23:10Z,ce8f0d5d-2f0f-0c66-6a64-518b1e209f13,ce8f0d5d-2f0f-0c66-ea40-05b3e129205d,survey,93035-4,Has season or migrant farm work been your or your family's main source of income at any point in past 2 years [PRAPARE],No,,text
2020-03-22T22:23:10Z,ce8f0d5d-2f0f-0c66-6a64-518b1e209f13,ce8f0d5d-2f0f-0c66-ea40-05b3e129205d,survey,32624-9,Race,White,,text
2020-03-22T22:23:10Z,ce8f0d5d-2f0f-0c66-6a64-518b1e209f13,ce8f0d5d-2f0f-0c66-ea40-05b3e129205d,survey,56051-6,Hispanic or Latino,No,,text
2020-03-22T22:50:51Z,ce8f0d5d-2f0f-0c66-6a64-518b1e209f13,ce8f0d5d-2f0f-0c66-ea40-05b3e129205d,survey,70274-6,Generalized anxiety disorder 7 item (GAD-7) total score [Reported.PHQ],7.0,{score},numeric
2020-03-22T23:21:50Z,ce8f0d5d-2f0f-0c66-6a64-518b1e209f13,ce8f0d5d-2f0f-0c66-ea40-05b3e129205d,survey,76504-0,Total score [HARK],0.0,{score},numeric
2020-03-22T23:59:43Z,ce8f0d5d-2f0f-0c66-6a64-518b1e209f13,ce8f0d5d-2f0f-0c66-ea40-05b3e129205d,survey,55758-7,Patient Health Questionnaire 2 item (PHQ-2) total score [Reported],2.0,{score},numeric
2022-03-27T21:47:21Z,ce8f0d5d-2f0f-0c66-6a64-518b1e209f13,ce8f0d5d-2f0f-0c66-d7a5-ce903774f883,laboratory,4548-4,Hemoglobin A1c/Hemoglobin.total in Blood,5.8,%,numeric
2022-03-27T21:47:21Z,ce8f0d5d-2f0f-0c66-6a64-518b1e209f13,ce8f0d5d-2f0f-0c66-d7a5-ce903774f883,vital-signs,8302-2,Body Height,172.0,cm,numeric
2022-03-27T21:47:21Z,ce8f0d5d-2f0f-0c66-6a64-518b1e209f13,ce8f0d5d-2f0f-0c66-d7a5-ce903774f883,vital-signs,72514-3,Pain severity - 0-10 verbal numeric rating [Score] - Reported,0.0,{score},numeric
2022-03-27T21:47:21Z,ce8f0d5d-2f0f-0c66-6a64-518b1e209f13,ce8f0d5d-2f0f-0c66-d7a5-ce903774f883,vital-signs,29463-7,Body Weight,83.6,kg,numeric
2022-03-27T21:47:21Z,ce8f0d5d-2f0f-0c66-6a64-518b1e209f13,ce8f0d5d-2f0f-0c66-d7a5-ce903774f883,vital-signs,39156-5,Body mass index (BMI) [Ratio],28.2,kg/m2,numeric
2022-03-27T21:47:21Z,ce8f0d5d-2f0f-0c66-6a64-518b1e209f13,ce8f0d5d-2f0f-0c66-d7a5-ce903774f883,vital-signs,8462-4,Diastolic Blood Pressure,72.0,mm[Hg],numeric
2022-03-27T21:47:21Z,ce8f0d5d-2f0f-0c66-6a64-518b1e209f13,ce8f0d5d-2f0f-0c66-d7a5-ce903774f883,vital-signs,8480-6,Systolic Blood Pressure,131.0,mm[Hg],numeric
2022-03-27T21:47:21Z,ce8f0d5d-2f0f-0c66-6a64-518b1e209f13,ce8f0d5d-2f0f-0c66-d7a5-ce903774f883,vital-signs,8867-4,Heart rate,71.0,/min,numeric
2022-03-27T21:47:21Z,ce8f0d5d-2f0f-0c66-6a64-518b1e209f13,ce8f0d5d-2f0f-0c66-d7a5-ce903774f883,vital-signs,9279-1,Respiratory rate,13.0,/min,numeric
2022-03-27T21:47:21Z,ce8f0d5d-2f0f-0c66-6a64-518b1e209f13,ce8f0d5d-2f0f-0c66-d7a5-ce903774f883,laboratory,2339-0,Glucose [Mass/volume] in Blood,72.1,mg/dL,numeric
2022-03-27T21:47:21Z,ce8f0d5d-2f0f-0c66-6a64-518b1e209f13,ce8f0d5d-2f0f-0c66-d7a5-ce903774f883,laboratory,6299-2,Urea nitrogen [Mass/volume] in Blood,11.1,mg/dL,numeric
2022-03-27T21:47:21Z,ce8f0d5d-2f0f-0c66-6a64-518b1e209f13,ce8f0d5d-2f0f-0c66-d7a5-ce903774f883,laboratory,38483-4,Creatinine [Mass/volume] in Blood,1.1,mg/dL,numeric
2022-03-27T21:47:21Z,ce8f0d5d-2f0f-0c66-6a64-518b1e209f13,ce8f0d5d-2f0f-0c66-d7a5-ce903774f883,laboratory,49765-1,Calcium [Mass/volume] in Blood,9.4,mg/dL,numeric
2022-03-27T21:47:21Z,ce8f0d5d-2f0f-0c66-6a64-518b1e209f13,ce8f0d5d-2f0f-0c66-d7a5-ce903774f883,laboratory,2947-0,Sodium [Moles/volume] in Blood,141.1,mmol/L,numeric
2022-03-27T21:47:21Z,ce8f0d5d-2f0f-0c66-6a64-518b1e209f13,ce8f0d5d-2f0f-0c66-d7a5-ce903774f883,laboratory,6298-4,Potassium [Moles/volume] in Blood,5.1,mmol/L,numeric
2022-03-27T21:47:21Z,ce8f0d5d-2f0f-0c66-6a64-518b1e209f13,ce8f0d5d-2f0f-0c66-d7a5-ce903774f883,laboratory,2069-3,Chloride [Moles/volume] in Blood,107.8,mmol/L,numeric
2022-03-27T21:47:21Z,ce8f0d5d-2f0f-0c66-6a64-518b1e209f13,ce8f0d5d-2f0f-0c66-d7a5-ce903774f883,laboratory,20565-8,Carbon dioxide  total [Moles/volume] in Blood,25.4,mmol/L,numeric
2022-03-27T21:47:21Z,ce8f0d5d-2f0f-0c66-6a64-518b1e209f13,ce8f0d5d-2f0f-0c66-d7a5-ce903774f883,laboratory,2093-3,Cholesterol [Mass/volume] in Serum or Plasma,208.8,mg/dL,numeric
2022-03-27T21:47:21Z,ce8f0d5d-2f0f-0c66-6a64-518b1e209f13,ce8f0d5d-2f0f-0c66-d7a5-ce903774f883,laboratory,2571-8,Triglyceride [Mass/volume] in Serum or Plasma,128.2,mg/dL,numeric
2022-03-27T21:47:21Z,ce8f0d5d-2f0f-0c66-6a64-518b1e209f13,ce8f0d5d-2f0f-0c66-d7a5-ce903774f883,laboratory,18262-6,Cholesterol in LDL [Mass/volume] in Serum or Plasma by Direct assay,,mg/dL,numeric
2022-03-27T21:47:21Z,ce8f0d5d-2f0f-0c66-6a64-518b1e209f13,ce8f0d5d-2f0f-0c66-d7a5-ce903774f883,laboratory,2085-9,Cholesterol in HDL [Mass/volume] in Serum or Plasma,55.2,mg/dL,numeric
2022-03-27T21:47:21Z,ce8f0d5d-2f0f-0c66-6a64-518b1e209f13,ce8f0d5d-2f0f-0c66-d7a5-ce903774f883,laboratory,6690-2,Leukocytes [#/volume] in Blood by Automated count,7.3,10*3/uL,numeric
2022-03-27T21:47:21Z,ce8f0d5d-2f0f-0c66-6a64-518b1e209f13,ce8f0d5d-2f0f-0c66-d7a5-ce903774f883,laboratory,789-8,Erythrocytes [#/volume] in Blood by Automated count,4.8,10*6/uL,numeric
2022-03-27T21:47:21Z,ce8f0d5d-2f0f-0c66-6a64-518b1e209f13,ce8f0d5d-2f0f-0c66-d7a5-ce903774f883,laboratory,718-7,Hemoglobin [Mass/volume] in Blood,15.0,g/dL,numeric
2022-03-27T21:47:21Z,ce8f0d5d-2f0f-0c66-6a64-518b1e209f13,ce8f0d5d-2f0f-0c66-d7a5-ce903774f883,laboratory,4544-3,Hematocrit [Volume Fraction] of Blood by Automated count,45.2,%,numeric
2022-03-27T21:47:21Z,ce8f0d5d-2f0f-0c66-6a64-518b1e209f13,ce8f0d5d-2f0f-0c66-d7a5-ce903774f883,laboratory,787-2,MCV [Entitic mean volume] in Red Blood Cells by Automated count,92.6,fL,numeric
2022-03-27T21:47:21Z,ce8f0d5d-2f0f-0c66-6a64-518b1e209f13,ce8f0d5d-2f0f-0c66-d7a5-ce903774f883,laboratory,785-6,MCH [Entitic mass] by Automated count,30.9,pg,numeric
2022-03-27T21:47:21Z,ce8f0d5d-2f0f-0c66-6a64-518b1e209f13,ce8f0d5d-2f0f-0c66-d7a5-ce903774f883,laboratory,786-4,MCHC [Entitic Mass/volume] in Red Blood Cells by Automated count,36.0,g/dL,numeric
2022-03-27T21:47:21Z,ce8f0d5d-2f0f-0c66-6a64-518b1e209f13,ce8f0d5d-2f0f-0c66-d7a5-ce903774f883,laboratory,788-0,Erythrocyte [DistWidth] in Blood by Automated count,39.0,,numeric
2022-03-27T21:47:21Z,ce8f0d5d-2f0f-0c66-6a64-518b1e209f13,ce8f0d5d-2f0f-0c66-d7a5-ce903774f883,laboratory,777-3,Platelets [#/volume] in Blood by Automated count,348.9,10*3/uL,numeric
2022-03-27T21:47:21Z,ce8f0d5d-2f0f-0c66-6a64-518b1e209f13,ce8f0d5d-2f0f-0c66-d7a5-ce903774f883,laboratory,32207-3,Platelet distribution width [Entitic volume] in Blood by Automated count,309.3,fL,numeric
2022-03-27T21:47:21Z,ce8f0d5d-2f0f-0c66-6a64-518b1e209f13,ce8f0d5d-2f0f-0c66-d7a5-ce903774f883,laboratory,32623-1,Platelet [Entitic mean volume] in Blood by Automated count,12.1,fL,numeric
2022-03-27T21:47:21Z,ce8f0d5d-2f0f-0c66-6a64-518b1e209f13,ce8f0d5d-2f0f-0c66-d7a5-ce903774f883,social-history,72166-2,Tobacco smoking status,Never smoked tobacco (finding),,text
2022-03-27T22:37:14Z,ce8f0d5d-2f0f-0c66-6a64-518b1e209f13,ce8f0d5d-2f0f-0c66-d7a5-ce903774f883,survey,76501-6,Within the last year  have you been afraid of your partner or ex-partner,No,,text
2022-03-27T22:37:14Z,ce8f0d5d-2f0f-0c66-6a64-518b1e209f13,ce8f0d5d-2f0f-0c66-d7a5-ce903774f883,survey,93026-3,Do you feel physically and emotionally safe where you currently live [PRAPARE],Yes,,text
2022-03-27T22:37:14Z,ce8f0d5d-2f0f-0c66-6a64-518b1e209f13,ce8f0d5d-2f0f-0c66-d7a5-ce903774f883,survey,93027-1,Are you a refugee,No,,text
2022-03-27T22:37:14Z,ce8f0d5d-2f0f-0c66-6a64-518b1e209f13,ce8f0d5d-2f0f-0c66-d7a5-ce903774f883,survey,93028-9,Have you spent more than 2 nights in a row in a jail  prison  detention center  or juvenile correctional facility in past 1 year [PRAPARE],No,,text
2022-03-27T22:37:14Z,ce8f0d5d-2f0f-0c66-6a64-518b1e209f13,ce8f0d5d-2f0f-0c66-d7a5-ce903774f883,survey,93038-8,Stress level,A little bit,,text
2022-03-27T22:37:14Z,ce8f0d5d-2f0f-0c66-6a64-518b1e209f13,ce8f0d5d-2f0f-0c66-d7a5-ce903774f883,survey,93029-7,How often do you see or talk to people that you care about and feel close to [PRAPARE],5 or more times a week,,text
2022-03-27T22:37:14Z,ce8f0d5d-2f0f-0c66-6a64-518b1e209f13,ce8f0d5d-2f0f-0c66-d7a5-ce903774f883,survey,93030-5,Has lack of transportation kept you from medical appointments  meetings  work  or from getting things needed for daily living,No,,text
2022-03-27T22:37:14Z,ce8f0d5d-2f0f-0c66-6a64-518b1e209f13,ce8f0d5d-2f0f-0c66-d7a5-ce903774f883,survey,93031-3,Have you or any family members you live with been unable to get any of the following when it was really needed in past 1 year [PRAPARE],I choose not to answer this question,,text
2022-03-27T22:37:14Z,ce8f0d5d-2f0f-0c66-6a64-518b1e209f13,ce8f0d5d-2f0f-0c66-d7a5-ce903774f883,survey,63586-2,What was your best estimate of the total income of all family members from all sources  before taxes  in last year [PhenX],776519,/a,text
2022-03-27T22:37:14Z,ce8f0d5d-2f0f-0c66-6a64-518b1e209f13,ce8f0d5d-2f0f-0c66-d7a5-ce903774f883,survey,76437-3,Primary insurance,Private insurance,,text
2022-03-27T22:37:14Z,ce8f0d5d-2f0f-0c66-6a64-518b1e209f13,ce8f0d5d-2f0f-0c66-d7a5-ce903774f883,survey,67875-5,Employment status - current,Full-time work,,text
2022-03-27T22:37:14Z,ce8f0d5d-2f0f-0c66-6a64-518b1e209f13,ce8f0d5d-2f0f-0c66-d7a5-ce903774f883,survey,82589-3,Highest level of education,High school diploma or GED,,text
2022-03-27T22:37:14Z,ce8f0d5d-2f0f-0c66-6a64-518b1e209f13,ce8f0d5d-2f0f-0c66-d7a5-ce903774f883,survey,56799-0,Address,,,text
2022-03-27T22:37:14Z,ce8f0d5d-2f0f-0c66-6a64-518b1e209f13,ce8f0d5d-2f0f-0c66-d7a5-ce903774f883,survey,93033-9,Are you worried about losing your housing [PRAPARE],No,,text
2022-03-27T22:37:14Z,ce8f0d5d-2f0f-0c66-6a64-518b1e209f13,ce8f0d5d-2f0f-0c66-d7a5-ce903774f883,survey,71802-3,Housing status,I have housing,,text
2022-03-27T22:37:14Z,ce8f0d5d-2f0f-0c66-6a64-518b1e209f13,ce8f0d5d-2f0f-0c66-d7a5-ce903774f883,survey,63512-8,How many people are living or staying at this address [#],6.0,{#},numeric
2022-03-27T22:37:14Z,ce8f0d5d-2f0f-0c66-6a64-518b1e209f13,ce8f0d5d-2f0f-0c66-d7a5-ce903774f883,survey,54899-0,Preferred language,English,,text
2022-03-27T22:37:14Z,ce8f0d5d-2f0f-0c66-6a64-518b1e209f13,ce8f0d5d-2f0f-0c66-d7a5-ce903774f883,survey,93034-7,Discharged from the U.S. Armed Forces,No,,text
2022-03-27T22:37:14Z,ce8f0d5d-2f0f-0c66-6a64-518b1e209f13,ce8f0d5d-2f0f-0c66-d7a5-ce903774f883,survey,93035-4,Has season or migrant farm work been your or your family's main source of income at any point in past 2 years [PRAPARE],No,,text
2022-03-27T22:37:14Z,ce8f0d5d-2f0f-0c66-6a64-518b1e209f13,ce8f0d5d-2f0f-0c66-d7a5-ce903774f883,survey,32624-9,Race,White,,text
2022-03-27T22:37:14Z,ce8f0d5d-2f0f-0c66-6a64-518b1e209f13,ce8f0d5d-2f0f-0c66-d7a5-ce903774f883,survey,56051-6,Hispanic or Latino,No,,text
2022-03-27T23:08:16Z,ce8f0d5d-2f0f-0c66-6a64-518b1e209f13,ce8f0d5d-2f0f-0c66-d7a5-ce903774f883,survey,76504-0,Total score [HARK],0.0,{score},numeric
2022-03-27T23:42:57Z,ce8f0d5d-2f0f-0c66-6a64-518b1e209f13,ce8f0d5d-2f0f-0c66-d7a5-ce903774f883,survey,55758-7,Patient Health Questionnaire 2 item (PHQ-2) total score [Reported],2.0,{score},numeric
2024-03-31T21:47:21Z,ce8f0d5d-2f0f-0c66-6a64-518b1e209f13,ce8f0d5d-2f0f-0c66-78c0-280276b79799,laboratory,4548-4,Hemoglobin A1c/Hemoglobin.total in Blood,6.0,%,numeric
2024-03-31T21:47:21Z,ce8f0d5d-2f0f-0c66-6a64-518b1e209f13,ce8f0d5d-2f0f-0c66-78c0-280276b79799,vital-signs,8302-2,Body Height,172.0,cm,numeric
2024-03-31T21:47:21Z,ce8f0d5d-2f0f-0c66-6a64-518b1e209f13,ce8f0d5d-2f0f-0c66-78c0-280276b79799,vital-signs,72514-3,Pain severity - 0-10 verbal numeric rating [Score] - Reported,1.0,{score},numeric
2024-03-31T21:47:21Z,ce8f0d5d-2f0f-0c66-6a64-518b1e209f13,ce8f0d5d-2f0f-0c66-78c0-280276b79799,vital-signs,29463-7,Body Weight,85.8,kg,numeric
2024-03-31T21:47:21Z,ce8f0d5d-2f0f-0c66-6a64-518b1e209f13,ce8f0d5d-2f0f-0c66-78c0-280276b79799,vital-signs,39156-5,Body mass index (BMI) [Ratio],29.0,kg/m2,numeric
2024-03-31T21:47:21Z,ce8f0d5d-2f0f-0c66-6a64-518b1e209f13,ce8f0d5d-2f0f-0c66-78c0-280276b79799,vital-signs,8462-4,Diastolic Blood Pressure,73.0,mm[Hg],numeric
2024-03-31T21:47:21Z,ce8f0d5d-2f0f-0c66-6a64-518b1e209f13,ce8f0d5d-2f0f-0c66-78c0-280276b79799,vital-signs,8480-6,Systolic Blood Pressure,,mm[Hg],numeric
2024-03-31T21:47:21Z,ce8f0d5d-2f0f-0c66-6a64-518b1e209f13,ce8f0d5d-2f0f-0c66-78c0-280276b79799,vital-signs,8867-4,Heart rate,65.0,/min,numeric
2024-03-31T21:47:21Z,ce8f0d5d-2f0f-0c66-6a64-518b1e209f13,ce8f0d5d-2f0f-0c66-78c0-280276b79799,vital-signs,9279-1,Respiratory rate,16.0,/min,numeric
2024-03-31T21:47:21Z,ce8f0d5d-2f0f-0c66-6a64-518b1e209f13,ce8f0d5d-2f0f-0c66-78c0-280276b79799,laboratory,2339-0,Glucose [Mass/volume] in Blood,82.9,mg/dL,numeric
2024-03-31T21:47:21Z,ce8f0d5d-2f0f-0c66-6a64-518b1e209f13,ce8f0d5d-2f0f-0c66-78c0-280276b79799,laboratory,6299-2,Urea nitrogen [Mass/volume] in Blood,10.3,mg/dL,numeric
2024-03-31T21:47:21Z,ce8f0d5d-2f0f-0c66-6a64-518b1e209f13,ce8f0d5d-2f0f-0c66-78c0-280276b79799,laboratory,38483-4,Creatinine [Mass/volume] in Blood,1.1,mg/dL,numeric
2024-03-31T21:47:21Z,ce8f0d5d-2f0f-0c66-6a64-518b1e209f13,ce8f0d5d-2f0f-0c66-78c0-280276b79799,laboratory,49765-1,Calcium [Mass/volume] in Blood,,mg/dL,numeric
2024-03-31T21:47:21Z,ce8f0d5d-2f0f-0c66-6a64-518b1e209f13,ce8f0d5d-2f0f-0c66-78c0-280276b79799,laboratory,2947-0,Sodium [Moles/volume] in Blood,137.8,mmol/L,numeric
2024-03-31T21:47:21Z,ce8f0d5d-2f0f-0c66-6a64-518b1e209f13,ce8f0d5d-2f0f-0c66-78c0-280276b79799,laboratory,6298-4,Potassium [Moles/volume] in Blood,4.6,mmol/L,numeric
2024-03-31T21:47:21Z,ce8f0d5d-2f0f-0c66-6a64-518b1e209f13,ce8f0d5d-2f0f-0c66-78c0-280276b79799,laboratory,2069-3,Chloride [Moles/volume] in Blood,105.1,mmol/L,numeric
2024-03-31T21:47:21Z,ce8f0d5d-2f0f-0c66-6a64-518b1e209f13,ce8f0d5d-2f0f-0c66-78c0-280276b79799,laboratory,20565-8,Carbon dioxide  total [Moles/volume] in Blood,21.6,mmol/L,numeric
2024-03-31T21:47:21Z,ce8f0d5d-2f0f-0c66-6a64-518b1e209f13,ce8f0d5d-2f0f-0c66-78c0-280276b79799,social-history,72166-2,Tobacco smoking status,Never smoked tobacco (finding),,text
2024-03-31T22:39:44Z,ce8f0d5d-2f0f-0c66-6a64-518b1e209f13,ce8f0d5d-2f0f-0c66-78c0-280276b79799,survey,76501-6,Within the last year  have you been afraid of your partner or ex-partner,No,,text
2024-03-31T22:39:44Z,ce8f0d5d-2f0f-0c66-6a64-518b1e209f13,ce8f0d5d-2f0f-0c66-78c0-280276b79799,survey,93026-3,Do you feel physically and emotionally safe where you currently live [PRAPARE],Yes,,text
2024-03-31T22:39:44Z,ce8f0d5d-2f0f-0c66-6a64-518b1e209f13,ce8f0d5d-2f0f-0c66-78c0-280276b79799,survey,93027-1,Are you a refugee,No,,text
2024-03-31T22:39:44Z,ce8f0d5d-2f0f-0c66-6a64-518b1e209f13,ce8f0d5d-2f0f-0c66-78c0-280276b79799,survey,93028-9,Have you spent more than 2 nights in a row in a jail  prison  detention center  or juvenile correctional facility in past 1 year [PRAPARE],No,,text
2024-03-31T22:39:44Z,ce8f0d5d-2f0f-0c66-6a64-518b1e209f13,ce8f0d5d-2f0f-0c66-78c0-280276b79799,survey,93038-8,Stress level,Not at all,,text
2024-03-31T22:39:44Z,ce8f0d5d-2f0f-0c66-6a64-518b1e209f13,ce8f0d5d-2f0f-0c66-78c0-280276b79799,survey,93029-7,How often do you see or talk to people that you care about and feel close to [PRAPARE],3 to 5 times a week,,text
2024-03-31T22:39:44Z,ce8f0d5d-2f0f-0c66-6a64-518b1e209f13,ce8f0d5d-2f0f-0c66-78c0-280276b79799,survey,93030-5,Has lack of transportation kept you from medical appointments  meetings  work  or from getting things needed for daily living,No,,text
2024-03-31T22:39:44Z,ce8f0d5d-2f0f-0c66-6a64-518b1e209f13,ce8f0d5d-2f0f-0c66-78c0-280276b79799,survey,93031-3,Have you or any family members you live with been unable to get any of the following when it was really needed in past 1 year [PRAPARE],I choose not to answer this question,,text
2024-03-31T22:39:44Z,ce8f0d5d-2f0f-0c66-6a64-518b1e209f13,ce8f0d5d-2f0f-0c66-78c0-280276b79799,survey,63586-2,What was your best estimate of the total income of all family members from all sources  before taxes  in last year [PhenX],776519,/a,text
2024-03-31T22:39:44Z,ce8f0d5d-2f0f-0c66-6a64-518b1e209f13,ce8f0d5d-2f0f-0c66-78c0-280276b79799,survey,76437-3,Primary insurance,Private insurance,,text
2024-03-31T22:39:44Z,ce8f0d5d-2f0f-0c66-6a64-518b1e209f13,ce8f0d5d-2f0f-0c66-78c0-280276b79799,survey,67875-5,Employment status - current,Part-time or temporary work,,text
2024-03-31T22:39:44Z,ce8f0d5d-2f0f-0c66-6a64-518b1e209f13,ce8f0d5d-2f0f-0c66-78c0-280276b79799,survey,82589-3,Highest level of education,High school diploma or GED,,text
2024-03-31T22:39:44Z,ce8f0d5d-2f0f-0c66-6a64-518b1e209f13,ce8f0d5d-2f0f-0c66-78c0-280276b79799,survey,56799-0,Address,1040 Champlin Union,,text
2024-03-31T22:39:44Z,ce8f0d5d-2f0f-0c66-6a64-518b1e209f13,ce8f0d5d-2f0f-0c66-78c0-280276b79799,survey,93033-9,Are you worried about losing your housing [PRAPARE],No,,text
2024-03-31T22:39:44Z,ce8f0d5d-2f0f-0c66-6a64-518b1e209f13,ce8f0d5d-2f0f-0c66-78c0-280276b79799,survey,71802-3,Housing status,I have housing,,text
2024-03-31T22:39:44Z,ce8f0d5d-2f0f-0c66-6a64-518b1e209f13,ce8f0d5d-2f0f-0c66-78c0-280276b79799,survey,63512-8,How many people are living or staying at this address [#],6.0,{#},numeric
2024-03-31T22:39:44Z,ce8f0d5d-2f0f-0c66-6a64-518b1e209f13,ce8f0d5d-2f0f-0c66-78c0-280276b79799,survey,54899-0,Preferred language,English,,text
2024-03-31T22:39:44Z,ce8f0d5d-2f0f-0c66-6a64-518b1e209f13,ce8f0d5d-2f0f-0c66-78c0-280276b79799,survey,93034-7,Discharged from the U.S. Armed Forces,No,,text
2024-03-31T22:39:44Z,ce8f0d5d-2f0f-0c66-6a64-518b1e209f13,ce8f0d5d-2f0f-0c66-78c0-280276b79799,survey,93035-4,Has season or migrant farm work been your or your family's main source of income at any point in past 2 years [PRAPARE],No,,text
2024-03-31T22:39:44Z,ce8f0d5d-2f0f-0c66-6a64-518b1e209f13,ce8f0d5d-2f0f-0c66-78c0-280276b79799,survey,32624-9,Race,White,,text
2024-03-31T22:39:44Z,ce8f0d5d-2f0f-0c66-6a64-518b1e209f13,ce8f0d5d-2f0f-0c66-78c0-280276b79799,survey,56051-6,Hispanic or Latino,No,,text
2024-03-31T23:02:34Z,ce8f0d5d-2f0f-0c66-6a64-518b1e209f13,ce8f0d5d-2f0f-0c66-78c0-280276b79799,survey,70274-6,Generalized anxiety disorder 7 item (GAD-7) total score [Reported.PHQ],3.0,{score},numeric
2024-03-31T23:41:01Z,ce8f0d5d-2f0f-0c66-6a64-518b1e209f13,ce8f0d5d-2f0f-0c66-78c0-280276b79799,survey,55758-7,Patient Health Questionnaire 2 item (PHQ-2) total score [Reported],0.0,{score},numeric
2024-04-01T00:21:56Z,ce8f0d5d-2f0f-0c66-6a64-518b1e209f13,ce8f0d5d-2f0f-0c66-78c0-280276b79799,survey,82667-7,Total score [DAST-10],1.0,{score},numeric
2026-03-08T21:47:21Z,ce8f0d5d-2f0f-0c66-6a64-518b1e209f13,ce8f0d5d-2f0f-0c66-b288-d7f35204a814,laboratory,4548-4,Hemoglobin A1c/Hemoglobin.total in Blood,6.1,%,numeric
2026-03-08T21:47:21Z,ce8f0d5d-2f0f-0c66-6a64-518b1e209f13,ce8f0d5d-2f0f-0c66-b288-d7f35204a814,vital-signs,8302-2,Body Height,172.0,cm,numeric
2026-03-08T21:47:21Z,ce8f0d5d-2f0f-0c66-6a64-518b1e209f13,ce8f0d5d-2f0f-0c66-b288-d7f35204a814,vital-signs,72514-3,Pain severity - 0-10 verbal numeric rating [Score] - Reported,3.0,{score},numeric
2026-03-08T21:47:21Z,ce8f0d5d-2f0f-0c66-6a64-518b1e209f13,ce8f0d5d-2f0f-0c66-b288-d7f35204a814,vital-signs,29463-7,Body Weight,88.9,kg,numeric
2026-03-08T21:47:21Z,ce8f0d5d-2f0f-0c66-6a64-518b1e209f13,ce8f0d5d-2f0f-0c66-b288-d7f35204a814,vital-signs,39156-5,Body mass index (BMI) [Ratio],30.1,kg/m2,numeric
2026-03-08T21:47:21Z,ce8f0d5d-2f0f-0c66-6a64-518b1e209f13,ce8f0d5d-2f0f-0c66-b288-d7f35204a814,vital-signs,8462-4,Diastolic Blood Pressure,68.0,mm[Hg],numeric
2026-03-08T21:47:21Z,ce8f0d5d-2f0f-0c66-6a64-518b1e209f13,ce8f0d5d-2f0f-0c66-b288-d7f35204a814,vital-signs,8480-6,Systolic Blood Pressure,129.0,mm[Hg],numeric
2026-03-08T21:47:21Z,ce8f0d5d-2f0f-0c66-6a64-518b1e209f13,ce8f0d5d-2f0f-0c66-b288-d7f35204a814,vital-signs,8867-4,Heart rate,66.0,/min,numeric
2026-03-08T21:47:21Z,ce8f0d5d-2f0f-0c66-6a64-518b1e209f13,ce8f0d5d-2f0f-0c66-b288-d7f35204a814,vital-signs,9279-1,Respiratory rate,14.0,/min,numeric
2026-03-08T21:47:21Z,ce8f0d5d-2f0f-0c66-6a64-518b1e209f13,ce8f0d5d-2f0f-0c66-b288-d7f35204a814,laboratory,2339-0,Glucose [Mass/volume] in Blood,67.3,mg/dL,numeric
2026-03-08T21:47:21Z,ce8f0d5d-2f0f-0c66-6a64-518b1e209f13,ce8f0d5d-2f0f-0c66-b288-d7f35204a814,laboratory,6299-2,Urea nitrogen [Mass/volume] in Blood,8.9,mg/dL,numeric
2026-03-08T21:47:21Z,ce8f0d5d-2f0f-0c66-6a64-518b1e209f13,ce8f0d5d-2f0f-0c66-b288-d7f35204a814,laboratory,38483-4,Creatinine [Mass/volume] in Blood,1.1,mg/dL,numeric
2026-03-08T21:47:21Z,ce8f0d5d-2f0f-0c66-6a64-518b1e209f13,ce8f0d5d-2f0f-0c66-b288-d7f35204a814,laboratory,49765-1,Calcium [Mass/volume] in Blood,9.3,mg/dL,numeric
2026-03-08T21:47:21Z,ce8f0d5d-2f0f-0c66-6a64-518b1e209f13,ce8f0d5d-2f0f-0c66-b288-d7f35204a814,laboratory,2947-0,Sodium [Moles/volume] in Blood,136.3,mmol/L,numeric
2026-03-08T21:47:21Z,ce8f0d5d-2f0f-0c66-6a64-518b1e209f13,ce8f0d5d-2f0f-0c66-b288-d7f35204a814,laboratory,6298-4,Potassium [Moles/volume] in Blood,4.5,mmol/L,numeric
2026-03-08T21:47:21Z,ce8f0d5d-2f0f-0c66-6a64-518b1e209f13,ce8f0d5d-2f0f-0c66-b288-d7f35204a814,laboratory,2069-3,Chloride [Moles/volume] in Blood,110.0,mmol/L,numeric
2026-03-08T21:47:21Z,ce8f0d5d-2f0f-0c66-6a64-518b1e209f13,ce8f0d5d-2f0f-0c66-b288-d7f35204a814,laboratory,20565-8,Carbon dioxide  total [Moles/volume] in Blood,22.9,mmol/L,numeric
2026-03-08T21:47:21Z,ce8f0d5d-2f0f-0c66-6a64-518b1e209f13,ce8f0d5d-2f0f-0c66-b288-d7f35204a814,laboratory,2093-3,Cholesterol [Mass/volume] in Serum or Plasma,194.7,mg/dL,numeric
2026-03-08T21:47:21Z,ce8f0d5d-2f0f-0c66-6a64-518b1e209f13,ce8f0d5d-2f0f-0c66-b288-d7f35204a814,laboratory,2571-8,Triglyceride [Mass/volume] in Serum or Plasma,120.2,mg/dL,numeric
2026-03-08T21:47:21Z,ce8f0d5d-2f0f-0c66-6a64-518b1e209f13,ce8f0d5d-2f0f-0c66-b288-d7f35204a814,laboratory,18262-6,Cholesterol in LDL [Mass/volume] in Serum or Plasma by Direct assay,116.2,mg/dL,numeric
2026-03-08T21:47:21Z,ce8f0d5d-2f0f-0c66-6a64-518b1e209f13,ce8f0d5d-2f0f-0c66-b288-d7f35204a814,laboratory,2085-9,Cholesterol in HDL [Mass/volume] in Serum or Plasma,54.4,mg/dL,numeric
2026-03-08T21:47:21Z,ce8f0d5d-2f0f-0c66-6a64-518b1e209f13,ce8f0d5d-2f0f-0c66-b288-d7f35204a814,social-history,72166-2,Tobacco smoking status,Never smoked tobacco (finding),,text
2026-03-08T22:30:03Z,ce8f0d5d-2f0f-0c66-6a64-518b1e209f13,ce8f0d5d-2f0f-0c66-b288-d7f35204a814,survey,76501-6,Within the last year  have you been afraid of your partner or ex-partner,No,,text
2026-03-08T22:30:03Z,ce8f0d5d-2f0f-0c66-6a64-518b1e209f13,ce8f0d5d-2f0f-0c66-b288-d7f35204a814,survey,93026-3,Do you feel physically and emotionally safe where you currently live [PRAPARE],Yes,,text
2026-03-08T22:30:03Z,ce8f0d5d-2f0f-0c66-6a64-518b1e209f13,ce8f0d5d-2f0f-0c66-b288-d7f35204a814,survey,93027-1,Are you a refugee,No,,text
2026-03-08T22:30:03Z,ce8f0d5d-2f0f-0c66-6a64-518b1e209f13,ce8f0d5d-2f0f-0c66-b288-d7f35204a814,survey,93028-9,Have you spent more than 2 nights in a row in a jail  prison  detention center  or juvenile correctional facility in past 1 year [PRAPARE],No,,text
2026-03-08T22:30:03Z,ce8f0d5d-2f0f-0c66-6a64-518b1e209f13,ce8f0d5d-2f0f-0c66-b288-d7f35204a814,survey,93038-8,Stress level,Not at all,,text
2026-03-08T22:30:03Z,ce8f0d5d-2f0f-0c66-6a64-518b1e209f13,ce8f0d5d-2f0f-0c66-b288-d7f35204a814,survey,93029-7,How often do you see or talk to people that you care about and feel close to [PRAPARE],5 or more times a week,,text
2026-03-08T22:30:03Z,ce8f0d5d-2f0f-0c66-6a64-518b1e209f13,ce8f0d5d-2f0f-0c66-b288-d7f35204a814,survey,93030-5,Has lack of transportation kept you from medical appointments  meetings  work  or from getting things needed for daily living,No,,text
2026-03-08T22:30:03Z,ce8f0d5d-2f0f-0c66-6a64-518b1e209f13,ce8f0d5d-2f0f-0c66-b288-d7f35204a814,survey,93031-3,Have you or any family members you live with been unable to get any of the following when it was really needed in past 1 year [PRAPARE],I choose not to answer this question,,text
2026-03-08T22:30:03Z,ce8f0d5d-2f0f-0c66-6a64-518b1e209f13,ce8f0d5d-2f0f-0c66-b288-d7f35204a814,survey,63586-2,What was your best estimate of the total income of all family members from all sources  before taxes  in last year [PhenX],776519,/a,text
2026-03-08T22:30:03Z,ce8f0d5d-2f0f-0c66-6a64-518b1e209f13,ce8f0d5d-2f0f-0c66-b288-d7f35204a814,survey,76437-3,Primary insurance,Private insurance,,text
2026-03-08T22:30:03Z,ce8f0d5d-2f0f-0c66-6a64-518b1e209f13,ce8f0d5d-2f0f-0c66-b288-d7f35204a814,survey,67875-5,Employment status - current,Full-time work,,text
2026-03-08T22:30:03Z,ce8f0d5d-2f0f-0c66-6a64-518b1e209f13,ce8f0d5d-2f0f-0c66-b288-d7f35204a814,survey,82589-3,Highest level of education,High school diploma or GED,,text
2026-03-08T22:30:03Z,ce8f0d5d-2f0f-0c66-6a64-518b1e209f13,ce8f0d5d-2f0f-0c66-b288-d7f35204a814,survey,56799-0,Address,1040 Champlin Union,,text
2026-03-08T22:30:03Z,ce8f0d5d-2f0f-0c66-6a64-518b1e209f13,ce8f0d5d-2f0f-0c66-b288-d7f35204a814,survey,93033-9,Are you worried about losing your housing [PRAPARE],No,,text
2026-03-08T22:30:03Z,ce8f0d5d-2f0f-0c66-6a64-518b1e209f13,ce8f0d5d-2f0f-0c66-b288-d7f35204a814,survey,71802-3,Housing status,I have housing,,text
2026-03-08T22:30:03Z,ce8f0d5d-2f0f-0c66-6a64-518b1e209f13,ce8f0d5d-2f0f-0c66-b288-d7f35204a814,survey,63512-8,How many people are living or staying at this address [#],6.0,{#},numeric
2026-03-08T22:30:03Z,ce8f0d5d-2f0f-0c66-6a64-518b1e209f13,ce8f0d5d-2f0f-0c66-b288-d7f35204a814,survey,54899-0,Preferred language,English,,text
2026-03-08T22:30:03Z,ce8f0d5d-2f0f-0c66-6a64-518b1e209f13,ce8f0d5d-2f0f-0c66-b288-d7f35204a814,survey,93034-7,Discharged from the U.S. Armed Forces,No,,text
2026-03-08T22:30:03Z,ce8f0d5d-2f0f-0c66-6a64-518b1e209f13,ce8f0d5d-2f0f-0c66-b288-d7f35204a814,survey,93035-4,Has season or migrant farm work been your or your family's main source of income at any point in past 2 years [PRAPARE],No,,text
2026-03-08T22:30:03Z,ce8f0d5d-2f0f-0c66-6a64-518b1e209f13,ce8f0d5d-2f0f-0c66-b288-d7f35204a814,survey,32624-9,Race,White,,text
2026-03-08T22:30:03Z,ce8f0d5d-2f0f-0c66-6a64-518b1e209f13,ce8f0d5d-2f0f-0c66-b288-d7f35204a814,survey,56051-6,Hispanic or Latino,No,,text
2026-03-08T23:03:13Z,ce8f0d5d-2f0f-0c66-6a64-518b1e209f13,ce8f0d5d-2f0f-0c66-b288-d7f35204a814,survey,76504-0,Total score [HARK],0.0,{score},numeric
2026-03-08T23:35:54Z,ce8f0d5d-2f0f-0c66-6a64-518b1e209f13,ce8f0d5d-2f0f-0c66-b288-d7f35204a814,survey,82667-7,Total score [DAST-10],1.0,{score},numeric
2016-03-07T21:47:21Z,ce8f0d5d-2f0f-0c66-6a64-518b1e209f13,,,QALY,QALY,38.9,a,numeric
2017-03-07T21:47:21Z,ce8f0d5d-2f0f-0c66-6a64-518b1e209f13,,,QALY,QALY,39.9,a,numeric
2018-03-07T21:47:21Z,ce8f0d5d-2f0f-0c66-6a64-518b1e209f13,,,QALY,QALY,40.9,a,numeric
2019-03-07T21:47:21Z,ce8f0d5d-2f0f-0c66-6a64-518b1e209f13,,,QALY,QALY,41.9,a,numeric
2020-03-07T21:47:21Z,ce8f0d5d-2f0f-0c66-6a64-518b1e209f13,,,QALY,QALY,42.9,a,numeric
2021-03-07T21:47:21Z,ce8f0d5d-2f0f-0c66-6a64-518b1e209f13,,,QALY,QALY,43.9,a,numeric
2022-03-07T21:47:21Z,ce8f0d5d-2f0f-0c66-6a64-518b1e209f13,,,QALY,QALY,44.9,a,numeric
2023-03-07T21:47:21Z,ce8f0d5d-2f0f-0c66-6a64-518b1e209f13,,,QALY,QALY,45.9,a,numeric
2024-03-07T21:47:21Z,ce8f0d5d-2f0f-0c66-6a64-518b1e209f13,,,QALY,QALY,46.9,a,numeric
2025-03-07T21:47:21Z,ce8f0d5d-2f0f-0c66-6a64-518b1e209f13,,,QALY,QALY,,a,numeric
2026-03-07T21:47:21Z,ce8f0d5d-2f0f-0c66-6a64-518b1e209f13,,,QALY,QALY,48.8,a,numeric
2016-03-07T21:47:21Z,ce8f0d5d-2f0f-0c66-6a64-518b1e209f13,,,DALY,DALY,0.1,a,numeric
2017-03-07T21:47:21Z,ce8f0d5d-2f0f-0c66-6a64-518b1e209f13,,,DALY,DALY,0.1,a,numeric
2018-03-07T21:47:21Z,ce8f0d5d-2f0f-0c66-6a64-518b1e209f13,,,DALY,DALY,0.1,a,numeric
2019-03-07T21:47:21Z,ce8f0d5d-2f0f-0c66-6a64-518b1e209f13,,,DALY,DALY,0.1,a,numeric
2020-03-07T21:47:21Z,ce8f0d5d-2f0f-0c66-6a64-518b1e209f13,,,DALY,DALY,0.1,a,numeric
2021-03-07T21:47:21Z,ce8f0d5d-2f0f-0c66-6a64-518b1e209f13,,,DALY,DALY,0.1,a,numeric
2022-03-07T21:47:21Z,ce8f0d5d-2f0f-0c66-6a64-518b1e209f13,,,DALY,DALY,0.1,a,numeric
2023-03-07T21:47:21Z,ce8f0d5d-2f0f-0c66-6a64-518b1e209f13,,,DALY,DALY,0.1,a,numeric
2024-03-07T21:47:21Z,ce8f0d5d-2f0f-0c66-6a64-518b1e209f13,,,DALY,DALY,0.1,a,numeric
2025-03-07T21:47:21Z,ce8f0d5d-2f0f-0c66-6a64-518b1e209f13,,,DALY,DALY,0.1,a,numeric
2026-03-07T21:47:21Z,ce8f0d5d-2f0f-0c66-6a64-518b1e209f13,,,DALY,DALY,0.2,a,numeric
2016-03-07T21:47:21Z,ce8f0d5d-2f0f-0c66-6a64-518b1e209f13,,,QOLS,QOLS,1.0,{score},numeric
2017-03-07T21:47:21Z,ce8f0d5d-2f0f-0c66-6a64-518b1e209f13,,,QOLS,QOLS,1.0,{score},numeric
2018-03-07T21:47:21Z,ce8f0d5d-2f0f-0c66-6a64-518b1e209f13,,,QOLS,QOLS,1.0,{score},numeric
2019-03-07T21:47:21Z,ce8f0d5d-2f0f-0c66-6a64-518b1e209f13,,,QOLS,QOLS,1.0,{score},numeric
2020-03-07T21:47:21Z,ce8f0d5d-2f0f-0c66-6a64-518b1e209f13,,,QOLS,QOLS,1.0,{score},numeric
2021-03-07T21:47:21Z,ce8f0d5d-2f0f-0c66-6a64-518b1e209f13,,,QOLS,QOLS,1.0,{score},numeric
2022-03-07T21:47:21Z,ce8f0d5d-2f0f-0c66-6a64-518b1e209f13,,,QOLS,QOLS,1.0,{score},numeric
2023-03-07T21:47:21Z,ce8f0d5d-2f0f-0c66-6a64-518b1e209f13,,,QOLS,QOLS,1.0,{score},numeric
2024-03-07T21:47:21Z,ce8f0d5d-2f0f-0c66-6a64-518b1e209f13,,,QOLS,QOLS,1.0,{score},numeric
2025-03-07T21:47:21Z,ce8f0d5d-2f0f-0c66-6a64-518b1e209f13,,,QOLS,QOLS,1.0,{score},numeric
2026-03-07T21:47:21Z,ce8f0d5d-2f0f-0c66-6a64-518b1e209f13,,,QOLS,QOLS,1.0,{score},numeric
2024-11-03T07:02:46Z,23c94034-f050-04d5-c5a3-2d42bf3ccc7f,23c94034-f050-04d5-cbfa-81e28ba3da9b,vital-signs,8302-2,Body Height,52.7,cm,numeric
2024-11-03T07:02:46Z,23c94034-f050-04d5-c5a3-2d42bf3ccc7f,23c94034-f050-04d5-cbfa-81e28ba3da9b,vital-signs,72514-3,Pain severity - 0-10 verbal numeric rating [Score] - Reported,1.0,{score},numeric
2024-11-03T07:02:46Z,23c94034-f050-04d5-c5a3-2d42bf3ccc7f,23c94034-f050-04d5-cbfa-81e28ba3da9b,vital-signs,29463-7,Body Weight,3.7,kg,numeric
2024-11-03T07:02:46Z,23c94034-f050-04d5-c5a3-2d42bf3ccc7f,23c94034-f050-04d5-cbfa-81e28ba3da9b,vital-signs,77606-2,Weight-for-length Per age and sex,8.4,%,numeric
2024-11-03T07:02:46Z,23c94034-f050-04d5-c5a3-2d42bf3ccc7f,23c94034-f050-04d5-cbfa-81e28ba3da9b,vital-signs,8289-1,Head Occipital-frontal circumference Percentile,68.8,%,numeric
2024-11-03T07:02:46Z,23c94034-f050-04d5-c5a3-2d42bf3ccc7f,23c94034-f050-04d5-cbfa-81e28ba3da9b,vital-signs,9843-4,Head Occipital-frontal circumference,35.5,cm,numeric
2024-11-03T07:02:46Z,23c94034-f050-04d5-c5a3-2d42bf3ccc7f,23c94034-f050-04d5-cbfa-81e28ba3da9b,vital-signs,8462-4,Diastolic Blood Pressure,91.0,mm[Hg],numeric
2024-11-03T07:02:46Z,23c94034-f050-04d5-c5a3-2d42bf3ccc7f,23c94034-f050-04d5-cbfa-81e28ba3da9b,vital-signs,8480-6,Systolic Blood Pressure,,mm[Hg],numeric
2024-11-03T07:02:46Z,23c94034-f050-04d5-c5a3-2d42bf3ccc7f,23c94034-f050-04d5-cbfa-81e28ba3da9b,vital-signs,8867-4,Heart rate,81.0,/min,numeric
2024-11-03T07:02:46Z,23c94034-f050-04d5-c5a3-2d42bf3ccc7f,23c94034-f050-04d5-cbfa-81e28ba3da9b,vital-signs,9279-1,Respiratory rate,14.0,/min,numeric
2024-11-03T07:02:46Z,23c94034-f050-04d5-c5a3-2d42bf3ccc7f,23c94034-f050-04d5-cbfa-81e28ba3da9b,laboratory,6690-2,Leukocytes [#/volume] in Blood by Automated count,6.7,10*3/uL,numeric
2024-11-03T07:02:46Z,23c94034-f050-04d5-c5a3-2d42bf3ccc7f,23c94034-f050-04d5-cbfa-81e28ba3da9b,laboratory,789-8,Erythrocytes [#/volume] in Blood by Automated count,4.3,10*6/uL,numeric
2024-11-03T07:02:46Z,23c94034-f050-04d5-c5a3-2d42bf3ccc7f,23c94034-f050-04d5-cbfa-81e28ba3da9b,laboratory,718-7,Hemoglobin [Mass/volume] in Blood,16.7,g/dL,numeric
2024-11-03T07:02:46Z,23c94034-f050-04d5-c5a3-2d42bf3ccc7f,23c94034-f050-04d5-cbfa-81e28ba3da9b,laboratory,4544-3,Hematocrit [Volume Fraction] of Blood by Automated count,43.0,%,numeric
2024-11-03T07:02:46Z,23c94034-f050-04d5-c5a3-2d42bf3ccc7f,23c94034-f050-04d5-cbfa-81e28ba3da9b,laboratory,787-2,MCV [Entitic mean volume] in Red Blood Cells by Automated count,92.2,fL,numeric
2024-11-03T07:02:46Z,23c94034-f050-04d5-c5a3-2d42bf3ccc7f,23c94034-f050-04d5-cbfa-81e28ba3da9b,laboratory,785-6,MCH [Entitic mass] by Automated count,30.5,pg,numeric
2024-11-03T07:02:46Z,23c94034-f050-04d5-c5a3-2d42bf3ccc7f,23c94034-f050-04d5-cbfa-81e28ba3da9b,laboratory,786-4,MCHC [Entitic Mass/volume] in Red Blood Cells by Automated count,35.3,g/dL,numeric
2024-11-03T07:02:46Z,23c94034-f050-04d5-c5a3-2d42bf3ccc7f,23c94034-f050-04d5-cbfa-81e28ba3da9b,laboratory,788-0,Erythrocyte [DistWidth] in Blood by Automated count,41.9,fL,numeric
2024-11-03T07:02:46Z,23c94034-f050-04d5-c5a3-2d42bf3ccc7f,23c94034-f050-04d5-cbfa-81e28ba3da9b,laboratory,777-3,Platelets [#/volume] in Blood by Automated count,320.0,10*3/uL,numeric
2024-11-03T07:02:46Z,23c94034-f050-04d5-c5a3-2d42bf3ccc7f,23c94034-f050-04d5-cbfa-81e28ba3da9b,laboratory,32207-3,Platelet distribution width [Entitic volume] in Blood by Automated count,485.3,fL,numeric
2024-11-03T07:02:46Z,23c94034-f050-04d5-c5a3-2d42bf3ccc7f,23c94034-f050-04d5-cbfa-81e28ba3da9b,laboratory,32623-1,Platelet [Entitic mean volume] in Blood by Automated count,10.8,fL,numeric
2024-11-03T07:02:46Z,23c94034-f050-04d5-c5a3-2d42bf3ccc7f,23c94034-f050-04d5-cbfa-81e28ba3da9b,social-history,72166-2,Tobacco smoking status,Never smoked tobacco (finding),,text
2024-12-08T07:02:46Z,23c94034-f050-04d5-c5a3-2d42bf3ccc7f,23c94034-f050-04d5-78da-33e37861355f,vital-signs,8302-2,Body Height,56.3,cm,numeric
2024-12-08T07:02:46Z,23c94034-f050-04d5-c5a3-2d42bf3ccc7f,23c94034-f050-04d5-78da-33e37861355f,vital-signs,72514-3,Pain severity - 0-10 verbal numeric rating [Score] - Reported,1.0,{score},numeric
2024-12-08T07:02:46Z,23c94034-f050-04d5-c5a3-2d42bf3ccc7f,23c94034-f050-04d5-78da-33e37861355f,vital-signs,29463-7,Body Weight,4.4,kg,numeric
2024-12-08T07:02:46Z,23c94034-f050-04d5-c5a3-2d42bf3ccc7f,23c94034-f050-04d5-78da-33e37861355f,vital-signs,77606-2,Weight-for-length Per age and sex,8.8,%,numeric
2024-12-08T07:02:46Z,23c94034-f050-04d5-c5a3-2d42bf3ccc7f,23c94034-f050-04d5-78da-33e37861355f,vital-signs,8289-1,Head Occipital-frontal circumference Percentile,68.8,%,numeric
2024-12-08T07:02:46Z,23c94034-f050-04d5-c5a3-2d42bf3ccc7f,23c94034-f050-04d5-78da-33e37861355f,vital-signs,9843-4,Head Occipital-frontal circumference,38.7,cm,numeric
2024-12-08T07:02:46Z,23c94034-f050-04d5-c5a3-2d42bf3ccc7f,23c94034-f050-04d5-78da-33e37861355f,vital-signs,8462-4,Diastolic Blood Pressure,86.0,mm[Hg],numeric
2024-12-08T07:02:46Z,23c94034-f050-04d5-c5a3-2d42bf3ccc7f,23c94034-f050-04d5-78da-33e37861355f,vital-signs,8480-6,Systolic Blood Pressure,140.0,mm[Hg],numeric
2024-12-08T07:02:46Z,23c94034-f050-04d5-c5a3-2d42bf3ccc7f,23c94034-f050-04d5-78da-33e37861355f,vital-signs,8867-4,Heart rate,88.0,/min,numeric
2024-12-08T07:02:46Z,23c94034-f050-04d5-c5a3-2d42bf3ccc7f,23c94034-f050-04d5-78da-33e37861355f,vital-signs,9279-1,Respiratory rate,13.0,/min,numeric
2024-12-08T07:02:46Z,23c94034-f050-04d5-c5a3-2d42bf3ccc7f,23c94034-f050-04d5-78da-33e37861355f,social-history,72166-2,Tobacco smoking status,Never smoked tobacco (finding),,text
2025-02-09T07:02:46Z,23c94034-f050-04d5-c5a3-2d42bf3ccc7f,23c94034-f050-04d5-37ed-b5364f04dfc9,vital-signs,8302-2,Body Height,61.5,cm,numeric
2025-02-09T07:02:46Z,23c94034-f050-04d5-c5a3-2d42bf3ccc7f,23c94034-f050-04d5-37ed-b5364f04dfc9,vital-signs,72514-3,Pain severity - 0-10 verbal numeric rating [Score] - Reported,0.0,{score},numeric
2025-02-09T07:02:46Z,23c94034-f050-04d5-c5a3-2d42bf3ccc7f,23c94034-f050-04d5-37ed-b5364f04dfc9,vital-signs,29463-7,Body Weight,5.7,kg,numeric
2025-02-09T07:02:46Z,23c94034-f050-04d5-c5a3-2d42bf3ccc7f,23c94034-f050-04d5-37ed-b5364f04dfc9,vital-signs,77606-2,Weight-for-length Per age and sex,6.4,%,numeric
2025-02-09T07:02:46Z,23c94034-f050-04d5-c5a3-2d42bf3ccc7f,23c94034-f050-04d5-37ed-b5364f04dfc9,vital-signs,8289-1,Head Occipital-frontal circumference Percentile,68.8,%,numeric
2025-02-09T07:02:46Z,23c94034-f050-04d5-c5a3-2d42bf3ccc7f,23c94034-f050-04d5-37ed-b5364f04dfc9,vital-signs,9843-4,Head Occipital-frontal circumference,41.1,cm,numeric
2025-02-09T07:02:46Z,23c94034-f050-04d5-c5a3-2d42bf3ccc7f,23c94034-f050-04d5-37ed-b5364f04dfc9,vital-signs,8462-4,Diastolic Blood Pressure,88.0,mm[Hg],numeric
2025-02-09T07:02:46Z,23c94034-f050-04d5-c5a3-2d42bf3ccc7f,23c94034-f050-04d5-37ed-b5364f04dfc9,vital-signs,8480-6,Systolic Blood Pressure,141.0,mm[Hg],numeric
2025-02-09T07:02:46Z,23c94034-f050-04d5-c5a3-2d42bf3ccc7f,23c94034-f050-04d5-37ed-b5364f04dfc9,vital-signs,8867-4,Heart rate,93.0,/min,numeric
2025-02-09T07:02:46Z,23c94034-f050-04d5-c5a3-2d42bf3ccc7f,23c94034-f050-04d5-37ed-b5364f04dfc9,vital-signs,9279-1,Respiratory rate,16.0,/min,numeric
2025-02-09T07:02:46Z,23c94034-f050-04d5-c5a3-2d42bf3ccc7f,23c94034-f050-04d5-37ed-b5364f04dfc9,social-history,72166-2,Tobacco smoking status,Never smoked tobacco (finding),,text
2025-04-13T07:02:46Z,23c94034-f050-04d5-c5a3-2d42bf3ccc7f,23c94034-f050-04d5-555c-6d7fb39a3267,vital-signs,8302-2,Body Height,65.5,cm,numeric
2025-04-13T07:02:46Z,23c94034-f050-04d5-c5a3-2d42bf3ccc7f,23c94034-f050-04d5-555c-6d7fb39a3267,vital-signs,72514-3,Pain severity - 0-10 verbal numeric rating [Score] - Reported,2.0,{score},numeric
2025-04-13T07:02:46Z,23c94034-f050-04d5-c5a3-2d42bf3ccc7f,23c94034-f050-04d5-555c-6d7fb39a3267,vital-signs,29463-7,Body Weight,,kg,numeric
2025-04-13T07:02:46Z,23c94034-f050-04d5-c5a3-2d42bf3ccc7f,23c94034-f050-04d5-555c-6d7fb39a3267,vital-signs,77606-2,Weight-for-length Per age and sex,13.8,%,numeric
2025-04-13T07:02:46Z,23c94034-f050-04d5-c5a3-2d42bf3ccc7f,23c94034-f050-04d5-555c-6d7fb39a3267,vital-signs,8289-1,Head Occipital-frontal circumference Percentile,68.8,%,numeric
2025-04-13T07:02:46Z,23c94034-f050-04d5-c5a3-2d42bf3ccc7f,23c94034-f050-04d5-555c-6d7fb39a3267,vital-signs,9843-4,Head Occipital-frontal circumference,42.7,cm,numeric
2025-04-13T07:02:46Z,23c94034-f050-04d5-c5a3-2d42bf3ccc7f,23c94034-f050-04d5-555c-6d7fb39a3267,vital-signs,8462-4,Diastolic Blood Pressure,89.0,,numeric
2025-04-13T07:02:46Z,23c94034-f050-04d5-c5a3-2d42bf3ccc7f,23c94034-f050-04d5-555c-6d7fb39a3267,vital-signs,8480-6,Systolic Blood Pressure,145.0,mm[Hg],numeric
2025-04-13T07:02:46Z,23c94034-f050-04d5-c5a3-2d42bf3ccc7f,23c94034-f050-04d5-555c-6d7fb39a3267,vital-signs,8867-4,Heart rate,,/min,numeric
2025-04-13T07:02:46Z,23c94034-f050-04d5-c5a3-2d42bf3ccc7f,23c94034-f050-04d5-555c-6d7fb39a3267,vital-signs,9279-1,Respiratory rate,15.0,/min,numeric
2025-04-13T07:02:46Z,23c94034-f050-04d5-c5a3-2d42bf3ccc7f,23c94034-f050-04d5-555c-6d7fb39a3267,social-history,72166-2,Tobacco smoking status,Never smoked tobacco (finding),,text
2025-07-13T07:02:46Z,23c94034-f050-04d5-c5a3-2d42bf3ccc7f,23c94034-f050-04d5-46b9-15281bcff3ed,vital-signs,8302-2,Body Height,70.3,cm,numeric
2025-07-13T07:02:46Z,23c94034-f050-04d5-c5a3-2d42bf3ccc7f,23c94034-f050-04d5-46b9-15281bcff3ed,vital-signs,72514-3,Pain severity - 0-10 verbal numeric rating [Score] - Reported,2.0,{score},numeric
2025-07-13T07:02:46Z,23c94034-f050-04d5-c5a3-2d42bf3ccc7f,23c94034-f050-04d5-46b9-15281bcff3ed,vital-signs,29463-7,Body Weight,8.1,kg,numeric
2025-07-13T07:02:46Z,23c94034-f050-04d5-c5a3-2d42bf3ccc7f,23c94034-f050-04d5-46b9-15281bcff3ed,vital-signs,77606-2,Weight-for-length Per age and sex,33.0,%,numeric
2025-07-13T07:02:46Z,23c94034-f050-04d5-c5a3-2d42bf3ccc7f,23c94034-f050-04d5-46b9-15281bcff3ed,vital-signs,8289-1,Head Occipital-frontal circumference Percentile,68.8,%,numeric
2025-07-13T07:02:46Z,23c94034-f050-04d5-c5a3-2d42bf3ccc7f,23c94034-f050-04d5-46b9-15281bcff3ed,vital-signs,9843-4,Head Occipital-frontal circumference,44.4,cm,numeric
2025-07-13T07:02:46Z,23c94034-f050-04d5-c5a3-2d42bf3ccc7f,23c94034-f050-04d5-46b9-15281bcff3ed,vital-signs,8462-4,Diastolic Blood Pressure,88.0,mm[Hg],numeric
2025-07-13T07:02:46Z,23c94034-f050-04d5-c5a3-2d42bf3ccc7f,23c94034-f050-04d5-46b9-15281bcff3ed,vital-signs,8480-6,Systolic Blood Pressure,137.0,mm[Hg],numeric
2025-07-13T07:02:46Z,23c94034-f050-04d5-c5a3-2d42bf3ccc7f,23c94034-f050-04d5-46b9-15281bcff3ed,vital-signs,8867-4,Heart rate,73.0,/min,numeric
2025-07-13T07:02:46Z,23c94034-f050-04d5-c5a3-2d42bf3ccc7f,23c94034-f050-04d5-46b9-15281bcff3ed,vital-signs,9279-1,Respiratory rate,13.0,/min,numeric
2025-07-13T07:02:46Z,23c94034-f050-04d5-c5a3-2d42bf3ccc7f,23c94034-f050-04d5-46b9-15281bcff3ed,social-history,72166-2,Tobacco smoking status,Never smoked tobacco (finding),,text
2025-10-12T07:02:46Z,23c94034-f050-04d5-c5a3-2d42bf3ccc7f,23c94034-f050-04d5-8030-daec49766d5b,vital-signs,8302-2,Body Height,74.4,cm,numeric
2025-10-12T07:02:46Z,23c94034-f050-04d5-c5a3-2d42bf3ccc7f,23c94034-f050-04d5-8030-daec49766d5b,vital-signs,72514-3,Pain severity - 0-10 verbal numeric rating [Score] - Reported,1.0,{score},numeric
2025-10-12T07:02:46Z,23c94034-f050-04d5-c5a3-2d42bf3ccc7f,23c94034-f050-04d5-8030-daec49766d5b,vital-signs,29463-7,Body Weight,9.2,kg,numeric
2025-10-12T07:02:46Z,23c94034-f050-04d5-c5a3-2d42bf3ccc7f,23c94034-f050-04d5-8030-daec49766d5b,vital-signs,77606-2,Weight-for-length Per age and sex,42.9,%,numeric
2025-10-12T07:02:46Z,23c94034-f050-04d5-c5a3-2d42bf3ccc7f,23c94034-f050-04d5-8030-daec49766d5b,vital-signs,8289-1,Head Occipital-frontal circumference Percentile,68.8,%,numeric
2025-10-12T07:02:46Z,23c94034-f050-04d5-c5a3-2d42bf3ccc7f,23c94034-f050-04d5-8030-daec49766d5b,vital-signs,9843-4,Head Occipital-frontal circumference,45.5,cm,numeric
2025-10-12T07:02:46Z,23c94034-f050-04d5-c5a3-2d42bf3ccc7f,23c94034-f050-04d5-8030-daec49766d5b,vital-signs,8462-4,Diastolic Blood Pressure,92.0,mm[Hg],numeric
2025-10-12T07:02:46Z,23c94034-f050-04d5-c5a3-2d42bf3ccc7f,23c94034-f050-04d5-8030-daec49766d5b,vital-signs,8480-6,Systolic Blood Pressure,153.0,mm[Hg],numeric
2025-10-12T07:02:46Z,23c94034-f050-04d5-c5a3-2d42bf3ccc7f,23c94034-f050-04d5-8030-daec49766d5b,vital-signs,8867-4,Heart rate,71.0,/min,numeric
2025-10-12T07:02:46Z,23c94034-f050-04d5-c5a3-2d42bf3ccc7f,23c94034-f050-04d5-8030-daec49766d5b,vital-signs,9279-1,Respiratory rate,13.0,/min,numeric
2025-10-12T07:02:46Z,23c94034-f050-04d5-c5a3-2d42bf3ccc7f,23c94034-f050-04d5-8030-daec49766d5b,social-history,72166-2,Tobacco smoking status,Never smoked tobacco (finding),,text
2026-01-11T07:02:46Z,23c94034-f050-04d5-c5a3-2d42bf3ccc7f,23c94034-f050-04d5-2f49-f11be93a9100,vital-signs,8302-2,Body Height,77.9,cm,numeric
2026-01-11T07:02:46Z,23c94034-f050-04d5-c5a3-2d42bf3ccc7f,23c94034-f050-04d5-2f49-f11be93a9100,vital-signs,72514-3,Pain severity - 0-10 verbal numeric rating [Score] - Reported,2.0,,numeric
2026-01-11T07:02:46Z,23c94034-f050-04d5-c5a3-2d42bf3ccc7f,23c94034-f050-04d5-2f49-f11be93a9100,vital-signs,29463-7,Body Weight,10.0,kg,numeric
2026-01-11T07:02:46Z,23c94034-f050-04d5-c5a3-2d42bf3ccc7f,23c94034-f050-04d5-2f49-f11be93a9100,vital-signs,77606-2,Weight-for-length Per age and sex,38.2,%,numeric
2026-01-11T07:02:46Z,23c94034-f050-04d5-c5a3-2d42bf3ccc7f,23c94034-f050-04d5-2f49-f11be93a9100,vital-signs,8289-1,Head Occipital-frontal circumference Percentile,68.8,%,numeric
2026-01-11T07:02:46Z,23c94034-f050-04d5-c5a3-2d42bf3ccc7f,23c94034-f050-04d5-2f49-f11be93a9100,vital-signs,9843-4,Head Occipital-frontal circumference,46.4,cm,numeric
2026-01-11T07:02:46Z,23c94034-f050-04d5-c5a3-2d42bf3ccc7f,23c94034-f050-04d5-2f49-f11be93a9100,vital-signs,8462-4,Diastolic Blood Pressure,92.0,mm[Hg],numeric
2026-01-11T07:02:46Z,23c94034-f050-04d5-c5a3-2d42bf3ccc7f,23c94034-f050-04d5-2f49-f11be93a9100,vital-signs,8480-6,Systolic Blood Pressure,163.0,mm[Hg],numeric
2026-01-11T07:02:46Z,23c94034-f050-04d5-c5a3-2d42bf3ccc7f,23c94034-f050-04d5-2f49-f11be93a9100,vital-signs,8867-4,Heart rate,93.0,/min,numeric
2026-01-11T07:02:46Z,23c94034-f050-04d5-c5a3-2d42bf3ccc7f,23c94034-f050-04d5-2f49-f11be93a9100,vital-signs,9279-1,Respiratory rate,15.0,/min,numeric
2026-01-11T07:02:46Z,23c94034-f050-04d5-c5a3-2d42bf3ccc7f,23c94034-f050-04d5-2f49-f11be93a9100,social-history,72166-2,Tobacco smoking status,Never smoked tobacco (finding),,text
2026-04-12T07:02:46Z,23c94034-f050-04d5-c5a3-2d42bf3ccc7f,23c94034-f050-04d5-f506-de266e960edf,vital-signs,8302-2,Body Height,81.1,cm,numeric
2026-04-12T07:02:46Z,23c94034-f050-04d5-c5a3-2d42bf3ccc7f,23c94034-f050-04d5-f506-de266e960edf,vital-signs,72514-3,Pain severity - 0-10 verbal numeric rating [Score] - Reported,1.0,{score},numeric
2026-04-12T07:02:46Z,23c94034-f050-04d5-c5a3-2d42bf3ccc7f,23c94034-f050-04d5-f506-de266e960edf,vital-signs,29463-7,Body Weight,10.7,kg,numeric
2026-04-12T07:02:46Z,23c94034-f050-04d5-c5a3-2d42bf3ccc7f,23c94034-f050-04d5-f506-de266e960edf,vital-signs,77606-2,Weight-for-length Per age and sex,40.2,%,numeric
2026-04-12T07:02:46Z,23c94034-f050-04d5-c5a3-2d42bf3ccc7f,23c94034-f050-04d5-f506-de266e960edf,vital-signs,8289-1,Head Occipital-frontal circumference Percentile,68.8,%,numeric
2026-04-12T07:02:46Z,23c94034-f050-04d5-c5a3-2d42bf3ccc7f,23c94034-f050-04d5-f506-de266e960edf,vital-signs,9843-4,Head Occipital-frontal circumference,47.1,cm,numeric
2026-04-12T07:02:46Z,23c94034-f050-04d5-c5a3-2d42bf3ccc7f,23c94034-f050-04d5-f506-de266e960edf,vital-signs,8462-4,Diastolic Blood Pressure,87.0,mm[Hg],numeric
2026-04-12T07:02:46Z,23c94034-f050-04d5-c5a3-2d42bf3ccc7f,23c94034-f050-04d5-f506-de266e960edf,vital-signs,8480-6,Systolic Blood Pressure,133.0,mm[Hg],numeric
2026-04-12T07:02:46Z,23c94034-f050-04d5-c5a3-2d42bf3ccc7f,23c94034-f050-04d5-f506-de266e960edf,vital-signs,8867-4,Heart rate,70.0,/min,numeric
2026-04-12T07:02:46Z,23c94034-f050-04d5-c5a3-2d42bf3ccc7f,23c94034-f050-04d5-f506-de266e960edf,vital-signs,9279-1,Respiratory rate,14.0,/min,numeric
2026-04-12T07:02:46Z,23c94034-f050-04d5-c5a3-2d42bf3ccc7f,23c94034-f050-04d5-f506-de266e960edf,social-history,72166-2,Tobacco smoking status,Never smoked tobacco (finding),,text
2024-11-03T07:02:46Z,23c94034-f050-04d5-c5a3-2d42bf3ccc7f,,,QALY,QALY,0.0,a,numeric
2025-11-03T07:02:46Z,23c94034-f050-04d5-c5a3-2d42bf3ccc7f,,,QALY,QALY,0.0,a,numeric
2024-11-03T07:02:46Z,23c94034-f050-04d5-c5a3-2d42bf3ccc7f,,,DALY,DALY,0.0,,numeric
2025-11-03T07:02:46Z,23c94034-f050-04d5-c5a3-2d42bf3ccc7f,,,DALY,DALY,0.0,a,numeric
2024-11-03T07:02:46Z,23c94034-f050-04d5-c5a3-2d42bf3ccc7f,,,QOLS,QOLS,1.0,{score},numeric
2025-11-03T07:02:46Z,23c94034-f050-04d5-c5a3-2d42bf3ccc7f,,,QOLS,QOLS,1.0,{score},numeric
2017-12-17T02:15:34Z,06eb6dda-a918-928f-76cf-6bf370cf2014,06eb6dda-a918-928f-07b8-81ebe14dc76a,vital-signs,8302-2,Body Height,48.3,cm,numeric
2017-12-17T02:15:34Z,06eb6dda-a918-928f-76cf-6bf370cf2014,06eb6dda-a918-928f-07b8-81ebe14dc76a,vital-signs,72514-3,Pain severity - 0-10 verbal numeric rating [Score] - Reported,4.0,{score},numeric
2017-12-17T02:15:34Z,06eb6dda-a918-928f-76cf-6bf370cf2014,06eb6dda-a918-928f-07b8-81ebe14dc76a,vital-signs,29463-7,Body Weight,3.1,kg,numeric
2017-12-17T02:15:34Z,06eb6dda-a918-928f-76cf-6bf370cf2014,06eb6dda-a918-928f-07b8-81ebe14dc76a,vital-signs,77606-2,Weight-for-length Per age and sex,58.7,,numeric
2017-12-17T02:15:34Z,06eb6dda-a918-928f-76cf-6bf370cf2014,06eb6dda-a918-928f-07b8-81ebe14dc76a,vital-signs,8289-1,Head Occipital-frontal circumference Percentile,6.9,%,numeric
2017-12-17T02:15:34Z,06eb6dda-a918-928f-76cf-6bf370cf2014,06eb6dda-a918-928f-07b8-81ebe14dc76a,vital-signs,9843-4,Head Occipital-frontal circumference,32.6,cm,numeric
2017-12-17T02:15:34Z,06eb6dda-a918-928f-76cf-6bf370cf2014,06eb6dda-a918-928f-07b8-81ebe14dc76a,vital-signs,8462-4,Diastolic Blood Pressure,85.0,mm[Hg],numeric
2017-12-17T02:15:34Z,06eb6dda-a918-928f-76cf-6bf370cf2014,06eb6dda-a918-928f-07b8-81ebe14dc76a,vital-signs,8480-6,Systolic Blood Pressure,129.0,mm[Hg],numeric
2017-12-17T02:15:34Z,06eb6dda-a918-928f-76cf-6bf370cf2014,06eb6dda-a918-928f-07b8-81ebe14dc76a,vital-signs,8867-4,Heart rate,64.0,/min,numeric
2017-12-17T02:15:34Z,06eb6dda-a918-928f-76cf-6bf370cf2014,06eb6dda-a918-928f-07b8-81ebe14dc76a,vital-signs,9279-1,Respiratory rate,13.0,/min,numeric
2017-12-17T02:15:34Z,06eb6dda-a918-928f-76cf-6bf370cf2014,06eb6dda-a918-928f-07b8-81ebe14dc76a,laboratory,6690-2,Leukocytes [#/volume] in Blood by Automated count,8.8,10*3/uL,numeric
2017-12-17T02:15:34Z,06eb6dda-a918-928f-76cf-6bf370cf2014,06eb6dda-a918-928f-07b8-81ebe14dc76a,laboratory,789-8,Erythrocytes [#/volume] in Blood by Automated count,4.9,10*6/uL,numeric
2017-12-17T02:15:34Z,06eb6dda-a918-928f-76cf-6bf370cf2014,06eb6dda-a918-928f-07b8-81ebe14dc76a,laboratory,718-7,Hemoglobin [Mass/volume] in Blood,16.3,g/dL,numeric
2017-12-17T02:15:34Z,06eb6dda-a918-928f-76cf-6bf370cf2014,06eb6dda-a918-928f-07b8-81ebe14dc76a,laboratory,4544-3,Hematocrit [Volume Fraction] of Blood by Automated count,47.3,%,numeric
2017-12-17T02:15:34Z,06eb6dda-a918-928f-76cf-6bf370cf2014,06eb6dda-a918-928f-07b8-81ebe14dc76a,laboratory,787-2,MCV [Entitic mean volume] in Red Blood Cells by Automated count,84.3,fL,numeric
2017-12-17T02:15:34Z,06eb6dda-a918-928f-76cf-6bf370cf2014,06eb6dda-a918-928f-07b8-81ebe14dc76a,laboratory,785-6,MCH [Entitic mass] by Automated count,32.8,pg,numeric
2017-12-17T02:15:34Z,06eb6dda-a918-928f-76cf-6bf370cf2014,06eb6dda-a918-928f-07b8-81ebe14dc76a,laboratory,786-4,MCHC [Entitic Mass/volume] in Red Blood Cells by Automated count,33.8,g/dL,numeric
2017-12-17T02:15:34Z,06eb6dda-a918-928f-76cf-6bf370cf2014,06eb6dda-a918-928f-07b8-81ebe14dc76a,laboratory,788-0,Erythrocyte [DistWidth] in Blood by Automated count,41.9,fL,numeric
2017-12-17T02:15:34Z,06eb6dda-a918-928f-76cf-6bf370cf2014,06eb6dda-a918-928f-07b8-81ebe14dc76a,laboratory,777-3,Platelets [#/volume] in Blood by Automated count,335.3,10*3/uL,numeric
2017-12-17T02:15:34Z,06eb6dda-a918-928f-76cf-6bf370cf2014,06eb6dda-a918-928f-07b8-81ebe14dc76a,laboratory,32207-3,Platelet distribution width [Entitic volume] in Blood by Automated count,468.7,fL,numeric
2017-12-17T02:15:34Z,06eb6dda-a918-928f-76cf-6bf370cf2014,06eb6dda-a918-928f-07b8-81ebe14dc76a,laboratory,32623-1,Platelet [Entitic mean volume] in Blood by Automated count,11.5,fL,numeric
2017-12-17T02:15:34Z,06eb6dda-a918-928f-76cf-6bf370cf2014,06eb6dda-a918-928f-07b8-81ebe14dc76a,social-history,72166-2,Tobacco smoking status,Never smoked tobacco (finding),,text
2018-01-21T02:15:34Z,06eb6dda-a918-928f-76cf-6bf370cf2014,06eb6dda-a918-928f-7604-d990e578f987,vital-signs,8302-2,Body Height,52.5,cm,numeric
2018-01-21T02:15:34Z,06eb6dda-a918-928f-76cf-6bf370cf2014,06eb6dda-a918-928f-7604-d990e578f987,vital-signs,72514-3,Pain severity - 0-10 verbal numeric rating [Score] - Reported,3.0,{score},numeric
2018-01-21T02:15:34Z,06eb6dda-a918-928f-76cf-6bf370cf2014,06eb6dda-a918-928f-7604-d990e578f987,vital-signs,29463-7,Body Weight,3.9,kg,numeric
2018-01-21T02:15:34Z,06eb6dda-a918-928f-76cf-6bf370cf2014,06eb6dda-a918-928f-7604-d990e578f987,vital-signs,77606-2,Weight-for-length Per age and sex,21.3,%,numeric
2018-01-21T02:15:34Z,06eb6dda-a918-928f-76cf-6bf370cf2014,06eb6dda-a918-928f-7604-d990e578f987,vital-signs,8289-1,Head Occipital-frontal circumference Percentile,6.9,%,numeric
2018-01-21T02:15:34Z,06eb6dda-a918-928f-76cf-6bf370cf2014,06eb6dda-a918-928f-7604-d990e578f987,vital-signs,9843-4,Head Occipital-frontal circumference,36.6,cm,numeric
2018-01-21T02:15:34Z,06eb6dda-a918-928f-76cf-6bf370cf2014,06eb6dda-a918-928f-7604-d990e578f987,vital-signs,8462-4,Diastolic Blood Pressure,88.0,mm[Hg],numeric
2018-01-21T02:15:34Z,06eb6dda-a918-928f-76cf-6bf370cf2014,06eb6dda-a918-928f-7604-d990e578f987,vital-signs,8480-6,Systolic Blood Pressure,140.0,mm[Hg],numeric
2018-01-21T02:15:34Z,06eb6dda-a918-928f-76cf-6bf370cf2014,06eb6dda-a918-928f-7604-d990e578f987,vital-signs,8867-4,Heart rate,63.0,/min,numeric
2018-01-21T02:15:34Z,06eb6dda-a918-928f-76cf-6bf370cf2014,06eb6dda-a918-928f-7604-d990e578f987,vital-signs,9279-1,Respiratory rate,,/min,numeric
2018-01-21T02:15:34Z,06eb6dda-a918-928f-76cf-6bf370cf2014,06eb6dda-a918-928f-7604-d990e578f987,social-history,72166-2,Tobacco smoking status,Never smoked tobacco (finding),,text
2018-03-25T02:15:34Z,06eb6dda-a918-928f-76cf-6bf370cf2014,06eb6dda-a918-928f-7c3b-015712e3ed23,vital-signs,8302-2,Body Height,58.0,cm,numeric
2018-03-25T02:15:34Z,06eb6dda-a918-928f-76cf-6bf370cf2014,06eb6dda-a918-928f-7c3b-015712e3ed23,vital-signs,72514-3,Pain severity - 0-10 verbal numeric rating [Score] - Reported,1.0,{score},numeric
2018-03-25T02:15:34Z,06eb6dda-a918-928f-76cf-6bf370cf2014,06eb6dda-a918-928f-7c3b-015712e3ed23,vital-signs,29463-7,Body Weight,5.3,kg,numeric
2018-03-25T02:15:34Z,06eb6dda-a918-928f-76cf-6bf370cf2014,06eb6dda-a918-928f-7c3b-015712e3ed23,vital-signs,77606-2,Weight-for-length Per age and sex,33.7,%,numeric
2018-03-25T02:15:34Z,06eb6dda-a918-928f-76cf-6bf370cf2014,06eb6dda-a918-928f-7c3b-015712e3ed23,vital-signs,8289-1,Head Occipital-frontal circumference Percentile,6.9,%,numeric
2018-03-25T02:15:34Z,06eb6dda-a918-928f-76cf-6bf370cf2014,06eb6dda-a918-928f-7c3b-015712e3ed23,vital-signs,9843-4,Head Occipital-frontal circumference,39.5,cm,numeric
2018-03-25T02:15:34Z,06eb6dda-a918-928f-76cf-6bf370cf2014,06eb6dda-a918-928f-7c3b-015712e3ed23,vital-signs,8462-4,Diastolic Blood Pressure,84.0,mm[Hg],numeric
2018-03-25T02:15:34Z,06eb6dda-a918-928f-76cf-6bf370cf2014,06eb6dda-a918-928f-7c3b-015712e3ed23,vital-signs,8480-6,Systolic Blood Pressure,142.0,mm[Hg],numeric
2018-03-25T02:15:34Z,06eb6dda-a918-928f-76cf-6bf370cf2014,06eb6dda-a918-928f-7c3b-015712e3ed23,vital-signs,8867-4,Heart rate,68.0,/min,numeric
2018-03-25T02:15:34Z,06eb6dda-a918-928f-76cf-6bf370cf2014,06eb6dda-a918-928f-7c3b-015712e3ed23,vital-signs,9279-1,Respiratory rate,15.0,/min,numeric
2018-03-25T02:15:34Z,06eb6dda-a918-928f-76cf-6bf370cf2014,06eb6dda-a918-928f-7c3b-015712e3ed23,social-history,72166-2,Tobacco smoking status,Never smoked tobacco (finding),,text
2018-05-27T02:15:34Z,06eb6dda-a918-928f-76cf-6bf370cf2014,06eb6dda-a918-928f-864c-af6ccef2a777,vital-signs,8302-2,Body Height,,cm,numeric
2018-05-27T02:15:34Z,06eb6dda-a918-928f-76cf-6bf370cf2014,06eb6dda-a918-928f-864c-af6ccef2a777,vital-signs,72514-3,Pain severity - 0-10 verbal numeric rating [Score] - Reported,0.0,,numeric
2018-05-27T02:15:34Z,06eb6dda-a918-928f-76cf-6bf370cf2014,06eb6dda-a918-928f-864c-af6ccef2a777,vital-signs,29463-7,Body Weight,6.4,kg,numeric
2018-05-27T02:15:34Z,06eb6dda-a918-928f-76cf-6bf370cf2014,06eb6dda-a918-928f-864c-af6ccef2a777,vital-signs,77606-2,Weight-for-length Per age and sex,40.0,%,numeric
2018-05-27T02:15:34Z,06eb6dda-a918-928f-76cf-6bf370cf2014,06eb6dda-a918-928f-864c-af6ccef2a777,vital-signs,8289-1,Head Occipital-frontal circumference Percentile,6.9,%,numeric
2018-05-27T02:15:34Z,06eb6dda-a918-928f-76cf-6bf370cf2014,06eb6dda-a918-928f-864c-af6ccef2a777,vital-signs,9843-4,Head Occipital-frontal circumference,41.4,cm,numeric
2018-05-27T02:15:34Z,06eb6dda-a918-928f-76cf-6bf370cf2014,06eb6dda-a918-928f-864c-af6ccef2a777,vital-signs,8462-4,Diastolic Blood Pressure,89.0,mm[Hg],numeric
2018-05-27T02:15:34Z,06eb6dda-a918-928f-76cf-6bf370cf2014,06eb6dda-a918-928f-864c-af6ccef2a777,vital-signs,8480-6,Systolic Blood Pressure,136.0,mm[Hg],numeric
2018-05-27T02:15:34Z,06eb6dda-a918-928f-76cf-6bf370cf2014,06eb6dda-a918-928f-864c-af6ccef2a777,vital-signs,8867-4,Heart rate,98.0,/min,numeric
2018-05-27T02:15:34Z,06eb6dda-a918-928f-76cf-6bf370cf2014,06eb6dda-a918-928f-864c-af6ccef2a777,vital-signs,9279-1,Respiratory rate,15.0,/min,numeric
2018-05-27T02:15:34Z,06eb6dda-a918-928f-76cf-6bf370cf2014,06eb6dda-a918-928f-864c-af6ccef2a777,social-history,72166-2,Tobacco smoking status,Never smoked tobacco (finding),,text
2018-08-26T02:15:34Z,06eb6dda-a918-928f-76cf-6bf370cf2014,06eb6dda-a918-928f-784c-c347ae8dc8e3,vital-signs,8302-2,Body Height,66.5,cm,numeric
2018-08-26T02:15:34Z,06eb6dda-a918-928f-76cf-6bf370cf2014,06eb6dda-a918-928f-784c-c347ae8dc8e3,vital-signs,72514-3,Pain severity - 0-10 verbal numeric rating [Score] - Reported,1.0,{score},numeric
2018-08-26T02:15:34Z,06eb6dda-a918-928f-76cf-6bf370cf2014,06eb6dda-a918-928f-784c-c347ae8dc8e3,vital-signs,29463-7,Body Weight,7.7,kg,numeric
2018-08-26T02:15:34Z,06eb6dda-a918-928f-76cf-6bf370cf2014,06eb6dda-a918-928f-784c-c347ae8dc8e3,vital-signs,77606-2,Weight-for-length Per age and sex,43.1,%,numeric
2018-08-26T02:15:34Z,06eb6dda-a918-928f-76cf-6bf370cf2014,06eb6dda-a918-928f-784c-c347ae8dc8e3,vital-signs,8289-1,Head Occipital-frontal circumference Percentile,6.9,%,numeric
2018-08-26T02:15:34Z,06eb6dda-a918-928f-76cf-6bf370cf2014,06eb6dda-a918-928f-784c-c347ae8dc8e3,vital-signs,9843-4,Head Occipital-frontal circumference,43.2,cm,numeric
2018-08-26T02:15:34Z,06eb6dda-a918-928f-76cf-6bf370cf2014,06eb6dda-a918-928f-784c-c347ae8dc8e3,vital-signs,8462-4,Diastolic Blood Pressure,88.0,mm[Hg],numeric
2018-08-26T02:15:34Z,06eb6dda-a918-928f-76cf-6bf370cf2014,06eb6dda-a918-928f-784c-c347ae8dc8e3,vital-signs,8480-6,Systolic Blood Pressure,137.0,mm[Hg],numeric
2018-08-26T02:15:34Z,06eb6dda-a918-928f-76cf-6bf370cf2014,06eb6dda-a918-928f-784c-c347ae8dc8e3,vital-signs,8867-4,Heart rate,80.0,/min,numeric
2018-08-26T02:15:34Z,06eb6dda-a918-928f-76cf-6bf370cf2014,06eb6dda-a918-928f-784c-c347ae8dc8e3,vital-signs,9279-1,Respiratory rate,15.0,/min,numeric
2018-08-26T02:15:34Z,06eb6dda-a918-928f-76cf-6bf370cf2014,06eb6dda-a918-928f-784c-c347ae8dc8e3,social-history,72166-2,Tobacco smoking status,Never smoked tobacco (finding),,text
2018-11-25T02:15:34Z,06eb6dda-a918-928f-76cf-6bf370cf2014,06eb6dda-a918-928f-7dcd-d36a0467d2f1,vital-signs,8302-2,Body Height,70.2,cm,numeric
2018-11-25T02:15:34Z,06eb6dda-a918-928f-76cf-6bf370cf2014,06eb6dda-a918-928f-7dcd-d36a0467d2f1,vital-signs,72514-3,Pain severity - 0-10 verbal numeric rating [Score] - Reported,1.0,{score},numeric
2018-11-25T02:15:34Z,06eb6dda-a918-928f-76cf-6bf370cf2014,06eb6dda-a918-928f-7dcd-d36a0467d2f1,vital-signs,29463-7,Body Weight,8.7,kg,numeric
2018-11-25T02:15:34Z,06eb6dda-a918-928f-76cf-6bf370cf2014,06eb6dda-a918-928f-7dcd-d36a0467d2f1,vital-signs,77606-2,Weight-for-length Per age and sex,58.6,%,numeric
2018-11-25T02:15:34Z,06eb6dda-a918-928f-76cf-6bf370cf2014,06eb6dda-a918-928f-7dcd-d36a0467d2f1,vital-signs,8289-1,Head Occipital-frontal circumference Percentile,6.9,%,numeric
2018-11-25T02:15:34Z,06eb6dda-a918-928f-76cf-6bf370cf2014,06eb6dda-a918-928f-7dcd-d36a0467d2f1,vital-signs,9843-4,Head Occipital-frontal circumference,44.3,cm,numeric
2018-11-25T02:15:34Z,06eb6dda-a918-928f-76cf-6bf370cf2014,06eb6dda-a918-928f-7dcd-d36a0467d2f1,vital-signs,8462-4,Diastolic Blood Pressure,82.0,mm[Hg],numeric
2018-11-25T02:15:34Z,06eb6dda-a918-928f-76cf-6bf370cf2014,06eb6dda-a918-928f-7dcd-d36a0467d2f1,vital-signs,8480-6,Systolic Blood Pressure,152.0,mm[Hg],numeric
2018-11-25T02:15:34Z,06eb6dda-a918-928f-76cf-6bf370cf2014,06eb6dda-a918-928f-7dcd-d36a0467d2f1,vital-signs,8867-4,Heart rate,62.0,/min,numeric
2018-11-25T02:15:34Z,06eb6dda-a918-928f-76cf-6bf370cf2014,06eb6dda-a918-928f-7dcd-d36a0467d2f1,vital-signs,9279-1,Respiratory rate,13.0,/min,numeric
2018-11-25T02:15:34Z,06eb6dda-a918-928f-76cf-6bf370cf2014,06eb6dda-a918-928f-7dcd-d36a0467d2f1,social-history,72166-2,Tobacco smoking status,Never smoked tobacco (finding),,text
2019-02-16T18:44:37Z,06eb6dda-a918-928f-76cf-6bf370cf2014,06eb6dda-a918-928f-cf60-beb0a5a2142b,laboratory,6206-7,Peanut IgE Ab [Units/volume] in Serum,0.3,kU/L,numeric
2019-02-16T18:44:37Z,06eb6dda-a918-928f-76cf-6bf370cf2014,06eb6dda-a918-928f-cf60-beb0a5a2142b,laboratory,6273-7,Walnut IgE Ab [Units/volume] in Serum,0.1,kU/L,numeric
2019-02-16T18:44:37Z,06eb6dda-a918-928f-76cf-6bf370cf2014,06eb6dda-a918-928f-cf60-beb0a5a2142b,laboratory,6082-2,Codfish IgE Ab [Units/volume] in Serum,0.0,kU/L,numeric
2019-02-16T18:44:37Z,06eb6dda-a918-928f-76cf-6bf370cf2014,06eb6dda-a918-928f-cf60-beb0a5a2142b,laboratory,6246-3,Shrimp IgE Ab [Units/volume] in Serum,0.0,kU/L,numeric
2019-02-16T18:44:37Z,06eb6dda-a918-928f-76cf-6bf370cf2014,06eb6dda-a918-928f-cf60-beb0a5a2142b,laboratory,6276-0,Wheat IgE Ab [Units/volume] in Serum,0.2,kU/L,numeric
2019-02-16T18:44:37Z,06eb6dda-a918-928f-76cf-6bf370cf2014,06eb6dda-a918-928f-cf60-beb0a5a2142b,laboratory,6106-9,Egg white IgE Ab [Units/volume] in Serum,0.2,kU/L,numeric
2019-02-16T18:44:37Z,06eb6dda-a918-928f-76cf-6bf370cf2014,06eb6dda-a918-928f-cf60-beb0a5a2142b,laboratory,6248-9,Soybean IgE Ab [Units/volume] in Serum,0.1,kU/L,numeric
2019-02-16T18:44:37Z,06eb6dda-a918-928f-76cf-6bf370cf2014,06eb6dda-a918-928f-cf60-beb0a5a2142b,laboratory,7258-7,Cow milk IgE Ab [Units/volume] in Serum,0.1,kU/L,numeric
2019-02-16T18:44:37Z,06eb6dda-a918-928f-76cf-6bf370cf2014,06eb6dda-a918-928f-cf60-beb0a5a2142b,laboratory,6189-5,White oak IgE Ab [Units/volume] in Serum,0.3,kU/L,numeric
2019-02-16T18:44:37Z,06eb6dda-a918-928f-76cf-6bf370cf2014,06eb6dda-a918-928f-cf60-beb0a5a2142b,laboratory,6085-5,Common Ragweed IgE Ab [Units/volume] in Serum,0.3,kU/L,numeric
2019-02-16T18:44:37Z,06eb6dda-a918-928f-76cf-6bf370cf2014,06eb6dda-a918-928f-cf60-beb0a5a2142b,laboratory,6833-8,Cat dander IgE Ab [Units/volume] in Serum,0.1,kU/L,numeric
2019-02-16T18:44:37Z,06eb6dda-a918-928f-76cf-6bf370cf2014,06eb6dda-a918-928f-cf60-beb0a5a2142b,laboratory,6095-4,American house dust mite IgE Ab [Units/volume] in Serum,0.2,kU/L,numeric
2019-02-16T18:44:37Z,06eb6dda-a918-928f-76cf-6bf370cf2014,06eb6dda-a918-928f-cf60-beb0a5a2142b,laboratory,6075-6,Cladosporium herbarum IgE Ab [Units/volume] in Serum,0.3,kU/L,numeric
2019-02-16T18:44:37Z,06eb6dda-a918-928f-76cf-6bf370cf2014,06eb6dda-a918-928f-cf60-beb0a5a2142b,laboratory,6844-5,Honey bee IgE Ab [Units/volume] in Serum,0.2,,numeric
2019-02-16T18:44:37Z,06eb6dda-a918-928f-76cf-6bf370cf2014,06eb6dda-a918-928f-cf60-beb0a5a2142b,laboratory,6158-0,Latex IgE Ab [Units/volume] in Serum,0.3,kU/L,numeric
2019-02-24T02:15:34Z,06eb6dda-a918-928f-76cf-6bf370cf2014,06eb6dda-a918-928f-f3c2-d6ecb623a6f7,vital-signs,8302-2,Body Height,73.3,cm,numeric
2019-02-24T02:15:34Z,06eb6dda-a918-928f-76cf-6bf370cf2014,06eb6dda-a918-928f-f3c2-d6ecb623a6f7,vital-signs,72514-3,Pain severity - 0-10 verbal numeric rating [Score] - Reported,3.0,{score},numeric
2019-02-24T02:15:34Z,06eb6dda-a918-928f-76cf-6bf370cf2014,06eb6dda-a918-928f-f3c2-d6ecb623a6f7,vital-signs,29463-7,Body Weight,9.4,kg,numeric
2019-02-24T02:15:34Z,06eb6dda-a918-928f-76cf-6bf370cf2014,06eb6dda-a918-928f-f3c2-d6ecb623a6f7,vital-signs,77606-2,Weight-for-length Per age and sex,56.9,,numeric
2019-02-24T02:15:34Z,06eb6dda-a918-928f-76cf-6bf370cf2014,06eb6dda-a918-928f-f3c2-d6ecb623a6f7,vital-signs,8289-1,Head Occipital-frontal circumference Percentile,6.9,%,numeric
2019-02-24T02:15:34Z,06eb6dda-a918-928f-76cf-6bf370cf2014,06eb6dda-a918-928f-f3c2-d6ecb623a6f7,vital-signs,9843-4,Head Occipital-frontal circumference,45.1,cm,numeric
2019-02-24T02:15:34Z,06eb6dda-a918-928f-76cf-6bf370cf2014,06eb6dda-a918-928f-f3c2-d6ecb623a6f7,vital-signs,8462-4,Diastolic Blood Pressure,91.0,mm[Hg],numeric
2019-02-24T02:15:34Z,06eb6dda-a918-928f-76cf-6bf370cf2014,06eb6dda-a918-928f-f3c2-d6ecb623a6f7,vital-signs,8480-6,Systolic Blood Pressure,128.0,mm[Hg],numeric
2019-02-24T02:15:34Z,06eb6dda-a918-928f-76cf-6bf370cf2014,06eb6dda-a918-928f-f3c2-d6ecb623a6f7,vital-signs,8867-4,Heart rate,67.0,/min,numeric
2019-02-24T02:15:34Z,06eb6dda-a918-928f-76cf-6bf370cf2014,06eb6dda-a918-928f-f3c2-d6ecb623a6f7,vital-signs,9279-1,Respiratory rate,16.0,/min,numeric
2019-02-24T02:15:34Z,06eb6dda-a918-928f-76cf-6bf370cf2014,06eb6dda-a918-928f-f3c2-d6ecb623a6f7,social-history,72166-2,Tobacco smoking status,Never smoked tobacco (finding),,text
2019-05-26T02:15:34Z,06eb6dda-a918-928f-76cf-6bf370cf2014,06eb6dda-a918-928f-20d3-111646a20975,vital-signs,8302-2,Body Height,76.0,cm,numeric
2019-05-26T02:15:34Z,06eb6dda-a918-928f-76cf-6bf370cf2014,06eb6dda-a918-928f-20d3-111646a20975,vital-signs,72514-3,Pain severity - 0-10 verbal numeric rating [Score] - Reported,1.0,{score},numeric
2019-05-26T02:15:34Z,06eb6dda-a918-928f-76cf-6bf370cf2014,06eb6dda-a918-928f-20d3-111646a20975,vital-signs,29463-7,Body Weight,9.9,kg,numeric
2019-05-26T02:15:34Z,06eb6dda-a918-928f-76cf-6bf370cf2014,06eb6dda-a918-928f-20d3-111646a20975,vital-signs,77606-2,Weight-for-length Per age and sex,46.1,%,numeric
2019-05-26T02:15:34Z,06eb6dda-a918-928f-76cf-6bf370cf2014,06eb6dda-a918-928f-20d3-111646a20975,vital-signs,8289-1,Head Occipital-frontal circumference Percentile,6.9,%,numeric
2019-05-26T02:15:34Z,06eb6dda-a918-928f-76cf-6bf370cf2014,06eb6dda-a918-928f-20d3-111646a20975,vital-signs,9843-4,Head Occipital-frontal circumference,45.7,cm,numeric
2019-05-26T02:15:34Z,06eb6dda-a918-928f-76cf-6bf370cf2014,06eb6dda-a918-928f-20d3-111646a20975,vital-signs,8462-4,Diastolic Blood Pressure,88.0,mm[Hg],numeric
2019-05-26T02:15:34Z,06eb6dda-a918-928f-76cf-6bf370cf2014,06eb6dda-a918-928f-20d3-111646a20975,vital-signs,8480-6,Systolic Blood Pressure,139.0,mm[Hg],numeric
2019-05-26T02:15:34Z,06eb6dda-a918-928f-76cf-6bf370cf2014,06eb6dda-a918-928f-20d3-111646a20975,vital-signs,8867-4,Heart rate,89.0,/min,numeric
2019-05-26T02:15:34Z,06eb6dda-a918-928f-76cf-6bf370cf2014,06eb6dda-a918-928f-20d3-111646a20975,vital-signs,9279-1,Respiratory rate,13.0,/min,numeric
2019-05-26T02:15:34Z,06eb6dda-a918-928f-76cf-6bf370cf2014,06eb6dda-a918-928f-20d3-111646a20975,social-history,72166-2,Tobacco smoking status,Never smoked tobacco (finding),,text
2019-11-24T02:15:34Z,06eb6dda-a918-928f-76cf-6bf370cf2014,06eb6dda-a918-928f-87e8-9c38cbaad88a,vital-signs,8302-2,Body Height,80.7,cm,numeric
2019-11-24T02:15:34Z,06eb6dda-a918-928f-76cf-6bf370cf2014,06eb6dda-a918-928f-87e8-9c38cbaad88a,vital-signs,72514-3,Pain severity - 0-10 verbal numeric rating [Score] - Reported,4.0,{score},numeric
2019-11-24T02:15:34Z,06eb6dda-a918-928f-76cf-6bf370cf2014,06eb6dda-a918-928f-87e8-9c38cbaad88a,vital-signs,29463-7,Body Weight,10.8,kg,numeric
2019-11-24T02:15:34Z,06eb6dda-a918-928f-76cf-6bf370cf2014,06eb6dda-a918-928f-87e8-9c38cbaad88a,vital-signs,77606-2,Weight-for-length Per age and sex,35.1,%,numeric
2019-11-24T02:15:34Z,06eb6dda-a918-928f-76cf-6bf370cf2014,06eb6dda-a918-928f-87e8-9c38cbaad88a,vital-signs,8289-1,Head Occipital-frontal circumference Percentile,6.9,%,numeric
2019-11-24T02:15:34Z,06eb6dda-a918-928f-76cf-6bf370cf2014,06eb6dda-a918-928f-87e8-9c38cbaad88a,vital-signs,9843-4,Head Occipital-frontal circumference,46.5,cm,numeric
2019-11-24T02:15:34Z,06eb6dda-a918-928f-76cf-6bf370cf2014,06eb6dda-a918-928f-87e8-9c38cbaad88a,vital-signs,8462-4,Diastolic Blood Pressure,84.0,,numeric
2019-11-24T02:15:34Z,06eb6dda-a918-928f-76cf-6bf370cf2014,06eb6dda-a918-928f-87e8-9c38cbaad88a,vital-signs,8480-6,Systolic Blood Pressure,130.0,mm[Hg],numeric
2019-11-24T02:15:34Z,06eb6dda-a918-928f-76cf-6bf370cf2014,06eb6dda-a918-928f-87e8-9c38cbaad88a,vital-signs,8867-4,Heart rate,84.0,/min,numeric
2019-11-24T02:15:34Z,06eb6dda-a918-928f-76cf-6bf370cf2014,06eb6dda-a918-928f-87e8-9c38cbaad88a,vital-signs,9279-1,Respiratory rate,15.0,/min,numeric
2019-11-24T02:15:34Z,06eb6dda-a918-928f-76cf-6bf370cf2014,06eb6dda-a918-928f-87e8-9c38cbaad88a,social-history,72166-2,Tobacco smoking status,Never smoked tobacco (finding),,text
2020-05-01T05:15:34Z,06eb6dda-a918-928f-76cf-6bf370cf2014,06eb6dda-a918-928f-8133-db7d5952159b,exam,66519-0,Percentage area affected by eczema Head and Neck [PhenX],2.3,%,numeric
2020-05-01T05:15:34Z,06eb6dda-a918-928f-76cf-6bf370cf2014,06eb6dda-a918-928f-8133-db7d5952159b,exam,66529-9,Percentage area affected by eczema Trunk [PhenX],4.9,%,numeric
2020-05-01T05:15:34Z,06eb6dda-a918-928f-76cf-6bf370cf2014,06eb6dda-a918-928f-8133-db7d5952159b,exam,66524-0,Percentage area affected by eczema Upper extremity - bilateral [PhenX],6.5,%,numeric
2020-05-01T05:15:34Z,06eb6dda-a918-928f-76cf-6bf370cf2014,06eb6dda-a918-928f-8133-db7d5952159b,exam,66534-9,Percentage area affected by eczema Lower extremity - bilateral [PhenX],10.4,%,numeric
2020-05-24T02:15:34Z,06eb6dda-a918-928f-76cf-6bf370cf2014,06eb6dda-a918-928f-2c4c-81fcd206a75b,vital-signs,8302-2,Body Height,84.3,cm,numeric
2020-05-24T02:15:34Z,06eb6dda-a918-928f-76cf-6bf370cf2014,06eb6dda-a918-928f-2c4c-81fcd206a75b,vital-signs,72514-3,Pain severity - 0-10 verbal numeric rating [Score] - Reported,1.0,{score},numeric
2020-05-24T02:15:34Z,06eb6dda-a918-928f-76cf-6bf370cf2014,06eb6dda-a918-928f-2c4c-81fcd206a75b,vital-signs,29463-7,Body Weight,11.5,kg,numeric
2020-05-24T02:15:34Z,06eb6dda-a918-928f-76cf-6bf370cf2014,06eb6dda-a918-928f-2c4c-81fcd206a75b,vital-signs,77606-2,Weight-for-length Per age and sex,37.0,%,numeric
2020-05-24T02:15:34Z,06eb6dda-a918-928f-76cf-6bf370cf2014,06eb6dda-a918-928f-2c4c-81fcd206a75b,vital-signs,8289-1,Head Occipital-frontal circumference Percentile,6.9,%,numeric
2020-05-24T02:15:34Z,06eb6dda-a918-928f-76cf-6bf370cf2014,06eb6dda-a918-928f-2c4c-81fcd206a75b,vital-signs,9843-4,Head Occipital-frontal circumference,46.9,cm,numeric
2020-05-24T02:15:34Z,06eb6dda-a918-928f-76cf-6bf370cf2014,06eb6dda-a918-928f-2c4c-81fcd206a75b,vital-signs,39156-5,Body mass index (BMI) [Ratio],16.2,kg/m2,numeric
2020-05-24T02:15:34Z,06eb6dda-a918-928f-76cf-6bf370cf2014,06eb6dda-a918-928f-2c4c-81fcd206a75b,vital-signs,59576-9,Body mass index (BMI) [Percentile] Per age and sex,,%,numeric
2020-05-24T02:15:34Z,06eb6dda-a918-928f-76cf-6bf370cf2014,06eb6dda-a918-928f-2c4c-81fcd206a75b,vital-signs,8462-4,Diastolic Blood Pressure,86.0,mm[Hg],numeric
2020-05-24T02:15:34Z,06eb6dda-a918-928f-76cf-6bf370cf2014,06eb6dda-a918-928f-2c4c-81fcd206a75b,vital-signs,8480-6,Systolic Blood Pressure,138.0,mm[Hg],numeric
2020-05-24T02:15:34Z,06eb6dda-a918-928f-76cf-6bf370cf2014,06eb6dda-a918-928f-2c4c-81fcd206a75b,vital-signs,8867-4,Heart rate,98.0,/min,numeric
2020-05-24T02:15:34Z,06eb6dda-a918-928f-76cf-6bf370cf2014,06eb6dda-a918-928f-2c4c-81fcd206a75b,vital-signs,9279-1,Respiratory rate,15.0,,numeric
2020-05-24T02:15:34Z,06eb6dda-a918-928f-76cf-6bf370cf2014,06eb6dda-a918-928f-2c4c-81fcd206a75b,social-history,72166-2,Tobacco smoking status,Never smoked tobacco (finding),,text
2020-11-22T02:15:34Z,06eb6dda-a918-928f-76cf-6bf370cf2014,06eb6dda-a918-928f-486d-e2c54599c0d1,vital-signs,8302-2,Body Height,88.2,cm,numeric
2020-11-22T02:15:34Z,06eb6dda-a918-928f-76cf-6bf370cf2014,06eb6dda-a918-928f-486d-e2c54599c0d1,vital-signs,72514-3,Pain severity - 0-10 verbal numeric rating [Score] - Reported,0.0,{score},numeric
2020-11-22T02:15:34Z,06eb6dda-a918-928f-76cf-6bf370cf2014,06eb6dda-a918-928f-486d-e2c54599c0d1,vital-signs,29463-7,Body Weight,12.2,kg,numeric
2020-11-22T02:15:34Z,06eb6dda-a918-928f-76cf-6bf370cf2014,06eb6dda-a918-928f-486d-e2c54599c0d1,vital-signs,77606-2,Weight-for-length Per age and sex,29.7,%,numeric
2020-11-22T02:15:34Z,06eb6dda-a918-928f-76cf-6bf370cf2014,06eb6dda-a918-928f-486d-e2c54599c0d1,vital-signs,8289-1,Head Occipital-frontal circumference Percentile,6.9,%,numeric
2020-11-22T02:15:34Z,06eb6dda-a918-928f-76cf-6bf370cf2014,06eb6dda-a918-928f-486d-e2c54599c0d1,vital-signs,9843-4,Head Occipital-frontal circumference,47.1,cm,numeric
2020-11-22T02:15:34Z,06eb6dda-a918-928f-76cf-6bf370cf2014,06eb6dda-a918-928f-486d-e2c54599c0d1,vital-signs,39156-5,Body mass index (BMI) [Ratio],15.7,kg/m2,numeric
2020-11-22T02:15:34Z,06eb6dda-a918-928f-76cf-6bf370cf2014,06eb6dda-a918-928f-486d-e2c54599c0d1,vital-signs,59576-9,Body mass index (BMI) [Percentile] Per age and sex,38.3,%,numeric
2020-11-22T02:15:34Z,06eb6dda-a918-928f-76cf-6bf370cf2014,06eb6dda-a918-928f-486d-e2c54599c0d1,vital-signs,8462-4,Diastolic Blood Pressure,85.0,mm[Hg],numeric
2020-11-22T02:15:34Z,06eb6dda-a918-928f-76cf-6bf370cf2014,06eb6dda-a918-928f-486d-e2c54599c0d1,vital-signs,8480-6,Systolic Blood Pressure,142.0,mm[Hg],numeric
2020-11-22T02:15:34Z,06eb6dda-a918-928f-76cf-6bf370cf2014,06eb6dda-a918-928f-486d-e2c54599c0d1,vital-signs,8867-4,Heart rate,90.0,/min,numeric
2020-11-22T02:15:34Z,06eb6dda-a918-928f-76cf-6bf370cf2014,06eb6dda-a918-928f-486d-e2c54599c0d1,vital-signs,9279-1,Respiratory rate,,/min,numeric
2020-11-22T02:15:34Z,06eb6dda-a918-928f-76cf-6bf370cf2014,06eb6dda-a918-928f-486d-e2c54599c0d1,social-history,72166-2,Tobacco smoking status,Never smoked tobacco (finding),,text
2021-05-23T02:15:34Z,06eb6dda-a918-928f-76cf-6bf370cf2014,06eb6dda-a918-928f-a05c-22d15078180f,vital-signs,8302-2,Body Height,91.6,cm,numeric
2021-05-23T02:15:34Z,06eb6dda-a918-928f-76cf-6bf370cf2014,06eb6dda-a918-928f-a05c-22d15078180f,vital-signs,72514-3,Pain severity - 0-10 verbal numeric rating [Score] - Reported,1.0,{score},numeric
2021-05-23T02:15:34Z,06eb6dda-a918-928f-76cf-6bf370cf2014,06eb6dda-a918-928f-a05c-22d15078180f,vital-signs,29463-7,Body Weight,13.6,kg,numeric
2021-05-23T02:15:34Z,06eb6dda-a918-928f-76cf-6bf370cf2014,06eb6dda-a918-928f-a05c-22d15078180f,vital-signs,77606-2,Weight-for-length Per age and sex,32.8,%,numeric
2021-05-23T02:15:34Z,06eb6dda-a918-928f-76cf-6bf370cf2014,06eb6dda-a918-928f-a05c-22d15078180f,vital-signs,8289-1,Head Occipital-frontal circumference Percentile,6.9,%,numeric
2021-05-23T02:15:34Z,06eb6dda-a918-928f-76cf-6bf370cf2014,06eb6dda-a918-928f-a05c-22d15078180f,vital-signs,9843-4,Head Occipital-frontal circumference,47.2,cm,numeric
2021-05-23T02:15:34Z,06eb6dda-a918-928f-76cf-6bf370cf2014,06eb6dda-a918-928f-a05c-22d15078180f,vital-signs,39156-5,Body mass index (BMI) [Ratio],16.3,kg/m2,numeric
2021-05-23T02:15:34Z,06eb6dda-a918-928f-76cf-6bf370cf2014,06eb6dda-a918-928f-a05c-22d15078180f,vital-signs,59576-9,Body mass index (BMI) [Percentile] Per age and sex,64.2,%,numeric
2021-05-23T02:15:34Z,06eb6dda-a918-928f-76cf-6bf370cf2014,06eb6dda-a918-928f-a05c-22d15078180f,vital-signs,8462-4,Diastolic Blood Pressure,84.0,mm[Hg],numeric
2021-05-23T02:15:34Z,06eb6dda-a918-928f-76cf-6bf370cf2014,06eb6dda-a918-928f-a05c-22d15078180f,vital-signs,8480-6,Systolic Blood Pressure,134.0,mm[Hg],numeric
2021-05-23T02:15:34Z,06eb6dda-a918-928f-76cf-6bf370cf2014,06eb6dda-a918-928f-a05c-22d15078180f,vital-signs,8867-4,Heart rate,,/min,numeric
2021-05-23T02:15:34Z,06eb6dda-a918-928f-76cf-6bf370cf2014,06eb6dda-a918-928f-a05c-22d15078180f,vital-signs,9279-1,Respiratory rate,14.0,/min,numeric
2021-05-23T02:15:34Z,06eb6dda-a918-928f-76cf-6bf370cf2014,06eb6dda-a918-928f-a05c-22d15078180f,social-history,72166-2,Tobacco smoking status,Never smoked tobacco (finding),,text
2021-11-21T02:15:34Z,06eb6dda-a918-928f-76cf-6bf370cf2014,06eb6dda-a918-928f-05da-e90a4f6f7869,vital-signs,8302-2,Body Height,94.6,cm,numeric
2021-11-21T02:15:34Z,06eb6dda-a918-928f-76cf-6bf370cf2014,06eb6dda-a918-928f-05da-e90a4f6f7869,vital-signs,72514-3,Pain severity - 0-10 verbal numeric rating [Score] - Reported,3.0,{score},numeric
2021-11-21T02:15:34Z,06eb6dda-a918-928f-76cf-6bf370cf2014,06eb6dda-a918-928f-05da-e90a4f6f7869,vital-signs,29463-7,Body Weight,15.0,kg,numeric
2021-11-21T02:15:34Z,06eb6dda-a918-928f-76cf-6bf370cf2014,06eb6dda-a918-928f-05da-e90a4f6f7869,vital-signs,77606-2,Weight-for-length Per age and sex,32.8,%,numeric
2021-11-21T02:15:34Z,06eb6dda-a918-928f-76cf-6bf370cf2014,06eb6dda-a918-928f-05da-e90a4f6f7869,vital-signs,8289-1,Head Occipital-frontal circumference Percentile,6.9,%,numeric
2021-11-21T02:15:34Z,06eb6dda-a918-928f-76cf-6bf370cf2014,06eb6dda-a918-928f-05da-e90a4f6f7869,vital-signs,9843-4,Head Occipital-frontal circumference,47.2,cm,numeric
2021-11-21T02:15:34Z,06eb6dda-a918-928f-76cf-6bf370cf2014,06eb6dda-a918-928f-05da-e90a4f6f7869,vital-signs,39156-5,Body mass index (BMI) [Ratio],16.7,kg/m2,numeric
2021-11-21T02:15:34Z,06eb6dda-a918-928f-76cf-6bf370cf2014,06eb6dda-a918-928f-05da-e90a4f6f7869,vital-signs,59576-9,Body mass index (BMI) [Percentile] Per age and sex,80.5,%,numeric
2021-11-21T02:15:34Z,06eb6dda-a918-928f-76cf-6bf370cf2014,06eb6dda-a918-928f-05da-e90a4f6f7869,vital-signs,8462-4,Diastolic Blood Pressure,93.0,mm[Hg],numeric
2021-11-21T02:15:34Z,06eb6dda-a918-928f-76cf-6bf370cf2014,06eb6dda-a918-928f-05da-e90a4f6f7869,vital-signs,8480-6,Systolic Blood Pressure,141.0,mm[Hg],numeric
2021-11-21T02:15:34Z,06eb6dda-a918-928f-76cf-6bf370cf2014,06eb6dda-a918-928f-05da-e90a4f6f7869,vital-signs,8867-4,Heart rate,64.0,/min,numeric
2021-11-21T02:15:34Z,06eb6dda-a918-928f-76cf-6bf370cf2014,06eb6dda-a918-928f-05da-e90a4f6f7869,vital-signs,9279-1,Respiratory rate,13.0,/min,numeric
2021-11-21T02:15:34Z,06eb6dda-a918-928f-76cf-6bf370cf2014,06eb6dda-a918-928f-05da-e90a4f6f7869,social-history,72166-2,Tobacco smoking status,Never smoked tobacco (finding),,text
2022-11-27T02:15:34Z,06eb6dda-a918-928f-76cf-6bf370cf2014,06eb6dda-a918-928f-2533-1767c134658a,vital-signs,8302-2,Body Height,100.5,,numeric
2022-11-27T02:15:34Z,06eb6dda-a918-928f-76cf-6bf370cf2014,06eb6dda-a918-928f-2533-1767c134658a,vital-signs,72514-3,Pain severity - 0-10 verbal numeric rating [Score] - Reported,3.0,{score},numeric
2022-11-27T02:15:34Z,06eb6dda-a918-928f-76cf-6bf370cf2014,06eb6dda-a918-928f-2533-1767c134658a,vital-signs,29463-7,Body Weight,16.2,kg,numeric
2022-11-27T02:15:34Z,06eb6dda-a918-928f-76cf-6bf370cf2014,06eb6dda-a918-928f-2533-1767c134658a,vital-signs,39156-5,Body mass index (BMI) [Ratio],16.1,kg/m2,numeric
2022-11-27T02:15:34Z,06eb6dda-a918-928f-76cf-6bf370cf2014,06eb6dda-a918-928f-2533-1767c134658a,vital-signs,59576-9,Body mass index (BMI) [Percentile] Per age and sex,69.9,%,numeric
2022-11-27T02:15:34Z,06eb6dda-a918-928f-76cf-6bf370cf2014,06eb6dda-a918-928f-2533-1767c134658a,vital-signs,8462-4,Diastolic Blood Pressure,88.0,mm[Hg],numeric
2022-11-27T02:15:34Z,06eb6dda-a918-928f-76cf-6bf370cf2014,06eb6dda-a918-928f-2533-1767c134658a,vital-signs,8480-6,Systolic Blood Pressure,138.0,mm[Hg],numeric
2022-11-27T02:15:34Z,06eb6dda-a918-928f-76cf-6bf370cf2014,06eb6dda-a918-928f-2533-1767c134658a,vital-signs,8867-4,Heart rate,88.0,/min,numeric
2022-11-27T02:15:34Z,06eb6dda-a918-928f-76cf-6bf370cf2014,06eb6dda-a918-928f-2533-1767c134658a,vital-signs,9279-1,Respiratory rate,14.0,/min,numeric
2022-11-27T02:15:34Z,06eb6dda-a918-928f-76cf-6bf370cf2014,06eb6dda-a918-928f-2533-1767c134658a,social-history,72166-2,Tobacco smoking status,Never smoked tobacco (finding),,text
2023-12-03T02:15:34Z,06eb6dda-a918-928f-76cf-6bf370cf2014,06eb6dda-a918-928f-8c6c-b32c1c0c931d,vital-signs,8302-2,Body Height,106.3,cm,numeric
2023-12-03T02:15:34Z,06eb6dda-a918-928f-76cf-6bf370cf2014,06eb6dda-a918-928f-8c6c-b32c1c0c931d,vital-signs,72514-3,Pain severity - 0-10 verbal numeric rating [Score] - Reported,2.0,{score},numeric
2023-12-03T02:15:34Z,06eb6dda-a918-928f-76cf-6bf370cf2014,06eb6dda-a918-928f-8c6c-b32c1c0c931d,vital-signs,29463-7,Body Weight,,kg,numeric
2023-12-03T02:15:34Z,06eb6dda-a918-928f-76cf-6bf370cf2014,06eb6dda-a918-928f-8c6c-b32c1c0c931d,vital-signs,39156-5,Body mass index (BMI) [Ratio],16.0,kg/m2,numeric
2023-12-03T02:15:34Z,06eb6dda-a918-928f-76cf-6bf370cf2014,06eb6dda-a918-928f-8c6c-b32c1c0c931d,vital-signs,59576-9,Body mass index (BMI) [Percentile] Per age and sex,68.4,%,numeric
2023-12-03T02:15:34Z,06eb6dda-a918-928f-76cf-6bf370cf2014,06eb6dda-a918-928f-8c6c-b32c1c0c931d,vital-signs,8462-4,Diastolic Blood Pressure,86.0,,numeric
2023-12-03T02:15:34Z,06eb6dda-a918-928f-76cf-6bf370cf2014,06eb6dda-a918-928f-8c6c-b32c1c0c931d,vital-signs,8480-6,Systolic Blood Pressure,129.0,mm[Hg],numeric
2023-12-03T02:15:34Z,06eb6dda-a918-928f-76cf-6bf370cf2014,06eb6dda-a918-928f-8c6c-b32c1c0c931d,vital-signs,8867-4,Heart rate,94.0,,numeric
2023-12-03T02:15:34Z,06eb6dda-a918-928f-76cf-6bf370cf2014,06eb6dda-a918-928f-8c6c-b32c1c0c931d,vital-signs,9279-1,Respiratory rate,13.0,/min,numeric
2023-12-03T02:15:34Z,06eb6dda-a918-928f-76cf-6bf370cf2014,06eb6dda-a918-928f-8c6c-b32c1c0c931d,laboratory,6690-2,Leukocytes [#/volume] in Blood by Automated count,9.3,10*3/uL,numeric
2023-12-03T02:15:34Z,06eb6dda-a918-928f-76cf-6bf370cf2014,06eb6dda-a918-928f-8c6c-b32c1c0c931d,laboratory,789-8,Erythrocytes [#/volume] in Blood by Automated count,4.7,10*6/uL,numeric
2023-12-03T02:15:34Z,06eb6dda-a918-928f-76cf-6bf370cf2014,06eb6dda-a918-928f-8c6c-b32c1c0c931d,laboratory,718-7,Hemoglobin [Mass/volume] in Blood,15.6,g/dL,numeric
2023-12-03T02:15:34Z,06eb6dda-a918-928f-76cf-6bf370cf2014,06eb6dda-a918-928f-8c6c-b32c1c0c931d,laboratory,4544-3,Hematocrit [Volume Fraction] of Blood by Automated count,47.7,%,numeric
2023-12-03T02:15:34Z,06eb6dda-a918-928f-76cf-6bf370cf2014,06eb6dda-a918-928f-8c6c-b32c1c0c931d,laboratory,787-2,MCV [Entitic mean volume] in Red Blood Cells by Automated count,81.9,fL,numeric
2023-12-03T02:15:34Z,06eb6dda-a918-928f-76cf-6bf370cf2014,06eb6dda-a918-928f-8c6c-b32c1c0c931d,laboratory,785-6,MCH [Entitic mass] by Automated count,31.2,pg,numeric
2023-12-03T02:15:34Z,06eb6dda-a918-928f-76cf-6bf370cf2014,06eb6dda-a918-928f-8c6c-b32c1c0c931d,laboratory,786-4,MCHC [Entitic Mass/volume] in Red Blood Cells by Automated count,33.5,g/dL,numeric
2023-12-03T02:15:34Z,06eb6dda-a918-928f-76cf-6bf370cf2014,06eb6dda-a918-928f-8c6c-b32c1c0c931d,laboratory,788-0,Erythrocyte [DistWidth] in Blood by Automated count,42.6,fL,numeric
2023-12-03T02:15:34Z,06eb6dda-a918-928f-76cf-6bf370cf2014,06eb6dda-a918-928f-8c6c-b32c1c0c931d,laboratory,777-3,Platelets [#/volume] in Blood by Automated count,422.6,10*3/uL,numeric
2023-12-03T02:15:34Z,06eb6dda-a918-928f-76cf-6bf370cf2014,06eb6dda-a918-928f-8c6c-b32c1c0c931d,laboratory,32207-3,Platelet distribution width [Entitic volume] in Blood by Automated count,334.6,fL,numeric
2023-12-03T02:15:34Z,06eb6dda-a918-928f-76cf-6bf370cf2014,06eb6dda-a918-928f-8c6c-b32c1c0c931d,laboratory,32623-1,Platelet [Entitic mean volume] in Blood by Automated count,11.8,fL,numeric
2023-12-03T02:15:34Z,06eb6dda-a918-928f-76cf-6bf370cf2014,06eb6dda-a918-928f-8c6c-b32c1c0c931d,social-history,72166-2,Tobacco smoking status,Never smoked tobacco (finding),,text
2024-10-20T02:15:34Z,06eb6dda-a918-928f-76cf-6bf370cf2014,06eb6dda-a918-928f-ec14-c98dfef98857,vital-signs,8302-2,Body Height,111.7,cm,numeric
2024-10-20T02:15:34Z,06eb6dda-a918-928f-76cf-6bf370cf2014,06eb6dda-a918-928f-ec14-c98dfef98857,vital-signs,72514-3,Pain severity - 0-10 verbal numeric rating [Score] - Reported,4.0,{score},numeric
2024-10-20T02:15:34Z,06eb6dda-a918-928f-76cf-6bf370cf2014,06eb6dda-a918-928f-ec14-c98dfef98857,vital-signs,29463-7,Body Weight,20.6,kg,numeric
2024-10-20T02:15:34Z,06eb6dda-a918-928f-76cf-6bf370cf2014,06eb6dda-a918-928f-ec14-c98dfef98857,vital-signs,39156-5,Body mass index (BMI) [Ratio],16.5,kg/m2,numeric
2024-10-20T02:15:34Z,06eb6dda-a918-928f-76cf-6bf370cf2014,06eb6dda-a918-928f-ec14-c98dfef98857,vital-signs,59576-9,Body mass index (BMI) [Percentile] Per age and sex,74.0,%,numeric
2024-10-20T02:15:34Z,06eb6dda-a918-928f-76cf-6bf370cf2014,06eb6dda-a918-928f-ec14-c98dfef98857,vital-signs,8462-4,Diastolic Blood Pressure,84.0,mm[Hg],numeric
2024-10-20T02:15:34Z,06eb6dda-a918-928f-76cf-6bf370cf2014,06eb6dda-a918-928f-ec14-c98dfef98857,vital-signs,8480-6,Systolic Blood Pressure,130.0,mm[Hg],numeric
2024-10-20T02:15:34Z,06eb6dda-a918-928f-76cf-6bf370cf2014,06eb6dda-a918-928f-ec14-c98dfef98857,vital-signs,8867-4,Heart rate,73.0,/min,numeric
2024-10-20T02:15:34Z,06eb6dda-a918-928f-76cf-6bf370cf2014,06eb6dda-a918-928f-ec14-c98dfef98857,vital-signs,9279-1,Respiratory rate,14.0,/min,numeric
2024-10-20T02:15:34Z,06eb6dda-a918-928f-76cf-6bf370cf2014,06eb6dda-a918-928f-ec14-c98dfef98857,social-history,72166-2,Tobacco smoking status,Never smoked tobacco (finding),,text
2024-10-27T02:15:34Z,06eb6dda-a918-928f-76cf-6bf370cf2014,06eb6dda-a918-928f-3812-a30616d650d1,vital-signs,8302-2,Body Height,111.7,cm,numeric
2024-10-27T02:15:34Z,06eb6dda-a918-928f-76cf-6bf370cf2014,06eb6dda-a918-928f-3812-a30616d650d1,vital-signs,72514-3,Pain severity - 0-10 verbal numeric rating [Score] - Reported,1.0,{score},numeric
2024-10-27T02:15:34Z,06eb6dda-a918-928f-76cf-6bf370cf2014,06eb6dda-a918-928f-3812-a30616d650d1,vital-signs,29463-7,Body Weight,20.6,kg,numeric
2024-10-27T02:15:34Z,06eb6dda-a918-928f-76cf-6bf370cf2014,06eb6dda-a918-928f-3812-a30616d650d1,vital-signs,39156-5,Body mass index (BMI) [Ratio],16.5,kg/m2,numeric
2024-10-27T02:15:34Z,06eb6dda-a918-928f-76cf-6bf370cf2014,06eb6dda-a918-928f-3812-a30616d650d1,vital-signs,59576-9,Body mass index (BMI) [Percentile] Per age and sex,74.0,%,numeric
2024-10-27T02:15:34Z,06eb6dda-a918-928f-76cf-6bf370cf2014,06eb6dda-a918-928f-3812-a30616d650d1,vital-signs,8462-4,Diastolic Blood Pressure,87.0,mm[Hg],numeric
2024-10-27T02:15:34Z,06eb6dda-a918-928f-76cf-6bf370cf2014,06eb6dda-a918-928f-3812-a30616d650d1,vital-signs,8480-6,Systolic Blood Pressure,131.0,mm[Hg],numeric
2024-10-27T02:15:34Z,06eb6dda-a918-928f-76cf-6bf370cf2014,06eb6dda-a918-928f-3812-a30616d650d1,vital-signs,8867-4,Heart rate,67.0,/min,numeric
2024-10-27T02:15:34Z,06eb6dda-a918-928f-76cf-6bf370cf2014,06eb6dda-a918-928f-3812-a30616d650d1,vital-signs,9279-1,Respiratory rate,13.0,/min,numeric
2024-10-27T02:15:34Z,06eb6dda-a918-928f-76cf-6bf370cf2014,06eb6dda-a918-928f-3812-a30616d650d1,social-history,72166-2,Tobacco smoking status,Never smoked tobacco (finding),,text
2024-11-03T02:15:34Z,06eb6dda-a918-928f-76cf-6bf370cf2014,06eb6dda-a918-928f-4daa-7ec6bd712fc4,vital-signs,8302-2,Body Height,111.7,cm,numeric
2024-11-03T02:15:34Z,06eb6dda-a918-928f-76cf-6bf370cf2014,06eb6dda-a918-928f-4daa-7ec6bd712fc4,vital-signs,72514-3,Pain severity - 0-10 verbal numeric rating [Score] - Reported,2.0,{score},numeric
2024-11-03T02:15:34Z,06eb6dda-a918-928f-76cf-6bf370cf2014,06eb6dda-a918-928f-4daa-7ec6bd712fc4,vital-signs,29463-7,Body Weight,20.6,kg,numeric
2024-11-03T02:15:34Z,06eb6dda-a918-928f-76cf-6bf370cf2014,06eb6dda-a918-928f-4daa-7ec6bd712fc4,vital-signs,39156-5,Body mass index (BMI) [Ratio],16.5,kg/m2,numeric
2024-11-03T02:15:34Z,06eb6dda-a918-928f-76cf-6bf370cf2014,06eb6dda-a918-928f-4daa-7ec6bd712fc4,vital-signs,59576-9,Body mass index (BMI) [Percentile] Per age and sex,74.0,%,numeric
2024-11-03T02:15:34Z,06eb6dda-a918-928f-76cf-6bf370cf2014,06eb6dda-a918-928f-4daa-7ec6bd712fc4,vital-signs,8462-4,Diastolic Blood Pressure,82.0,mm[Hg],numeric
2024-11-03T02:15:34Z,06eb6dda-a918-928f-76cf-6bf370cf2014,06eb6dda-a918-928f-4daa-7ec6bd712fc4,vital-signs,8480-6,Systolic Blood Pressure,131.0,mm[Hg],numeric
2024-11-03T02:15:34Z,06eb6dda-a918-928f-76cf-6bf370cf2014,06eb6dda-a918-928f-4daa-7ec6bd712fc4,vital-signs,8867-4,Heart rate,,,numeric
2024-11-03T02:15:34Z,06eb6dda-a918-928f-76cf-6bf370cf2014,06eb6dda-a918-928f-4daa-7ec6bd712fc4,vital-signs,9279-1,Respiratory rate,14.0,/min,numeric
2024-11-03T02:15:34Z,06eb6dda-a918-928f-76cf-6bf370cf2014,06eb6dda-a918-928f-4daa-7ec6bd712fc4,social-history,72166-2,Tobacco smoking status,Never smoked tobacco (finding),,text
2024-12-08T02:15:34Z,06eb6dda-a918-928f-76cf-6bf370cf2014,06eb6dda-a918-928f-b1b4-daa01e8406e5,vital-signs,8302-2,Body Height,112.2,cm,numeric
2024-12-08T02:15:34Z,06eb6dda-a918-928f-76cf-6bf370cf2014,06eb6dda-a918-928f-b1b4-daa01e8406e5,vital-signs,72514-3,Pain severity - 0-10 verbal numeric rating [Score] - Reported,1.0,{score},numeric
2024-12-08T02:15:34Z,06eb6dda-a918-928f-76cf-6bf370cf2014,06eb6dda-a918-928f-b1b4-daa01e8406e5,vital-signs,29463-7,Body Weight,20.7,kg,numeric
2024-12-08T02:15:34Z,06eb6dda-a918-928f-76cf-6bf370cf2014,06eb6dda-a918-928f-b1b4-daa01e8406e5,vital-signs,39156-5,Body mass index (BMI) [Ratio],16.5,kg/m2,numeric
2024-12-08T02:15:34Z,06eb6dda-a918-928f-76cf-6bf370cf2014,06eb6dda-a918-928f-b1b4-daa01e8406e5,vital-signs,59576-9,Body mass index (BMI) [Percentile] Per age and sex,72.7,%,numeric
2024-12-08T02:15:34Z,06eb6dda-a918-928f-76cf-6bf370cf2014,06eb6dda-a918-928f-b1b4-daa01e8406e5,vital-signs,8462-4,Diastolic Blood Pressure,85.0,mm[Hg],numeric
2024-12-08T02:15:34Z,06eb6dda-a918-928f-76cf-6bf370cf2014,06eb6dda-a918-928f-b1b4-daa01e8406e5,vital-signs,8480-6,Systolic Blood Pressure,134.0,mm[Hg],numeric
2024-12-08T02:15:34Z,06eb6dda-a918-928f-76cf-6bf370cf2014,06eb6dda-a918-928f-b1b4-daa01e8406e5,vital-signs,8867-4,Heart rate,85.0,/min,numeric
2024-12-08T02:15:34Z,06eb6dda-a918-928f-76cf-6bf370cf2014,06eb6dda-a918-928f-b1b4-daa01e8406e5,vital-signs,9279-1,Respiratory rate,16.0,/min,numeric
2024-12-08T02:15:34Z,06eb6dda-a918-928f-76cf-6bf370cf2014,06eb6dda-a918-928f-b1b4-daa01e8406e5,social-history,72166-2,Tobacco smoking status,Never smoked tobacco (finding),,text
2025-12-14T02:15:34Z,06eb6dda-a918-928f-76cf-6bf370cf2014,06eb6dda-a918-928f-7fd2-c246393978ca,vital-signs,8302-2,Body Height,117.8,cm,numeric
2025-12-14T02:15:34Z,06eb6dda-a918-928f-76cf-6bf370cf2014,06eb6dda-a918-928f-7fd2-c246393978ca,vital-signs,72514-3,Pain severity - 0-10 verbal numeric rating [Score] - Reported,2.0,{score},numeric
2025-12-14T02:15:34Z,06eb6dda-a918-928f-76cf-6bf370cf2014,06eb6dda-a918-928f-7fd2-c246393978ca,vital-signs,29463-7,Body Weight,21.2,kg,numeric
2025-12-14T02:15:34Z,06eb6dda-a918-928f-76cf-6bf370cf2014,06eb6dda-a918-928f-7fd2-c246393978ca,vital-signs,39156-5,Body mass index (BMI) [Ratio],15.3,kg/m2,numeric
2025-12-14T02:15:34Z,06eb6dda-a918-928f-76cf-6bf370cf2014,06eb6dda-a918-928f-7fd2-c246393978ca,vital-signs,59576-9,Body mass index (BMI) [Percentile] Per age and sex,36.9,%,numeric
2025-12-14T02:15:34Z,06eb6dda-a918-928f-76cf-6bf370cf2014,06eb6dda-a918-928f-7fd2-c246393978ca,vital-signs,8462-4,Diastolic Blood Pressure,87.0,mm[Hg],numeric
2025-12-14T02:15:34Z,06eb6dda-a918-928f-76cf-6bf370cf2014,06eb6dda-a918-928f-7fd2-c246393978ca,vital-signs,8480-6,Systolic Blood Pressure,135.0,mm[Hg],numeric
2025-12-14T02:15:34Z,06eb6dda-a918-928f-76cf-6bf370cf2014,06eb6dda-a918-928f-7fd2-c246393978ca,vital-signs,8867-4,Heart rate,89.0,/min,numeric
2025-12-14T02:15:34Z,06eb6dda-a918-928f-76cf-6bf370cf2014,06eb6dda-a918-928f-7fd2-c246393978ca,vital-signs,9279-1,Respiratory rate,16.0,/min,numeric
2025-12-14T02:15:34Z,06eb6dda-a918-928f-76cf-6bf370cf2014,06eb6dda-a918-928f-7fd2-c246393978ca,social-history,72166-2,Tobacco smoking status,Never smoked tobacco (finding),,text
2017-12-17T02:15:34Z,06eb6dda-a918-928f-76cf-6bf370cf2014,,,QALY,QALY,0.0,a,numeric
2018-12-17T02:15:34Z,06eb6dda-a918-928f-76cf-6bf370cf2014,,,QALY,QALY,0.0,a,numeric
2019-12-17T02:15:34Z,06eb6dda-a918-928f-76cf-6bf370cf2014,,,QALY,QALY,1.0,a,numeric
2020-12-17T02:15:34Z,06eb6dda-a918-928f-76cf-6bf370cf2014,,,QALY,QALY,2.0,a,numeric
2021-12-17T02:15:34Z,06eb6dda-a918-928f-76cf-6bf370cf2014,,,QALY,QALY,3.0,a,numeric
2022-12-17T02:15:34Z,06eb6dda-a918-928f-76cf-6bf370cf2014,,,QALY,QALY,4.0,a,numeric
2023-12-17T02:15:34Z,06eb6dda-a918-928f-76cf-6bf370cf2014,,,QALY,QALY,4.9,a,numeric
2024-12-17T02:15:34Z,06eb6dda-a918-928f-76cf-6bf370cf2014,,,QALY,QALY,5.9,a,numeric
2025-12-17T02:15:34Z,06eb6dda-a918-928f-76cf-6bf370cf2014,,,QALY,QALY,6.9,a,numeric
2017-12-17T02:15:34Z,06eb6dda-a918-928f-76cf-6bf370cf2014,,,DALY,DALY,0.0,a,numeric
2018-12-17T02:15:34Z,06eb6dda-a918-928f-76cf-6bf370cf2014,,,DALY,DALY,0.0,a,numeric
2019-12-17T02:15:34Z,06eb6dda-a918-928f-76cf-6bf370cf2014,,,DALY,DALY,0.0,a,numeric
2020-12-17T02:15:34Z,06eb6dda-a918-928f-76cf-6bf370cf2014,,,DALY,DALY,0.0,a,numeric
2021-12-17T02:15:34Z,06eb6dda-a918-928f-76cf-6bf370cf2014,,,DALY,DALY,0.0,a,numeric
2022-12-17T02:15:34Z,06eb6dda-a918-928f-76cf-6bf370cf2014,,,DALY,DALY,0.0,a,numeric
2023-12-17T02:15:34Z,06eb6dda-a918-928f-76cf-6bf370cf2014,,,DALY,DALY,0.1,a,numeric
2024-12-17T02:15:34Z,06eb6dda-a918-928f-76cf-6bf370cf2014,,,DALY,DALY,0.1,a,numeric
2025-12-17T02:15:34Z,06eb6dda-a918-928f-76cf-6bf370cf2014,,,DALY,DALY,0.1,a,numeric
2017-12-17T02:15:34Z,06eb6dda-a918-928f-76cf-6bf370cf2014,,,QOLS,QOLS,1.0,{score},numeric
2018-12-17T02:15:34Z,06eb6dda-a918-928f-76cf-6bf370cf2014,,,QOLS,QOLS,1.0,{score},numeric
2019-12-17T02:15:34Z,06eb6dda-a918-928f-76cf-6bf370cf2014,,,QOLS,QOLS,1.0,{score},numeric
2020-12-17T02:15:34Z,06eb6dda-a918-928f-76cf-6bf370cf2014,,,QOLS,QOLS,1.0,{score},numeric
2021-12-17T02:15:34Z,06eb6dda-a918-928f-76cf-6bf370cf2014,,,QOLS,QOLS,1.0,{score},numeric
2022-12-17T02:15:34Z,06eb6dda-a918-928f-76cf-6bf370cf2014,,,QOLS,QOLS,1.0,{score},numeric
2023-12-17T02:15:34Z,06eb6dda-a918-928f-76cf-6bf370cf2014,,,QOLS,QOLS,1.0,{score},numeric
2024-12-17T02:15:34Z,06eb6dda-a918-928f-76cf-6bf370cf2014,,,QOLS,QOLS,1.0,{score},numeric
2025-12-17T02:15:34Z,06eb6dda-a918-928f-76cf-6bf370cf2014,,,QOLS,QOLS,1.0,{score},numeric
2021-01-21T18:53:52Z,922fb35e-148d-9e82-7e65-bfa05e3b3515,922fb35e-148d-9e82-1563-fc2eda5ba518,laboratory,787-2,MCV [Entitic mean volume] in Red Blood Cells by Automated count,83.2,fL,numeric
2019-09-03T22:38:19Z,6aed9210-c500-4375-b0fc-3374c40b8591,6aed9210-c500-4375-a8cd-28febfe1b892,survey,93038-8,Stress level,Not at all,,text
2021-09-14T22:40:19Z,6aed9210-c500-4375-b0fc-3374c40b8591,6aed9210-c500-4375-fc78-e6f3cf7f7813,survey,56799-0,Address,784 Strosin Hollow,,text
2023-09-26T21:42:53Z,6aed9210-c500-4375-b0fc-3374c40b8591,6aed9210-c500-4375-94fb-8fea6a7d9f20,vital-signs,8480-6,Systolic Blood Pressure,96.0,mm[Hg],numeric
2024-10-01T22:31:05Z,6aed9210-c500-4375-b0fc-3374c40b8591,6aed9210-c500-4375-b509-44883307fd2b,survey,76437-3,Primary insurance,Private insurance,,text
2019-07-07T20:49:24Z,d57841fa-c9e2-a3d1-0e78-09bdbe4eed66,d57841fa-c9e2-a3d1-c7eb-cf81387a23c3,laboratory,786-4,MCHC [Entitic Mass/volume] in Red Blood Cells by Automated count,35.1,g/dL,numeric
2022-07-17T22:33:25Z,d57841fa-c9e2-a3d1-0e78-09bdbe4eed66,d57841fa-c9e2-a3d1-f5c9-1762ece38cec,survey,76504-0,Total score [HARK],0.0,{score},numeric
2018-12-07T15:13:25Z,75d6a35c-c2e1-5b9f-e7f8-6a5b05af8fc8,75d6a35c-c2e1-5b9f-edee-b48b79e25366,laboratory,788-0,Erythrocyte [DistWidth] in Blood by Automated count,42.5,fL,numeric
2019-11-17T04:13:25Z,75d6a35c-c2e1-5b9f-e7f8-6a5b05af8fc8,75d6a35c-c2e1-5b9f-9b6e-7cbc0cdf9119,vital-signs,8310-5,Body temperature,37.1,Cel,numeric
2022-12-21T15:13:25Z,75d6a35c-c2e1-5b9f-e7f8-6a5b05af8fc8,,,QOLS,QOLS,1.0,{score},numeric
2017-09-22T04:52:26Z,3236b1f8-2bc1-3e38-c539-a29407c6a206,3236b1f8-2bc1-3e38-a44a-b0af462cef03,vital-signs,72514-3,Pain severity - 0-10 verbal numeric rating [Score] - Reported,0.0,{score},numeric
2019-08-31T23:56:53Z,3236b1f8-2bc1-3e38-c539-a29407c6a206,3236b1f8-2bc1-3e38-8e0b-c87e63eb56f2,vital-signs,8867-4,Heart rate,76.8,/min,numeric
2023-10-27T05:43:51Z,3236b1f8-2bc1-3e38-c539-a29407c6a206,3236b1f8-2bc1-3e38-e6c4-c47bb55497c3,survey,32624-9,Race,Black/African American,,text
2018-08-27T04:52:26Z,3236b1f8-2bc1-3e38-c539-a29407c6a206,,,QOLS,QOLS,1.0,{score},numeric
2018-05-20T23:37:05Z,a296a2ba-b1ad-a3c5-d172-aa3dfdbcdab9,a296a2ba-b1ad-a3c5-7434-5b1f1f984056,vital-signs,8480-6,Systolic Blood Pressure,108.0,mm[Hg],numeric
2018-05-20T23:37:05Z,a296a2ba-b1ad-a3c5-d172-aa3dfdbcdab9,a296a2ba-b1ad-a3c5-7434-5b1f1f984056,laboratory,2947-0,Sodium [Moles/volume] in Blood,140.7,mmol/L,numeric
2018-10-28T23:37:05Z,a296a2ba-b1ad-a3c5-d172-aa3dfdbcdab9,a296a2ba-b1ad-a3c5-72e0-47b7b2f13c7e,vital-signs,72514-3,Pain severity - 0-10 verbal numeric rating [Score] - Reported,0.0,{score},numeric
2021-05-24T00:23:40Z,a296a2ba-b1ad-a3c5-d172-aa3dfdbcdab9,a296a2ba-b1ad-a3c5-1eca-1bd66f5d405d,survey,93035-4,Has season or migrant farm work been your or your family's main source of income at any point in past 2 years [PRAPARE],Yes,,text
2018-01-21T02:15:34Z,06eb6dda-a918-928f-76cf-6bf370cf2014,06eb6dda-a918-928f-7604-d990e578f987,vital-signs,8302-2,Body Height,52.5,cm,numeric
2019-02-16T18:44:37Z,06eb6dda-a918-928f-76cf-6bf370cf2014,06eb6dda-a918-928f-cf60-beb0a5a2142b,laboratory,6273-7,Walnut IgE Ab [Units/volume] in Serum,0.1,kU/L,numeric
