START,STOP,PATIENT,ENCOUNTER,SYSTEM,CODE,DESCRIPTION,BASE_COST,REASONCODE,REASONDESCRIPTION
2016-09-01T18:53:52Z,2016-09-01T19:08:52Z,922fb35e-148d-9e82-7e65-bfa05e3b3515,922fb35e-148d-9e82-3fb8-b129e52c4502,SNOMED-CT,104091002,Hemogram  automated  with red blood cells  white blood cells  hemoglobin  hematocrit  indices  platelet count  and manual white blood cell differential (procedure),1240.89,72892002,Normal pregnancy (finding)
2016-09-01T18:53:52Z,2016-09-01T19:08:52Z,922fb35e-148d-9e82-7e65-bfa05e3b3515,922fb35e-148d-9e82-3fb8-b129e52c4502,SNOMED-CT,399014008,Administration of vaccine product containing only Bordetella pertussis and Clostridium tetani and Corynebacterium diphtheriae antigens (procedure),2951.22,72892002,Normal pregnancy (finding)
2016-09-01T18:53:52Z,2016-09-01T19:08:52Z,922fb35e-148d-9e82-7e65-bfa05e3b3515,922fb35e-148d-9e82-3fb8-b129e52c4502,SNOMED-CT,268556000,Urine screening for glucose (procedure),1240.89,72892002,Normal pregnancy (finding)
2016-09-01T18:53:52Z,2016-09-01T19:08:52Z,922fb35e-148d-9e82-7e65-bfa05e3b3515,922fb35e-148d-9e82-3fb8-b129e52c4502,SNOMED-CT,274804006,Evaluation of uterine fundal height (procedure),3252.82,72892002,Normal pregnancy (finding)
2016-09-01T18:53:52Z,2016-09-01T19:08:52Z,922fb35e-148d-9e82-7e65-bfa05e3b3515,922fb35e-148d-9e82-3fb8-b129e52c4502,SNOMED-CT,225158009,Auscultation of the fetal heart (procedure),3252.82,72892002,Normal pregnancy (finding)
2016-09-29T18:53:52Z,2016-09-29T19:08:52Z,922fb35e-148d-9e82-7e65-bfa05e3b3515,922fb35e-148d-9e82-f84c-5060c2f4a807,SNOMED-CT,274804006,Evaluation of uterine fundal height (procedure),13011.27,72892002,Normal pregnancy (finding)
2016-09-29T18:53:52Z,2016-09-29T19:08:52Z,922fb35e-148d-9e82-7e65-bfa05e3b3515,922fb35e-148d-9e82-f84c-5060c2f4a807,SNOMED-CT,225158009,Auscultation of the fetal heart (procedure),6017.80,72892002,Normal pregnancy (finding)
2016-10-27T18:53:52Z,2016-10-27T19:08:52Z,922fb35e-148d-9e82-7e65-bfa05e3b3515,922fb35e-148d-9e82-dc42-53dd2926295a,SNOMED-CT,118001005,Streptococcus pneumoniae group B antigen assay (procedure),1240.89,72892002,Normal pregnancy (finding)
2016-10-27T18:53:52Z,2016-10-27T19:08:52Z,922fb35e-148d-9e82-7e65-bfa05e3b3515,922fb35e-148d-9e82-dc42-53dd2926295a,SNOMED-CT,274804006,Evaluation of uterine fundal height (procedure),5776.90,72892002,Normal pregnancy (finding)
2016-10-27T18:53:52Z,2016-10-27T19:08:52Z,922fb35e-148d-9e82-7e65-bfa05e3b3515,922fb35e-148d-9e82-dc42-53dd2926295a,SNOMED-CT,225158009,Auscultation of the fetal heart (procedure),,72892002,Normal pregnancy (finding)
2016-11-10T18:53:52Z,2016-11-10T19:08:52Z,922fb35e-148d-9e82-7e65-bfa05e3b3515,922fb35e-148d-9e82-8b97-d4c98527f2d9,SNOMED-CT,274804006,Evaluation of uterine fundal height (procedure),"9,242.83",72892002,Normal pregnancy (finding)
2016-11-10T18:53:52Z,2016-11-10T19:08:52Z,922fb35e-148d-9e82-7e65-bfa05e3b3515,922fb35e-148d-9e82-8b97-d4c98527f2d9,SNOMED-CT,225158009,Auscultation of the fetal heart (procedure),4445.02,72892002,Normal pregnancy (finding)
2016-11-17T18:53:52Z,2016-11-17T19:08:52Z,922fb35e-148d-9e82-7e65-bfa05e3b3515,922fb35e-148d-9e82-f749-022800a508f8,SNOMED-CT,31208007,Medical induction of labor (procedure),2264.12,72892002,Normal pregnancy (finding)
2016-11-17T18:53:52Z,2016-11-17T19:08:52Z,922fb35e-148d-9e82-7e65-bfa05e3b3515,922fb35e-148d-9e82-f749-022800a508f8,SNOMED-CT,11466000,Cesarean section (procedure),14523.64,72892002,Normal pregnancy (finding)
2016-12-29T18:53:52Z,2016-12-29T19:08:52Z,922fb35e-148d-9e82-7e65-bfa05e3b3515,922fb35e-148d-9e82-d37c-0c2100e0740d,SNOMED-CT,5880005,Physical examination procedure (procedure),620.44,,
2016-12-29T18:53:52Z,2016-12-29T19:08:52Z,922fb35e-148d-9e82-7e65-bfa05e3b3515,922fb35e-148d-9e82-d37c-0c2100e0740d,SNOMED-CT,171207006,Depression screening (proceduRe),620.44,,
2017-12-31T18:53:52Z,2017-12-31T19:13:10Z,922fb35e-148d-9e82-7e65-bfa05e3b3515,922fb35e-148d-9e82-125c-682b97835ae3,SNOMED-CT,76601001,Intramuscular injection (procedure),3628.66,,
2018-01-18T18:53:52Z,2018-01-18T19:50:59Z,922fb35e-148d-9e82-7e65-bfa05e3b3515,922fb35e-148d-9e82-b618-fe12266597bd,SNOMED-CT,710824005,Assessment of health and social care needs (procedure),620.44,,
2018-01-18T19:50:59Z,2018-01-18T20:20:27Z,922fb35e-148d-9e82-7e65-bfa05e3b3515,922fb35e-148d-9e82-b618-fe12266597bd,SNOMED-CT,866148006,Screening for domestic abuse (procedure),620.44,,
2018-01-18T20:20:27Z,2018-01-18T20:28:25Z,922fb35e-148d-9e82-7e65-bfa05e3b3515,922fb35e-148d-9e82-b618-fe12266597bd,SNOMED-CT,103697008,Patient referral for dental care (procedure),620.44,66383009,Gingivitis (disorder)
2018-02-01T18:53:52Z,2018-02-01T19:00:44Z,922fb35e-148d-9e82-7e65-bfa05e3b3515,922fb35e-148d-9e82-f170-735ad33c5bd5,SNOMED-CT,34043003,Dental consultation and report (procedure),620.44,66383009,Gingivitis (disorder)
2018-02-01T19:00:44Z,2018-02-01T19:21:26Z,922fb35e-148d-9e82-7e65-bfa05e3b3515,922fb35e-148d-9e82-f170-735ad33c5bd5,SNOMED-CT,225362009,Dental care (regime/therapy),620.44,66383009,Gingivitis (disorder)
2018-02-01T19:21:26Z,2018-02-01T20:00:01Z,922fb35e-148d-9e82-7e65-bfa05e3b3515,922fb35e-148d-9e82-f170-735ad33c5bd5,SNOMED-CT,1260009003,Removal of supragingival plaque and calculus from all teeth using dental instrument (procedure),620.44,66383009,Gingivitis (disorder)
2018-02-01T20:00:01Z,2018-02-01T20:36:22Z,922fb35e-148d-9e82-7e65-bfa05e3b3515,922fb35e-148d-9e82-f170-735ad33c5bd5,SNOMED-CT,1260010008,Removal of subgingival plaque and calculus from all teeth using dental instrument (procedure),620.44,66383009,Gingivitis (disorder)
2018-02-01T20:36:22Z,2018-02-01T21:06:22Z,922fb35e-148d-9e82-7e65-bfa05e3b3515,922fb35e-148d-9e82-f170-735ad33c5bd5,SNOMED-CT,241046008,Dental plain X-ray bitewing (procedure),,,
2018-02-01T20:36:22Z,2018-02-01T21:13:35Z,922fb35e-148d-9e82-7e65-bfa05e3b3515,922fb35e-148d-9e82-f170-735ad33c5bd5,SNOMED-CT,274788003,Examination of gingivae (procedure),620.44,66383009,Gingivitis (disorder)
2018-02-01T21:13:35Z,2018-02-01T21:30:59Z,922fb35e-148d-9e82-7e65-bfa05e3b3515,922fb35e-148d-9e82-f170-735ad33c5bd5,SNOMED-CT,81733005,Dental surgical procedure (procedure),620.44,18718003,Gingival disease (disorder)
2018-02-01T21:30:59Z,2018-02-01T22:30:51Z,922fb35e-148d-9e82-7e65-bfa05e3b3515,922fb35e-148d-9e82-f170-735ad33c5bd5,SNOMED-CT,3802001,Dental application of desensitizing medicament (procedure),TBD,18718003,Gingival disease (disorder)
2018-02-01T22:30:51Z,2018-02-01T23:01:44Z,922fb35e-148d-9e82-7e65-bfa05e3b3515,922fb35e-148d-9e82-f170-735ad33c5bd5,SNOMED-CT,64544008,Gingivectomy or gingivoplasty  per tooth (procedure),620.44,18718003,Gingival disease (disorder)
2018-02-01T23:01:44Z,2018-02-02T00:25:25Z,922fb35e-148d-9e82-7e65-bfa05e3b3515,922fb35e-148d-9e82-f170-735ad33c5bd5,SNOMED-CT,456191000124101,Postoperative care for dental procedure (regime/therapy),620.44,,
2018-02-02T00:25:25Z,2018-02-02T00:33:50Z,922fb35e-148d-9e82-7e65-bfa05e3b3515,922fb35e-148d-9e82-f170-735ad33c5bd5,SNOMED-CT,243085009,Oral health education (procedure),620.44,66383009,Gingivitis (disorder)
2018-04-12T18:53:52Z,2018-04-12T19:04:26Z,922fb35e-148d-9e82-7e65-bfa05e3b3515,922fb35e-148d-9e82-ea4f-02ae5b3e0639,SNOMED-CT,76601001,Intramuscular injection (procedure),1802.14,,
2018-07-12T18:53:52Z,2018-07-12T19:12:22Z,922fb35e-148d-9e82-7e65-bfa05e3b3515,922fb35e-148d-9e82-8423-611fa89bc3d8,SNOMED-CT,76601001,Intramuscular injection (procedure),6375.80,,
2018-10-11T18:53:52Z,2018-10-11T19:13:22Z,922fb35e-148d-9e82-7e65-bfa05e3b3515,922fb35e-148d-9e82-7626-04aeff74c02b,SNOMED-CT,76601001,,1668.83,,
2018-12-26T19:13:10Z,2018-12-26T19:30:49Z,922fb35e-148d-9e82-7e65-bfa05e3b3515,922fb35e-148d-9e82-4194-9389e614cb18,SNOMED-CT,76601001,Intramuscular injection (procedure),4047.39,,
2019-01-10T18:53:52Z,2019-01-10T19:06:01Z,922fb35e-148d-9e82-7e65-bfa05e3b3515,922fb35e-148d-9e82-f057-d2acf76fdb59,SNOMED-CT,76601001,Intramuscular injection (procedure),1775.90,,
2019-04-11T18:53:52Z,2019-04-11T19:12:24Z,922fb35e-148d-9e82-7e65-bfa05e3b3515,922fb35e-148d-9e82-d5ad-160412e399d2,SNOMED-CT,76601001,Intramuscular injection (procedure),,,
2019-07-11T18:53:52Z,2019-07-11T19:09:15Z,922fb35e-148d-9e82-7e65-bfa05e3b3515,922fb35e-148d-9e82-f6d4-fe006e8526ff,SNOMED-CT,76601001,Intramuscular injection (procedure),1593.94,,
2019-10-10T18:53:52Z,2019-10-10T19:12:46Z,922fb35e-148d-9e82-7e65-bfa05e3b3515,922fb35e-148d-9e82-b4e9-01f7542cfe87,SNOMED-CT,76601001,Intramuscular injection (procedure),6375.80,,
2020-01-09T18:53:52Z,2020-01-09T19:12:00Z,922fb35e-148d-9e82-7e65-bfa05e3b3515,922fb35e-148d-9e82-51d3-ba97bb045a72,SNOMED-CT,76601001,Intramuscular injection (procedure),1593.94,,
2020-04-09T18:53:52Z,2020-04-09T19:06:19Z,922fb35e-148d-9e82-7e65-bfa05e3b3515,922fb35e-148d-9e82-b376-a4a09ed3475b,SNOMED-CT,76601001,Intramuscular injection (procedure),2642.59,,
2020-07-09T18:53:52Z,2020-07-09T19:13:04Z,922fb35e-148d-9e82-7e65-bfa05e3b3515,922fb35e-148d-9e82-61d4-cc51ac0e63d3,SNOMED-CT,76601001,,1593.94,,
2020-10-08T18:53:52Z,2020-10-08T19:10:12Z,922fb35e-148d-9e82-7e65-bfa05e3b3515,922fb35e-148d-9e82-45a5-07a489410354,SNOMED-CT,76601001,Intramuscular injection (procedure),2621.32,,
2021-01-07T18:53:52Z,2021-01-07T19:13:16Z,922fb35e-148d-9e82-7e65-bfa05e3b3515,922fb35e-148d-9e82-efdd-e35fa783164e,SNOMED-CT,76601001,Intramuscular injection (procedure),2562.35,,
2021-01-21T18:53:52Z,2021-01-21T19:52:20Z,922fb35e-148d-9e82-7e65-bfa05e3b3515,922fb35e-148d-9e82-1563-fc2eda5ba518,SNOMED-CT,710824005,Assessment of health and social care needs (procedure),620.44,,
2021-01-21T19:52:20Z,2021-01-21T20:18:12Z,922fb35e-148d-9e82-7e65-bfa05e3b3515,922fb35e-148d-9e82-1563-fc2eda5ba518,SNOMED-CT,710841007,Assessment of anxiety (procedure),620.44,,
2021-01-21T20:18:12Z,2021-01-21T20:43:56Z,922fb35e-148d-9e82-7e65-bfa05e3b3515,922fb35e-148d-9e82-1563-fc2eda5ba518,SNOMED-CT,866148006,Screening for domestic abuse (procedure),620.44,,
2021-01-21T20:43:56Z,2021-01-21T20:58:05Z,922fb35e-148d-9e82-7e65-bfa05e3b3515,922fb35e-148d-9e82-1563-fc2eda5ba518,SNOMED-CT,171207006,Depression screening (procedure),620.44,,
2021-01-21T20:58:05Z,2021-01-21T21:20:06Z,922fb35e-148d-9e82-7e65-bfa05e3b3515,922fb35e-148d-9e82-1563-fc2eda5ba518,SNOMED-CT,171207006,Depression screening (procedure),620.44,,
2021-04-08T18:53:52Z,2021-04-08T19:10:41Z,922fb35e-148d-9e82-7e65-bfa05e3b3515,922fb35e-148d-9e82-f28d-517071ccfc03,SNOMED-CT,76601001,Intramuscular injection (procedure),1640.32,,
2021-07-08T18:53:52Z,2021-07-08T19:13:46Z,922fb35e-148d-9e82-7e65-bfa05e3b3515,922fb35e-148d-9e82-8fb9-b27ebeb688a5,SNOMED-CT,76601001,Intramuscular injection (procedure),1603.74,,
2021-10-07T18:53:52Z,2021-10-07T19:10:16Z,922fb35e-148d-9e82-7e65-bfa05e3b3515,922fb35e-148d-9e82-3858-56bfc0a558a6,SNOMED-CT,76601001,Intramuscular injection (procedure),3905.65,,
2022-01-06T18:53:52Z,2022-01-06T19:07:59Z,922fb35e-148d-9e82-7e65-bfa05e3b3515,922fb35e-148d-9e82-6a47-a22791a6f3fc,SNOMED-CT,76601001,Intramuscular injection (procedure),1593.94,,
2022-04-07T18:53:52Z,2022-04-07T19:10:29Z,922fb35e-148d-9e82-7e65-bfa05e3b3515,922fb35e-148d-9e82-0bb2-08774e9beb45,SNOMED-CT,76601001,Intramuscular injection (procedure),1593.94,,
2022-07-07T18:53:52Z,2022-07-07T19:13:28Z,922fb35e-148d-9e82-7e65-bfa05e3b3515,922fb35e-148d-9e82-55e9-59e148d7c765,SNOMED-CT,76601001,Intramuscular injection (procedure),3325.96,,
2022-10-06T18:53:52Z,2022-10-06T19:13:25Z,922fb35e-148d-9e82-7e65-bfa05e3b3515,922fb35e-148d-9e82-8984-4b6955dd0138,SNOMED-CT,76601001,Intramuscular injection (procedure),1678.01,,
2022-12-05T19:44:11Z,2022-12-05T19:54:21Z,922fb35e-148d-9e82-7e65-bfa05e3b3515,922fb35e-148d-9e82-461c-8b92f1d7c67f,SNOMED-CT,76601001,Intramuscular injection (procedure),1833.67,,
2023-01-05T18:53:52Z,2023-01-05T19:13:02Z,922fb35e-148d-9e82-7e65-bfa05e3b3515,922fb35e-148d-9e82-6281-8209d345c011,SNOMED-CT,76601001,Intramuscular injection (procedure),1985.78,,
2023-04-06T18:53:52Z,2023-04-06T19:04:46Z,922fb35e-148d-9e82-7e65-bfa05e3b3515,922fb35e-148d-9e82-6a73-43bd20353259,SNOMED-CT,76601001,Intramuscular injection (procedure),1593.94,,
2023-07-06T18:53:52Z,2023-07-06T19:07:33Z,922fb35e-148d-9e82-7e65-bfa05e3b3515,922fb35e-148d-9e82-30f5-50a947827f74,SNOMED-CT,76601001,Intramuscular injection (procedure),5981.85,,
2023-10-05T18:53:52Z,2023-10-05T19:09:07Z,922fb35e-148d-9e82-7e65-bfa05e3b3515,922fb35e-148d-9e82-efee-c562cf1325a7,SNOMED-CT,76601001,Intramuscular injection (procedure),1970.37,,
2024-01-04T18:53:52Z,2024-01-04T19:12:12Z,922fb35e-148d-9e82-7e65-bfa05e3b3515,922fb35e-148d-9e82-324c-46dd669c177d,SNOMED-CT,76601001,Intramuscular injection (procedure),1593.94,,
2024-01-25T18:53:52Z,2024-01-25T19:08:52Z,922fb35e-148d-9e82-7e65-bfa05e3b3515,922fb35e-148d-9e82-99f1-8aa36d18014e,SNOMED-CT,430193006,Medication reconciliation (procedure),310.22,,
2024-01-25T18:53:52Z,2024-01-25T19:52:54Z,922fb35e-148d-9e82-7e65-bfa05e3b3515,922fb35e-148d-9e82-99f1-8aa36d18014e,SNOMED-CT,710824005,Assessment of health and social care needs (procedure),620.44,,
2024-01-25T19:52:54Z,2024-01-25T20:03:03Z,922fb35e-148d-9e82-7e65-bfa05e3b3515,922fb35e-148d-9e82-99f1-8aa36d18014e,SNOMED-CT,171207006,Depression screening (procedure),620.44,,
2024-01-25T20:03:03Z,2024-01-25T20:25:01Z,922fb35e-148d-9e82-7e65-bfa05e3b3515,922fb35e-148d-9e82-99f1-8aa36d18014e,SNOMED-CT,171207006,Depression screening (procedure),620.44,,
2024-01-25T20:25:01Z,2024-01-25T20:36:44Z,922fb35e-148d-9e82-7e65-bfa05e3b3515,922fb35e-148d-9e82-99f1-8aa36d18014e,SNOMED-CT,428211000124100,Assessment of substance use (procedure),620.44,,
2024-01-25T20:36:44Z,2024-01-25T21:00:06Z,922fb35e-148d-9e82-7e65-bfa05e3b3515,922fb35e-148d-9e82-99f1-8aa36d18014e,SNOMED-CT,763302001,Assessment using Alcohol Use Disorders Identification Test - Consumption (procedure),620.44,,
2024-01-25T21:00:06Z,2024-01-25T21:09:40Z,922fb35e-148d-9e82-7e65-bfa05e3b3515,922fb35e-148d-9e82-99f1-8aa36d18014e,SNOMED-CT,103697008,Patient referral for dental care (procedure),620.44,,
2024-02-08T18:53:52Z,2024-02-08T19:29:28Z,922fb35e-148d-9e82-7e65-bfa05e3b3515,922fb35e-148d-9e82-605c-28ee57b356a1,SNOMED-CT,34043003,Dental consultation and report (procedure),,103697008,Patient referral for dental care (procedure)
2024-02-08T19:29:28Z,2024-02-08T19:50:22Z,922fb35e-148d-9e82-7e65-bfa05e3b3515,922fb35e-148d-9e82-605c-28ee57b356a1,SNOMED-CT,225362009,Dental care (regime/therapy),620.44,103697008,Patient referral for dental care (procedure)
2024-02-08T19:50:22Z,2024-02-08T20:16:41Z,922fb35e-148d-9e82-7e65-bfa05e3b3515,922fb35e-148d-9e82-605c-28ee57b356a1,SNOMED-CT,1260009003,Removal of supragingival plaque and calculus from all teeth using dental instrument (procedure),620.44,103697008,Patient referral for dental care (procedure)
2024-02-08T20:16:41Z,2024-02-08T20:40:07Z,922fb35e-148d-9e82-7e65-bfa05e3b3515,922fb35e-148d-9e82-605c-28ee57b356a1,SNOMED-CT,1260010008,Removal of subgingival plaque and calculus from all teeth using dental instrument (procedure),620.44,103697008,Patient referral for dental care (procedure)
2024-02-08T20:40:07Z,2024-02-08T21:10:07Z,922fb35e-148d-9e82-7e65-bfa05e3b3515,922fb35e-148d-9e82-605c-28ee57b356a1,SNOMED-CT,241046008,Dental plain X-ray bitewing (procedure),620.44,,
2024-02-08T20:40:07Z,2024-02-08T21:19:37Z,922fb35e-148d-9e82-7e65-bfa05e3b3515,922fb35e-148d-9e82-605c-28ee57b356a1,SNOMED-CT,274788003,Examination of gingivae (procedure),620.44,103697008,Patient referral for dental care (procedure)
2024-02-08T21:19:37Z,2024-02-08T21:25:01Z,922fb35e-148d-9e82-7e65-bfa05e3b3515,922fb35e-148d-9e82-605c-28ee57b356a1,SNOMED-CT,243085009,Oral health education (procedure),620.44,103697008,Patient referral for dental care (procedure)
2024-04-04T18:53:52Z,2024-04-04T19:10:12Z,922fb35e-148d-9e82-7e65-bfa05e3b3515,922fb35e-148d-9e82-1a32-03b60d4100a2,SNOMED-CT,76601001,Intramuscular injection (procedure),5261.98,,
2024-07-04T18:53:52Z,2024-07-04T19:10:59Z,922fb35e-148d-9e82-7e65-bfa05e3b3515,922fb35e-148d-9e82-6407-4a0be5dffd19,SNOMED-CT,76601001,Intramuscular injection (procedure),1593.94,,
2024-10-03T18:53:52Z,2024-10-03T19:07:30Z,922fb35e-148d-9e82-7e65-bfa05e3b3515,922fb35e-148d-9e82-7b44-5e903e1a2c48,SNOMED-CT,76601001,Intramuscular injection (procedure),1593.94,,
2025-01-02T18:53:52Z,2025-01-02T19:11:36Z,922fb35e-148d-9e82-7e65-bfa05e3b3515,922fb35e-148d-9e82-6630-813b7d4f72b1,SNOMED-CT,76601001,Intramuscular injection (procedure),3332.69,,
2025-04-03T18:53:52Z,2025-04-03T19:10:35Z,922fb35e-148d-9e82-7e65-bfa05e3b3515,922fb35e-148d-9e82-3a0e-0d81fea91e98,SNOMED-CT,76601001,Intramuscular injection (procedure),1593.94,,
2025-08-14T18:53:52Z,2025-08-14T19:08:52Z,922fb35e-148d-9e82-7e65-bfa05e3b3515,922fb35e-148d-9e82-6a72-4001ef191d37,SNOMED-CT,252160004,Standard pregnancy test (procedure),8231.76,72892002,Normal pregnancy (finding)
2025-08-14T18:53:52Z,2025-08-14T19:08:52Z,922fb35e-148d-9e82-7e65-bfa05e3b3515,922fb35e-148d-9e82-6a72-4001ef191d37,SNOMED-CT,169230002,Ultrasound scan for fetal viability (procedure),5824.38,72892002,Normal pregnancy (finding)
2025-08-14T18:53:52Z,2025-08-14T19:08:52Z,922fb35e-148d-9e82-7e65-bfa05e3b3515,922fb35e-148d-9e82-6a72-4001ef191d37,SNOMED-CT,274804006,Evaluation of uterine fundal height (procedure),4296.66,72892002,Normal pregnancy (finding)
2025-08-14T18:53:52Z,2025-08-14T19:08:52Z,922fb35e-148d-9e82-7e65-bfa05e3b3515,922fb35e-148d-9e82-6a72-4001ef191d37,SNOMED-CT,225158009,Auscultation of the fetal heart (procedure),8599.49,72892002,Normal pregnancy (finding)
2025-08-14T18:53:52Z,2025-08-14T19:08:52Z,922fb35e-148d-9e82-7e65-bfa05e3b3515,922fb35e-148d-9e82-6a72-4001ef191d37,SNOMED-CT,44608003,Blood group typing (procedure),1240.89,72892002,Normal pregnancy (finding)
2025-08-14T18:53:52Z,2025-08-14T19:08:52Z,922fb35e-148d-9e82-7e65-bfa05e3b3515,922fb35e-148d-9e82-6a72-4001ef191d37,SNOMED-CT,104091002,Hemogram  automated  with red blood cells  white blood cells  hemoglobin  hematocrit  indices  platelet count  and manual white blood cell differential (procedure),2141.09,72892002,Normal pregnancy (finding)
2025-08-14T18:53:52Z,2025-08-14T19:08:52Z,922fb35e-148d-9e82-7e65-bfa05e3b3515,922fb35e-148d-9e82-6a72-4001ef191d37,SNOMED-CT,47758006,Hepatitis B surface antigen measurement (procedure),4291.9300,72892002,Normal pregnancy (finding)
2025-08-14T18:53:52Z,2025-08-14T19:08:52Z,922fb35e-148d-9e82-7e65-bfa05e3b3515,922fb35e-148d-9e82-6a72-4001ef191d37,SNOMED-CT,31676001,Human immunodeficiency virus antigen test (procedure),2562.77,72892002,Normal pregnancy (finding)
2025-08-14T18:53:52Z,2025-08-14T19:08:52Z,922fb35e-148d-9e82-7e65-bfa05e3b3515,922fb35e-148d-9e82-6a72-4001ef191d37,SNOMED-CT,310861008,Chlamydia antigen test (procedure),1240.8900,72892002,Normal pregnancy (finding)
2025-08-14T18:53:52Z,2025-08-14T19:08:52Z,922fb35e-148d-9e82-7e65-bfa05e3b3515,922fb35e-148d-9e82-6a72-4001ef191d37,SNOMED-CT,165829005,Gonorrhea infection titer test (procedure),1944.57,72892002,Normal pregnancy (finding)
2025-08-14T18:53:52Z,2025-08-14T19:08:52Z,922fb35e-148d-9e82-7e65-bfa05e3b3515,922fb35e-148d-9e82-6a72-4001ef191d37,SNOMED-CT,269828009,Syphilis infectious titer test (procedure),"1,240.89",72892002,Normal pregnancy (finding)
2025-08-14T18:53:52Z,2025-08-14T19:08:52Z,922fb35e-148d-9e82-7e65-bfa05e3b3515,922fb35e-148d-9e82-6a72-4001ef191d37,SNOMED-CT,117010004,Urine culture (procedure),3826.19,72892002,Normal pregnancy (finding)
2025-08-14T18:53:52Z,2025-08-14T19:08:52Z,922fb35e-148d-9e82-7e65-bfa05e3b3515,922fb35e-148d-9e82-6a72-4001ef191d37,SNOMED-CT,90226004,,1240.89,72892002,Normal pregnancy (finding)
2025-08-14T18:53:52Z,2025-08-14T19:08:52Z,922fb35e-148d-9e82-7e65-bfa05e3b3515,922fb35e-148d-9e82-6a72-4001ef191d37,SNOMED-CT,395123002,Urine screening test for diabetes (procedure),4963.59,72892002,Normal pregnancy (finding)
2025-08-14T18:53:52Z,2025-08-14T19:08:52Z,922fb35e-148d-9e82-7e65-bfa05e3b3515,922fb35e-148d-9e82-6a72-4001ef191d37,SNOMED-CT,104375008,Hepatitis C antibody  confirmatory test (procedure),1890.92,72892002,Normal pregnancy (finding)
2025-08-14T18:53:52Z,2025-08-14T19:08:52Z,922fb35e-148d-9e82-7e65-bfa05e3b3515,922fb35e-148d-9e82-6a72-4001ef191d37,SNOMED-CT,314098000,Rubella screening test (procedure),620.44,72892002,Normal pregnancy (finding)
2025-08-14T18:53:52Z,2025-08-14T19:08:52Z,922fb35e-148d-9e82-7e65-bfa05e3b3515,922fb35e-148d-9e82-6a72-4001ef191d37,SNOMED-CT,104326007,Measurement of Varicella-zoster virus antibody (proc edure),1760.06,72892002,Normal pregnancy (finding)
2025-08-14T18:53:52Z,2025-08-14T19:08:52Z,922fb35e-148d-9e82-7e65-bfa05e3b3515,922fb35e-148d-9e82-6a72-4001ef191d37,SNOMED-CT,28163009,Skin test for tuberculosis  Tine test (procedure),1240.89,72892002,Normal pregnancy (finding)
2025-08-14T18:53:52Z,2025-08-14T19:08:52Z,922fb35e-148d-9e82-7e65-bfa05e3b3515,922fb35e-148d-9e82-6a72-4001ef191d37,SNOMED-CT,60218003,,620.44,72892002,Normal pregnancy (finding)
2025-08-14T18:53:52Z,2025-08-14T19:08:52Z,922fb35e-148d-9e82-7e65-bfa05e3b3515,922fb35e-148d-9e82-6a72-4001ef191d37,SNOMED-CT,5880005,Physical examination procedure (procedure),620.44,72892002,Normal pregnancy (finding)
2025-09-11T18:53:52Z,2025-09-11T19:08:52Z,922fb35e-148d-9e82-7e65-bfa05e3b3515,922fb35e-148d-9e82-a9c9-16ea4d153946,SNOMED-CT,274804006,Evaluation of uterine fundal height (procedure),3252.82,72892002,Normal pregnancy (finding)
2025-09-11T18:53:52Z,2025-09-11T19:08:52Z,922fb35e-148d-9e82-7e65-bfa05e3b3515,922fb35e-148d-9e82-a9c9-16ea4d153946,SNOMED-CT,225158009,Auscultation of the fetal heart (procedure),,72892002,Normal pregnancy (finding)
2025-09-11T18:53:52Z,2025-09-11T19:08:52Z,922fb35e-148d-9e82-7e65-bfa05e3b3515,922fb35e-148d-9e82-a9c9-16ea4d153946,SNOMED-CT,443529005,Detection of chromosomal aneuploidy in prenatal amniotic fluid specimen using fluorescence in situ hybridization screening technique (procedure),1240.89,72892002,Normal pregnancy (finding)
2025-10-09T18:53:52Z,2025-10-09T19:08:52Z,922fb35e-148d-9e82-7e65-bfa05e3b3515,922fb35e-148d-9e82-d540-03b3b5966ca7,SNOMED-CT,271442007,Fetal anatomy study (procedure),620.44,72892002,Normal pregnancy (finding)
2025-10-09T18:53:52Z,2025-10-09T19:08:52Z,922fb35e-148d-9e82-7e65-bfa05e3b3515,922fb35e-148d-9e82-d540-03b3b5966ca7,SNOMED-CT,275833003,,1305.16,72892002,Normal pregnancy (finding)
2025-10-09T18:53:52Z,2025-10-09T19:08:52Z,922fb35e-148d-9e82-7e65-bfa05e3b3515,922fb35e-148d-9e82-d540-03b3b5966ca7,SNOMED-CT,274804006,Evaluation of uterine fundal height (procedure),3306.06,72892002,Normal pregnancy (finding)
2025-10-09T18:53:52Z,2025-10-09T19:08:52Z,922fb35e-148d-9e82-7e65-bfa05e3b3515,922fb35e-148d-9e82-d540-03b3b5966ca7,SNOMED-CT,225158009,Auscultation of the fetal heart (procedure),9379.89,72892002,Normal pregnancy (finding)
2025-11-06T18:53:52Z,2025-11-06T19:08:52Z,922fb35e-148d-9e82-7e65-bfa05e3b3515,922fb35e-148d-9e82-d705-529d59e54213,SNOMED-CT,274804006,Evaluation of uterine fundal height (procedure),3253,72892002,Normal pregnancy (finding)
2025-11-06T18:53:52Z,2025-11-06T19:08:52Z,922fb35e-148d-9e82-7e65-bfa05e3b3515,922fb35e-148d-9e82-d705-529d59e54213,SNOMED-CT,225158009,Auscultation of the fetal heart (procedure),13011.27,72892002,Normal pregnancy (finding)
2025-12-04T18:53:52Z,2025-12-04T19:08:52Z,922fb35e-148d-9e82-7e65-bfa05e3b3515,922fb35e-148d-9e82-8aeb-1cd53fc6fdcd,SNOMED-CT,274804006,Evaluation of uterine fundal height (procedure),3252.82,72892002,Normal pregnancy (finding)
2025-12-04T18:53:52Z,2025-12-04T19:08:52Z,922fb35e-148d-9e82-7e65-bfa05e3b3515,922fb35e-148d-9e82-8aeb-1cd53fc6fdcd,SNOMED-CT,225158009,Auscultation of the fetal heart (procedure),13011.27,72892002,Normal pregnancy (finding)
2026-01-01T18:53:52Z,2026-01-01T19:08:52Z,922fb35e-148d-9e82-7e65-bfa05e3b3515,922fb35e-148d-9e82-5829-72b172451ed6,SNOMED-CT,104091002,Hemogram  automated  with red blood cells  white blood cells  hemoglobin  hematocrit  indices  platelet count  and manual white blood cell differential (procedure),1321.72,72892002,Normal pregnancy (finding)
2026-01-01T18:53:52Z,2026-01-01T19:08:52Z,922fb35e-148d-9e82-7e65-bfa05e3b3515,922fb35e-148d-9e82-5829-72b172451ed6,SNOMED-CT,399014008,Administration of vaccine product containing only Bordetella pertussis and Clostridium tetani and Corynebacterium diphtheriae antigens (procedure),1593.94,72892002,Normal pregnancy (finding)
2026-01-01T18:53:52Z,2026-01-01T19:08:52Z,922fb35e-148d-9e82-7e65-bfa05e3b3515,922fb35e-148d-9e82-5829-72b172451ed6,SNOMED-CT,268556000,Urine screening for glucose (procedure),"1,240.89",72892002,Normal pregnancy (finding)
2026-01-01T18:53:52Z,2026-01-01T19:08:52Z,922fb35e-148d-9e82-7e65-bfa05e3b3515,922fb35e-148d-9e82-5829-72b172451ed6,SNOMED-CT,274804006,Evaluation of uterine fundal height (procedure),13011.27,72892002,Normal pregnancy (finding)
2026-01-01T18:53:52Z,2026-01-01T19:08:52Z,922fb35e-148d-9e82-7e65-bfa05e3b3515,922fb35e-148d-9e82-5829-72b172451ed6,SNOMED-CT,225158009,Auscultation of the fetal heart (procedure),3252.82,72892002,Normal pregnancy (finding)
2026-01-29T18:53:52Z,2026-01-29T19:08:52Z,922fb35e-148d-9e82-7e65-bfa05e3b3515,922fb35e-148d-9e82-b8cf-ba4446b318eb,SNOMED-CT,274804006,Evaluation of uterine fundal height (procedure),3252.82,72892002,Normal pregnancy (finding)
2026-01-29T18:53:52Z,2026-01-29T19:08:52Z,922fb35e-148d-9e82-7e65-bfa05e3b3515,922fb35e-148d-9e82-b8cf-ba4446b318eb,SNOMED-CT,225158009,Auscultation of the fetal heart (procedure),12774.95,72892002,Normal pregnancy (finding)
2026-02-26T18:53:52Z,2026-02-26T19:08:52Z,922fb35e-148d-9e82-7e65-bfa05e3b3515,922fb35e-148d-9e82-3598-d2297bfd9ad3,SNOMED-CT,118001005,Streptococcus pneumoniae group B antigen assay (procedure),1240.89,72892002,Normal pregnancy (finding)
2026-02-26T18:53:52Z,2026-02-26T19:08:52Z,922fb35e-148d-9e82-7e65-bfa05e3b3515,922fb35e-148d-9e82-3598-d2297bfd9ad3,SNOMED-CT,274804006,Evaluation of uterine fundal height (procedure),9512.08,72892002,Normal pregnancy (finding)
2026-02-26T18:53:52Z,2026-02-26T19:08:52Z,922fb35e-148d-9e82-7e65-bfa05e3b3515,922fb35e-148d-9e82-3598-d2297bfd9ad3,SNOMED-CT,225158009,Auscultation of the fetal heart (procedure),13011,72892002,Normal pregnancy (finding)
2026-03-12T18:53:52Z,2026-03-12T19:08:52Z,922fb35e-148d-9e82-7e65-bfa05e3b3515,922fb35e-148d-9e82-b791-55e85e142e61,SNOMED-CT,274804006,Evaluation of uterine fundal height (procedure),3558.76,72892002,Normal pregnancy (finding)
2026-03-12T18:53:52Z,2026-03-12T19:08:52Z,922fb35e-148d-9e82-7e65-bfa05e3b3515,922fb35e-148d-9e82-b791-55e85e142e61,SNOMED-CT,225158009,Auscultation of the fetal heart (procedure),3819.25,72892002,Normal pregnancy (finding)
2026-03-19T18:53:52Z,2026-03-19T19:08:52Z,922fb35e-148d-9e82-7e65-bfa05e3b3515,922fb35e-148d-9e82-6e39-02a9b04e435f,SNOMED-CT,237001001,Augmentation of labor (procedure),2525.04,72892002,Normal pregnancy (finding)
2026-03-19T18:53:52Z,2026-03-19T19:08:52Z,922fb35e-148d-9e82-7e65-bfa05e3b3515,922fb35e-148d-9e82-6e39-02a9b04e435f,SNOMED-CT,386216000,Human parturition  function (observable entity),620.44,72892002,Normal pregnancy (finding)
2026-04-30T18:53:52Z,2026-04-30T19:08:52Z,922fb35e-148d-9e82-7e65-bfa05e3b3515,922fb35e-148d-9e82-ddb4-dbbda85d5406,SNOMED-CT,5880005,Physical examination procedure (procedure),620.44,,
2026-04-30T18:53:52Z,2026-04-30T19:08:52Z,922fb35e-148d-9e82-7e65-bfa05e3b3515,922fb35e-148d-9e82-ddb4-dbbda85d5406,SNOMED-CT,171207006,Depression screening (procedure),620.44,,
2026-05-07T18:53:52Z,2026-05-07T19:12:53Z,922fb35e-148d-9e82-7e65-bfa05e3b3515,922fb35e-148d-9e82-5393-4584c15b19dd,SNOMED-CT,76601001,Intramuscular injection (procedure),6375.80,,
2026-08-13T18:53:52Z,2026-08-13T19:06:52Z,922fb35e-148d-9e82-7e65-bfa05e3b3515,922fb35e-148d-9e82-ce6e-97ea2cf9d3fa,SNOMED-CT,76601001,Intramuscular injection (procedure),3132.93,,
2017-08-22T21:42:53Z,2017-08-22T21:57:53Z,6aed9210-c500-4375-b0fc-3374c40b8591,6aed9210-c500-4375-3842-8b8fcbeac34d,SNOMED-CT,430193006,Medication reconciliation (procedure),955.74,,
2017-08-22T21:42:53Z,2017-08-22T22:14:22Z,6aed9210-c500-4375-b0fc-3374c40b8591,6aed9210-c500-4375-3842-8b8fcbeac34d,SNOMED-CT,710824005,Assessment of health and social care needs (procedure),620.44,,
2017-08-22T22:14:22Z,2017-08-22T22:40:38Z,6aed9210-c500-4375-b0fc-3374c40b8591,6aed9210-c500-4375-3842-8b8fcbeac34d,SNOMED-CT,710841007,Assessment of anxiety (procedure),620.44,,
2017-08-22T22:40:38Z,2017-08-22T23:15:55Z,6aed9210-c500-4375-b0fc-3374c40b8591,6aed9210-c500-4375-3842-8b8fcbeac34d,SNOMED-CT,866148006,Screening for domestic abuse (procedure),620.44,,
2017-08-22T23:15:55Z,2017-08-22T23:30:36Z,6aed9210-c500-4375-b0fc-3374c40b8591,6aed9210-c500-4375-3842-8b8fcbeac34d,SNOMED-CT,171207006,Depression screening (procedure),620.44,,
2017-08-22T23:30:36Z,2017-08-22T23:54:07Z,6aed9210-c500-4375-b0fc-3374c40b8591,6aed9210-c500-4375-3842-8b8fcbeac34d,SNOMED-CT,171207006,Depression screening (procedure),620.44,,
2017-08-22T23:54:07Z,2017-08-23T00:06:38Z,6aed9210-c500-4375-b0fc-3374c40b8591,6aed9210-c500-4375-3842-8b8fcbeac34d,SNOMED-CT,428211000124100,Assessment of substance use (procedure),620.44,,
2017-08-23T00:06:38Z,2017-08-23T00:29:18Z,6aed9210-c500-4375-b0fc-3374c40b8591,6aed9210-c500-4375-3842-8b8fcbeac34d,SNOMED-CT,763302001,Assessment using Alcohol Use Disorders Identification Test - Consumption (procedure),620.44,,
2017-08-23T00:29:18Z,2017-08-23T00:35:48Z,6aed9210-c500-4375-b0fc-3374c40b8591,6aed9210-c500-4375-3842-8b8fcbeac34d,SNOMED-CT,103697008,Patient referral for dental care (procedure),620.44,,
2017-09-05T21:42:53Z,2017-09-05T22:07:08Z,6aed9210-c500-4375-b0fc-3374c40b8591,6aed9210-c500-4375-7f49-aca9bafd8545,SNOMED-CT,34043003,Dental consultation and report (procedure),,103697008,Patient referral for dental care (procedure)
2017-09-05T22:07:08Z,2017-09-05T22:35:48Z,6aed9210-c500-4375-b0fc-3374c40b8591,6aed9210-c500-4375-7f49-aca9bafd8545,SNOMED-CT,225362009,De ntal care (regime/therapy),620.44,103697008,Patient referral for dental care (procedure)
2017-09-05T22:35:48Z,2017-09-05T23:04:00Z,6aed9210-c500-4375-b0fc-3374c40b8591,6aed9210-c500-4375-7f49-aca9bafd8545,SNOMED-CT,1260009003,Removal of supragingival plaque and calculus from all teeth using dental instrument (procedure),620.44,103697008,Patient referral for dental care (procedure)
2017-09-05T23:04:00Z,2017-09-05T23:38:35Z,6aed9210-c500-4375-b0fc-3374c40b8591,6aed9210-c500-4375-7f49-aca9bafd8545,SNOMED-CT,1260010008,Removal of subgingival plaque and calculus from all teeth using dental instrument (procedure),620.44,103697008,Patient referral for dental care (procedure)
2017-09-05T23:38:35Z,2017-09-06T00:10:45Z,6aed9210-c500-4375-b0fc-3374c40b8591,6aed9210-c500-4375-7f49-aca9bafd8545,SNOMED-CT,274788003,Examination of gingivae (procedure),620.44,103697008,Patient referral for dental care (procedure)
2017-09-06T00:10:45Z,2017-09-06T00:43:44Z,6aed9210-c500-4375-b0fc-3374c40b8591,6aed9210-c500-4375-7f49-aca9bafd8545,SNOMED-CT,68071007,Dental fluoride treatment (procedure),620.44,103697008,Patient referral for dental care (procedure)
2017-09-06T00:43:44Z,2017-09-06T01:02:28Z,6aed9210-c500-4375-b0fc-3374c40b8591,6aed9210-c500-4375-7f49-aca9bafd8545,SNOMED-CT,243085009,Oral health education (procedure),620.44,103697008,Patient referral for dental care (procedure)
2018-08-28T21:42:53Z,2018-08-28T22:37:45Z,6aed9210-c500-4375-b0fc-3374c40b8591,6aed9210-c500-4375-aa67-7f659b12e262,SNOMED-CT,710824005,Assessment of health and social care needs (procedure),620.44,,
2018-08-28T22:37:45Z,2018-08-28T22:54:30Z,6aed9210-c500-4375-b0fc-3374c40b8591,6aed9210-c500-4375-aa67-7f659b12e262,SNOMED-CT,710841007,Assessment of anxiety (procedure),620.44,,
2018-08-28T22:54:30Z,2018-08-28T23:04:32Z,6aed9210-c500-4375-b0fc-3374c40b8591,6aed9210-c500-4375-aa67-7f659b12e262,SNOMED-CT,428211000124100,Assessment of substance use (procedure),620.44,,
2018-08-28T23:04:32Z,2018-08-28T23:26:24Z,6aed9210-c500-4375-b0fc-3374c40b8591,6aed9210-c500-4375-aa67-7f659b12e262,SNOMED-CT,713106006,Screening for drug abuse (procedure),620.44,,
2019-09-03T21:42:53Z,2019-09-03T22:38:19Z,6aed9210-c500-4375-b0fc-3374c40b8591,6aed9210-c500-4375-a8cd-28febfe1b892,SNOMED-CT,710824005,Assessment of health and social care needs (procedure),620.44,,
2019-09-03T22:38:19Z,2019-09-03T22:50:16Z,6aed9210-c500-4375-b0fc-3374c40b8591,6aed9210-c500-4375-a8cd-28febfe1b892,SNOMED-CT,171207006,Depression screening (proced ure),620.44,,
2019-09-03T22:50:16Z,2019-09-03T23:14:03Z,6aed9210-c500-4375-b0fc-3374c40b8591,6aed9210-c500-4375-a8cd-28febfe1b892,SNOMED-CT,171207006,Depression screening (procedure),620.44,,
2019-09-03T23:14:03Z,2019-09-03T23:24:46Z,6aed9210-c500-4375-b0fc-3374c40b8591,6aed9210-c500-4375-a8cd-28febfe1b892,SNOMED-CT,428211000124100,Assessment of substance use (procedure),620.44,,
2019-09-03T23:24:46Z,2019-09-03T23:53:26Z,6aed9210-c500-4375-b0fc-3374c40b8591,6aed9210-c500-4375-a8cd-28febfe1b892,SNOMED-CT,763302001,Assessment using Alcohol Use Disorders Identification Test - Consumption (procedure),620.44,,
2019-09-03T23:53:26Z,2019-09-03T23:58:55Z,6aed9210-c500-4375-b0fc-3374c40b8591,6aed9210-c500-4375-a8cd-28febfe1b892,SNOMED-CT,103697008,Patient referral for dental care (procedure),620.44,66383009,Gingivitis (disorder)
2019-09-17T21:42:53Z,2019-09-17T22:03:25Z,6aed9210-c500-4375-b0fc-3374c40b8591,6aed9210-c500-4375-cd1a-abd5b300b910,SNOMED-CT,34043003,Dental consultation and report (procedure),620.44,66383009,Gingivitis (disorder)
2019-09-17T22:03:25Z,2019-09-17T22:35:22Z,6aed9210-c500-4375-b0fc-3374c40b8591,6aed9210-c500-4375-cd1a-abd5b300b910,SNOMED-CT,225362009,Dental care (regime/therapy),620.44,66383009,Gingivitis (disorder)
2019-09-17T22:35:22Z,2019-09-17T23:16:44Z,6aed9210-c500-4375-b0fc-3374c40b8591,6aed9210-c500-4375-cd1a-abd5b300b910,SNOMED-CT,1260009003,Removal of supragingival plaque and calculus from all teeth using dental instrument (procedure),620.44,66383009,Gingivitis (disorder)
2019-09-17T23:16:44Z,2019-09-17T23:40:29Z,6aed9210-c500-4375-b0fc-3374c40b8591,6aed9210-c500-4375-cd1a-abd5b300b910,SNOMED-CT,1260010008,Removal of subgingival plaque and calculus from all teeth using dental instrument (procedure),620.44,66383009,Gingivitis (disorder)
2019-09-17T23:40:29Z,2019-09-18T00:18:18Z,6aed9210-c500-4375-b0fc-3374c40b8591,6aed9210-c500-4375-cd1a-abd5b300b910,SNOMED-CT,274788003,Examination of gingivae (procedure),620.44,66383009,Gingivitis (disorder)
2019-09-18T00:18:18Z,2019-09-18T00:43:22Z,6aed9210-c500-4375-b0fc-3374c40b8591,6aed9210-c500-4375-cd1a-abd5b300b910,SNOMED-CT,1256042007,Restoration of tooth with coverage of all cusps using dental filling material (procedure),,278598003,Leaking dental filling (finding)
2019-09-18T00:43:22Z,2019-09-18T01:13:16Z,6aed9210-c500-4375-b0fc-3374c40b8591,6aed9210-c500-4375-cd1a-abd5b300b910,SNOMED-CT,68071007,Dental fluoride treatment (procedure),620.4400,66383009,Gingivitis (disorder)
2019-09-18T01:13:16Z,2019-09-18T01:27:35Z,6aed9210-c500-4375-b0fc-3374c40b8591,6aed9210-c500-4375-cd1a-abd5b300b910,SNOMED-CT,243085009,Oral health education (procedure),620.44,66383009,Gingivitis (disorder)
2020-09-08T21:42:53Z,2020-09-08T22:38:20Z,6aed9210-c500-4375-b0fc-3374c40b8591,6aed9210-c500-4375-1ea7-678e450a81e9,SNOMED-CT,710824005,Assessment of health and social care needs (procedure),620.44,,
2020-09-08T22:38:20Z,2020-09-08T22:56:22Z,6aed9210-c500-4375-b0fc-3374c40b8591,6aed9210-c500-4375-1ea7-678e450a81e9,SNOMED-CT,710841007,Assessment of anxiety (procedure),620.44,,
2020-09-08T22:56:22Z,2020-09-08T23:08:53Z,6aed9210-c500-4375-b0fc-3374c40b8591,6aed9210-c500-4375-1ea7-678e450a81e9,SNOMED-CT,171207006,Depression screening (procedure),620.44,,
2020-09-08T23:08:53Z,2020-09-08T23:33:43Z,6aed9210-c500-4375-b0fc-3374c40b8591,6aed9210-c500-4375-1ea7-678e450a81e9,SNOMED-CT,171207006,Depression screening (procedure),620.44,,
2020-09-08T23:33:43Z,2020-09-08T23:45:09Z,6aed9210-c500-4375-b0fc-3374c40b8591,6aed9210-c500-4375-1ea7-678e450a81e9,SNOMED-CT,428211000124100,Assessment of substance use (procedure),620.44,,
2020-09-08T23:45:09Z,2020-09-09T00:06:19Z,6aed9210-c500-4375-b0fc-3374c40b8591,6aed9210-c500-4375-1ea7-678e450a81e9,SNOMED-CT,713106006,Screening for drug abuse (procedure),620.44,,
2020-09-15T21:42:53Z,2020-09-15T22:12:53Z,6aed9210-c500-4375-b0fc-3374c40b8591,6aed9210-c500-4375-be24-1cb99fc1ab80,SNOMED-CT,14768001,Peripheral blood smear interpretation (procedure),620.44,,
2020-09-15T22:12:53Z,2020-09-15T22:23:51Z,6aed9210-c500-4375-b0fc-3374c40b8591,6aed9210-c500-4375-be24-1cb99fc1ab80,SNOMED-CT,415300000,Review of systems (procedure),98.35,,
2020-09-15T22:23:51Z,2020-09-15T22:29:12Z,6aed9210-c500-4375-b0fc-3374c40b8591,6aed9210-c500-4375-be24-1cb99fc1ab80,SNOMED-CT,430193006,Medication reconciliation (procedure),310.22,,
2020-09-15T22:29:12Z,2020-09-15T22:47:25Z,6aed9210-c500-4375-b0fc-3374c40b8591,6aed9210-c500-4375-be24-1cb99fc1ab80,SNOMED-CT,162676008,Brief general examination (procedure),275.4700,,
2021-09-14T21:42:53Z,2021-09-14T22:40:19Z,6aed9210-c500-4375-b0fc-3374c40b8591,6aed9210-c500-4375-fc78-e6f3cf7f7813,SNOMED-CT,710824005,Assessment of health and social care needs (procedure),620.44,,
2022-09-20T21:42:53Z,2022-09-20T22:37:07Z,6aed9210-c500-4375-b0fc-3374c40b8591,6aed9210-c500-4375-dd83-2880898a7646,SNOMED-CT,710824005,Assessment of health and social care needs (procedure),620.44,,
2022-09-20T22:37:07Z,2022-09-20T22:51:25Z,6aed9210-c500-4375-b0fc-3374c40b8591,6aed9210-c500-4375-dd83-2880898a7646,SNOMED-CT,171207006,Depression screening (procedure),620.44,,
2022-09-20T22:51:25Z,2022-09-20T23:21:15Z,6aed9210-c500-4375-b0fc-3374c40b8591,6aed9210-c500-4375-dd83-2880898a7646,SNOMED-CT,171207006,Depression screening (procedure),620.44,,
2022-09-20T23:21:15Z,2022-09-20T23:44:40Z,6aed9210-c500-4375-b0fc-3374c40b8591,6aed9210-c500-4375-dd83-2880898a7646,SNOMED-CT,715252007,Depression screening using Patient Health Questionnaire Nine Item score (procedure),37.22,,
2022-09-20T23:44:40Z,2022-09-20T23:57:47Z,6aed9210-c500-4375-b0fc-3374c40b8591,6aed9210-c500-4375-dd83-2880898a7646,SNOMED-CT,428211000124100,Assessment of substance use (procedure),620.44,,
2022-09-20T23:57:47Z,2022-09-21T00:22:11Z,6aed9210-c500-4375-b0fc-3374c40b8591,6aed9210-c500-4375-dd83-2880898a7646,SNOMED-CT,763302001,Assessment using Alcohol Use Disorders Identification Test - Consumption (procedure),620.44,,
2022-09-21T00:22:11Z,2022-09-21T00:36:21Z,6aed9210-c500-4375-b0fc-3374c40b8591,6aed9210-c500-4375-dd83-2880898a7646,SNOMED-CT,103697008,Patient referral for dental care (procedure),620.44,,
2022-10-04T21:42:53Z,2022-10-04T22:14:36Z,6aed9210-c500-4375-b0fc-3374c40b8591,6aed9210-c500-4375-67eb-bb575b10f2f9,SNOMED-CT,34043003,Dental consultation and report (procedure),620.44,103697008,Patient referral for dental care (procedure)
2022-10-04T22:14:36Z,2022-10-04T22:32:55Z,6aed9210-c500-4375-b0fc-3374c40b8591,6aed9210-c500-4375-67eb-bb575b10f2f9,SNOMED-CT,225362009,Dental care (regime/therapy),620.44,103697008,Patient referral for dental care (procedure)
2022-10-04T22:32:55Z,2022-10-04T23:14:56Z,6aed9210-c500-4375-b0fc-3374c40b8591,6aed9210-c500-4375-67eb-bb575b10f2f9,SNOMED-CT,1260009003,Removal of supragingival plaque and calculus from all teeth using dental instrument (procedure),620.44,103697008,Patient referral for dental care (procedure)
2022-10-04T23:14:56Z,2022-10-04T23:56:15Z,6aed9210-c500-4375-b0fc-3374c40b8591,6aed9210-c500-4375-67eb-bb575b10f2f9,SNOMED-CT,1260010008,Removal of subgingival plaque and calculus from all teeth using dental instrument (procedure),620.44,103697008,Patient referral for dental care (procedure)
2022-10-04T23:56:15Z,2022-10-05T00:43:14Z,6aed9210-c500-4375-b0fc-3374c40b8591,6aed9210-c500-4375-67eb-bb575b10f2f9,SNOMED-CT,274788003,Examination of gingivae (procedure),620.44,103697008,Patient referral for dental care (procedure)
2022-10-05T00:43:14Z,2022-10-05T01:25:29Z,6aed9210-c500-4375-b0fc-3374c40b8591,6aed9210-c500-4375-67eb-bb575b10f2f9,SNOMED-CT,1259293006,Application of composite dental filling material to dentin of tooth following fracture of tooth (procedure),620.44,109570002,Primary dental caries (disorder)
2022-10-05T01:25:29Z,2022-10-05T01:53:49Z,6aed9210-c500-4375-b0fc-3374c40b8591,6aed9210-c500-4375-67eb-bb575b10f2f9,SNOMED-CT,68071007,Dental fluoride treatment (procedure),620.44,103697008,Patient referral for dental care (procedure)
2022-10-05T01:53:49Z,2022-10-05T02:14:41Z,6aed9210-c500-4375-b0fc-3374c40b8591,6aed9210-c500-4375-67eb-bb575b10f2f9,SNOMED-CT,243085009,Oral health education (procedure),620.44,103697008,Patient referral for dental care (procedure)
2023-08-14T21:42:53Z,2023-08-14T23:08:53Z,6aed9210-c500-4375-b0fc-3374c40b8591,6aed9210-c500-4375-8c25-54a978bed329,SNOMED-CT,22523008,Vasectomy (procedure),8150.26,,
2023-09-26T21:42:53Z,2023-09-26T22:23:18Z,6aed9210-c500-4375-b0fc-3374c40b8591,6aed9210-c500-4375-94fb-8fea6a7d9f20,SNOMED-CT,710824005,Assessment of health and social care needs (procedure),620.44,,
2023-09-26T22:23:18Z,2023-09-26T23:05:48Z,6aed9210-c500-4375-b0fc-3374c40b8591,6aed9210-c500-4375-94fb-8fea6a7d9f20,SNOMED-CT,866148006,Screening for domestic abuse (procedure),620.44,,
2023-09-26T23:05:48Z,2023-09-26T23:19:50Z,6aed9210-c500-4375-b0fc-3374c40b8591,6aed9210-c500-4375-94fb-8fea6a7d9f20,SNOMED-CT,428211000124100,Assessment of substance use (procedure),620.44,,
2023-09-26T23:19:50Z,2023-09-26T23:47:07Z,6aed9210-c500-4375-b0fc-3374c40b8591,6aed9210-c500-4375-94fb-8fea6a7d9f20,SNOMED-CT,713106006,Screening for drug abuse (procedure),620.44,,
2024-10-01T21:42:53Z,2024-10-01T21:57:53Z,6aed9210-c500-4375-b0fc-3374c40b8591,6aed9210-c500-4375-b509-44883307fd2b,SNOMED-CT,430193006,Medication reconciliation (procedure),998.38,,
2024-10-01T21:42:53Z,2024-10-01T22:31:05Z,6aed9210-c500-4375-b0fc-3374c40b8591,6aed9210-c500-4375-b509-44883307fd2b,SNOMED-CT,710824005,Assessment of health and social care needs (procedure),620.44,,
2024-10-01T22:31:05Z,2024-10-01T22:43:06Z,6aed9210-c500-4375-b0fc-3374c40b8591,6aed9210-c500-4375-b509-44883307fd2b,SNOMED-CT,171207006,Depression screening (procedure),620.44,,
2024-10-01T22:43:06Z,2024-10-01T23:10:29Z,6aed9210-c500-4375-b0fc-3374c40b8591,6aed9210-c500-4375-b509-44883307fd2b,SNOMED-CT,171207006,Depression screening (procedure),620.44,,
2024-10-01T23:10:29Z,2024-10-01T23:20:20Z,6aed9210-c500-4375-b0fc-3374c40b8591,6aed9210-c500-4375-b509-44883307fd2b,SNOMED-CT,103697008,Patient referral for dental care (procedure),620.44,,
2024-10-15T21:42:53Z,2024-10-15T21:57:17Z,6aed9210-c500-4375-b0fc-3374c40b8591,6aed9210-c500-4375-f98a-b8fbe6944598,SNOMED-CT,34043003,Dental consultation and report (procedure),620.44,103697008,Patient referral for dental care (procedure)
2024-10-15T21:57:17Z,2024-10-15T22:38:01Z,6aed9210-c500-4375-b0fc-3374c40b8591,6aed9210-c500-4375-f98a-b8fbe6944598,SNOMED-CT,225362009,Dental care (ergime/therapy),620.44,103697008,Patient referral for dental care (procedure)
2024-10-15T22:38:01Z,2024-10-15T22:58:25Z,6aed9210-c500-4375-b0fc-3374c40b8591,6aed9210-c500-4375-f98a-b8fbe6944598,SNOMED-CT,1260009003,Removal of supragingival plaque and calculus from all teeth using dental instrument (procedure),620.44,103697008,Patient referral for dental care (procedure)
2024-10-15T22:58:25Z,2024-10-15T23:26:21Z,6aed9210-c500-4375-b0fc-3374c40b8591,6aed9210-c500-4375-f98a-b8fbe6944598,SNOMED-CT,1260010008,,620.44,103697008,Patient referral for dental care (procedure)
2024-10-15T23:26:21Z,2024-10-15T23:56:21Z,6aed9210-c500-4375-b0fc-3374c40b8591,6aed9210-c500-4375-f98a-b8fbe6944598,SNOMED-CT,241046008,Dental plain X-ray bitewing (procedure),620.44,,
2024-10-15T23:26:21Z,2024-10-16T00:00:57Z,6aed9210-c500-4375-b0fc-3374c40b8591,6aed9210-c500-4375-f98a-b8fbe6944598,SNOMED-CT,274788003,Examination of gingivae (procedure),620.44,103697008,Patient referral for dental care (procedure)
2024-10-16T00:00:57Z,2024-10-16T00:21:22Z,6aed9210-c500-4375-b0fc-3374c40b8591,6aed9210-c500-4375-f98a-b8fbe6944598,SNOMED-CT,1259293006,Application of composite dental filling material to dentin of tooth following fracture of tooth (procedure),620.44,109570002,Primary dental caries (disorder)
2024-10-16T00:21:22Z,2024-10-16T00:48:28Z,6aed9210-c500-4375-b0fc-3374c40b8591,6aed9210-c500-4375-f98a-b8fbe6944598,SNOMED-CT,243085009,Oral health education (procedure),620.44,103697008,Patient referral for dental care (procedure)
2024-11-12T21:42:53Z,2024-11-12T22:20:34Z,6aed9210-c500-4375-b0fc-3374c40b8591,6aed9210-c500-4375-eaef-be7b31b6fe76,SNOMED-CT,710824005,Assessment of health and social care needs (procedure),620.44,,
2024-11-12T22:20:34Z,2024-11-12T22:39:11Z,6aed9210-c500-4375-b0fc-3374c40b8591,6aed9210-c500-4375-eaef-be7b31b6fe76,SNOMED-CT,710841007,Assessment of anxiety (procedure),620.44,,
2024-11-12T22:39:11Z,2024-11-12T22:53:34Z,6aed9210-c500-4375-b0fc-3374c40b8591,6aed9210-c500-4375-eaef-be7b31b6fe76,SNOMED-CT,171207006,Depression screening (procedure),620.4400,,
2024-11-12T22:53:34Z,2024-11-12T23:23:31Z,6aed9210-c500-4375-b0fc-3374c40b8591,6aed9210-c500-4375-eaef-be7b31b6fe76,SNOMED-CT,171207006,Depression screening (procedure),620.44,,
2024-11-12T23:23:31Z,2024-11-12T23:38:05Z,6aed9210-c500-4375-b0fc-3374c40b8591,6aed9210-c500-4375-eaef-be7b31b6fe76,SNOMED-CT,428211000124100,Assessment of substance use (procedure),620.44,,
2024-11-12T23:38:05Z,2024-11-13T00:04:26Z,6aed9210-c500-4375-b0fc-3374c40b8591,6aed9210-c500-4375-eaef-be7b31b6fe76,SNOMED-CT,713106006,Screening for drug abuse (procedure),620.44,,
2024-11-13T00:04:26Z,2024-11-13T00:14:32Z,6aed9210-c500-4375-b0fc-3374c40b8591,6aed9210-c500-4375-eaef-be7b31b6fe76,SNOMED-CT,103697008,Patient referral for dental care (procedure),620.44,,
2024-11-26T21:42:53Z,2024-11-26T22:30:29Z,6aed9210-c500-4375-b0fc-3374c40b8591,6aed9210-c500-4375-72fe-72216f2e8ee4,SNOMED-CT,34043003,Dental consultation and report (procedure),620.44,103697008,Patient referral for dental care (procedure)
2024-11-26T22:30:29Z,2024-11-26T22:45:16Z,6aed9210-c500-4375-b0fc-3374c40b8591,6aed9210-c500-4375-72fe-72216f2e8ee4,SNOMED-CT,225362009,Dental care (regime/therapy),620.44,103697008,Patient referral for dental care (procedure)
2024-11-26T22:45:16Z,2024-11-26T23:14:55Z,6aed9210-c500-4375-b0fc-3374c40b8591,6aed9210-c500-4375-72fe-72216f2e8ee4,SNOMED-CT,1260009003,Removal of supragingival plaque and calculus from all teeth using dental instrument (procedure),620.44,103697008,Patient referral for dental care (procedure)
2024-11-26T23:14:55Z,2024-11-26T23:53:45Z,6aed9210-c500-4375-b0fc-3374c40b8591,6aed9210-c500-4375-72fe-72216f2e8ee4,SNOMED-CT,1260010008,Removal of subgingival plaque and calculus from all teeth using dental instrument (procedure),620.44,103697008,Patient referral for dental care (procedure)
2024-11-26T23:53:45Z,2024-11-27T00:29:42Z,6aed9210-c500-4375-b0fc-3374c40b8591,6aed9210-c500-4375-72fe-72216f2e8ee4,SNOMED-CT,274788003,,620.44,103697008,Patient referral for dental care (procedure)
2024-11-27T00:29:42Z,2024-11-27T01:02:24Z,6aed9210-c500-4375-b0fc-3374c40b8591,6aed9210-c500-4375-72fe-72216f2e8ee4,SNOMED-CT,68071007,Dental fluoride treatment (procedure),620.44,103697008,Patient referral for dental care (procedure)
2024-11-27T01:02:24Z,2024-11-27T01:18:59Z,6aed9210-c500-4375-b0fc-3374c40b8591,6aed9210-c500-4375-72fe-72216f2e8ee4,SNOMED-CT,243085009,Oral he alth education (procedure),620.44,103697008,Patient referral for dental care (procedure)
2025-08-01T09:42:53Z,2025-08-01T09:53:39Z,6aed9210-c500-4375-b0fc-3374c40b8591,6aed9210-c500-4375-6496-e1fd8fc58c59,SNOMED-CT,23426006,,201.39,10509002,Acute bronchitis (disorder)
2025-08-12T21:42:53Z,2025-08-12T22:34:29Z,6aed9210-c500-4375-b0fc-3374c40b8591,6aed9210-c500-4375-eb94-48b87c1d415c,SNOMED-CT,710824005,Assessment of health and social care needs (procedure),620.44,,
2025-08-12T22:34:29Z,2025-08-12T23:00:53Z,6aed9210-c500-4375-b0fc-3374c40b8591,6aed9210-c500-4375-eb94-48b87c1d415c,SNOMED-CT,710841007,Assessment of anxiety (procedure),620.44,,
2025-08-12T23:00:53Z,2025-08-12T23:33:46Z,6aed9210-c500-4375-b0fc-3374c40b8591,6aed9210-c500-4375-eb94-48b87c1d415c,SNOMED-CT,866148006,Screening for domestic abuse (procedure),620.44,,
2025-08-12T23:33:46Z,2025-08-12T23:47:59Z,6aed9210-c500-4375-b0fc-3374c40b8591,6aed9210-c500-4375-eb94-48b87c1d415c,SNOMED-CT,171207006,Depression screening (procedure),620.44,,
2025-08-12T23:47:59Z,2025-08-13T00:08:41Z,6aed9210-c500-4375-b0fc-3374c40b8591,6aed9210-c500-4375-eb94-48b87c1d415c,SNOMED-CT,171207006,Depression screening (procedure),620.44,,
2025-08-13T00:08:41Z,2025-08-13T00:20:22Z,6aed9210-c500-4375-b0fc-3374c40b8591,6aed9210-c500-4375-eb94-48b87c1d415c,SNOMED-CT,428211000124100,Assessment of substance use (procedure),620.44,,
2025-08-13T00:20:22Z,2025-08-13T00:43:52Z,6aed9210-c500-4375-b0fc-3374c40b8591,6aed9210-c500-4375-eb94-48b87c1d415c,SNOMED-CT,713106006,Screening for drug abuse (procedure),620.44,,
2025-08-13T00:43:52Z,2025-08-13T00:55:32Z,6aed9210-c500-4375-b0fc-3374c40b8591,6aed9210-c500-4375-eb94-48b87c1d415c,SNOMED-CT,103697008,,620.44,66383009,Gingivitis (disorder)
2025-08-26T21:42:53Z,2025-08-26T22:05:15Z,6aed9210-c500-4375-b0fc-3374c40b8591,6aed9210-c500-4375-722a-d4e9e6219624,SNOMED-CT,34043003,Dental consultation and report (procedure),620.44,66383009,Gingivitis (disorder)
2025-08-26T22:05:15Z,2025-08-26T22:43:02Z,6aed9210-c500-4375-b0fc-3374c40b8591,6aed9210-c500-4375-722a-d4e9e6219624,SNOMED-CT,225362009,Dental care (regime/therapy),620.44,66383009,Gingivitis (disorder)
2025-08-26T22:43:02Z,2025-08-26T23:00:08Z,6aed9210-c500-4375-b0fc-3374c40b8591,6aed9210-c500-4375-722a-d4e9e6219624,SNOMED-CT,1260009003,Removal of supragingival plaque and calculus from all teeth using dental instrument (procedure),620.44,66383009,Gingivitis (disorder)
2025-08-26T23:00:08Z,2025-08-26T23:08:11Z,6aed9210-c500-4375-b0fc-3374c40b8591,6aed9210-c500-4375-722a-d4e9e6219624,SNOMED-CT,1260010008,Removal of subgingival plaque and calculus from all teeth using dental instrument (procedure),620.44,66383009,Gingivitis (disorder)
2025-08-26T23:08:11Z,2025-08-26T23:38:11Z,6aed9210-c500-4375-b0fc-3374c40b8591,6aed9210-c500-4375-722a-d4e9e6219624,SNOMED-CT,241046008,Dental plain X-ray bitewing (procedure),620.44,,
2025-08-26T23:08:11Z,2025-08-26T23:51:19Z,6aed9210-c500-4375-b0fc-3374c40b8591,6aed9210-c500-4375-722a-d4e9e6219624,SNOMED-CT,274788003,Examination of gingivae (procedure),620.44,66383009,Gingivitis (disorder)
2025-08-26T23:51:19Z,2025-08-27T00:13:11Z,6aed9210-c500-4375-b0fc-3374c40b8591,6aed9210-c500-4375-722a-d4e9e6219624,SNOMED-CT,68071007,Dental fluoride treatment (procedure),620.44,66383009,Gingivitis (disorder)
2025-08-27T00:13:11Z,2025-08-27T00:26:10Z,6aed9210-c500-4375-b0fc-3374c40b8591,6aed9210-c500-4375-722a-d4e9e6219624,SNOMED-CT,243085009,Oral health education (procedure),620.44,66383009,Gingivitis (disorder)
2025-10-07T21:42:53Z,2025-10-07T21:57:53Z,6aed9210-c500-4375-b0fc-3374c40b8591,6aed9210-c500-4375-616e-61d7bab35d1a,SNOMED-CT,430193006,Medication reconciliation (procedure),1240.89,,
2025-10-07T21:42:53Z,2025-10-07T22:19:14Z,6aed9210-c500-4375-b0fc-3374c40b8591,6aed9210-c500-4375-616e-61d7bab35d1a,SNOMED-CT,710824005,Assessment of health and social care needs (procedure),620,,
2025-10-07T22:19:14Z,2025-10-07T22:47:39Z,6aed9210-c500-4375-b0fc-3374c40b8591,6aed9210-c500-4375-616e-61d7bab35d1a,SNOMED-CT,710841007,Assessment of anxiety (procedure),620.44,,
2025-10-07T22:47:39Z,2025-10-07T22:57:55Z,6aed9210-c500-4375-b0fc-3374c40b8591,6aed9210-c500-4375-616e-61d7bab35d1a,SNOMED-CT,171207006,Depression screening (procedure),620.44,,
2025-10-07T22:57:55Z,2025-10-07T23:22:13Z,6aed9210-c500-4375-b0fc-3374c40b8591,6aed9210-c500-4375-616e-61d7bab35d1a,SNOMED-CT,171207006,Depression screening (procedure),620.44,,
2025-10-07T23:22:13Z,2025-10-07T23:33:45Z,6aed9210-c500-4375-b0fc-3374c40b8591,6aed9210-c500-4375-616e-61d7bab35d1a,SNOMED-CT,428211000124100,Assessment of substance use (procedure),620.44,,
2025-10-07T23:33:45Z,2025-10-07T23:59:42Z,6aed9210-c500-4375-b0fc-3374c40b8591,6aed9210-c500-4375-616e-61d7bab35d1a,SNOMED-CT,763302001,Assessment using Alcohol Use Disorders Identification Test - Consumption (procedure),620.44,,
2025-10-07T23:59:42Z,2025-10-08T00:09:02Z,6aed9210-c500-4375-b0fc-3374c40b8591,6aed9210-c500-4375-616e-61d7bab35d1a,SNOMED-CT,103697008,Patient referral for dental care (procedure),620.44,66383009,Gingivitis (disorder)
2025-10-21T21:42:53Z,2025-10-21T22:19:06Z,6aed9210-c500-4375-b0fc-3374c40b8591,6aed9210-c500-4375-93f0-cd18f397a9bd,SNOMED-CT,34043003,Dental consultation and report (procedure),620.44,66383009,Gingivitis (disorder)
2025-10-21T22:19:06Z,2025-10-21T22:56:28Z,6aed9210-c500-4375-b0fc-3374c40b8591,6aed9210-c500-4375-93f0-cd18f397a9bd,SNOMED-CT,225362009,Dental care (regime/therapy),620.44,66383009,Gingivitis (disorder)
2025-10-21T22:56:28Z,2025-10-21T23:10:23Z,6aed9210-c500-4375-b0fc-3374c40b8591,6aed9210-c500-4375-93f0-cd18f397a9bd,SNOMED-CT,1260009003,,620.44,66383009,Gingivitis (disorder)
2025-10-21T23:10:23Z,2025-10-21T23:44:09Z,6aed9210-c500-4375-b0fc-3374c40b8591,6aed9210-c500-4375-93f0-cd18f397a9bd,SNOMED-CT,1260010008,Removal of subgingival plaque and calculus from all teeth using dental instrument (procedure),620.44,66383009,Gingivitis (disorder)
2025-10-21T23:44:09Z,2025-10-22T00:22:08Z,6aed9210-c500-4375-b0fc-3374c40b8591,6aed9210-c500-4375-93f0-cd18f397a9bd,SNOMED-CT,274788003,Examination of gingivae (procedure),620.44,66383009,Gingivitis (disorder)
2025-10-22T00:22:08Z,2025-10-22T00:33:11Z,6aed9210-c500-4375-b0fc-3374c40b8591,6aed9210-c500-4375-93f0-cd18f397a9bd,SNOMED-CT,81733005,Dental surgical procedure (procedure),620.44,18718003,Gingival disease (disorder)
2025-10-22T00:33:11Z,2025-10-22T01:54:16Z,6aed9210-c500-4375-b0fc-3374c40b8591,6aed9210-c500-4375-93f0-cd18f397a9bd,SNOMED-CT,3802001,Dental application of desensitizing medicament (procedure),620.44,18718003,Gingival disease (disorder)
2025-10-22T01:54:16Z,2025-10-22T02:24:39Z,6aed9210-c500-4375-b0fc-3374c40b8591,6aed9210-c500-4375-93f0-cd18f397a9bd,SNOMED-CT,64544008,Gingivectomy or gingivoplasty  per tooth (procedure),620.44,18718003,Gingival disease (disorder)
2025-10-22T02:24:39Z,2025-10-22T03:08:22Z,6aed9210-c500-4375-b0fc-3374c40b8591,6aed9210-c500-4375-93f0-cd18f397a9bd,SNOMED-CT,456191000124101,Postoperative care for dental procedure (regime/therapy),620,,
2025-10-22T03:08:22Z,2025-10-22T03:38:16Z,6aed9210-c500-4375-b0fc-3374c40b8591,6aed9210-c500-4375-93f0-cd18f397a9bd,SNOMED-CT,68071007,Dental fluoride treatment (procedure),620.44,66383009,Gingivitis (disorder)
2025-10-22T03:38:16Z,2025-10-22T03:55:52Z,6aed9210-c500-4375-b0fc-3374c40b8591,6aed9210-c500-4375-93f0-cd18f397a9bd,SNOMED-CT,243085009,Oral health education (procedure),620.44,66383009,Gingivitis (disorder)
2016-10-09T06:34:20Z,2016-10-09T07:08:12Z,6f45f2e9-a617-570a-8867-dec1260088bb,6f45f2e9-a617-570a-2107-f6bd879cbc45,SNOMED-CT,395142003,Allergy screening test (procedure),620.44,,
2016-10-20T06:34:20Z,2016-10-20T06:39:20Z,6f45f2e9-a617-570a-8867-dec1260088bb,6f45f2e9-a617-570a-ac72-e32886abc3bc,SNOMED-CT,103697008,Patient referral for dental care (procedure),620.44,,
2016-10-27T06:34:20Z,2016-10-27T06:47:07Z,6f45f2e9-a617-570a-8867-dec1260088bb,6f45f2e9-a617-570a-1cd2-96a75b27fad7,SNOMED-CT,34043003,Dental consultation and report (procedure),620.44,103697008,Patient referral for dental care (procedure)
2016-10-27T06:47:07Z,2016-10-27T07:11:44Z,6f45f2e9-a617-570a-8867-dec1260088bb,6f45f2e9-a617-570a-1cd2-96a75b27fad7,SNOMED-CT,225362009,Dental care (regime/therapy),620.44,103697008,Patient referral for dental care (procedure)
2016-10-27T07:11:44Z,2016-10-27T07:43:38Z,6f45f2e9-a617-570a-8867-dec1260088bb,6f45f2e9-a617-570a-1cd2-96a75b27fad7,SNOMED-CT,1260009003,Removal of supragingival plaque and calculus from all teeth using dental instrument (procedure),620.44,103697008,Patient referral for dental care (procedure)
2016-10-27T07:43:38Z,2016-10-27T07:58:58Z,6f45f2e9-a617-570a-8867-dec1260088bb,6f45f2e9-a617-570a-1cd2-96a75b27fad7,SNOMED-CT,1260010008,Removal of subgingival plaque and calculus from all teeth using dental instrument (procedure),620.44,103697008,Patient referral for dental care (procedure)
2016-10-27T07:58:58Z,2016-10-27T08:30:58Z,6f45f2e9-a617-570a-8867-dec1260088bb,6f45f2e9-a617-570a-1cd2-96a75b27fad7,SNOMED-CT,274788003,Examination of gingivae (procedure),620.44,103697008,Patient referral for dental care (procedure)
2016-10-27T08:30:58Z,2016-10-27T08:46:45Z,6f45f2e9-a617-570a-8867-dec1260088bb,6f45f2e9-a617-570a-1cd2-96a75b27fad7,SNOMED-CT,243085009,Oral health education (procedure),,103697008,Patient referral for dental care (procedure)
2016-12-27T06:34:20Z,2016-12-27T06:49:20Z,6f45f2e9-a617-570a-8867-dec1260088bb,6f45f2e9-a617-570a-c4c5-0e1385599b49,SNOMED-CT,63332003,History AND physical examination (procedure),620.44,,
2016-12-27T06:34:20Z,2016-12-27T06:49:20Z,6f45f2e9-a617-570a-8867-dec1260088bb,6f45f2e9-a617-570a-c4c5-0e1385599b49,SNOMED-CT,315639002,Initial patient assessment (procedure),620.44,,
2016-12-27T06:34:20Z,2016-12-27T06:49:20Z,6f45f2e9-a617-570a-8867-dec1260088bb,6f45f2e9-a617-570a-c4c5-0e1385599b49,SNOMED-CT,370789001,Development of individualized plan of care (procedure),620.44,,
2016-12-27T06:34:20Z,2016-12-27T06:49:20Z,6f45f2e9-a617-570a-8867-dec1260088bb,6f45f2e9-a617-570a-c4c5-0e1385599b49,SNOMED-CT,410401003,,620.44,,
2016-12-28T06:34:20Z,2016-12-28T06:49:20Z,6f45f2e9-a617-570a-8867-dec1260088bb,6f45f2e9-a617-570a-c4c5-0e1385599b49,SNOMED-CT,410401003,Nursing care/supplementary surveillance (regime/therapy),620.44,,
2016-12-28T06:34:20Z,2016-12-28T06:49:20Z,6f45f2e9-a617-570a-8867-dec1260088bb,6f45f2e9-a617-570a-c4c5-0e1385599b49,SNOMED-CT,409023009,Professional / ancillary services care (regime/therapy),620.44,,
2016-12-29T06:34:20Z,2016-12-29T06:49:20Z,6f45f2e9-a617-570a-8867-dec1260088bb,6f45f2e9-a617-570a-c4c5-0e1385599b49,SNOMED-CT,410401003,Nursing care/supplementary surveillance (regime/therapy),620.44,,
2016-12-30T06:34:20Z,2016-12-30T06:49:20Z,6f45f2e9-a617-570a-8867-dec1260088bb,6f45f2e9-a617-570a-c4c5-0e1385599b49,SNOMED-CT,410401003,Nursing care/supplementary surveillance (regime/therapy),620.44,,
2016-12-31T06:34:20Z,2016-12-31T06:49:20Z,6f45f2e9-a617-570a-8867-dec1260088bb,6f45f2e9-a617-570a-c4c5-0e1385599b49,SNOMED-CT,410401003,Nursing care/supplementary surveillance (regime/therapy),620.44,,
2017-01-01T06:34:20Z,2017-01-01T06:49:20Z,6f45f2e9-a617-570a-8867-dec1260088bb,6f45f2e9-a617-570a-c4c5-0e1385599b49,SNOMED-CT,410401003,Nursing care/supplementary surveillance (regime/therapy),620.44,,
2017-01-02T06:34:20Z,2017-01-02T06:49:20Z,6f45f2e9-a617-570a-8867-dec1260088bb,6f45f2e9-a617-570a-c4c5-0e1385599b49,SNOMED-CT,410401003,Nursing care/supplementary surveillance (regime/therapy),620.44,,
2017-01-03T06:34:20Z,2017-01-03T06:49:20Z,6f45f2e9-a617-570a-8867-dec1260088bb,6f45f2e9-a617-570a-c4c5-0e1385599b49,SNOMED-CT,410401003,Nursing care/supplementary surveillance (regime/therapy),620.44,,
2017-01-04T06:34:20Z,2017-01-04T06:49:20Z,6f45f2e9-a617-570a-8867-dec1260088bb,6f45f2e9-a617-570a-c4c5-0e1385599b49,SNOMED-CT,410401003,Nursing care/supplementary surveillance (regime/therapy),620.44,,
2017-01-05T06:34:20Z,2017-01-05T06:49:20Z,6f45f2e9-a617-570a-8867-dec1260088bb,6f45f2e9-a617-570a-c4c5-0e1385599b49,SNOMED-CT,410401003,Nursing care/supplementary surveillance (regime/therapy),620.44,,
2017-01-06T06:34:20Z,2017-01-06T06:49:20Z,6f45f2e9-a617-570a-8867-dec1260088bb,6f45f2e9-a617-570a-c4c5-0e1385599b49,SNOMED-CT,410401003,Nursing care/supplementary surveillance (regime/therapy),620.44,,
2017-01-06T06:34:20Z,2017-01-06T06:49:20Z,6f45f2e9-a617-570a-8867-dec1260088bb,6f45f2e9-a617-570a-c4c5-0e1385599b49,SNOMED-CT,91251008,,310.22,,
2017-01-06T06:34:20Z,2017-01-06T06:49:20Z,6f45f2e9-a617-570a-8867-dec1260088bb,6f45f2e9-a617-570a-c4c5-0e1385599b49,SNOMED-CT,409023009,Professional / ancillary services care (regime/therapy),620.44,,
2017-01-07T06:34:20Z,2017-01-07T06:49:20Z,6f45f2e9-a617-570a-8867-dec1260088bb,6f45f2e9-a617-570a-c4c5-0e1385599b49,SNOMED-CT,410401003,Nursing care/supplementary surveillance (regime/therapy),620.44,,
2017-01-07T06:34:20Z,2017-01-07T06:49:20Z,6f45f2e9-a617-570a-8867-dec1260088bb,6f45f2e9-a617-570a-c4c5-0e1385599b49,SNOMED-CT,311555007,Speech and language therapy regime (regime/therapy),620.44,,
2017-01-08T06:34:20Z,2017-01-08T06:49:20Z,6f45f2e9-a617-570a-8867-dec1260088bb,6f45f2e9-a617-570a-c4c5-0e1385599b49,SNOMED-CT,410401003,Nursing care/supplementary surveillance (regime/therapy),620.44,,
2017-01-09T06:34:20Z,2017-01-09T06:49:20Z,6f45f2e9-a617-570a-8867-dec1260088bb,6f45f2e9-a617-570a-c4c5-0e1385599b49,SNOMED-CT,410401003,Nursing care/supplementary surveillance (regime/therapy),620.44,,
2017-01-10T06:34:20Z,2017-01-10T06:49:20Z,6f45f2e9-a617-570a-8867-dec1260088bb,6f45f2e9-a617-570a-c4c5-0e1385599b49,SNOMED-CT,410401003,Nursing care/supplementary surveillance (regime/therapy),620.44,,
2017-01-10T06:34:20Z,2017-01-10T06:49:20Z,6f45f2e9-a617-570a-8867-dec1260088bb,6f45f2e9-a617-570a-c4c5-0e1385599b49,SNOMED-CT,91251008,Physical therapy procedure (regime/therapy),310.22,,
2017-01-11T06:34:20Z,2017-01-11T06:49:20Z,6f45f2e9-a617-570a-8867-dec1260088bb,6f45f2e9-a617-570a-c4c5-0e1385599b49,SNOMED-CT,410401003,,620.44,,
2017-01-12T06:34:20Z,2017-01-12T06:49:20Z,6f45f2e9-a617-570a-8867-dec1260088bb,6f45f2e9-a617-570a-c4c5-0e1385599b49,SNOMED-CT,410401003,Nursing care/supplementary surveillance (regime/therapy),620.44,,
2017-01-13T06:34:20Z,2017-01-13T06:49:20Z,6f45f2e9-a617-570a-8867-dec1260088bb,6f45f2e9-a617-570a-c4c5-0e1385599b49,SNOMED-CT,225386006,Pre-discharge assessment (procedure),620.44,,
2017-01-13T06:34:20Z,2017-01-13T06:49:20Z,6f45f2e9-a617-570a-8867-dec1260088bb,6f45f2e9-a617-570a-c4c5-0e1385599b49,SNOMED-CT,308283009,Discharge from hospital (procedure),620.44,,
2017-04-20T06:34:20Z,2017-04-20T06:40:06Z,6f45f2e9-a617-570a-8867-dec1260088bb,6f45f2e9-a617-570a-65af-c533e3c03201,SNOMED-CT,103697008,Patient referral for dental care (procedure),620.44,,
2017-04-27T06:34:20Z,2017-04-27T06:59:14Z,6f45f2e9-a617-570a-8867-dec1260088bb,6f45f2e9-a617-570a-1585-d870e5b8e140,SNOMED-CT,34043003,Dental consultation and report (procedure),620.44,103697008,Patient referral for dental care (procedure)
2017-04-27T06:59:14Z,2017-04-27T07:50:37Z,6f45f2e9-a617-570a-8867-dec1260088bb,6f45f2e9-a617-570a-1585-d870e5b8e140,SNOMED-CT,225362009,Dental care (regime/therapy),620.44,103697008,Patient referral for dental care (procedure)
2017-04-27T07:50:37Z,2017-04-27T08:19:47Z,6f45f2e9-a617-570a-8867-dec1260088bb,6f45f2e9-a617-570a-1585-d870e5b8e140,SNOMED-CT,1260009003,Removal of supragingival plaque and calculus from all teeth using dental instrument (procedure),620.44,103697008,Patient referral for dental care (procedure)
2017-04-27T08:19:47Z,2017-04-27T08:53:01Z,6f45f2e9-a617-570a-8867-dec1260088bb,6f45f2e9-a617-570a-1585-d870e5b8e140,SNOMED-CT,1260010008,Removal of subgingival plaque and calculus from all teeth using dental instrument (procedure),620.44,103697008,Patient referral for dental care (procedure)
2017-04-27T08:53:01Z,2017-04-27T09:23:01Z,6f45f2e9-a617-570a-8867-dec1260088bb,6f45f2e9-a617-570a-1585-d870e5b8e140,SNOMED-CT,241046008,Dental plain X-ray bitewing (procedure),,,
2017-04-27T08:53:01Z,2017-04-27T09:32:33Z,6f45f2e9-a617-570a-8867-dec1260088bb,6f45f2e9-a617-570a-1585-d870e5b8e140,SNOMED-CT,274788003,Examination of gingivae (procedure),620.44,103697008,Patient referral for dental care (procedure)
2017-04-27T09:32:33Z,2017-04-27T09:57:46Z,6f45f2e9-a617-570a-8867-dec1260088bb,6f45f2e9-a617-570a-1585-d870e5b8e140,SNOMED-CT,68071007,Dental fluoride treatment (procedure),620.44,103697008,Patient referral for dental care (procedure)
2017-04-27T09:57:46Z,2017-04-27T10:06:16Z,6f45f2e9-a617-570a-8867-dec1260088bb,6f45f2e9-a617-570a-1585-d870e5b8e140,SNOMED-CT,243085009,Oral health education (procedure),620.44,103697008,Patient referral for dental care (procedure)
2019-05-02T06:34:20Z,2019-05-02T06:49:20Z,6f45f2e9-a617-570a-8867-dec1260088bb,6f45f2e9-a617-570a-0732-9d98439e290c,SNOMED-CT,430193006,Medication reconciliation (procedure),469.35,,
2020-01-20T06:34:20Z,2020-01-20T07:04:20Z,6f45f2e9-a617-570a-8867-dec1260088bb,6f45f2e9-a617-570a-2227-7d5c52f82128,SNOMED-CT,1290407002,Plain X-ray of knee region (procedure),620.44,,
2020-05-07T06:34:20Z,2020-05-07T06:49:20Z,6f45f2e9-a617-570a-8867-dec1260088bb,6f45f2e9-a617-570a-1adf-6d02acf0c51d,SNOMED-CT,430193006,Medication reconciliation (procedure),310.22,,
2021-06-17T06:34:20Z,2021-06-17T06:49:20Z,6f45f2e9-a617-570a-8867-dec1260088bb,6f45f2e9-a617-570a-9eca-8372ed09647d,SNOMED-CT,430193006,Medication reconciliation (procedure),379.55,,
2024-05-30T06:34:20Z,2024-05-30T06:49:20Z,6f45f2e9-a617-570a-8867-dec1260088bb,6f45f2e9-a617-570a-027c-293417fabeaf,SNOMED-CT,430193006,Medication reconciliation (procedure),310.22,,
2024-05-30T06:34:20Z,2024-05-30T06:43:22Z,6f45f2e9-a617-570a-8867-dec1260088bb,6f45f2e9-a617-570a-027c-293417fabeaf,SNOMED-CT,103697008,Patient referral for dental care (procedure),620.44,66383009,Gingivitis (disorder)
2024-06-06T06:34:20Z,2024-06-06T06:56:31Z,6f45f2e9-a617-570a-8867-dec1260088bb,6f45f2e9-a617-570a-05eb-74cf9a0530d6,SNOMED-CT,34043003,Dental consultation and report (procedure),620.44,66383009,Gingivitis (disorder)
2024-06-06T06:56:31Z,2024-06-06T07:29:08Z,6f45f2e9-a617-570a-8867-dec1260088bb,6f45f2e9-a617-570a-05eb-74cf9a0530d6,SNOMED-CT,225362009,Dental care (regime/therapy),620.44,66383009,Gingivitis (disorder)
2024-06-06T07:29:08Z,2024-06-06T07:50:32Z,6f45f2e9-a617-570a-8867-dec1260088bb,6f45f2e9-a617-570a-05eb-74cf9a0530d6,SNOMED-CT,1260009003,Removal of supragingival plaque and calculus from all teeth using dental instrument (procedure),620.44,66383009,Gingivitis (disorder)
2024-06-06T07:50:32Z,2024-06-06T08:23:18Z,6f45f2e9-a617-570a-8867-dec1260088bb,6f45f2e9-a617-570a-05eb-74cf9a0530d6,SNOMED-CT,1260010008,,620.44,66383009,Gingivitis (disorder)
2024-06-06T08:23:18Z,2024-06-06T09:06:40Z,6f45f2e9-a617-570a-8867-dec1260088bb,6f45f2e9-a617-570a-05eb-74cf9a0530d6,SNOMED-CT,274788003,Examination of gingivae (procedure),620.44,66383009,Gingivitis (disorder)
2024-06-06T09:06:40Z,2024-06-06T09:35:23Z,6f45f2e9-a617-570a-8867-dec1260088bb,6f45f2e9-a617-570a-05eb-74cf9a0530d6,SNOMED-CT,68071007,Dental fluoride treatment (procedure),620.44,66383009,Gingivitis (disorder)
2024-06-06T09:35:23Z,2024-06-06T09:50:24Z,6f45f2e9-a617-570a-8867-dec1260088bb,6f45f2e9-a617-570a-05eb-74cf9a0530d6,SNOMED-CT,243085009,Oral health education (procedure),620.44,66383009,Gingivitis (disorder)
2025-01-13T06:34:20Z,2025-01-13T07:04:20Z,6f45f2e9-a617-570a-8867-dec1260088bb,6f45f2e9-a617-570a-1743-6d0272447c5e,SNOMED-CT,1290459008,Plain X-ray of ankle region (procedure),620.44,,
2025-01-13T06:34:20Z,2025-01-13T07:11:28Z,6f45f2e9-a617-570a-8867-dec1260088bb,6f45f2e9-a617-570a-1743-6d0272447c5e,SNOMED-CT,274474001,Bone immobilization (procedure),620.44,16114001,Fracture of ankle (disorder)
2025-06-05T06:34:20Z,2025-06-05T06:44:37Z,6f45f2e9-a617-570a-8867-dec1260088bb,6f45f2e9-a617-570a-b451-f25b0a269d31,SNOMED-CT,428211000124100,Assessment of substance use (procedure),620.44,,
2025-06-05T06:44:37Z,2025-06-05T07:13:06Z,6f45f2e9-a617-570a-8867-dec1260088bb,6f45f2e9-a617-570a-b451-f25b0a269d31,SNOMED-CT,868187001,Assessment using Car  Relax  Alone  Forget  Friends  Trouble Screening Test (procedure),620.44,,
2025-06-05T07:13:06Z,2025-06-05T07:22:51Z,6f45f2e9-a617-570a-8867-dec1260088bb,6f45f2e9-a617-570a-b451-f25b0a269d31,SNOMED-CT,386516004,Anticipatory guidance (procedure),620.44,,
2025-12-18T06:34:20Z,2025-12-18T07:34:20Z,6f45f2e9-a617-570a-8867-dec1260088bb,6f45f2e9-a617-570a-277a-4627356efd50,SNOMED-CT,228557008,Cognitive and behavioral therapy (regime/therapy),6369.29,192127007,Child attention deficit disorder (disorder)
2026-01-20T07:34:20Z,2026-01-20T08:34:20Z,6f45f2e9-a617-570a-8867-dec1260088bb,6f45f2e9-a617-570a-0381-0696d3cd6fd0,SNOMED-CT,228557008,Cognitive and behavioral therapy (regame/therapy),25477.15,192127007,Child attention deficit disorder (disorder)
2026-02-19T08:34:20Z,2026-02-19T09:34:20Z,6f45f2e9-a617-570a-8867-dec1260088bb,6f45f2e9-a617-570a-92f6-3be8a15a455f,SNOMED-CT,228557008,Cognitive and behavioral therapy (regime/therapy),25477.15,192127007,Child attention deficit disorder (disorder)
2026-03-27T09:34:20Z,2026-03-27T10:34:20Z,6f45f2e9-a617-570a-8867-dec1260088bb,6f45f2e9-a617-570a-0065-9e410ca2ba54,SNOMED-CT,228557008,Cognitive and behavioral therapy (regime/therapy),19612.93,192127007,Child attention deficit disorder (disorder)
2026-04-25T10:34:20Z,2026-04-25T11:34:20Z,6f45f2e9-a617-570a-8867-dec1260088bb,6f45f2e9-a617-570a-bd16-93c00e084a60,SNOMED-CT,228557008,Cognitive and behavioral therapy (regime/therapy),8291.01,192127007,Child attention deficit disorder (disorder)
2026-05-21T06:34:20Z,2026-05-21T06:59:12Z,6f45f2e9-a617-570a-8867-dec1260088bb,6f45f2e9-a617-570a-7b38-0db6a91f76fc,SNOMED-CT,395142003,Allergy screening test (procedure),620.44,,
2026-05-30T11:34:20Z,2026-05-30T12:34:20Z,6f45f2e9-a617-570a-8867-dec1260088bb,6f45f2e9-a617-570a-877c-14b158c61422,SNOMED-CT,228557008,Cognitive and behavioral therapy (regime/therapy),6369.29,192127007,Child attention deficit disorder (disorder)
2026-06-11T06:34:20Z,2026-06-11T06:52:21Z,6f45f2e9-a617-570a-8867-dec1260088bb,6f45f2e9-a617-570a-e706-4091b8895168,SNOMED-CT,103697008,Patient referral for dental care (procedure),620.44,66383009,Gingivitis (disorder)
2026-06-12T06:59:12Z,2026-06-12T07:41:15Z,6f45f2e9-a617-570a-8867-dec1260088bb,6f45f2e9-a617-570a-5709-2248d58b58d8,SNOMED-CT,180256009,Subcutaneous immunotherapy (procedure),18521.05,,
2026-06-18T06:34:20Z,2026-06-18T07:14:01Z,6f45f2e9-a617-570a-8867-dec1260088bb,6f45f2e9-a617-570a-437b-0fbed01b02ef,SNOMED-CT,34043003,Dental consultation and report (procedure),620.44,66383009,Gingivitis (disorder)
2026-06-18T07:14:01Z,2026-06-18T07:48:12Z,6f45f2e9-a617-570a-8867-dec1260088bb,6f45f2e9-a617-570a-437b-0fbed01b02ef,SNOMED-CT,225362009,Dental care (regime/therapy),620.44,66383009,Gingivitis (disorder)
2026-06-18T07:48:12Z,2026-06-18T08:32:49Z,6f45f2e9-a617-570a-8867-dec1260088bb,6f45f2e9-a617-570a-437b-0fbed01b02ef,SNOMED-CT,1260009003,Removal of supragingival plaque and calculus from all teeth using dental instrument (procedure),620.44,66383009,Gingivitis (disorder)
2026-06-18T08:32:49Z,2026-06-18T08:49:46Z,6f45f2e9-a617-570a-8867-dec1260088bb,6f45f2e9-a617-570a-437b-0fbed01b02ef,SNOMED-CT,1260010008,Removal of subgingival plaque and calculus from all teeth using dental instrument (procedure),620.44,66383009,Gingivitis (disorder)
2026-06-18T08:49:46Z,2026-06-18T09:19:55Z,6f45f2e9-a617-570a-8867-dec1260088bb,6f45f2e9-a617-570a-437b-0fbed01b02ef,SNOMED-CT,274788003,Examination of gingivae (procedure),620.44,66383009,Gingivitis (disorder)
2026-06-18T09:19:55Z,2026-06-18T09:48:06Z,6f45f2e9-a617-570a-8867-dec1260088bb,6f45f2e9-a617-570a-437b-0fbed01b02ef,SNOMED-CT,68071007,Dental fluoride treatment (procedure),620.44,66383009,Gingivitis (disorder)
2026-06-18T09:48:06Z,2026-06-18T10:07:03Z,6f45f2e9-a617-570a-8867-dec1260088bb,6f45f2e9-a617-570a-437b-0fbed01b02ef,SNOMED-CT,243085009,Oral health education (procedure),620.44,66383009,Gingivitis (disorder)
2026-07-05T07:41:15Z,2026-07-05T08:18:46Z,6f45f2e9-a617-570a-8867-dec1260088bb,6f45f2e9-a617-570a-1e95-2d6134d18bed,SNOMED-CT,180256009,Subcutaneous immunotherapy (procedure),7365.28,,
2026-07-03T12:34:20Z,2026-07-03T13:34:20Z,6f45f2e9-a617-570a-8867-dec1260088bb,6f45f2e9-a617-570a-ec6c-1c1a678f7e53,SNOMED-CT,228557008,Cognitive and behavioral therapy (regime/therapy),6369.29,192127007,Child attention deficit disorder (disorder)
2026-07-31T08:18:46Z,2026-07-31T08:51:11Z,6f45f2e9-a617-570a-8867-dec1260088bb,6f45f2e9-a617-570a-ddd9-382a1ca98d30,SNOMED-CT,180256009,Subcutaneous immunotherapy (procedure),"7,365.28",,
2026-08-12T13:34:20Z,2026-08-12T14:34:20Z,6f45f2e9-a617-570a-8867-dec1260088bb,6f45f2e9-a617-570a-798f-f15d40437ff9,SNOMED-CT,228557008,Cognitive and behavioral therapy (regime/therapy),6369.29,192127007,Child attention deficit disorder (disorder)
2017-06-18T20:49:24Z,2017-06-18T21:32:44Z,d57841fa-c9e2-a3d1-0e78-09bdbe4eed66,d57841fa-c9e2-a3d1-cb45-134849ede762,SNOMED-CT,710824005,Assessment of health and social care needs (procedure),620.44,,
2017-06-18T21:32:44Z,2017-06-18T22:01:25Z,d57841fa-c9e2-a3d1-0e78-09bdbe4eed66,d57841fa-c9e2-a3d1-cb45-134849ede762,SNOMED-CT,710841007,Assessment of anxiety (procedure),620.44,,
2017-06-18T22:01:25Z,2017-06-18T22:11:35Z,d57841fa-c9e2-a3d1-0e78-09bdbe4eed66,d57841fa-c9e2-a3d1-cb45-134849ede762,SNOMED-CT,171207006,Depression screening (procedure),620.44,,
2017-06-18T22:11:35Z,2017-06-18T22:38:56Z,d57841fa-c9e2-a3d1-0e78-09bdbe4eed66,d57841fa-c9e2-a3d1-cb45-134849ede762,SNOMED-CT,171207006,Depression screening (procedure),,,
2017-06-18T22:38:56Z,2017-06-18T22:52:30Z,d57841fa-c9e2-a3d1-0e78-09bdbe4eed66,d57841fa-c9e2-a3d1-cb45-134849ede762,SNOMED-CT,428211000124100,Assessment of substance use (procedure),620.44,,
2017-06-18T22:52:30Z,2017-06-18T23:21:04Z,d57841fa-c9e2-a3d1-0e78-09bdbe4eed66,d57841fa-c9e2-a3d1-cb45-134849ede762,SNOMED-CT,763302001,Assessment using Alcohol Use Disorders Identification Test - Consumption (procedure),620.44,,
2018-06-24T20:49:24Z,2018-06-24T21:30:11Z,d57841fa-c9e2-a3d1-0e78-09bdbe4eed66,d57841fa-c9e2-a3d1-0932-bd4d6c7c0257,SNOMED-CT,710824005,Assessment of health and social care needs (procedure),620.44,,
2018-06-24T21:30:11Z,2018-06-24T21:41:43Z,d57841fa-c9e2-a3d1-0e78-09bdbe4eed66,d57841fa-c9e2-a3d1-0932-bd4d6c7c0257,SNOMED-CT,171207006,Depression screening (procedure),620.44,,
2018-06-24T21:41:43Z,2018-06-24T22:09:40Z,d57841fa-c9e2-a3d1-0e78-09bdbe4eed66,d57841fa-c9e2-a3d1-0932-bd4d6c7c0257,SNOMED-CT,171207006,Depression screening (procedure),620.44,,
2018-06-24T22:09:40Z,2018-06-24T22:35:08Z,d57841fa-c9e2-a3d1-0e78-09bdbe4eed66,d57841fa-c9e2-a3d1-0932-bd4d6c7c0257,SNOMED-CT,715252007,,37.22,,
2018-06-24T22:35:08Z,2018-06-24T22:47:27Z,d57841fa-c9e2-a3d1-0e78-09bdbe4eed66,d57841fa-c9e2-a3d1-0932-bd4d6c7c0257,SNOMED-CT,428211000124100,Assessment of substance use (procedure),620.44,,
2018-06-24T22:47:27Z,2018-06-24T23:13:17Z,d57841fa-c9e2-a3d1-0e78-09bdbe4eed66,d57841fa-c9e2-a3d1-0932-bd4d6c7c0257,SNOMED-CT,713106006,Screening for drug abuse (procedure),620.44,,
2018-06-24T23:13:17Z,2018-06-24T23:22:46Z,d57841fa-c9e2-a3d1-0e78-09bdbe4eed66,d57841fa-c9e2-a3d1-0932-bd4d6c7c0257,SNOMED-CT,103697008,Patient referral for dental care (procedure),620.44,66383009,Gingivitis (disorder)
2018-07-08T20:49:24Z,2018-07-08T21:07:06Z,d57841fa-c9e2-a3d1-0e78-09bdbe4eed66,d57841fa-c9e2-a3d1-0c73-49739873e4c2,SNOMED-CT,34043003,Dental consultation and report (procedure),620.44,66383009,Gingivitis (disorder)
2018-07-08T21:07:06Z,2018-07-08T21:43:08Z,d57841fa-c9e2-a3d1-0e78-09bdbe4eed66,d57841fa-c9e2-a3d1-0c73-49739873e4c2,SNOMED-CT,225362009,Dental care (regime/therapy),620.44,66383009,Gingivitis (disorder)
2018-07-08T21:43:08Z,2018-07-08T21:57:15Z,d57841fa-c9e2-a3d1-0e78-09bdbe4eed66,d57841fa-c9e2-a3d1-0c73-49739873e4c2,SNOMED-CT,1260009003,Removal of supragingival plaque and calculus from all teeth using dental instrument (procedure),620.44,66383009,Gingivitis (disorder)
2018-07-08T21:57:15Z,2018-07-08T22:04:36Z,d57841fa-c9e2-a3d1-0e78-09bdbe4eed66,d57841fa-c9e2-a3d1-0c73-49739873e4c2,SNOMED-CT,1260010008,Removal of subgingival plaque and calculus from all teeth using dental instrument (procedure),620.44,66383009,Gingivitis (disorder)
2018-07-08T22:04:36Z,2018-07-08T22:34:36Z,d57841fa-c9e2-a3d1-0e78-09bdbe4eed66,d57841fa-c9e2-a3d1-0c73-49739873e4c2,SNOMED-CT,241046008,Dental plain X-ray bitewing (procedure),620.44,,
2018-07-08T22:04:36Z,2018-07-08T23:03:50Z,d57841fa-c9e2-a3d1-0e78-09bdbe4eed66,d57841fa-c9e2-a3d1-0c73-49739873e4c2,SNOMED-CT,274788003,Examination of gingivae (procedure),620.44,66383009,Gingivitis (disorder)
2018-07-08T23:03:50Z,2018-07-08T23:21:33Z,d57841fa-c9e2-a3d1-0e78-09bdbe4eed66,d57841fa-c9e2-a3d1-0c73-49739873e4c2,SNOMED-CT,243085009,Oral health education (procedure),unknown,66383009,Gingivitis (disorder)
2019-06-30T20:49:24Z,2019-06-30T21:04:24Z,d57841fa-c9e2-a3d1-0e78-09bdbe4eed66,d57841fa-c9e2-a3d1-7aa4-8b79643052cb,SNOMED-CT,430193006,Medication reconciliation (procedure),1240.89,,
2019-06-30T20:49:24Z,2019-06-30T21:44:39Z,d57841fa-c9e2-a3d1-0e78-09bdbe4eed66,d57841fa-c9e2-a3d1-7aa4-8b79643052cb,SNOMED-CT,710824005,Assessment of health and social care needs (procedure),620.44,,
2019-06-30T21:44:39Z,2019-06-30T22:06:03Z,d57841fa-c9e2-a3d1-0e78-09bdbe4eed66,d57841fa-c9e2-a3d1-7aa4-8b79643052cb,SNOMED-CT,710841007,Assessment of anxiety (procedure),620.44,,
2019-06-30T22:06:03Z,2019-06-30T22:18:59Z,d57841fa-c9e2-a3d1-0e78-09bdbe4eed66,d57841fa-c9e2-a3d1-7aa4-8b79643052cb,SNOMED-CT,171207006,Depression screening (procedure),620.44,,
2019-06-30T22:18:59Z,2019-06-30T22:45:45Z,d57841fa-c9e2-a3d1-0e78-09bdbe4eed66,d57841fa-c9e2-a3d1-7aa4-8b79643052cb,SNOMED-CT,171207006,Depression screening (procedure),620.44,,
2019-06-30T22:45:45Z,2019-06-30T22:57:21Z,d57841fa-c9e2-a3d1-0e78-09bdbe4eed66,d57841fa-c9e2-a3d1-7aa4-8b79643052cb,SNOMED-CT,428211000124100,Assessment of substance use (procedure),620.44,,
2019-06-30T22:57:21Z,2019-06-30T23:20:05Z,d57841fa-c9e2-a3d1-0e78-09bdbe4eed66,d57841fa-c9e2-a3d1-7aa4-8b79643052cb,SNOMED-CT,713106006,Screening for drug abuse (procedure),620.44,,
2019-06-30T23:20:05Z,2019-06-30T23:31:50Z,d57841fa-c9e2-a3d1-0e78-09bdbe4eed66,d57841fa-c9e2-a3d1-7aa4-8b79643052cb,SNOMED-CT,103697008,,620.44,66383009,Gingivitis (disorder)
2019-07-07T20:49:24Z,2019-07-07T21:19:24Z,d57841fa-c9e2-a3d1-0e78-09bdbe4eed66,d57841fa-c9e2-a3d1-c7eb-cf81387a23c3,SNOMED-CT,14768001,Peripheral blood smear interpretation (procedure),620.44,,
2019-07-07T21:19:24Z,2019-07-07T21:37:06Z,d57841fa-c9e2-a3d1-0e78-09bdbe4eed66,d57841fa-c9e2-a3d1-c7eb-cf81387a23c3,SNOMED-CT,415300000,Review of systems (procedure),86.86,,
2019-07-07T21:37:06Z,2019-07-07T21:56:37Z,d57841fa-c9e2-a3d1-0e78-09bdbe4eed66,d57841fa-c9e2-a3d1-c7eb-cf81387a23c3,SNOMED-CT,430193006,Medication reconciliation (procedure),543.21,,
2019-07-07T21:56:37Z,2019-07-07T22:11:23Z,d57841fa-c9e2-a3d1-0e78-09bdbe4eed66,d57841fa-c9e2-a3d1-c7eb-cf81387a23c3,SNOMED-CT,162676008,Brief general examination (procedure),62.04,,
2019-07-21T20:49:24Z,2019-07-21T21:24:35Z,d57841fa-c9e2-a3d1-0e78-09bdbe4eed66,d57841fa-c9e2-a3d1-6562-e3878b5e1b95,SNOMED-CT,34043003,Dental consultation and report (procedure),620.44,66383009,Gingivitis (disorder)
2019-07-21T21:24:35Z,2019-07-21T21:52:42Z,d57841fa-c9e2-a3d1-0e78-09bdbe4eed66,d57841fa-c9e2-a3d1-6562-e3878b5e1b95,SNOMED-CT,225362009,Dental care (regime/therapy),,66383009,Gingivitis (disorder)
2019-07-21T21:52:42Z,2019-07-21T22:29:45Z,d57841fa-c9e2-a3d1-0e78-09bdbe4eed66,d57841fa-c9e2-a3d1-6562-e3878b5e1b95,SNOMED-CT,1260009003,Removal of supragingival plaque and calculus from all teeth using dental instrument (procedure),620.44,66383009,Gingivitis (disorder)
2019-07-21T22:29:45Z,2019-07-21T23:00:57Z,d57841fa-c9e2-a3d1-0e78-09bdbe4eed66,d57841fa-c9e2-a3d1-6562-e3878b5e1b95,SNOMED-CT,1260010008,,620,66383009,Gingivitis (disorder)
2019-07-21T23:00:57Z,2019-07-21T23:30:57Z,d57841fa-c9e2-a3d1-0e78-09bdbe4eed66,d57841fa-c9e2-a3d1-6562-e3878b5e1b95,SNOMED-CT,241046008,Dental plain X-ray bitewing (procedure),620.44,,
2019-07-21T23:00:57Z,2019-07-21T23:54:03Z,d57841fa-c9e2-a3d1-0e78-09bdbe4eed66,d57841fa-c9e2-a3d1-6562-e3878b5e1b95,SNOMED-CT,274788003,Examination of gingivae (procedure),620.44,66383009,Gingivitis (disorder)
2019-07-21T23:54:03Z,2019-07-21T23:59:03Z,d57841fa-c9e2-a3d1-0e78-09bdbe4eed66,d57841fa-c9e2-a3d1-6562-e3878b5e1b95,SNOMED-CT,81733005,Dental surgical procedure (procedure),620.44,18718003,Gingival disease (disorder)
2019-07-21T23:59:03Z,2019-07-22T00:30:53Z,d57841fa-c9e2-a3d1-0e78-09bdbe4eed66,d57841fa-c9e2-a3d1-6562-e3878b5e1b95,SNOMED-CT,3802001,Dental application of desensitizing medicament (procedure),620.44,18718003,Gingival disease (disorder)
2019-07-22T00:30:53Z,2019-07-22T01:12:29Z,d57841fa-c9e2-a3d1-0e78-09bdbe4eed66,d57841fa-c9e2-a3d1-6562-e3878b5e1b95,SNOMED-CT,64544008,Gingivectomy or gingivoplasty  per tooth (procedure),620.44,18718003,Gingival disease (disorder)
2019-07-22T01:12:29Z,2019-07-22T02:12:52Z,d57841fa-c9e2-a3d1-0e78-09bdbe4eed66,d57841fa-c9e2-a3d1-6562-e3878b5e1b95,SNOMED-CT,456191000124101,,620.44,,
2019-07-22T02:12:52Z,2019-07-22T02:53:17Z,d57841fa-c9e2-a3d1-0e78-09bdbe4eed66,d57841fa-c9e2-a3d1-6562-e3878b5e1b95,SNOMED-CT,1256042007,Restoration of tooth with coverage of all cusps using dental filling material (procedure),620.44,109570002,Primary dental caries (disorder)
2019-07-22T03:13:48Z,2019-07-22T03:31:16Z,d57841fa-c9e2-a3d1-0e78-09bdbe4eed66,d57841fa-c9e2-a3d1-6562-e3878b5e1b95,SNOMED-CT,243085009,Oral health education (procedure),620.44,66383009,Gingivitis (disorder)
2020-06-13T21:14:32Z,2020-06-13T21:57:36Z,d57841fa-c9e2-a3d1-0e78-09bdbe4eed66,d57841fa-c9e2-a3d1-b0e0-2270f29bbaa6,SNOMED-CT,73761001,Colonoscopy (procedure),9862.24,,
2020-06-13T21:57:36Z,2020-06-13T22:12:36Z,d57841fa-c9e2-a3d1-0e78-09bdbe4eed66,d57841fa-c9e2-a3d1-b0e0-2270f29bbaa6,SNOMED-CT,104435004,Screening for occult blood in feces (procedure),3782.89,68496003,Polyp of colon (disorder)
2020-06-13T21:57:36Z,2020-06-13T22:12:36Z,d57841fa-c9e2-a3d1-0e78-09bdbe4eed66,d57841fa-c9e2-a3d1-b0e0-2270f29bbaa6,SNOMED-CT,274031008,Rectal polypectomy (procedure),6282.04,68496003,Polyp of colon (disorder)
2020-07-05T20:49:24Z,2020-07-05T21:40:25Z,d57841fa-c9e2-a3d1-0e78-09bdbe4eed66,d57841fa-c9e2-a3d1-6d02-b59528487972,SNOMED-CT,710824005,Assessment of health and social care needs (procedure),620.44,,
2020-07-05T21:40:25Z,2020-07-05T22:04:55Z,d57841fa-c9e2-a3d1-0e78-09bdbe4eed66,d57841fa-c9e2-a3d1-6d02-b59528487972,SNOMED-CT,710841007,Assessment of anxiety (procedure),620.44,,
2020-07-05T22:04:55Z,2020-07-05T22:18:46Z,d57841fa-c9e2-a3d1-0e78-09bdbe4eed66,d57841fa-c9e2-a3d1-6d02-b59528487972,SNOMED-CT,171207006,Depression screening (procedure),620.44,,
2020-07-05T22:18:46Z,2020-07-05T22:43:53Z,d57841fa-c9e2-a3d1-0e78-09bdbe4eed66,d57841fa-c9e2-a3d1-6d02-b59528487972,SNOMED-CT,171207006,Depression screening (procedure),620.44,,
2020-07-05T22:43:53Z,2020-07-05T22:57:57Z,d57841fa-c9e2-a3d1-0e78-09bdbe4eed66,d57841fa-c9e2-a3d1-6d02-b59528487972,SNOMED-CT,428211000124100,Assessment of substance use (procedure),620.44,,
2020-07-05T22:57:57Z,2020-07-05T23:23:55Z,d57841fa-c9e2-a3d1-0e78-09bdbe4eed66,d57841fa-c9e2-a3d1-6d02-b59528487972,SNOMED-CT,763302001,Assessment using Alcohol Use Disorders Identification Test - Consumption (procedure),620.44,,
2020-07-05T23:23:55Z,2020-07-05T23:31:44Z,d57841fa-c9e2-a3d1-0e78-09bdbe4eed66,d57841fa-c9e2-a3d1-6d02-b59528487972,SNOMED-CT,103697008,Patient referral for dental care (procedure),620.44,66383009,Gingivitis (disorder)
2020-07-19T20:49:24Z,2020-07-19T21:12:45Z,d57841fa-c9e2-a3d1-0e78-09bdbe4eed66,d57841fa-c9e2-a3d1-38d7-f250ddb61e3c,SNOMED-CT,34043003,Dental consultation and report (procedure),620.44,66383009,Gingivitis (disorder)
2020-07-19T21:12:45Z,2020-07-19T21:54:36Z,d57841fa-c9e2-a3d1-0e78-09bdbe4eed66,d57841fa-c9e2-a3d1-38d7-f250ddb61e3c,SNOMED-CT,225362009,Dental care (regime/therapy),620.44,66383009,Gingivitis (disorder)
2020-07-19T21:54:36Z,2020-07-19T22:26:31Z,d57841fa-c9e2-a3d1-0e78-09bdbe4eed66,d57841fa-c9e2-a3d1-38d7-f250ddb61e3c,SNOMED-CT,1260009003,Removal of supragingival plaque and calculus from all teeth using dental instrument (procedure),620.44,66383009,Gingivitis (disorder)
2020-07-19T22:26:31Z,2020-07-19T22:48:13Z,d57841fa-c9e2-a3d1-0e78-09bdbe4eed66,d57841fa-c9e2-a3d1-38d7-f250ddb61e3c,SNOMED-CT,1260010008,Removal of subgingival plaque and calculus from all teeth using dental instrument (procedure),null,66383009,Gingivitis (disorder)
2020-07-19T22:48:13Z,2020-07-19T23:18:13Z,d57841fa-c9e2-a3d1-0e78-09bdbe4eed66,d57841fa-c9e2-a3d1-38d7-f250ddb61e3c,SNOMED-CT,241046008,Dental plain X-ray bitewing (procedure),620.44,,
2020-07-19T22:48:13Z,2020-07-19T23:24:26Z,d57841fa-c9e2-a3d1-0e78-09bdbe4eed66,d57841fa-c9e2-a3d1-38d7-f250ddb61e3c,SNOMED-CT,274788003,Examination of gingivae (procedure),620.44,66383009,Gingivitis (disorder)
2020-07-19T23:24:26Z,2020-07-19T23:37:18Z,d57841fa-c9e2-a3d1-0e78-09bdbe4eed66,d57841fa-c9e2-a3d1-38d7-f250ddb61e3c,SNOMED-CT,243085009,Oral health education (procedure),620.44,66383009,Gingivitis (disorder)
2021-07-11T20:49:24Z,2021-07-11T21:36:17Z,d57841fa-c9e2-a3d1-0e78-09bdbe4eed66,d57841fa-c9e2-a3d1-00a6-772279306868,SNOMED-CT,710824005,Assessment of health and social care needs (procedure),620.44,,
2021-07-11T21:36:17Z,2021-07-11T21:51:09Z,d57841fa-c9e2-a3d1-0e78-09bdbe4eed66,d57841fa-c9e2-a3d1-00a6-772279306868,SNOMED-CT,171207006,Depression screening (procedure),620.44,,
2021-07-11T21:51:09Z,2021-07-11T22:19:16Z,d57841fa-c9e2-a3d1-0e78-09bdbe4eed66,d57841fa-c9e2-a3d1-00a6-772279306868,SNOMED-CT,171207006,Depression screening (procedure),,,
2021-07-11T22:19:16Z,2021-07-11T22:29:16Z,d57841fa-c9e2-a3d1-0e78-09bdbe4eed66,d57841fa-c9e2-a3d1-00a6-772279306868,SNOMED-CT,428211000124100,Assessment of substance use (procedure),620.44,,
2021-07-11T22:29:16Z,2021-07-11T22:52:01Z,d57841fa-c9e2-a3d1-0e78-09bdbe4eed66,d57841fa-c9e2-a3d1-00a6-772279306868,SNOMED-CT,763302001,Assessment using Alcohol Use Disorders Identification Test - Consumption (procedure),620.44,,
2021-11-04T21:57:36Z,2021-11-04T22:32:57Z,d57841fa-c9e2-a3d1-0e78-09bdbe4eed66,d57841fa-c9e2-a3d1-0f54-6aa5e17a8a42,SNOMED-CT,73761001,,11388.03,,
2022-07-17T20:49:24Z,2022-07-17T21:46:57Z,d57841fa-c9e2-a3d1-0e78-09bdbe4eed66,d57841fa-c9e2-a3d1-f5c9-1762ece38cec,SNOMED-CT,710824005,Assessment of health and social care needs (procedure),620.44,,
2022-07-17T21:46:57Z,2022-07-17T22:03:13Z,d57841fa-c9e2-a3d1-0e78-09bdbe4eed66,d57841fa-c9e2-a3d1-f5c9-1762ece38cec,SNOMED-CT,710841007,Assessment of anxiety (procedure),620,,
2022-07-17T22:03:13Z,2022-07-17T22:33:25Z,d57841fa-c9e2-a3d1-0e78-09bdbe4eed66,d57841fa-c9e2-a3d1-f5c9-1762ece38cec,SNOMED-CT,866148006,Screening for domestic abuse (procedure),620.44,,
2022-07-17T22:33:25Z,2022-07-17T22:45:41Z,d57841fa-c9e2-a3d1-0e78-09bdbe4eed66,d57841fa-c9e2-a3d1-f5c9-1762ece38cec,SNOMED-CT,171207006,Depression screening (procedure),620.44,,
2022-07-17T22:45:41Z,2022-07-17T23:15:26Z,d57841fa-c9e2-a3d1-0e78-09bdbe4eed66,d57841fa-c9e2-a3d1-f5c9-1762ece38cec,SNOMED-CT,171207006,Depression screening (procedure),620.44,,
2022-07-17T23:15:26Z,2022-07-17T23:27:11Z,d57841fa-c9e2-a3d1-0e78-09bdbe4eed66,d57841fa-c9e2-a3d1-f5c9-1762ece38cec,SNOMED-CT,428211000124100,Assessment of substance use (procedure),620.44,,
2022-07-17T23:27:11Z,2022-07-17T23:53:30Z,d57841fa-c9e2-a3d1-0e78-09bdbe4eed66,d57841fa-c9e2-a3d1-f5c9-1762ece38cec,SNOMED-CT,763302001,Assessment using Alcohol Use Disorders Identification Test - Consumption (procedure),620.44,,
2022-07-17T23:53:30Z,2022-07-17T23:59:25Z,d57841fa-c9e2-a3d1-0e78-09bdbe4eed66,d57841fa-c9e2-a3d1-f5c9-1762ece38cec,SNOMED-CT,103697008,Patient referral for dental care (procedure),620.44,,
2022-07-31T20:49:24Z,2022-07-31T21:20:01Z,d57841fa-c9e2-a3d1-0e78-09bdbe4eed66,d57841fa-c9e2-a3d1-4ab1-ef6d5bec7739,SNOMED-CT,34043003,Dental consultation and report (procedure),,103697008,Patient referral for dental care (procedure)
2022-07-31T21:20:01Z,2022-07-31T21:42:07Z,d57841fa-c9e2-a3d1-0e78-09bdbe4eed66,d57841fa-c9e2-a3d1-4ab1-ef6d5bec7739,SNOMED-CT,225362009,Dental care (regime/therapy),620.44,103697008,Patient referral for dental care (procedure)
2022-07-31T21:42:07Z,2022-07-31T22:27:34Z,d57841fa-c9e2-a3d1-0e78-09bdbe4eed66,d57841fa-c9e2-a3d1-4ab1-ef6d5bec7739,SNOMED-CT,1260009003,Removal of supragingival plaque and calculus from all teeth using dental instrument (procedure),620.44,103697008,Patient referral for dental care (procedure)
2022-07-31T22:27:34Z,2022-07-31T23:16:15Z,d57841fa-c9e2-a3d1-0e78-09bdbe4eed66,d57841fa-c9e2-a3d1-4ab1-ef6d5bec7739,SNOMED-CT,1260010008,Removal of subgingival plaque and calculus from all teeth using dental instrument (procedure),620.44,103697008,Patient referral for dental care (procedure)
2022-07-31T23:16:15Z,2022-08-01T00:03:46Z,d57841fa-c9e2-a3d1-0e78-09bdbe4eed66,d57841fa-c9e2-a3d1-4ab1-ef6d5bec7739,SNOMED-CT,274788003,Examination of gingivae (procedure),620.44,103697008,Patient referral for dental care (procedure)
2022-08-01T00:03:46Z,2022-08-01T00:43:48Z,d57841fa-c9e2-a3d1-0e78-09bdbe4eed66,d57841fa-c9e2-a3d1-4ab1-ef6d5bec7739,SNOMED-CT,1259293006,Application of composite dental filling material to dentin of tooth following fracture of tooth (procedure),620.44,278598003,Leaking dental filling (finding)
2022-08-01T00:43:48Z,2022-08-01T01:13:58Z,d57841fa-c9e2-a3d1-0e78-09bdbe4eed66,d57841fa-c9e2-a3d1-4ab1-ef6d5bec7739,SNOMED-CT,68071007,Dental fluoride treatment (procedure),620.44,103697008,Patient referral for dental care (procedure)
2022-08-01T01:13:58Z,2022-08-01T01:34:26Z,d57841fa-c9e2-a3d1-0e78-09bdbe4eed66,d57841fa-c9e2-a3d1-4ab1-ef6d5bec7739,SNOMED-CT,243085009,Oral health education (procedure),,103697008,Patient referral for dental care (procedure)
2022-10-03T21:57:28Z,2022-10-03T22:12:28Z,d57841fa-c9e2-a3d1-0e78-09bdbe4eed66,d57841fa-c9e2-a3d1-ad13-d4a3d4af1365,SNOMED-CT,63332003,History AND physical examination (procedure),620.44,,
2022-10-03T21:57:28Z,2022-10-03T22:12:28Z,d57841fa-c9e2-a3d1-0e78-09bdbe4eed66,d57841fa-c9e2-a3d1-ad13-d4a3d4af1365,SNOMED-CT,315639002,In itial patient assessment (procedure),620.44,,
2022-10-03T21:57:28Z,2022-10-03T22:12:28Z,d57841fa-c9e2-a3d1-0e78-09bdbe4eed66,d57841fa-c9e2-a3d1-ad13-d4a3d4af1365,SNOMED-CT,370789001,Development of individualized plan of care (procedure),620.44,,
2022-10-03T21:57:28Z,2022-10-03T22:12:28Z,d57841fa-c9e2-a3d1-0e78-09bdbe4eed66,d57841fa-c9e2-a3d1-ad13-d4a3d4af1365,SNOMED-CT,410401003,Nursing care/supplementary surveillance (regime/therapy),620.44,,
2022-10-03T21:57:28Z,2022-10-03T22:12:28Z,d57841fa-c9e2-a3d1-0e78-09bdbe4eed66,d57841fa-c9e2-a3d1-ad13-d4a3d4af1365,SNOMED-CT,311555007,Speech and language therapy regime (regime/therapy),620.44,,
2022-10-04T21:57:28Z,2022-10-04T22:12:28Z,d57841fa-c9e2-a3d1-0e78-09bdbe4eed66,d57841fa-c9e2-a3d1-ad13-d4a3d4af1365,SNOMED-CT,410401003,Nursing care/supplementary surveillance (regime/therapy),620.44,,
2022-10-05T21:57:28Z,2022-10-05T22:12:28Z,d57841fa-c9e2-a3d1-0e78-09bdbe4eed66,d57841fa-c9e2-a3d1-ad13-d4a3d4af1365,SNOMED-CT,410401003,Nursing care/supplementary surveillance (regime/therapy),620.44,,
2022-10-05T21:57:28Z,2022-10-05T22:12:28Z,d57841fa-c9e2-a3d1-0e78-09bdbe4eed66,d57841fa-c9e2-a3d1-ad13-d4a3d4af1365,SNOMED-CT,84478008,Occupational therapy (regime/therapy),620.44,,
2022-10-05T21:57:28Z,2022-10-05T22:12:28Z,d57841fa-c9e2-a3d1-0e78-09bdbe4eed66,d57841fa-c9e2-a3d1-ad13-d4a3d4af1365,SNOMED-CT,311555007,Speech and language therapy regime (regime/therapy),620.44,,
2022-10-06T21:57:28Z,2022-10-06T22:12:28Z,d57841fa-c9e2-a3d1-0e78-09bdbe4eed66,d57841fa-c9e2-a3d1-ad13-d4a3d4af1365,SNOMED-CT,410401003,Nursing care/supplementary surveillance (regime/therapy),620.44,,
2022-10-07T21:57:28Z,2022-10-07T22:12:28Z,d57841fa-c9e2-a3d1-0e78-09bdbe4eed66,d57841fa-c9e2-a3d1-ad13-d4a3d4af1365,SNOMED-CT,410401003,Nursing care/supplementary surveillance (regime/therapy),620.44,,
2022-10-08T21:57:28Z,2022-10-08T22:12:28Z,d57841fa-c9e2-a3d1-0e78-09bdbe4eed66,d57841fa-c9e2-a3d1-ad13-d4a3d4af1365,SNOMED-CT,410401003,Nursing care/supplementary surveillance (regime/therapy),620.44,,
2022-10-08T21:57:28Z,2022-10-08T22:12:28Z,d57841fa-c9e2-a3d1-0e78-09bdbe4eed66,d57841fa-c9e2-a3d1-ad13-d4a3d4af1365,SNOMED-CT,84478008,Occupational therapy (regime/therapy),620.44,,
2022-10-08T21:57:28Z,2022-10-08T22:12:28Z,d57841fa-c9e2-a3d1-0e78-09bdbe4eed66,d57841fa-c9e2-a3d1-ad13-d4a3d4af1365,SNOMED-CT,409023009,Professional / ancillary services care (regime/therapy),620.44,,
2022-10-09T21:57:28Z,2022-10-09T22:12:28Z,d57841fa-c9e2-a3d1-0e78-09bdbe4eed66,d57841fa-c9e2-a3d1-ad13-d4a3d4af1365,SNOMED-CT,410401003,Nursing care/supplementary surveillance (regime/therapy),620.44,,
2022-10-09T21:57:28Z,2022-10-09T22:12:28Z,d57841fa-c9e2-a3d1-0e78-09bdbe4eed66,d57841fa-c9e2-a3d1-ad13-d4a3d4af1365,SNOMED-CT,409023009,Professional / ancillary services care (regime/therapy),620.44,,
2022-10-10T21:57:28Z,2022-10-10T22:12:28Z,d57841fa-c9e2-a3d1-0e78-09bdbe4eed66,d57841fa-c9e2-a3d1-ad13-d4a3d4af1365,SNOMED-CT,225386006,Pre-discharge assessment (procedure),620.44,,
2022-10-10T21:57:28Z,2022-10-10T22:12:28Z,d57841fa-c9e2-a3d1-0e78-09bdbe4eed66,d57841fa-c9e2-a3d1-ad13-d4a3d4af1365,SNOMED-CT,308283009,Discharge from hospital (procedure),620.44,,
2023-07-23T20:49:24Z,2023-07-23T21:04:24Z,d57841fa-c9e2-a3d1-0e78-09bdbe4eed66,d57841fa-c9e2-a3d1-7524-128ad4fac6e3,SNOMED-CT,430193006,Medication reconciliation (procedure),595.47,,
2023-07-23T20:49:24Z,2023-07-23T21:45:57Z,d57841fa-c9e2-a3d1-0e78-09bdbe4eed66,d57841fa-c9e2-a3d1-7524-128ad4fac6e3,SNOMED-CT,710824005,Assessment of health and social care needs (procedure),620.44,,
2023-07-23T21:45:57Z,2023-07-23T22:05:51Z,d57841fa-c9e2-a3d1-0e78-09bdbe4eed66,d57841fa-c9e2-a3d1-7524-128ad4fac6e3,SNOMED-CT,710841007,Assessment of anxiety (procedure),620.44,,
2023-07-23T22:05:51Z,2023-07-23T22:16:55Z,d57841fa-c9e2-a3d1-0e78-09bdbe4eed66,d57841fa-c9e2-a3d1-7524-128ad4fac6e3,SNOMED-CT,171207006,Depression screening (procedure),620.44,,
2023-07-23T22:16:55Z,2023-07-23T22:43:59Z,d57841fa-c9e2-a3d1-0e78-09bdbe4eed66,d57841fa-c9e2-a3d1-7524-128ad4fac6e3,SNOMED-CT,171207006,Depression screening (procedure),620.44,,
2024-07-28T20:49:24Z,2024-07-28T21:48:11Z,d57841fa-c9e2-a3d1-0e78-09bdbe4eed66,d57841fa-c9e2-a3d1-fc95-55e48f257d75,SNOMED-CT,710824005,Assessment of health and social care needs (procedure),620.44,,
2025-08-03T20:49:24Z,2025-08-03T21:04:24Z,d57841fa-c9e2-a3d1-0e78-09bdbe4eed66,d57841fa-c9e2-a3d1-2cbe-8f76f8cf28ff,SNOMED-CT,430193006,Medication reconciliation (procedure),790.91,,
2025-08-03T20:49:24Z,2025-08-03T21:41:27Z,d57841fa-c9e2-a3d1-0e78-09bdbe4eed66,d57841fa-c9e2-a3d1-2cbe-8f76f8cf28ff,SNOMED-CT,710824005,Assessment of health and social care needs (procedure),620.44,,
2025-08-03T21:41:27Z,2025-08-03T21:54:14Z,d57841fa-c9e2-a3d1-0e78-09bdbe4eed66,d57841fa-c9e2-a3d1-2cbe-8f76f8cf28ff,SNOMED-CT,428211000124100,Assessment of substance use (procedure),620.44,,
2025-08-03T21:54:14Z,2025-08-03T22:17:55Z,d57841fa-c9e2-a3d1-0e78-09bdbe4eed66,d57841fa-c9e2-a3d1-2cbe-8f76f8cf28ff,SNOMED-CT,763302001,Assessment using Alcohol Use Disorders Identification Test - Consumption (procedure),620.44,,
2025-08-03T22:17:55Z,2025-08-03T22:31:50Z,d57841fa-c9e2-a3d1-0e78-09bdbe4eed66,d57841fa-c9e2-a3d1-2cbe-8f76f8cf28ff,SNOMED-CT,103697008,Patient referral for dental care (procedure),620.44,,
2025-08-17T20:49:24Z,2025-08-17T21:14:59Z,d57841fa-c9e2-a3d1-0e78-09bdbe4eed66,d57841fa-c9e2-a3d1-f568-7eea0eeb9822,SNOMED-CT,34043003,Dental consultation and report (procedure),620.44,103697008,Patient referral for dental care (procedure)
2025-08-17T21:14:59Z,2025-08-17T21:39:36Z,d57841fa-c9e2-a3d1-0e78-09bdbe4eed66,d57841fa-c9e2-a3d1-f568-7eea0eeb9822,SNOMED-CT,225362009,Dental care (regime/therapy),620.44,103697008,Patient referral for dental care (procedure)
2025-08-17T21:39:36Z,2025-08-17T22:02:57Z,d57841fa-c9e2-a3d1-0e78-09bdbe4eed66,d57841fa-c9e2-a3d1-f568-7eea0eeb9822,SNOMED-CT,1260009003,,620.44,103697008,Patient referral for dental care (procedure)
2025-08-17T22:02:57Z,2025-08-17T22:21:47Z,d57841fa-c9e2-a3d1-0e78-09bdbe4eed66,d57841fa-c9e2-a3d1-f568-7eea0eeb9822,SNOMED-CT,1260010008,Removal of subgingival plaque and calculus from all teeth using dental instrument (procedure),620.44,103697008,Patient referral for dental care (procedure)
2025-08-17T22:21:47Z,2025-08-17T22:51:47Z,d57841fa-c9e2-a3d1-0e78-09bdbe4eed66,d57841fa-c9e2-a3d1-f568-7eea0eeb9822,SNOMED-CT,241046008,Dental plain X-ray bitewing (procedure),620.44,,
2025-08-17T22:21:47Z,2025-08-17T22:52:30Z,d57841fa-c9e2-a3d1-0e78-09bdbe4eed66,d57841fa-c9e2-a3d1-f568-7eea0eeb9822,SNOMED-CT,274788003,Examination of gingivae (procedure),620.44,103697008,Patient referral for dental care (procedure)
2025-08-17T22:52:30Z,2025-08-17T23:19:11Z,d57841fa-c9e2-a3d1-0e78-09bdbe4eed66,d57841fa-c9e2-a3d1-f568-7eea0eeb9822,SNOMED-CT,81733005,Dental surgical procedure (procedure),620.44,18718003,Gingival disease (disorder)
2025-08-17T23:19:11Z,2025-08-18T00:27:16Z,d57841fa-c9e2-a3d1-0e78-09bdbe4eed66,d57841fa-c9e2-a3d1-f568-7eea0eeb9822,SNOMED-CT,3802001,Dental application of desensitizing medicament (procedure),620.44,18718003,Gingival disease (disorder)
2025-08-18T00:27:16Z,2025-08-18T01:04:26Z,d57841fa-c9e2-a3d1-0e78-09bdbe4eed66,d57841fa-c9e2-a3d1-f568-7eea0eeb9822,SNOMED-CT,64544008,Gingivectomy or gingivoplasty  per tooth (procedure),620.44,18718003,Gingival disease (disorder)
2025-08-18T01:04:26Z,2025-08-18T01:46:45Z,d57841fa-c9e2-a3d1-0e78-09bdbe4eed66,d57841fa-c9e2-a3d1-f568-7eea0eeb9822,SNOMED-CT,456191000124101,Postoperative care for dental procedure (regime/therapy),620.44,,
2025-08-18T01:46:45Z,2025-08-18T02:11:00Z,d57841fa-c9e2-a3d1-0e78-09bdbe4eed66,d57841fa-c9e2-a3d1-f568-7eea0eeb9822,SNOMED-CT,243085009,Oral health education (procedure),620.4400,103697008,Patient referral for dental care (procedure)
2026-08-09T20:49:24Z,2026-08-09T21:32:18Z,d57841fa-c9e2-a3d1-0e78-09bdbe4eed66,d57841fa-c9e2-a3d1-6b0b-be25397535ba,SNOMED-CT,710824005,Assessment of health and social care needs (procedure),620.44,,
2026-08-09T21:32:18Z,2026-08-09T21:44:39Z,d57841fa-c9e2-a3d1-0e78-09bdbe4eed66,d57841fa-c9e2-a3d1-6b0b-be25397535ba,SNOMED-CT,171207006,Depression screening (procedure),620.44,,
2026-08-09T21:44:39Z,2026-08-09T22:07:26Z,d57841fa-c9e2-a3d1-0e78-09bdbe4eed66,d57841fa-c9e2-a3d1-6b0b-be25397535ba,SNOMED-CT,171207006,Depression screening (procedure),620.44,,
2016-11-25T15:13:25Z,2016-11-25T15:28:25Z,75d6a35c-c2e1-5b9f-e7f8-6a5b05af8fc8,75d6a35c-c2e1-5b9f-f40f-d5e93c12a289,SNOMED-CT,430193006,Medication reconciliation (procedure),310.22,,
2016-11-25T15:13:25Z,2016-11-25T15:29:19Z,75d6a35c-c2e1-5b9f-e7f8-6a5b05af8fc8,75d6a35c-c2e1-5b9f-f40f-d5e93c12a289,SNOMED-CT,103697008,Patient referral for dental care (procedure),620.44,,
2016-12-02T15:13:25Z,2016-12-02T15:45:23Z,75d6a35c-c2e1-5b9f-e7f8-6a5b05af8fc8,75d6a35c-c2e1-5b9f-e051-36e8174db4a5,SNOMED-CT,34043003,Dental consultation and report (procedure),620.44,103697008,Patient referral for dental care (procedure)
2016-12-02T15:45:23Z,2016-12-02T15:50:23Z,75d6a35c-c2e1-5b9f-e7f8-6a5b05af8fc8,75d6a35c-c2e1-5b9f-e051-36e8174db4a5,SNOMED-CT,225362009,Dental care (regime/therapy),620.44,103697008,Patient referral for dental care (procedure)
2016-12-02T15:50:23Z,2016-12-02T16:23:20Z,75d6a35c-c2e1-5b9f-e7f8-6a5b05af8fc8,75d6a35c-c2e1-5b9f-e051-36e8174db4a5,SNOMED-CT,1260009003,Removal of supragingival plaque and calculus from all teeth using dental instrument (procedure),620.44,103697008,Patient referral for dental care (procedure)
2016-12-02T16:23:20Z,2016-12-02T16:33:18Z,75d6a35c-c2e1-5b9f-e7f8-6a5b05af8fc8,75d6a35c-c2e1-5b9f-e051-36e8174db4a5,SNOMED-CT,1260010008,Removal of subgingival plaque and calculus from all teeth using dental instrument (procedure),620.44,103697008,Patient referral for dental care (procedure)
2016-12-02T16:33:18Z,2016-12-02T17:03:18Z,75d6a35c-c2e1-5b9f-e7f8-6a5b05af8fc8,75d6a35c-c2e1-5b9f-e051-36e8174db4a5,SNOMED-CT,241046008,Dental plain X-ray bitewing (procedure),620.44,,
2016-12-02T16:33:18Z,2016-12-02T17:05:34Z,75d6a35c-c2e1-5b9f-e7f8-6a5b05af8fc8,75d6a35c-c2e1-5b9f-e051-36e8174db4a5,SNOMED-CT,274788003,Examination of gingivae (procedure),620.44,103697008,Patient referral for dental care (procedure)
2016-12-02T17:05:34Z,2016-12-02T17:36:20Z,75d6a35c-c2e1-5b9f-e7f8-6a5b05af8fc8,75d6a35c-c2e1-5b9f-e051-36e8174db4a5,SNOMED-CT,68071007,Dental fluoride treatment (procedure),620.44,103697008,Patient referral for dental care (procedure)
2016-12-02T17:36:20Z,2016-12-02T17:49:36Z,75d6a35c-c2e1-5b9f-e7f8-6a5b05af8fc8,75d6a35c-c2e1-5b9f-e051-36e8174db4a5,SNOMED-CT,243085009,Oral health education (procedure),620.44,103697008,Patient referral for dental care (procedure)
2018-12-07T15:13:25Z,2018-12-07T15:28:25Z,75d6a35c-c2e1-5b9f-e7f8-6a5b05af8fc8,75d6a35c-c2e1-5b9f-edee-b48b79e25366,SNOMED-CT,430193006,Medication reconciliation (procedure),310.22,,
2018-12-07T15:13:25Z,2018-12-07T15:27:53Z,75d6a35c-c2e1-5b9f-e7f8-6a5b05af8fc8,75d6a35c-c2e1-5b9f-edee-b48b79e25366,SNOMED-CT,103697008,,620.44,,
2018-12-14T15:13:25Z,2018-12-14T15:26:36Z,75d6a35c-c2e1-5b9f-e7f8-6a5b05af8fc8,75d6a35c-c2e1-5b9f-5148-b6d2d41b2519,SNOMED-CT,34043003,Dental consultation and report (procedure),620.44,103697008,Patient referral for dental care (procedure)
2018-12-14T15:26:36Z,2018-12-14T16:00:55Z,75d6a35c-c2e1-5b9f-e7f8-6a5b05af8fc8,75d6a35c-c2e1-5b9f-5148-b6d2d41b2519,SNOMED-CT,225362009,Dental care (regime/therapy),620.44,103697008,Patient referral for dental care (procedure)
2018-12-14T16:00:55Z,2018-12-14T16:33:20Z,75d6a35c-c2e1-5b9f-e7f8-6a5b05af8fc8,75d6a35c-c2e1-5b9f-5148-b6d2d41b2519,SNOMED-CT,1260009003,Removal of supragingival plaque and calculus from all teeth using dental instrument (procedure),620.44,103697008,Patient referral for dental care (procedure)
2018-12-14T16:33:20Z,2018-12-14T16:54:39Z,75d6a35c-c2e1-5b9f-e7f8-6a5b05af8fc8,75d6a35c-c2e1-5b9f-5148-b6d2d41b2519,SNOMED-CT,1260010008,Removal of subgingival plaque and calculus from all teeth using dental instrument (procedure),620.44,103697008,Patient referral for dental care (procedure)
2018-12-14T16:54:39Z,2018-12-14T17:54:03Z,75d6a35c-c2e1-5b9f-e7f8-6a5b05af8fc8,75d6a35c-c2e1-5b9f-5148-b6d2d41b2519,SNOMED-CT,274788003,Examination of gingivae (procedure),620.44,103697008,Patient referral for dental care (procedure)
2018-12-14T17:54:03Z,2018-12-14T18:00:55Z,75d6a35c-c2e1-5b9f-e7f8-6a5b05af8fc8,75d6a35c-c2e1-5b9f-5148-b6d2d41b2519,SNOMED-CT,1259293006,Application of composite dental filling material to dentin of tooth following fracture of tooth (procedure),620.44,109570002,Primary dental caries (disorder)
2018-12-14T18:00:55Z,2018-12-14T18:11:03Z,75d6a35c-c2e1-5b9f-e7f8-6a5b05af8fc8,75d6a35c-c2e1-5b9f-5148-b6d2d41b2519,SNOMED-CT,243085009,Oral health education (procedure),620.44,103697008,Patient referral for dental care (procedure)
2019-11-17T04:13:25Z,2019-11-17T04:28:25Z,75d6a35c-c2e1-5b9f-e7f8-6a5b05af8fc8,75d6a35c-c2e1-5b9f-9b6e-7cbc0cdf9119,SNOMED-CT,117015009,Throat culture (procedure),"1,240.89",195662009,Acute viral pharyngitis (disorder)
2020-11-23T08:13:25Z,2020-11-23T08:28:25Z,75d6a35c-c2e1-5b9f-e7f8-6a5b05af8fc8,75d6a35c-c2e1-5b9f-0e56-0f3ce81d6e07,SNOMED-CT,117015009,Throat culture (procedure),1240.89,195662009,Acute viral pharyngitis (disorder)
2020-12-18T15:13:25Z,2020-12-18T15:28:25Z,75d6a35c-c2e1-5b9f-e7f8-6a5b05af8fc8,75d6a35c-c2e1-5b9f-9c79-d137bc82c649,SNOMED-CT,430193006,Medication reconciliation (procedure),406.10,,
2021-12-24T15:13:25Z,2021-12-24T15:28:25Z,75d6a35c-c2e1-5b9f-e7f8-6a5b05af8fc8,75d6a35c-c2e1-5b9f-f150-70f1f7e6ea7a,SNOMED-CT,430193006,Medication reocnciliation (procedure),310.22,,
2021-12-24T15:13:25Z,2021-12-24T15:18:25Z,75d6a35c-c2e1-5b9f-e7f8-6a5b05af8fc8,75d6a35c-c2e1-5b9f-f150-70f1f7e6ea7a,SNOMED-CT,103697008,Patient referral for dental care (procedure),620.44,,
2021-12-31T15:13:25Z,2021-12-31T15:48:06Z,75d6a35c-c2e1-5b9f-e7f8-6a5b05af8fc8,75d6a35c-c2e1-5b9f-79b4-82950c80a3ca,SNOMED-CT,34043003,Dental consultation and report (procedure),620.44,103697008,Patient referral for dental care (procedure)
2021-12-31T15:48:06Z,2021-12-31T16:10:03Z,75d6a35c-c2e1-5b9f-e7f8-6a5b05af8fc8,75d6a35c-c2e1-5b9f-79b4-82950c80a3ca,SNOMED-CT,225362009,Dental care (regime/therapy),620.44,103697008,Patient referral for dental care (procedure)
2021-12-31T16:10:03Z,2021-12-31T16:44:55Z,75d6a35c-c2e1-5b9f-e7f8-6a5b05af8fc8,75d6a35c-c2e1-5b9f-79b4-82950c80a3ca,SNOMED-CT,1260009003,Removal of supragingival plaque and calculus from all teeth using dental instrument (procedure),620.44,103697008,Patient referral for dental care (procedure)
2021-12-31T16:44:55Z,2021-12-31T16:59:46Z,75d6a35c-c2e1-5b9f-e7f8-6a5b05af8fc8,75d6a35c-c2e1-5b9f-79b4-82950c80a3ca,SNOMED-CT,1260010008,Removal of subgingival plaque and calculus from all teeth using dental instrument (procedure),620.44,103697008,Patient referral for dental care (procedure)
2021-12-31T16:59:46Z,2021-12-31T17:29:46Z,75d6a35c-c2e1-5b9f-e7f8-6a5b05af8fc8,75d6a35c-c2e1-5b9f-79b4-82950c80a3ca,SNOMED-CT,241046008,Dental plain X-ray bitewing (procedure),620.44,,
2021-12-31T16:59:46Z,2021-12-31T17:55:34Z,75d6a35c-c2e1-5b9f-e7f8-6a5b05af8fc8,75d6a35c-c2e1-5b9f-79b4-82950c80a3ca,SNOMED-CT,274788003,Examination of gingivae (procedure),620.44,103697008,Patient referral for dental care (procedure)
2021-12-31T17:55:34Z,2021-12-31T18:31:30Z,75d6a35c-c2e1-5b9f-e7f8-6a5b05af8fc8,75d6a35c-c2e1-5b9f-79b4-82950c80a3ca,SNOMED-CT,68071007,Dental fluoride treatment (procedure),620.44,103697008,Patient referral for dental care (procedure)
2021-12-31T18:31:30Z,2021-12-31T18:45:06Z,75d6a35c-c2e1-5b9f-e7f8-6a5b05af8fc8,75d6a35c-c2e1-5b9f-79b4-82950c80a3ca,SNOMED-CT,243085009,Oral health education (procedure),620.44,103697008,Patient referral for dental care (procedure)
2022-12-30T15:13:25Z,2022-12-30T15:21:00Z,75d6a35c-c2e1-5b9f-e7f8-6a5b05af8fc8,75d6a35c-c2e1-5b9f-a7e5-ef14537eb827,SNOMED-CT,103697008,Patient referral for dental care (procedure),620.44,66383009,Gingivitis (disorder)
2023-01-06T15:13:25Z,2023-01-06T16:02:58Z,75d6a35c-c2e1-5b9f-e7f8-6a5b05af8fc8,75d6a35c-c2e1-5b9f-0b1f-1f8c96f033d4,SNOMED-CT,34043003,Dental consultation and report (procedure),620.44,66383009,Gingivitis (disorder)
2023-01-06T16:02:58Z,2023-01-06T16:34:34Z,75d6a35c-c2e1-5b9f-e7f8-6a5b05af8fc8,75d6a35c-c2e1-5b9f-0b1f-1f8c96f033d4,SNOMED-CT,225362009,Dental care (regime/therapy),620.44,66383009,Gingivitis (disorder)
2023-01-06T16:34:34Z,2023-01-06T16:57:18Z,75d6a35c-c2e1-5b9f-e7f8-6a5b05af8fc8,75d6a35c-c2e1-5b9f-0b1f-1f8c96f033d4,SNOMED-CT,1260009003,Removal of supragingival plaque and calculus from all teeth using dental instrument (procedure),620.4400,66383009,Gingivitis (disorder)
2023-01-06T16:57:18Z,2023-01-06T17:16:49Z,75d6a35c-c2e1-5b9f-e7f8-6a5b05af8fc8,75d6a35c-c2e1-5b9f-0b1f-1f8c96f033d4,SNOMED-CT,1260010008,Removal of subgingival plaque and calculus from all teeth using dental instrument (procedure),620.44,66383009,Gingivitis (disorder)
2023-01-06T17:16:49Z,2023-01-06T17:56:00Z,75d6a35c-c2e1-5b9f-e7f8-6a5b05af8fc8,75d6a35c-c2e1-5b9f-0b1f-1f8c96f033d4,SNOMED-CT,274788003,Examination of gingivae (procedure),620.44,66383009,Gingivitis (disorder)
2023-01-06T17:56:00Z,2023-01-06T18:04:52Z,75d6a35c-c2e1-5b9f-e7f8-6a5b05af8fc8,75d6a35c-c2e1-5b9f-0b1f-1f8c96f033d4,SNOMED-CT,243085009,Oral health education (procedure),620.44,66383009,Gingivitis (disorder)
2024-01-05T15:13:25Z,2024-01-05T15:28:25Z,75d6a35c-c2e1-5b9f-e7f8-6a5b05af8fc8,75d6a35c-c2e1-5b9f-166b-588b8ed66f05,SNOMED-CT,430193006,Medication reconciliation (procedure),648.64,,
2025-01-10T15:13:25Z,2025-01-10T15:43:21Z,75d6a35c-c2e1-5b9f-e7f8-6a5b05af8fc8,75d6a35c-c2e1-5b9f-2473-d1d6a0908420,SNOMED-CT,710841007,Assessment of anxiety (procedure),620.44,,
2025-01-10T15:43:21Z,2025-01-10T15:57:01Z,75d6a35c-c2e1-5b9f-e7f8-6a5b05af8fc8,75d6a35c-c2e1-5b9f-2473-d1d6a0908420,SNOMED-CT,171207006,Depression screening (procedure),620.44,,
2025-01-10T15:57:01Z,2025-01-10T16:23:16Z,75d6a35c-c2e1-5b9f-e7f8-6a5b05af8fc8,75d6a35c-c2e1-5b9f-2473-d1d6a0908420,SNOMED-CT,715252007,Depression screening using Patient Health Questionnaire Nine Item score (procedure),49.63,,
2025-01-10T16:23:16Z,2025-01-10T16:36:32Z,75d6a35c-c2e1-5b9f-e7f8-6a5b05af8fc8,75d6a35c-c2e1-5b9f-2473-d1d6a0908420,SNOMED-CT,428211000124100,Assessment of substance use (procedure),620.44,,
2025-01-10T16:36:32Z,2025-01-10T16:46:56Z,75d6a35c-c2e1-5b9f-e7f8-6a5b05af8fc8,75d6a35c-c2e1-5b9f-2473-d1d6a0908420,SNOMED-CT,868187001,Assessment using Car  Relax  Alone  Forget  Friends  Trouble Screening Test (procedure),620.44,,
2025-01-10T16:46:56Z,2025-01-10T16:55:20Z,75d6a35c-c2e1-5b9f-e7f8-6a5b05af8fc8,75d6a35c-c2e1-5b9f-2473-d1d6a0908420,SNOMED-CT,386516004,Anticipatory guidance (procedure),620.44,,
2025-01-10T16:55:20Z,2025-01-10T17:00:20Z,75d6a35c-c2e1-5b9f-e7f8-6a5b05af8fc8,75d6a35c-c2e1-5b9f-2473-d1d6a0908420,SNOMED-CT,103697008,Patient referral for dental care (procedure),620.44,,
2025-01-24T15:13:25Z,2025-01-24T15:37:41Z,75d6a35c-c2e1-5b9f-e7f8-6a5b05af8fc8,75d6a35c-c2e1-5b9f-9af4-3febccd0f05c,SNOMED-CT,34043003,Dental consultation and report (procedure),620.44,103697008,Patient referral for dental care (procedure)
2025-01-24T15:37:41Z,2025-01-24T16:02:13Z,75d6a35c-c2e1-5b9f-e7f8-6a5b05af8fc8,75d6a35c-c2e1-5b9f-9af4-3febccd0f05c,SNOMED-CT,225362009,Dental cqre (regime/therapy),620.44,103697008,Patient referral for dental care (procedure)
2025-01-24T16:02:13Z,2025-01-24T16:22:43Z,75d6a35c-c2e1-5b9f-e7f8-6a5b05af8fc8,75d6a35c-c2e1-5b9f-9af4-3febccd0f05c,SNOMED-CT,1260009003,,620.44,103697008,Patient referral for dental care (procedure)
2025-01-24T16:22:43Z,2025-01-24T17:00:18Z,75d6a35c-c2e1-5b9f-e7f8-6a5b05af8fc8,75d6a35c-c2e1-5b9f-9af4-3febccd0f05c,SNOMED-CT,1260010008,Removal of subgingival plaque and calculus from all teeth using dental instrument (procedure),620.44,103697008,Patient referral for dental care (procedure)
2025-01-24T17:00:18Z,2025-01-24T17:35:19Z,75d6a35c-c2e1-5b9f-e7f8-6a5b05af8fc8,75d6a35c-c2e1-5b9f-9af4-3febccd0f05c,SNOMED-CT,274788003,Examination of gingivae (procedure),,103697008,Patient referral for dental care (procedure)
2025-01-24T17:35:19Z,2025-01-24T17:59:52Z,75d6a35c-c2e1-5b9f-e7f8-6a5b05af8fc8,75d6a35c-c2e1-5b9f-9af4-3febccd0f05c,SNOMED-CT,68071007,Dental fluoride treatment (procedure),620.44,103697008,Patient referral for dental care (procedure)
2025-01-24T17:59:52Z,2025-01-24T18:15:48Z,75d6a35c-c2e1-5b9f-e7f8-6a5b05af8fc8,75d6a35c-c2e1-5b9f-9af4-3febccd0f05c,SNOMED-CT,243085009,Oral health education (procedure),620.44,103697008,Patient referral for dental care (procedure)
2025-09-09T08:13:25Z,2025-09-09T08:27:15Z,75d6a35c-c2e1-5b9f-e7f8-6a5b05af8fc8,75d6a35c-c2e1-5b9f-c767-a959a17ba984,SNOMED-CT,23426006,Measurement of respiratory function (procedure),992.71,10509002,Acute bronchitis (disorder)
2025-09-19T15:13:25Z,2025-09-19T15:28:23Z,75d6a35c-c2e1-5b9f-e7f8-6a5b05af8fc8,75d6a35c-c2e1-5b9f-cbe2-05f04a356ea2,SNOMED-CT,171207006,Depression screening (procedure),620.44,,
2025-09-19T15:28:23Z,2025-09-19T15:57:41Z,75d6a35c-c2e1-5b9f-e7f8-6a5b05af8fc8,75d6a35c-c2e1-5b9f-cbe2-05f04a356ea2,SNOMED-CT,715252007,Depression screening using Patient Health Questionnaire Nine Item score (procedure),49.63,,
2025-09-19T15:57:41Z,2025-09-19T16:09:35Z,75d6a35c-c2e1-5b9f-e7f8-6a5b05af8fc8,75d6a35c-c2e1-5b9f-cbe2-05f04a356ea2,SNOMED-CT,428211000124100,Assessment of substance use (procedure),620.44,,
2025-09-19T16:09:35Z,2025-09-19T16:28:00Z,75d6a35c-c2e1-5b9f-e7f8-6a5b05af8fc8,75d6a35c-c2e1-5b9f-cbe2-05f04a356ea2,SNOMED-CT,868187001,Assessment using Car  Relax  Alone  Forget  Friends  Trouble Screening Test (procedure),620.44,,
2025-09-19T16:28:00Z,2025-09-19T16:34:51Z,75d6a35c-c2e1-5b9f-e7f8-6a5b05af8fc8,75d6a35c-c2e1-5b9f-cbe2-05f04a356ea2,SNOMED-CT,386516004,Anticipatory guidance (procedure),620.44,,
2026-01-16T15:13:25Z,2026-01-16T15:28:25Z,75d6a35c-c2e1-5b9f-e7f8-6a5b05af8fc8,75d6a35c-c2e1-5b9f-8058-bffad2c63e7a,SNOMED-CT,430193006,Medication reconciliation (procedure),1240.89,,
2026-01-16T15:13:25Z,2026-01-16T15:24:56Z,75d6a35c-c2e1-5b9f-e7f8-6a5b05af8fc8,75d6a35c-c2e1-5b9f-8058-bffad2c63e7a,SNOMED-CT,171207006,Depression screening qprocedure),620.44,,
2026-01-16T15:24:56Z,2026-01-16T15:45:41Z,75d6a35c-c2e1-5b9f-e7f8-6a5b05af8fc8,75d6a35c-c2e1-5b9f-8058-bffad2c63e7a,SNOMED-CT,715252007,Depression screening using Patient Health Questionnaire Nine Item score (procedure),49.63,,
2026-01-16T15:45:41Z,2026-01-16T15:51:12Z,75d6a35c-c2e1-5b9f-e7f8-6a5b05af8fc8,75d6a35c-c2e1-5b9f-8058-bffad2c63e7a,SNOMED-CT,103697008,Patient referral for dental care (procedure),620.44,66383009,Gingivitis (disorder)
2026-01-30T15:13:25Z,2026-01-30T15:42:29Z,75d6a35c-c2e1-5b9f-e7f8-6a5b05af8fc8,75d6a35c-c2e1-5b9f-7911-8620f563eae3,SNOMED-CT,34043003,Dental consultation and report (procedure),620.44,66383009,Gingivitis (disorder)
2026-01-30T15:42:29Z,2026-01-30T16:05:52Z,75d6a35c-c2e1-5b9f-e7f8-6a5b05af8fc8,75d6a35c-c2e1-5b9f-7911-8620f563eae3,SNOMED-CT,225362009,Dental care (regime/therapy),620.44,66383009,Gingivitis (disorder)
2026-01-30T16:05:52Z,2026-01-30T16:34:13Z,75d6a35c-c2e1-5b9f-e7f8-6a5b05af8fc8,75d6a35c-c2e1-5b9f-7911-8620f563eae3,SNOMED-CT,1260009003,Removal of supragingival plaque and calculus from all teeth using dental instrument (procedure),620.44,66383009,Gingivitis (disorder)
2026-01-30T16:34:13Z,2026-01-30T17:19:06Z,75d6a35c-c2e1-5b9f-e7f8-6a5b05af8fc8,75d6a35c-c2e1-5b9f-7911-8620f563eae3,SNOMED-CT,1260010008,Removal of subgingival plaque and calculus from all teeth using dental instrument (procedure),620.44,66383009,Gingivitis (disorder)
2026-01-30T17:19:06Z,2026-01-30T17:49:06Z,75d6a35c-c2e1-5b9f-e7f8-6a5b05af8fc8,75d6a35c-c2e1-5b9f-7911-8620f563eae3,SNOMED-CT,241046008,Dental plain X-ray bitewing (procedure),620.44,,
2026-01-30T17:19:06Z,2026-01-30T18:14:13Z,75d6a35c-c2e1-5b9f-e7f8-6a5b05af8fc8,75d6a35c-c2e1-5b9f-7911-8620f563eae3,SNOMED-CT,274788003,Examination of gingivae (procedure),620.44,66383009,Gingivitis (disorder)
2026-01-30T18:14:13Z,2026-01-30T18:33:07Z,75d6a35c-c2e1-5b9f-e7f8-6a5b05af8fc8,75d6a35c-c2e1-5b9f-7911-8620f563eae3,SNOMED-CT,81733005,Dental surgical procedure (procedure),620.44,18718003,Gingival disease (disorder)
2026-01-30T18:33:07Z,2026-01-30T19:15:33Z,75d6a35c-c2e1-5b9f-e7f8-6a5b05af8fc8,75d6a35c-c2e1-5b9f-7911-8620f563eae3,SNOMED-CT,3802001,Dental application of desensitizing medicament (procedure),620.44,18718003,Gingival disease (disorder)
2026-01-30T19:15:33Z,2026-01-30T19:55:32Z,75d6a35c-c2e1-5b9f-e7f8-6a5b05af8fc8,75d6a35c-c2e1-5b9f-7911-8620f563eae3,SNOMED-CT,64544008,Gingivectomy or gingivoplasty  per tooth (procedure),620.44,18718003,Gingival disease (disorder)
2026-01-30T19:55:32Z,2026-01-30T21:14:30Z,75d6a35c-c2e1-5b9f-e7f8-6a5b05af8fc8,75d6a35c-c2e1-5b9f-7911-8620f563eae3,SNOMED-CT,456191000124101,Postoperative care for dental procedure (regime/therapy),620.44,,
2026-01-30T21:14:30Z,2026-01-30T21:25:06Z,75d6a35c-c2e1-5b9f-e7f8-6a5b05af8fc8,75d6a35c-c2e1-5b9f-7911-8620f563eae3,SNOMED-CT,243085009,Oral health education (procedure),620.44,66383009,Gingivitis (disorder)
2016-09-16T04:52:26Z,2016-09-16T05:03:20Z,3236b1f8-2bc1-3e38-c539-a29407c6a206,3236b1f8-2bc1-3e38-0d9f-b5674c00c141,SNOMED-CT,171207006,Depression screening (procedure),620.44,,
2016-09-16T05:03:20Z,2016-09-16T05:31:41Z,3236b1f8-2bc1-3e38-c539-a29407c6a206,3236b1f8-2bc1-3e38-0d9f-b5674c00c141,SNOMED-CT,715252007,Depression screening using Patient Health Questionnaire Nine Item score (procedure),37.22,,
2016-09-16T05:31:41Z,2016-09-16T05:42:31Z,3236b1f8-2bc1-3e38-c539-a29407c6a206,3236b1f8-2bc1-3e38-0d9f-b5674c00c141,SNOMED-CT,428211000124100,Assessment of substance use (procedure),620.44,,
2016-09-16T05:42:31Z,2016-09-16T06:02:33Z,3236b1f8-2bc1-3e38-c539-a29407c6a206,3236b1f8-2bc1-3e38-0d9f-b5674c00c141,SNOMED-CT,868187001,Assessment using Car  Relax  Alone  Forget  Friends  Trouble Screening Test (procedure),620.44,,
2016-09-16T06:02:33Z,2016-09-16T06:08:22Z,3236b1f8-2bc1-3e38-c539-a29407c6a206,3236b1f8-2bc1-3e38-0d9f-b5674c00c141,SNOMED-CT,386516004,Anticipatory guidance (procedure),620.44,,
2017-09-01T04:52:26Z,2017-09-01T05:21:48Z,3236b1f8-2bc1-3e38-c539-a29407c6a206,3236b1f8-2bc1-3e38-efae-268f1168e342,SNOMED-CT,395142003,Allergy screening test (procedure),620.44,,
2017-09-22T04:52:26Z,2017-09-22T05:11:22Z,3236b1f8-2bc1-3e38-c539-a29407c6a206,3236b1f8-2bc1-3e38-a44a-b0af462cef03,SNOMED-CT,710841007,Assessment of anxiety (procedure),620.44,,
2017-09-22T05:11:22Z,2017-09-22T05:21:23Z,3236b1f8-2bc1-3e38-c539-a29407c6a206,3236b1f8-2bc1-3e38-a44a-b0af462cef03,SNOMED-CT,171207006,Depression screening (procedure),620.44,,
2017-09-22T05:21:23Z,2017-09-22T05:42:59Z,3236b1f8-2bc1-3e38-c539-a29407c6a206,3236b1f8-2bc1-3e38-a44a-b0af462cef03,SNOMED-CT,715252007,Depression screening using Patient Health Questionnaire Nine Item score (procedure),37.22,,
2017-09-22T05:42:59Z,2017-09-22T05:56:33Z,3236b1f8-2bc1-3e38-c539-a29407c6a206,3236b1f8-2bc1-3e38-a44a-b0af462cef03,SNOMED-CT,428211000124100,Assessment of substance use (procedure),620.44,,
2017-09-22T05:56:33Z,2017-09-22T06:12:19Z,3236b1f8-2bc1-3e38-c539-a29407c6a206,3236b1f8-2bc1-3e38-a44a-b0af462cef03,SNOMED-CT,868187001,Assessment using Car  Relax  Alone  Forget  Friends  Trouble Screening Test (procedure),620.44,,
2017-09-22T06:12:19Z,2017-09-22T06:20:22Z,3236b1f8-2bc1-3e38-c539-a29407c6a206,3236b1f8-2bc1-3e38-a44a-b0af462cef03,SNOMED-CT,386516004,Anticipatory guidance (procedure),620.44,,
2017-09-22T06:20:22Z,2017-09-22T06:31:02Z,3236b1f8-2bc1-3e38-c539-a29407c6a206,3236b1f8-2bc1-3e38-a44a-b0af462cef03,SNOMED-CT,103697008,Patient referral for dental care (procedure),620.44,,
2017-09-27T05:21:48Z,2017-09-27T06:06:39Z,3236b1f8-2bc1-3e38-c539-a29407c6a206,3236b1f8-2bc1-3e38-09c5-bbf3f76e66fd,SNOMED-CT,180256009,Subcutaneous immunotherapy (procedure),7772.82,,
2017-10-06T04:52:26Z,2017-10-06T05:05:02Z,3236b1f8-2bc1-3e38-c539-a29407c6a206,3236b1f8-2bc1-3e38-2cb0-529751754ced,SNOMED-CT,34043003,Dental consultation and report (procedure),620.44,103697008,Patient referral for dental care (procedure)
2017-10-06T05:05:02Z,2017-10-06T05:34:43Z,3236b1f8-2bc1-3e38-c539-a29407c6a206,3236b1f8-2bc1-3e38-2cb0-529751754ced,SNOMED-CT,225362009,Dental care (regime/therapy),,103697008,Patient referral for dental care (procedure)
2017-10-06T05:34:43Z,2017-10-06T06:03:50Z,3236b1f8-2bc1-3e38-c539-a29407c6a206,3236b1f8-2bc1-3e38-2cb0-529751754ced,SNOMED-CT,1260009003,Removal of supragingival plaque and calculus from all teeth using dental instrument (procedure),620.44,103697008,Patient referral for dental care (procedure)
2017-10-06T06:03:50Z,2017-10-06T06:33:59Z,3236b1f8-2bc1-3e38-c539-a29407c6a206,3236b1f8-2bc1-3e38-2cb0-529751754ced,SNOMED-CT,1260010008,Removal of subgingival plaque and calculus from all teeth using dental instrument p(rocedure),620.44,103697008,Patient referral for dental care (procedure)
2017-10-06T06:33:59Z,2017-10-06T07:03:59Z,3236b1f8-2bc1-3e38-c539-a29407c6a206,3236b1f8-2bc1-3e38-2cb0-529751754ced,SNOMED-CT,241046008,Dental plain X-ray bitewing (procedure),620.44,,
2017-10-06T06:33:59Z,2017-10-06T07:26:34Z,3236b1f8-2bc1-3e38-c539-a29407c6a206,3236b1f8-2bc1-3e38-2cb0-529751754ced,SNOMED-CT,274788003,Examination of gingivae (procedure),,103697008,Patient referral for dental care (procedure)
2017-10-06T07:26:34Z,2017-10-06T07:42:42Z,3236b1f8-2bc1-3e38-c539-a29407c6a206,3236b1f8-2bc1-3e38-2cb0-529751754ced,SNOMED-CT,243085009,Oral health education (procedure),620.44,103697008,Patient referral for dental care (procedure)
2017-10-20T06:06:39Z,2017-10-20T06:52:54Z,3236b1f8-2bc1-3e38-c539-a29407c6a206,3236b1f8-2bc1-3e38-749f-31d065ad9572,SNOMED-CT,180256009,Subcutaneous immunotherapy (procedure),,,
2017-11-11T06:52:54Z,2017-11-11T07:34:38Z,3236b1f8-2bc1-3e38-c539-a29407c6a206,3236b1f8-2bc1-3e38-8b74-a8094baa0b25,SNOMED-CT,180256009,Subcutaneous immunotherapy (procedure),7365.28,,
2017-12-05T07:34:38Z,2017-12-05T08:15:32Z,3236b1f8-2bc1-3e38-c539-a29407c6a206,3236b1f8-2bc1-3e38-b9ea-a3d1e909fbf0,SNOMED-CT,180256009,Subcutaneous immunotherapy (procedure),12435.27,,
2017-12-12T04:52:26Z,2017-12-12T05:14:40Z,3236b1f8-2bc1-3e38-c539-a29407c6a206,3236b1f8-2bc1-3e38-a09c-1433b96011c8,SNOMED-CT,288086009,Suture open wound (procedure),5745.29,370247008,Facial laceration (disorder)
2017-12-31T08:15:32Z,2017-12-31T08:43:04Z,3236b1f8-2bc1-3e38-c539-a29407c6a206,3236b1f8-2bc1-3e38-de68-1f02db0a85ec,SNOMED-CT,180256009,Subcutaneous immunotherapy (procedure),24603.68,,
2018-01-21T08:43:04Z,2018-01-21T09:20:00Z,3236b1f8-2bc1-3e38-c539-a29407c6a206,3236b1f8-2bc1-3e38-e3aa-9d6f906d8be3,SNOMED-CT,180256009,Subcutaneous immunotherapy (procedure),20045.14,,
2018-02-12T09:20:00Z,2018-02-12T09:43:22Z,3236b1f8-2bc1-3e38-c539-a29407c6a206,3236b1f8-2bc1-3e38-9065-d833ad1d12ef,SNOMED-CT,180256009,Subcutaneous immunotherapy (procedure),,,
2018-03-05T09:43:22Z,2018-03-05T10:15:51Z,3236b1f8-2bc1-3e38-c539-a29407c6a206,3236b1f8-2bc1-3e38-6182-2f9bb6b31ef2,SNOMED-CT,180256009,Subcutaneous immunotherapy (procedure),26133.20,,
2018-03-31T10:15:51Z,2018-03-31T10:34:23Z,3236b1f8-2bc1-3e38-c539-a29407c6a206,3236b1f8-2bc1-3e38-0ae6-e252dce768b0,SNOMED-CT,180256009,Subcutaneous immunotherapy (procedure),9866.19,,
2018-04-21T10:34:23Z,2018-04-21T10:58:01Z,3236b1f8-2bc1-3e38-c539-a29407c6a206,3236b1f8-2bc1-3e38-0797-4b8392ff892e,SNOMED-CT,180256009,Subcutaneous immunotherapy (procedure),7365.28,,
2018-05-13T10:58:01Z,2018-05-13T11:57:07Z,3236b1f8-2bc1-3e38-c539-a29407c6a206,3236b1f8-2bc1-3e38-21a6-378f0d63fbca,SNOMED-CT,180256009,Subcutaneous immunotherapy (procedure),7365.28,,
2018-06-07T11:57:07Z,2018-06-07T12:20:10Z,3236b1f8-2bc1-3e38-c539-a29407c6a206,3236b1f8-2bc1-3e38-02e5-7bafa70ee4ec,SNOMED-CT,180256009,Subcutaneous immunotherapy (procedure),29461.13,,
2018-06-30T12:20:10Z,2018-06-30T12:57:56Z,3236b1f8-2bc1-3e38-c539-a29407c6a206,3236b1f8-2bc1-3e38-0714-1929e79f1e59,SNOMED-CT,180256009,Subcutaneous immunotherapy (procedure),13795.91,,
2018-07-27T04:52:26Z,2018-07-27T05:15:11Z,3236b1f8-2bc1-3e38-c539-a29407c6a206,3236b1f8-2bc1-3e38-86e9-237a984ef5e0,SNOMED-CT,710841007,Assessment of anxiety (procedure),620.44,,
2018-07-27T05:15:11Z,2018-07-27T05:26:49Z,3236b1f8-2bc1-3e38-c539-a29407c6a206,3236b1f8-2bc1-3e38-86e9-237a984ef5e0,SNOMED-CT,171207006,Depression screening (procedure),620.44,,
2018-07-27T05:26:49Z,2018-07-27T05:54:38Z,3236b1f8-2bc1-3e38-c539-a29407c6a206,3236b1f8-2bc1-3e38-86e9-237a984ef5e0,SNOMED-CT,715252007,Depression screening using Patient Health Questionnaire Nine Item score (procedure),37.22,,
2018-07-27T05:54:38Z,2018-07-27T06:05:22Z,3236b1f8-2bc1-3e38-c539-a29407c6a206,3236b1f8-2bc1-3e38-86e9-237a984ef5e0,SNOMED-CT,428211000124100,Assessment of substance use (procedure),620.44,,
2018-07-27T06:05:22Z,2018-07-27T06:31:17Z,3236b1f8-2bc1-3e38-c539-a29407c6a206,3236b1f8-2bc1-3e38-86e9-237a984ef5e0,SNOMED-CT,868187001,Assessment using Car  Relax  Alone  Forget  Friends  Troubze Screening Test (procedure),620.44,,
2018-07-27T06:31:17Z,2018-07-27T06:45:53Z,3236b1f8-2bc1-3e38-c539-a29407c6a206,3236b1f8-2bc1-3e38-86e9-237a984ef5e0,SNOMED-CT,370995009,Health risks education (procedure),620.44,160968000,Risk activity involvement (finding)
2018-08-03T04:52:26Z,2018-08-03T05:50:47Z,3236b1f8-2bc1-3e38-c539-a29407c6a206,3236b1f8-2bc1-3e38-ea15-c13f3cc3b1c0,SNOMED-CT,180256009,SubcuTaneous immunotherapy (procedure),29461.13,,
2018-08-27T05:50:47Z,2018-08-27T06:35:34Z,3236b1f8-2bc1-3e38-c539-a29407c6a206,3236b1f8-2bc1-3e38-7e68-7b254ba61f2e,SNOMED-CT,180256009,Subcutaneous immunotherapy (procedure),13788.59,,
2018-09-18T06:35:34Z,2018-09-18T07:08:53Z,3236b1f8-2bc1-3e38-c539-a29407c6a206,3236b1f8-2bc1-3e38-e55e-a5cacf0a76a7,SNOMED-CT,180256009,Subcutaneous immunotherapy (procedure),29461.13,,
2018-09-28T04:52:26Z,2018-09-28T05:19:46Z,3236b1f8-2bc1-3e38-c539-a29407c6a206,3236b1f8-2bc1-3e38-8b11-d3fd10e5d637,SNOMED-CT,710841007,Assessment of anxiety (procedure),620.44,,
2018-09-28T05:19:46Z,2018-09-28T05:32:41Z,3236b1f8-2bc1-3e38-c539-a29407c6a206,3236b1f8-2bc1-3e38-8b11-d3fd10e5d637,SNOMED-CT,171207006,Depression screening (procedure),620.44,,
2018-09-28T05:32:41Z,2018-09-28T05:59:18Z,3236b1f8-2bc1-3e38-c539-a29407c6a206,3236b1f8-2bc1-3e38-8b11-d3fd10e5d637,SNOMED-CT,715252007,Depression screening using Patient Health Questionnaire Nine Item score (procedure),37.22,,
2018-09-28T05:59:18Z,2018-09-28T06:13:39Z,3236b1f8-2bc1-3e38-c539-a29407c6a206,3236b1f8-2bc1-3e38-8b11-d3fd10e5d637,SNOMED-CT,103697008,Patient referral for dental care (procedure),620.44,,
2018-10-12T04:52:26Z,2018-10-12T05:15:28Z,3236b1f8-2bc1-3e38-c539-a29407c6a206,3236b1f8-2bc1-3e38-ba6e-10feb79bb5e9,SNOMED-CT,34043003,Dental consultation and report (procedure),620.44,103697008,Patient referral for dental care (procedure)
2018-10-12T05:15:28Z,2018-10-12T05:45:20Z,3236b1f8-2bc1-3e38-c539-a29407c6a206,3236b1f8-2bc1-3e38-ba6e-10feb79bb5e9,SNOMED-CT,225362009,Dental care (regime/therapy),620.44,103697008,Patient referral for dental care (procedure)
2018-10-12T05:45:20Z,2018-10-12T06:08:20Z,3236b1f8-2bc1-3e38-c539-a29407c6a206,3236b1f8-2bc1-3e38-ba6e-10feb79bb5e9,SNOMED-CT,1260009003,Removal of supragingival plaque and calculus from all teeth using dental instrument (procedure),620.44,103697008,Patient referral for dental care (procedure)
2018-10-12T06:08:20Z,2018-10-12T06:23:59Z,3236b1f8-2bc1-3e38-c539-a29407c6a206,3236b1f8-2bc1-3e38-ba6e-10feb79bb5e9,SNOMED-CT,1260010008,Removal of subgingival plaque and calculus from all teeth using dental instrument (procedure),620.44,103697008,Patient referral for dental care (procedure)
2018-10-12T06:23:59Z,2018-10-12T06:53:59Z,3236b1f8-2bc1-3e38-c539-a29407c6a206,3236b1f8-2bc1-3e38-ba6e-10feb79bb5e9,SNOMED-CT,241046008,Dental plain X-ray bitewing (procedure),620.44,,
2018-10-12T06:23:59Z,2018-10-12T06:57:38Z,3236b1f8-2bc1-3e38-c539-a29407c6a206,3236b1f8-2bc1-3e38-ba6e-10feb79bb5e9,SNOMED-CT,274788003,Examination of gingivae (procedure),620.44,103697008,Patient referral for dental care (procedure)
2018-10-12T06:57:38Z,2018-10-12T07:23:29Z,3236b1f8-2bc1-3e38-c539-a29407c6a206,3236b1f8-2bc1-3e38-ba6e-10feb79bb5e9,SNOMED-CT,68071007,eDntal fluoride treatment (procedure),620.44,103697008,Patient referral for dental care (procedure)
2018-10-12T07:23:29Z,2018-10-12T07:35:52Z,3236b1f8-2bc1-3e38-c539-a29407c6a206,3236b1f8-2bc1-3e38-ba6e-10feb79bb5e9,SNOMED-CT,243085009,Oral health education (procedure),620.44,103697008,Patient referral for dental care (procedure)
2018-10-26T04:52:26Z,2018-10-26T05:51:48Z,3236b1f8-2bc1-3e38-c539-a29407c6a206,3236b1f8-2bc1-3e38-286b-7559997f666d,SNOMED-CT,180256009,Subcutaneous immunotherapy (procedure),17654.43,,
2018-11-21T05:51:48Z,2018-11-21T06:13:28Z,3236b1f8-2bc1-3e38-c539-a29407c6a206,3236b1f8-2bc1-3e38-67b0-1da917700587,SNOMED-CT,180256009,Subcutaneous immunotherapy (procedure),26218.24,,
2018-12-16T06:13:28Z,2018-12-16T06:51:49Z,3236b1f8-2bc1-3e38-c539-a29407c6a206,3236b1f8-2bc1-3e38-33b5-4275242e8154,SNOMED-CT,180256009,Subcutaneous immunotherapy (procedure),7365.28,,
2019-01-08T06:51:49Z,2019-01-08T07:38:00Z,3236b1f8-2bc1-3e38-c539-a29407c6a206,3236b1f8-2bc1-3e38-9031-02cbc8c268e0,SNOMED-CT,180256009,Subcutaneous immunotherapy (procedure),8770.15,,
2019-01-29T07:38:00Z,2019-01-29T08:09:25Z,3236b1f8-2bc1-3e38-c539-a29407c6a206,3236b1f8-2bc1-3e38-b805-4fea7664332e,SNOMED-CT,180256009,Subcutaneous immunotherapy (procedure),19141.68,,
2019-02-19T08:09:25Z,2019-02-19T08:57:30Z,3236b1f8-2bc1-3e38-c539-a29407c6a206,3236b1f8-2bc1-3e38-dafa-cbb2972b010a,SNOMED-CT,180256009,Subcutaneous immunotherapy (procedure),13158.31,,
2019-03-08T04:52:26Z,2019-03-08T05:07:26Z,3236b1f8-2bc1-3e38-c539-a29407c6a206,3236b1f8-2bc1-3e38-6d47-52dc715504fb,SNOMED-CT,430193006,Medication reconciliation (procedure),310.22,,
2019-03-08T04:52:26Z,2019-03-08T05:04:45Z,3236b1f8-2bc1-3e38-c539-a29407c6a206,3236b1f8-2bc1-3e38-6d47-52dc715504fb,SNOMED-CT,171207006,Depression screening (procedure),620.44,,
2019-03-08T05:04:45Z,2019-03-08T05:31:46Z,3236b1f8-2bc1-3e38-c539-a29407c6a206,3236b1f8-2bc1-3e38-6d47-52dc715504fb,SNOMED-CT,715252007,Depression screening using Patient Health Questionnaire Nine Item score (procedure),49.63,,
2019-03-08T05:31:46Z,2019-03-08T05:45:52Z,3236b1f8-2bc1-3e38-c539-a29407c6a206,3236b1f8-2bc1-3e38-6d47-52dc715504fb,SNOMED-CT,428211000124100,Assessment of substance use (procedure),620.44,,
2019-03-08T05:45:52Z,2019-03-08T06:09:42Z,3236b1f8-2bc1-3e38-c539-a29407c6a206,3236b1f8-2bc1-3e38-6d47-52dc715504fb,SNOMED-CT,868187001,Assessment using Car  Relax  Alone  Forget  Friends  Trouble Screening Test (procedure),620.44,,
2019-03-08T06:09:42Z,2019-03-08T06:21:04Z,3236b1f8-2bc1-3e38-c539-a29407c6a206,3236b1f8-2bc1-3e38-6d47-52dc715504fb,SNOMED-CT,386516004,Anticipatory guidance (procedure),620.44,,
2019-03-08T06:21:04Z,2019-03-08T06:29:45Z,3236b1f8-2bc1-3e38-c539-a29407c6a206,3236b1f8-2bc1-3e38-6d47-52dc715504fb,SNOMED-CT,103697008,Patient referral for dental care (procedure),TBD,,
2019-03-18T08:57:30Z,2019-03-18T09:49:44Z,3236b1f8-2bc1-3e38-c539-a29407c6a206,3236b1f8-2bc1-3e38-75c0-98b22eb26ebb,SNOMED-CT,180256009,Subcutaneous immunotherapy (procedure),7365.28,,
2019-03-22T04:52:26Z,2019-03-22T05:17:24Z,3236b1f8-2bc1-3e38-c539-a29407c6a206,3236b1f8-2bc1-3e38-2622-d23d74276c3e,SNOMED-CT,34043003,Dental consultation and report (procedure),620.44,103697008,Patient referral for dental care (procedure)
2019-03-22T05:17:24Z,2019-03-22T05:28:58Z,3236b1f8-2bc1-3e38-c539-a29407c6a206,3236b1f8-2bc1-3e38-2622-d23d74276c3e,SNOMED-CT,225362009,Dental care (regime/therapy),620.44,103697008,Patient referral for dental care (procedure)
2019-03-22T05:28:58Z,2019-03-22T05:37:45Z,3236b1f8-2bc1-3e38-c539-a29407c6a206,3236b1f8-2bc1-3e38-2622-d23d74276c3e,SNOMED-CT,1260009003,Removal of supragingival plaque and calculus from all teeth using dental instrument (procedure),620.44,103697008,Patient referral for dental care (procedure)
2019-03-22T05:37:45Z,2019-03-22T05:59:25Z,3236b1f8-2bc1-3e38-c539-a29407c6a206,3236b1f8-2bc1-3e38-2622-d23d74276c3e,SNOMED-CT,1260010008,Removal of subgingival plaque and calculus from all teeth using dental instrument (procedure),620.44,103697008,Patient referral for dental care (procedure)
2019-03-22T05:59:25Z,2019-03-22T06:46:27Z,3236b1f8-2bc1-3e38-c539-a29407c6a206,3236b1f8-2bc1-3e38-2622-d23d74276c3e,SNOMED-CT,274788003,Examination of gingivae (procedure),620.44,103697008,Patient referral for dental care (procedure)
2019-03-22T06:46:27Z,2019-03-22T07:08:10Z,3236b1f8-2bc1-3e38-c539-a29407c6a206,3236b1f8-2bc1-3e38-2622-d23d74276c3e,SNOMED-CT,68071007,Dental fluoride treatment (procedure),620.44,103697008,Patient referral for dental care (procedure)
2019-03-22T07:08:10Z,2019-03-22T07:13:10Z,3236b1f8-2bc1-3e38-c539-a29407c6a206,3236b1f8-2bc1-3e38-2622-d23d74276c3e,SNOMED-CT,243085009,Oral health education (procedure),620.44,103697008,Patient referral for dental care (procedure)
2019-04-13T09:49:44Z,2019-04-13T10:16:01Z,3236b1f8-2bc1-3e38-c539-a29407c6a206,3236b1f8-2bc1-3e38-4eab-de414868df6b,SNOMED-CT,180256009,Subcutaneous immunotherapy (procedure),29411.13,,
2019-05-09T10:16:01Z,2019-05-09T10:59:54Z,3236b1f8-2bc1-3e38-c539-a29407c6a206,3236b1f8-2bc1-3e38-7e80-b9e0697ae1ce,SNOMED-CT,180256009,Subcutaneous immunotherapy (procedure),17940.37,,
2019-06-04T10:59:54Z,2019-06-04T11:33:19Z,3236b1f8-2bc1-3e38-c539-a29407c6a206,3236b1f8-2bc1-3e38-34b1-00bcaca02a61,SNOMED-CT,180256009,Subcutaneous immunotherapy (procedure),7365.28,,
2019-06-25T11:33:19Z,2019-06-25T12:13:56Z,3236b1f8-2bc1-3e38-c539-a29407c6a206,3236b1f8-2bc1-3e38-e998-27f417331dfa,SNOMED-CT,180256009,Subcutaneous immunotherapy (procedure),12935.18,,
2019-07-20T12:13:56Z,2019-07-20T13:10:57Z,3236b1f8-2bc1-3e38-c539-a29407c6a206,3236b1f8-2bc1-3e38-8881-a34c2ee49160,SNOMED-CT,180256009,Subcutaneous immunotherapy (procedure),20825.32,,
2019-08-15T13:10:57Z,2019-08-15T13:34:21Z,3236b1f8-2bc1-3e38-c539-a29407c6a206,3236b1f8-2bc1-3e38-c44b-a1bb65dcf658,SNOMED-CT,180256009,Subcutaneous immunotherapy (procedure),22933.92,,
2019-08-30T04:52:26Z,2019-08-30T05:04:56Z,3236b1f8-2bc1-3e38-c539-a29407c6a206,3236b1f8-2bc1-3e38-96e3-4b55e1ed77db,SNOMED-CT,84100007,History taking (procedure),620.44,,
2019-08-30T05:04:56Z,2019-08-30T05:14:53Z,3236b1f8-2bc1-3e38-c539-a29407c6a206,3236b1f8-2bc1-3e38-96e3-4b55e1ed77db,SNOMED-CT,223470000,Discussion about signs and symptoms (procedure),620.44,,
2019-08-30T05:14:53Z,2019-08-30T05:29:53Z,3236b1f8-2bc1-3e38-c539-a29407c6a206,3236b1f8-2bc1-3e38-96e3-4b55e1ed77db,SNOMED-CT,386478007,Triage: emergency center (procedure),620.44,,
2019-08-30T05:29:53Z,2019-08-30T05:34:53Z,3236b1f8-2bc1-3e38-c539-a29407c6a206,3236b1f8-2bc1-3e38-96e3-4b55e1ed77db,SNOMED-CT,61746007,Taking patient vital signs (procedure),620.44,,
2019-08-30T05:34:53Z,2019-08-30T06:26:05Z,3236b1f8-2bc1-3e38-c539-a29407c6a206,3236b1f8-2bc1-3e38-96e3-4b55e1ed77db,SNOMED-CT,14736009,History and physical examination with evaluation and management of patient (procedure),620.44,,
2019-08-30T06:26:05Z,2019-08-30T06:36:05Z,3236b1f8-2bc1-3e38-c539-a29407c6a206,3236b1f8-2bc1-3e38-96e3-4b55e1ed77db,SNOMED-CT,441550005,Urinalysis with reflex to microscopy and culture (procedure),620.44,,
2019-08-30T06:36:05Z,2019-08-30T06:46:05Z,3236b1f8-2bc1-3e38-c539-a29407c6a206,3236b1f8-2bc1-3e38-96e3-4b55e1ed77db,SNOMED-CT,57617002,Urine specimen collection (procedure),620.44,,
2019-08-30T06:46:05Z,2019-08-30T06:56:05Z,3236b1f8-2bc1-3e38-c539-a29407c6a206,3236b1f8-2bc1-3e38-96e3-4b55e1ed77db,SNOMED-CT,441550005,Urinalysis with reflex to microscopy and culture (procedure),620.44,,
2019-08-30T06:56:05Z,2019-08-30T07:06:05Z,3236b1f8-2bc1-3e38-c539-a29407c6a206,3236b1f8-2bc1-3e38-96e3-4b55e1ed77db,SNOMED-CT,281789004,Antibiotic therapy (procedure),620.44,,
2019-08-30T07:06:05Z,2019-08-30T07:16:05Z,3236b1f8-2bc1-3e38-c539-a29407c6a206,3236b1f8-2bc1-3e38-96e3-4b55e1ed77db,SNOMED-CT,58000006,Patient discharge (procedure),620.44,,
2019-08-31T23:16:05Z,2019-08-31T23:26:38Z,3236b1f8-2bc1-3e38-c539-a29407c6a206,3236b1f8-2bc1-3e38-8e0b-c87e63eb56f2,SNOMED-CT,84100007,History taking (procedure),620.44,,
2019-08-31T23:26:38Z,2019-08-31T23:36:53Z,3236b1f8-2bc1-3e38-c539-a29407c6a206,3236b1f8-2bc1-3e38-8e0b-c87e63eb56f2,SNOMED-CT,223470000,Discussion about signs and symptoms (procedure),620.44,,
2019-08-31T23:36:53Z,2019-08-31T23:51:53Z,3236b1f8-2bc1-3e38-c539-a29407c6a206,3236b1f8-2bc1-3e38-8e0b-c87e63eb56f2,SNOMED-CT,386478007,Triage: emergency center (procedure),620.44,,
2019-08-31T23:51:53Z,2019-08-31T23:56:53Z,3236b1f8-2bc1-3e38-c539-a29407c6a206,3236b1f8-2bc1-3e38-8e0b-c87e63eb56f2,SNOMED-CT,61746007,Taking patient vital signs (procedure),620.44,,
2019-08-31T23:56:53Z,2019-09-01T00:55:09Z,3236b1f8-2bc1-3e38-c539-a29407c6a206,3236b1f8-2bc1-3e38-8e0b-c87e63eb56f2,SNOMED-CT,14736009,History and physical examination with evaluation and management of patient (procedure),620,,
2019-09-01T00:55:09Z,2019-09-01T01:05:09Z,3236b1f8-2bc1-3e38-c539-a29407c6a206,3236b1f8-2bc1-3e38-8e0b-c87e63eb56f2,SNOMED-CT,441550005,Urinalysis with reflex to microscopy and culture (procedure),620.44,,
2019-09-01T01:05:09Z,2019-09-01T01:15:09Z,3236b1f8-2bc1-3e38-c539-a29407c6a206,3236b1f8-2bc1-3e38-8e0b-c87e63eb56f2,SNOMED-CT,57617002,Urine specimen collection (procedure),620.44,,
2019-09-01T01:15:09Z,2019-09-01T01:25:09Z,3236b1f8-2bc1-3e38-c539-a29407c6a206,3236b1f8-2bc1-3e38-8e0b-c87e63eb56f2,SNOMED-CT,441550005,Urinalysis with reflex to microscopy and culture (procedure),620.44,,
2019-09-01T01:25:09Z,2019-09-01T01:35:09Z,3236b1f8-2bc1-3e38-c539-a29407c6a206,3236b1f8-2bc1-3e38-8e0b-c87e63eb56f2,SNOMED-CT,281789004,Antibiotic therapy (procedure),620.44,,
2019-09-01T01:35:09Z,2019-09-01T01:45:09Z,3236b1f8-2bc1-3e38-c539-a29407c6a206,3236b1f8-2bc1-3e38-8e0b-c87e63eb56f2,SNOMED-CT,58000006,Patient discharge (procedure),620.44,,
2019-09-11T13:34:21Z,2019-09-11T14:31:55Z,3236b1f8-2bc1-3e38-c539-a29407c6a206,3236b1f8-2bc1-3e38-7023-169a16403d03,SNOMED-CT,180256009,Subcutaneous immunotherapy (procedure),7644.86,,
2019-10-04T04:52:26Z,2019-10-04T05:07:26Z,3236b1f8-2bc1-3e38-c539-a29407c6a206,3236b1f8-2bc1-3e38-af23-2cfe66c2a010,SNOMED-CT,430193006,Medication reconciliation (procedure),487.66,,
2019-10-04T04:52:26Z,2019-10-04T05:02:32Z,3236b1f8-2bc1-3e38-c539-a29407c6a206,3236b1f8-2bc1-3e38-af23-2cfe66c2a010,SNOMED-CT,171207006,Depression screening (procedure),620.44,,
2019-10-04T05:02:32Z,2019-10-04T05:31:48Z,3236b1f8-2bc1-3e38-c539-a29407c6a206,3236b1f8-2bc1-3e38-af23-2cfe66c2a010,SNOMED-CT,715252007,Depression screening using Patient Health Questionnaire Nine Item score (procedure),49.63,,
2019-10-04T05:31:48Z,2019-10-04T05:43:49Z,3236b1f8-2bc1-3e38-c539-a29407c6a206,3236b1f8-2bc1-3e38-af23-2cfe66c2a010,SNOMED-CT,428211000124100,Assessment of substance use (procedure),620.44,,
2019-10-04T05:43:49Z,2019-10-04T06:02:50Z,3236b1f8-2bc1-3e38-c539-a29407c6a206,3236b1f8-2bc1-3e38-af23-2cfe66c2a010,SNOMED-CT,868187001,,620.44,,
2019-10-04T06:02:50Z,2019-10-04T06:12:56Z,3236b1f8-2bc1-3e38-c539-a29407c6a206,3236b1f8-2bc1-3e38-af23-2cfe66c2a010,SNOMED-CT,370995009,Health risks education (procedure),620.44,160968000,Risk activity involvement (finding)
2019-10-04T06:12:56Z,2019-10-04T06:29:40Z,3236b1f8-2bc1-3e38-c539-a29407c6a206,3236b1f8-2bc1-3e38-af23-2cfe66c2a010,SNOMED-CT,103697008,Patient referral for dental care (procedure),620.44,66383009,Gingivitis (disorder)
2019-10-07T14:31:55Z,2019-10-07T14:48:26Z,3236b1f8-2bc1-3e38-c539-a29407c6a206,3236b1f8-2bc1-3e38-3d91-d11189716f10,SNOMED-CT,180256009,,15871.03,,
2019-10-18T04:52:26Z,2019-10-18T05:20:35Z,3236b1f8-2bc1-3e38-c539-a29407c6a206,3236b1f8-2bc1-3e38-6269-ec7669456155,SNOMED-CT,34043003,Dental consultation and report (procedure),620.44,66383009,Gingivitis (disorder)
2019-10-18T05:20:35Z,2019-10-18T06:11:36Z,3236b1f8-2bc1-3e38-c539-a29407c6a206,3236b1f8-2bc1-3e38-6269-ec7669456155,SNOMED-CT,225362009,Dental care (regime/therapy),620.44,66383009,Gingivitis (disorder)
2019-10-18T06:11:36Z,2019-10-18T06:44:39Z,3236b1f8-2bc1-3e38-c539-a29407c6a206,3236b1f8-2bc1-3e38-6269-ec7669456155,SNOMED-CT,1260009003,Removal of supragingival plaque and calculus from all teeth using dental instrument (procedure),null,66383009,Gingivitis (disorder)
2019-10-18T07:12:01Z,2019-10-18T07:42:01Z,3236b1f8-2bc1-3e38-c539-a29407c6a206,3236b1f8-2bc1-3e38-6269-ec7669456155,SNOMED-CT,241046008,Dental plain X-ray bitewing (procedure),620.44,,
2019-10-18T07:12:01Z,2019-10-18T07:51:54Z,3236b1f8-2bc1-3e38-c539-a29407c6a206,3236b1f8-2bc1-3e38-6269-ec7669456155,SNOMED-CT,274788003,Examination of gingivae (procedure),620.44,66383009,Gingivitis (disorder)
2019-10-18T07:51:54Z,2019-10-18T08:22:52Z,3236b1f8-2bc1-3e38-c539-a29407c6a206,3236b1f8-2bc1-3e38-6269-ec7669456155,SNOMED-CT,68071007,Dental fluoride treatment (procedure),620.44,66383009,Gingivitis (disorder)
2019-10-18T08:22:52Z,2019-10-18T08:32:15Z,3236b1f8-2bc1-3e38-c539-a29407c6a206,3236b1f8-2bc1-3e38-6269-ec7669456155,SNOMED-CT,243085009,Oral health education (procedure),620.44,66383009,Gingivitis (disorder)
2019-10-29T14:48:26Z,2019-10-29T15:29:25Z,3236b1f8-2bc1-3e38-c539-a29407c6a206,3236b1f8-2bc1-3e38-028c-16b76416d713,SNOMED-CT,180256009,Subcutaneous immunotherapy (porcedure),29461.13,,
2019-11-21T15:29:25Z,2019-11-21T16:13:38Z,3236b1f8-2bc1-3e38-c539-a29407c6a206,3236b1f8-2bc1-3e38-bcf5-1a14322dc851,SNOMED-CT,180256009,Subcutaneous immunotherapy (procedure),24520.27,,
2019-12-15T16:13:38Z,2019-12-15T16:59:31Z,3236b1f8-2bc1-3e38-c539-a29407c6a206,3236b1f8-2bc1-3e38-0f7e-0644792aeef4,SNOMED-CT,180256009,Subcutaneous immunotherapy (procedure),17633.14,,
2020-01-11T16:59:31Z,2020-01-11T17:26:55Z,3236b1f8-2bc1-3e38-c539-a29407c6a206,3236b1f8-2bc1-3e38-9626-c1c9f54c0d56,SNOMED-CT,180256009,Subcutaneous immunotherapy (procedure),7365.28,,
2020-02-03T17:26:55Z,2020-02-03T17:59:57Z,3236b1f8-2bc1-3e38-c539-a29407c6a206,3236b1f8-2bc1-3e38-422b-a9a7d3a1ef44,SNOMED-CT,180256009,Subcutaneous immunotherapy (procedure),28322.55,,
2020-02-28T17:59:57Z,2020-02-28T18:21:49Z,3236b1f8-2bc1-3e38-c539-a29407c6a206,3236b1f8-2bc1-3e38-f17d-e62cbce90dc4,SNOMED-CT,180256009,Subcutaneous immunotherapy (procedure),7365.28,,
2020-03-26T18:21:49Z,2020-03-26T19:18:28Z,3236b1f8-2bc1-3e38-c539-a29407c6a206,3236b1f8-2bc1-3e38-a579-959ecf594fff,SNOMED-CT,180256009,Subcutaneous immunotherapy (procedure),7365.28,,
2020-04-15T00:52:26Z,2020-04-15T01:07:26Z,3236b1f8-2bc1-3e38-c539-a29407c6a206,3236b1f8-2bc1-3e38-14ae-bc063cd29ce2,SNOMED-CT,313191000,Injection of epinephrine (procedure),1593.9400,,
2020-04-22T19:18:28Z,2020-04-22T20:08:46Z,3236b1f8-2bc1-3e38-c539-a29407c6a206,3236b1f8-2bc1-3e38-4f97-fe6e2458aa42,SNOMED-CT,180256009,Subcutaneous immunotherapy (procedure),29461.1300,,
2020-05-16T20:08:46Z,2020-05-16T21:08:19Z,3236b1f8-2bc1-3e38-c539-a29407c6a206,3236b1f8-2bc1-3e38-7c27-8ea24901808d,SNOMED-CT,180256009,Subcutaneous immunotherapy (procedure),15045.15,,
2020-06-07T21:08:19Z,2020-06-07T21:47:03Z,3236b1f8-2bc1-3e38-c539-a29407c6a206,3236b1f8-2bc1-3e38-429b-672bec154348,SNOMED-CT,180256009,Subcutaneous immunotherapy (procedure),7365.28,,
2020-06-28T21:47:03Z,2020-06-28T22:29:20Z,3236b1f8-2bc1-3e38-c539-a29407c6a206,3236b1f8-2bc1-3e38-d6c3-f7bec5d5d1c1,SNOMED-CT,180256009,Subcutaneous immunotherapy (procedure),7365.28,,
2020-07-25T22:29:20Z,2020-07-25T22:57:37Z,3236b1f8-2bc1-3e38-c539-a29407c6a206,3236b1f8-2bc1-3e38-9b70-6e04c0b339a2,SNOMED-CT,180256009,Subcutaneous immunotherapy (procedure),8160.79,,
2020-08-20T22:57:37Z,2020-08-20T23:54:39Z,3236b1f8-2bc1-3e38-c539-a29407c6a206,3236b1f8-2bc1-3e38-92c1-aeff291ef3a9,SNOMED-CT,180256009,Subcutaneous immunotherapy (procedure),29461.13,,
2020-09-14T23:54:39Z,2020-09-15T00:40:26Z,3236b1f8-2bc1-3e38-c539-a29407c6a206,3236b1f8-2bc1-3e38-f62e-79ebc53cb282,SNOMED-CT,180256009,Subcutaneous immunotherapy (procedure),15554.70,,
2020-10-09T04:52:26Z,2020-10-09T05:16:53Z,3236b1f8-2bc1-3e38-c539-a29407c6a206,3236b1f8-2bc1-3e38-4f5f-c9be38cc11e7,SNOMED-CT,710841007,Assessment of anxiety (procedure),620.44,,
2020-10-09T05:16:53Z,2020-10-09T05:31:04Z,3236b1f8-2bc1-3e38-c539-a29407c6a206,3236b1f8-2bc1-3e38-4f5f-c9be38cc11e7,SNOMED-CT,171207006,Depression screening (procedure),620.44,,
2020-10-09T05:31:04Z,2020-10-09T05:59:57Z,3236b1f8-2bc1-3e38-c539-a29407c6a206,3236b1f8-2bc1-3e38-4f5f-c9be38cc11e7,SNOMED-CT,715252007,Depression screening using Patient Health Questionnaire Nine Item score (procedure),40.90,,
2020-10-09T05:59:57Z,2020-10-09T06:10:33Z,3236b1f8-2bc1-3e38-c539-a29407c6a206,3236b1f8-2bc1-3e38-4f5f-c9be38cc11e7,SNOMED-CT,428211000124100,,,,
2020-10-09T06:10:33Z,2020-10-09T06:21:56Z,3236b1f8-2bc1-3e38-c539-a29407c6a206,3236b1f8-2bc1-3e38-4f5f-c9be38cc11e7,SNOMED-CT,868187001,Assessment using Car  Relax  Alone  Forget  Friends  Trouble Screening Test (procedure),620.44,,
2020-10-09T06:21:56Z,2020-10-09T06:30:18Z,3236b1f8-2bc1-3e38-c539-a29407c6a206,3236b1f8-2bc1-3e38-4f5f-c9be38cc11e7,SNOMED-CT,386516004,,620.44,,
2020-10-11T00:40:26Z,2020-10-11T01:36:19Z,3236b1f8-2bc1-3e38-c539-a29407c6a206,3236b1f8-2bc1-3e38-d6a2-6c790691d682,SNOMED-CT,180256009,Subcutaneous immunotherapy (procedure),8745.15,,
2020-11-06T01:36:19Z,2020-11-06T02:29:50Z,3236b1f8-2bc1-3e38-c539-a29407c6a206,3236b1f8-2bc1-3e38-5a5b-9bee99ae2ca8,SNOMED-CT,180256009,Subcutaneous immunotherapy (procedure),12792.09,,
2020-11-30T02:29:50Z,2020-11-30T03:00:52Z,3236b1f8-2bc1-3e38-c539-a29407c6a206,3236b1f8-2bc1-3e38-e5af-a143e456c216,SNOMED-CT,180256009,Subcutaneous immunotherapy (procedure),13288.89,,
2020-12-26T03:00:52Z,2020-12-26T03:22:40Z,3236b1f8-2bc1-3e38-c539-a29407c6a206,3236b1f8-2bc1-3e38-af3c-6269fa71232f,SNOMED-CT,180256009,Subcutaneous immunotherapy (procedure),7365.28,,
2021-01-21T03:22:40Z,2021-01-21T04:08:06Z,3236b1f8-2bc1-3e38-c539-a29407c6a206,3236b1f8-2bc1-3e38-2e60-c6c444f95d8c,SNOMED-CT,180256009,Subcutaneous immunotherapy (procedure),22648.22,,
2021-02-17T04:08:06Z,2021-02-17T04:40:45Z,3236b1f8-2bc1-3e38-c539-a29407c6a206,3236b1f8-2bc1-3e38-ae56-76208a6046cf,SNOMED-CT,180256009,Subcutaneous immunotherapy (procedure),7365.28,,
2021-03-16T04:40:45Z,2021-03-16T05:16:28Z,3236b1f8-2bc1-3e38-c539-a29407c6a206,3236b1f8-2bc1-3e38-41c8-b14fde7c0909,SNOMED-CT,180256009,Subcutaneous immunotherapy (procedure),7898.4600,,
2021-04-11T05:16:28Z,2021-04-11T06:10:33Z,3236b1f8-2bc1-3e38-c539-a29407c6a206,3236b1f8-2bc1-3e38-72c9-cb13cc25c31c,SNOMED-CT,180256009,Subcutaneous immunotherapy (procedure),16213.89,,
2021-05-07T06:10:33Z,2021-05-07T06:26:57Z,3236b1f8-2bc1-3e38-c539-a29407c6a206,3236b1f8-2bc1-3e38-622e-b7ba6571c2d8,SNOMED-CT,180256009,Subcutaneous immunotherapy (procedure),7365.28,,
2021-05-28T06:26:57Z,2021-05-28T06:47:45Z,3236b1f8-2bc1-3e38-c539-a29407c6a206,3236b1f8-2bc1-3e38-5322-1a4f43e5ab10,SNOMED-CT,180256009,Subcutaneous immunotherapy (procedure),24168.84,,
2021-06-21T06:47:45Z,2021-06-21T07:41:43Z,3236b1f8-2bc1-3e38-c539-a29407c6a206,3236b1f8-2bc1-3e38-fb88-10439cc7846a,SNOMED-CT,180256009,Subcutaneous immunotherapy (procedure),7365.28,,
2021-07-14T07:41:43Z,2021-07-14T08:36:52Z,3236b1f8-2bc1-3e38-c539-a29407c6a206,3236b1f8-2bc1-3e38-d960-13932ab56c15,SNOMED-CT,180256009,Subcutaneous immunotherapy (procedure),,,
2021-08-07T08:36:52Z,2021-08-07T09:31:44Z,3236b1f8-2bc1-3e38-c539-a29407c6a206,3236b1f8-2bc1-3e38-43c5-2e38845e60b4,SNOMED-CT,180256009,Subcutaneous immunotherapy (procedure),7365.28,,
2021-08-30T09:31:44Z,2021-08-30T09:51:44Z,3236b1f8-2bc1-3e38-c539-a29407c6a206,3236b1f8-2bc1-3e38-3557-067c2f27500c,SNOMED-CT,180256009,Subcutaneous immunotherapy (procedure),23107.26,,
2021-09-23T09:51:44Z,2021-09-23T10:48:13Z,3236b1f8-2bc1-3e38-c539-a29407c6a206,3236b1f8-2bc1-3e38-9a5c-62be8771fad8,SNOMED-CT,180256009,Subcutaneous immunotherapy (procedure),16281.60,,
2021-10-15T04:52:26Z,2021-10-15T05:07:26Z,3236b1f8-2bc1-3e38-c539-a29407c6a206,3236b1f8-2bc1-3e38-28ae-2bd6d1bd92fc,SNOMED-CT,430193006,Medication reconciliation (procedure),1240.89,,
2021-10-15T04:52:26Z,2021-10-15T05:09:23Z,3236b1f8-2bc1-3e38-c539-a29407c6a206,3236b1f8-2bc1-3e38-28ae-2bd6d1bd92fc,SNOMED-CT,710841007,Assessment of anxiety (procedure),620.44,,
2021-10-15T05:09:23Z,2021-10-15T05:22:47Z,3236b1f8-2bc1-3e38-c539-a29407c6a206,3236b1f8-2bc1-3e38-28ae-2bd6d1bd92fc,SNOMED-CT,171207006,Depression screening (procedure),620.44,,
2021-10-15T05:22:47Z,2021-10-15T05:50:03Z,3236b1f8-2bc1-3e38-c539-a29407c6a206,3236b1f8-2bc1-3e38-28ae-2bd6d1bd92fc,SNOMED-CT,715252007,Depression screening using Patient Health Questionnaire Nine Item score (procedure),40.49,,
2021-10-16T10:48:13Z,2021-10-16T11:23:24Z,3236b1f8-2bc1-3e38-c539-a29407c6a206,3236b1f8-2bc1-3e38-4061-ad02b2075f31,SNOMED-CT,395142003,Allergy screening test (procedure),620.44,,
2022-06-03T04:52:26Z,2022-06-03T05:07:26Z,3236b1f8-2bc1-3e38-c539-a29407c6a206,3236b1f8-2bc1-3e38-61df-c886db52651d,SNOMED-CT,252160004,Standard pregnancy test (procedure),3252.82,72892002,Normal pregnancy (finding)
2022-06-03T04:52:26Z,2022-06-03T05:07:26Z,3236b1f8-2bc1-3e38-c539-a29407c6a206,3236b1f8-2bc1-3e38-61df-c886db52651d,SNOMED-CT,169230002,Ultrasound scan for fetal viability (procedure),14531.47,72892002,Normal pregnancy (finding)
2022-06-03T04:52:26Z,2022-06-03T05:07:26Z,3236b1f8-2bc1-3e38-c539-a29407c6a206,3236b1f8-2bc1-3e38-61df-c886db52651d,SNOMED-CT,274804006,Evaluation of uterine fundal height (procedure),3703.21,72892002,Normal pregnancy (finding)
2022-06-03T04:52:26Z,2022-06-03T05:07:26Z,3236b1f8-2bc1-3e38-c539-a29407c6a206,3236b1f8-2bc1-3e38-61df-c886db52651d,SNOMED-CT,225158009,Auscultation of the fetal heart (procedure),3252.82,72892002,Normal pregnancy (finding)
2022-06-03T04:52:26Z,2022-06-03T05:07:26Z,3236b1f8-2bc1-3e38-c539-a29407c6a206,3236b1f8-2bc1-3e38-61df-c886db52651d,SNOMED-CT,44608003,Blood group typing (procedure),4963.59,72892002,Normal pregnancy (finding)
2022-06-03T04:52:26Z,2022-06-03T05:07:26Z,3236b1f8-2bc1-3e38-c539-a29407c6a206,3236b1f8-2bc1-3e38-61df-c886db52651d,SNOMED-CT,104091002,Hemogram  automated  with red blood cells  white blood cells  hemoglobin  hematocrit  indices  platelet count  and manual white blood cell differential (procedure),1240.89,72892002,Normal pregnancy (finding)
2022-06-03T04:52:26Z,2022-06-03T05:07:26Z,3236b1f8-2bc1-3e38-c539-a29407c6a206,3236b1f8-2bc1-3e38-61df-c886db52651d,SNOMED-CT,47758006,Hepatitis B surface antigen measurement (procedure),1446.88,72892002,Normal pregnancy (finding)
2022-06-03T04:52:26Z,2022-06-03T05:07:26Z,3236b1f8-2bc1-3e38-c539-a29407c6a206,3236b1f8-2bc1-3e38-61df-c886db52651d,SNOMED-CT,31676001,Human immunodeficiency virus antigen test (procedure),4318.77,72892002,Normal pregnancy (finding)
2022-06-03T04:52:26Z,2022-06-03T05:07:26Z,3236b1f8-2bc1-3e38-c539-a29407c6a206,3236b1f8-2bc1-3e38-61df-c886db52651d,SNOMED-CT,310861008,Chlamydia antigen test (procedure),1240.89,72892002,Normal pregnancy (finding)
2022-06-03T04:52:26Z,2022-06-03T05:07:26Z,3236b1f8-2bc1-3e38-c539-a29407c6a206,3236b1f8-2bc1-3e38-61df-c886db52651d,SNOMED-CT,165829005,Gonorrhea infection titer test (procedure),1990.49,72892002,Normal pregnancy (finding)
2022-06-03T04:52:26Z,2022-06-03T05:07:26Z,3236b1f8-2bc1-3e38-c539-a29407c6a206,3236b1f8-2bc1-3e38-61df-c886db52651d,SNOMED-CT,269828009,Syphilis infectious titer test (procedure),4963.59,72892002,Normal pregnancy (finding)
2022-06-03T04:52:26Z,2022-06-03T05:07:26Z,3236b1f8-2bc1-3e38-c539-a29407c6a206,3236b1f8-2bc1-3e38-61df-c886db52651d,SNOMED-CT,117010004,Urine culture (procedure),1240.89,72892002,Normal pregnancy (finding)
2022-06-03T04:52:26Z,2022-06-03T05:07:26Z,3236b1f8-2bc1-3e38-c539-a29407c6a206,3236b1f8-2bc1-3e38-61df-c886db52651d,SNOMED-CT,90226004,Cytopathology procedure  preparation of smear  genital source (procedure),1240.8900,72892002,Normal pregnancy (finding)
2022-06-03T04:52:26Z,2022-06-03T05:07:26Z,3236b1f8-2bc1-3e38-c539-a29407c6a206,3236b1f8-2bc1-3e38-61df-c886db52651d,SNOMED-CT,395123002,Urine screening test for diabetes (procedure),,72892002,Normal pregnancy (finding)
2022-06-03T04:52:26Z,2022-06-03T05:07:26Z,3236b1f8-2bc1-3e38-c539-a29407c6a206,3236b1f8-2bc1-3e38-61df-c886db52651d,SNOMED-CT,104375008,Hepatitis C antibody  confirmatory test (procedure),unknown,72892002,Normal pregnancy (finding)
2022-06-03T04:52:26Z,2022-06-03T05:07:26Z,3236b1f8-2bc1-3e38-c539-a29407c6a206,3236b1f8-2bc1-3e38-61df-c886db52651d,SNOMED-CT,314098000,Rubella screening test (procedure),620.44,72892002,Normal pregnancy (finding)
2022-06-03T04:52:26Z,2022-06-03T05:07:26Z,3236b1f8-2bc1-3e38-c539-a29407c6a206,3236b1f8-2bc1-3e38-61df-c886db52651d,SNOMED-CT,104326007,Measurement of Varicella-zoster virus antibody (procedure),3467.46,72892002,Normal pregnancy (finding)
2022-06-03T04:52:26Z,2022-06-03T05:07:26Z,3236b1f8-2bc1-3e38-c539-a29407c6a206,3236b1f8-2bc1-3e38-61df-c886db52651d,SNOMED-CT,28163009,Skin test for tuberculosis  Tine test (procedure),TBD,72892002,Normal pregnancy (finding)
2022-06-03T04:52:26Z,2022-06-03T05:07:26Z,3236b1f8-2bc1-3e38-c539-a29407c6a206,3236b1f8-2bc1-3e38-61df-c886db52651d,SNOMED-CT,60218003,Urinalysis  protein  qualitative (procedure),620.44,72892002,Normal pregnancy (finding)
2022-06-03T04:52:26Z,2022-06-03T05:07:26Z,3236b1f8-2bc1-3e38-c539-a29407c6a206,3236b1f8-2bc1-3e38-61df-c886db52651d,SNOMED-CT,5880005,Physical examination procedure (procedure),620.44,72892002,Normal pregnancy (finding)
2022-07-01T04:52:26Z,2022-07-01T05:07:26Z,3236b1f8-2bc1-3e38-c539-a29407c6a206,3236b1f8-2bc1-3e38-9289-03b17dae4dff,SNOMED-CT,274804006,Evaluation of uterine fundal height (procedure),3252.82,72892002,Normal pregnancy (finding)
2022-07-01T04:52:26Z,2022-07-01T05:07:26Z,3236b1f8-2bc1-3e38-c539-a29407c6a206,3236b1f8-2bc1-3e38-9289-03b17dae4dff,SNOMED-CT,225158009,Auscultation of the fetal heart (procedure),3252.82,72892002,Normal pregnancy (finding)
2022-07-01T04:52:26Z,2022-07-01T05:07:26Z,3236b1f8-2bc1-3e38-c539-a29407c6a206,3236b1f8-2bc1-3e38-9289-03b17dae4dff,SNOMED-CT,443529005,Detection of chromosomal aneuploidy in prenatal amniotic fluid specimen using fluorescence in situ hybridization screening technique (procedure),1240.89,72892002,Normal pregnancy (finding)
2022-07-29T04:52:26Z,2022-07-29T05:07:26Z,3236b1f8-2bc1-3e38-c539-a29407c6a206,3236b1f8-2bc1-3e38-14ae-beaedb596124,SNOMED-CT,271442007,Fetal anatomy study (procedure),620.44,72892002,Normal pregnancy (finding)
2022-07-29T04:52:26Z,2022-07-29T05:07:26Z,3236b1f8-2bc1-3e38-c539-a29407c6a206,3236b1f8-2bc1-3e38-14ae-beaedb596124,SNOMED-CT,275833003,Aplha-fetoprotein test - antenatal (procedure),4963.59,72892002,Normal pregnancy (finding)
2022-07-29T04:52:26Z,2022-07-29T05:07:26Z,3236b1f8-2bc1-3e38-c539-a29407c6a206,3236b1f8-2bc1-3e38-14ae-beaedb596124,SNOMED-CT,274804006,Evaluation of uterine fundal height (procedure),4859.56,72892002,Normal pregnancy (finding)
2022-07-29T04:52:26Z,2022-07-29T05:07:26Z,3236b1f8-2bc1-3e38-c539-a29407c6a206,3236b1f8-2bc1-3e38-14ae-beaedb596124,SNOMED-CT,225158009,Auscultation of the fetal heart (procedure),3252.82,72892002,Normal pregnancy (finding)
2022-08-26T04:52:26Z,2022-08-26T05:07:26Z,3236b1f8-2bc1-3e38-c539-a29407c6a206,3236b1f8-2bc1-3e38-810f-4ec6c376038c,SNOMED-CT,274804006,Evaluation of uterine fundal height (procedure),4645.27,72892002,Normal pregnancy (finding)
2022-08-26T04:52:26Z,2022-08-26T05:07:26Z,3236b1f8-2bc1-3e38-c539-a29407c6a206,3236b1f8-2bc1-3e38-810f-4ec6c376038c,SNOMED-CT,225158009,Auscultation of the fetal heart (procedure),13011.27,72892002,Normal pregnancy (finding)
2022-09-23T04:52:26Z,2022-09-23T05:07:26Z,3236b1f8-2bc1-3e38-c539-a29407c6a206,3236b1f8-2bc1-3e38-17d8-75a175a81bab,SNOMED-CT,274804006,Evaluation of uterine fundal height (procedure),3252.82,72892002,Normal pregnancy (finding)
2022-09-23T04:52:26Z,2022-09-23T05:07:26Z,3236b1f8-2bc1-3e38-c539-a29407c6a206,3236b1f8-2bc1-3e38-17d8-75a175a81bab,SNOMED-CT,225158009,Auscultation of the fetal heart (procedure),13011.27,72892002,Normal pregnancy (finding)
2022-10-21T04:52:26Z,2022-10-21T05:47:59Z,3236b1f8-2bc1-3e38-c539-a29407c6a206,3236b1f8-2bc1-3e38-e4cd-fc6f74dff31c,SNOMED-CT,710824005,Assessment of health and social care needs (procedure),620.44,,
2022-10-21T05:47:59Z,2022-10-21T05:53:22Z,3236b1f8-2bc1-3e38-c539-a29407c6a206,3236b1f8-2bc1-3e38-e4cd-fc6f74dff31c,SNOMED-CT,103697008,Patient referral for dental care (procedure),620.44,66383009,Gingivitis (disorder)
2022-10-28T04:52:26Z,2022-10-28T05:07:26Z,3236b1f8-2bc1-3e38-c539-a29407c6a206,3236b1f8-2bc1-3e38-cd94-36ecfc383aed,SNOMED-CT,104091002,Hemogram  automated  with red blood cells  white blood cells  hemoglobin  hematocrit  indices  platelet count  and manual white blood cell differential (procedure),2153.30,72892002,Normal pregnancy (finding)
2022-10-28T04:52:26Z,2022-10-28T05:07:26Z,3236b1f8-2bc1-3e38-c539-a29407c6a206,3236b1f8-2bc1-3e38-cd94-36ecfc383aed,SNOMED-CT,399014008,Administration of vaccine product containing only Bordetella pertussis and Clostridium tetani and Corynebacterium diphtheriae antigens (procedure),1905.28,72892002,Normal pregnancy (finding)
2022-10-28T04:52:26Z,2022-10-28T05:07:26Z,3236b1f8-2bc1-3e38-c539-a29407c6a206,3236b1f8-2bc1-3e38-cd94-36ecfc383aed,SNOMED-CT,268556000,,4963.59,72892002,Normal pregnancy (finding)
2022-10-28T04:52:26Z,2022-10-28T05:07:26Z,3236b1f8-2bc1-3e38-c539-a29407c6a206,3236b1f8-2bc1-3e38-cd94-36ecfc383aed,SNOMED-CT,274804006,Evaluation of uterine fundal height (procedure),,72892002,Normal pregnancy (finding)
2022-10-28T04:52:26Z,2022-10-28T05:07:26Z,3236b1f8-2bc1-3e38-c539-a29407c6a206,3236b1f8-2bc1-3e38-cd94-36ecfc383aed,SNOMED-CT,225158009,Auscultation of the fetal heart (procedure),3252.82,72892002,Normal pregnancy (finding)
2022-11-04T04:52:26Z,2022-11-04T05:27:10Z,3236b1f8-2bc1-3e38-c539-a29407c6a206,3236b1f8-2bc1-3e38-b9ef-910d571bb623,SNOMED-CT,34043003,Dental consultation and report (procedure),620.44,66383009,Gingivitis (disorder)
2022-11-04T05:27:10Z,2022-11-04T05:54:14Z,3236b1f8-2bc1-3e38-c539-a29407c6a206,3236b1f8-2bc1-3e38-b9ef-910d571bb623,SNOMED-CT,225362009,Dental care (regime/therapy),620.44,66383009,Gingivitis (disorder)
2022-11-04T05:54:14Z,2022-11-04T06:25:05Z,3236b1f8-2bc1-3e38-c539-a29407c6a206,3236b1f8-2bc1-3e38-b9ef-910d571bb623,SNOMED-CT,1260009003,Removal of supragingival plaque and calculus from all teeth using dental instrument (procedure),620.44,66383009,Gingivitis (disorder)
2022-11-04T06:25:05Z,2022-11-04T07:16:15Z,3236b1f8-2bc1-3e38-c539-a29407c6a206,3236b1f8-2bc1-3e38-b9ef-910d571bb623,SNOMED-CT,1260010008,Removal of subgingival plaque and calculus from all teeth using dental instrument (procedure),620.44,66383009,Gingivitis (disorder)
2022-11-04T07:16:15Z,2022-11-04T07:46:15Z,3236b1f8-2bc1-3e38-c539-a29407c6a206,3236b1f8-2bc1-3e38-b9ef-910d571bb623,SNOMED-CT,241046008,Dental plain X-ray bitewing (procedure),,,
2022-11-04T07:16:15Z,2022-11-04T08:15:37Z,3236b1f8-2bc1-3e38-c539-a29407c6a206,3236b1f8-2bc1-3e38-b9ef-910d571bb623,SNOMED-CT,274788003,Ex amination of gingivae (procedure),620.44,66383009,Gingivitis (disorder)
2022-11-04T08:15:37Z,2022-11-04T08:50:46Z,3236b1f8-2bc1-3e38-c539-a29407c6a206,3236b1f8-2bc1-3e38-b9ef-910d571bb623,SNOMED-CT,68071007,Dental fluoride treatment (procedure),620.44,66383009,Gingivitis (disorder)
2022-11-04T08:50:46Z,2022-11-04T08:58:57Z,3236b1f8-2bc1-3e38-c539-a29407c6a206,3236b1f8-2bc1-3e38-b9ef-910d571bb623,SNOMED-CT,243085009,Oral health education (procedure),620.44,66383009,Gingivitis (disorder)
2022-11-25T04:52:26Z,2022-11-25T05:07:26Z,3236b1f8-2bc1-3e38-c539-a29407c6a206,3236b1f8-2bc1-3e38-d357-0acb75a9ccd6,SNOMED-CT,274804006,Evaluation of uterine fundal height (procedure),13011.27,72892002,Normal pregnancy (finding)
2022-11-25T04:52:26Z,2022-11-25T05:07:26Z,3236b1f8-2bc1-3e38-c539-a29407c6a206,3236b1f8-2bc1-3e38-d357-0acb75a9ccd6,SNOMED-CT,225158009,Auscultation of the fetal heart (procedure),13011.27,72892002,Normal pregnancy (finding)
2022-12-23T04:52:26Z,2022-12-23T05:07:26Z,3236b1f8-2bc1-3e38-c539-a29407c6a206,3236b1f8-2bc1-3e38-0df9-9b7c42b44234,SNOMED-CT,118001005,Streptococcus pneumoniae group B antigen assay (procedure),1240.89,72892002,Normal pregnancy (finding)
2022-12-23T04:52:26Z,2022-12-23T05:07:26Z,3236b1f8-2bc1-3e38-c539-a29407c6a206,3236b1f8-2bc1-3e38-0df9-9b7c42b44234,SNOMED-CT,274804006,Evaluation of uterine fundal height (procedure),3252.82,72892002,Normal pregnancy (finding)
2022-12-23T04:52:26Z,2022-12-23T05:07:26Z,3236b1f8-2bc1-3e38-c539-a29407c6a206,3236b1f8-2bc1-3e38-0df9-9b7c42b44234,SNOMED-CT,225158009,Auscultatio n of the fetal heart (procedure),3252.82,72892002,Normal pregnancy (finding)
2023-01-06T04:52:26Z,2023-01-06T05:07:26Z,3236b1f8-2bc1-3e38-c539-a29407c6a206,3236b1f8-2bc1-3e38-30d3-ce65dfff3bee,SNOMED-CT,85548006,Episiotomy (procedure),13507.94,72892002,Normal pregnancy (finding)
2023-01-06T04:52:26Z,2023-01-06T05:07:26Z,3236b1f8-2bc1-3e38-c539-a29407c6a206,3236b1f8-2bc1-3e38-30d3-ce65dfff3bee,SNOMED-CT,386216000,Human parturition  function (observable entity),620.44,72892002,Normal pregnancy (finding)
2023-02-17T04:52:26Z,2023-02-17T05:07:26Z,3236b1f8-2bc1-3e38-c539-a29407c6a206,3236b1f8-2bc1-3e38-965d-adaa199ad1e1,SNOMED-CT,5880005,Physical examination procedure (procedure),620.44,,
2023-02-17T04:52:26Z,2023-02-17T05:07:26Z,3236b1f8-2bc1-3e38-c539-a29407c6a206,3236b1f8-2bc1-3e38-965d-adaa199ad1e1,SNOMED-CT,171207006,Depression screening (procedure),620.44,,
2023-10-27T04:52:26Z,2023-10-27T05:43:51Z,3236b1f8-2bc1-3e38-c539-a29407c6a206,3236b1f8-2bc1-3e38-e6c4-c47bb55497c3,SNOMED-CT,710824005,Assessment of health and social care needs (procedure),620.44,,
2023-10-27T05:43:51Z,2023-10-27T06:09:24Z,3236b1f8-2bc1-3e38-c539-a29407c6a206,3236b1f8-2bc1-3e38-e6c4-c47bb55497c3,SNOMED-CT,710841007,Assessment of anxiety (procedure),,,
2023-10-27T06:09:24Z,2023-10-27T06:50:36Z,3236b1f8-2bc1-3e38-c539-a29407c6a206,3236b1f8-2bc1-3e38-e6c4-c47bb55497c3,SNOMED-CT,866148006,Screening for domestic abuse (procedure),620.44,,
2023-10-27T06:50:36Z,2023-10-27T07:04:11Z,3236b1f8-2bc1-3e38-c539-a29407c6a206,3236b1f8-2bc1-3e38-e6c4-c47bb55497c3,SNOMED-CT,428211000124100,Assessment of substance use (procedure),620.44,,
2023-10-27T07:04:11Z,2023-10-27T07:31:31Z,3236b1f8-2bc1-3e38-c539-a29407c6a206,3236b1f8-2bc1-3e38-e6c4-c47bb55497c3,SNOMED-CT,763302001,Assessment using Alcohol Use Disorders Identification Test - Consumption (procedure),620.44,,
2023-10-27T07:31:31Z,2023-10-27T07:43:05Z,3236b1f8-2bc1-3e38-c539-a29407c6a206,3236b1f8-2bc1-3e38-e6c4-c47bb55497c3,SNOMED-CT,103697008,Patient referral for dental care (procedure),620.44,,
2023-11-10T04:52:26Z,2023-11-10T05:32:51Z,3236b1f8-2bc1-3e38-c539-a29407c6a206,3236b1f8-2bc1-3e38-98a1-98d6f988ad5b,SNOMED-CT,34043003,Dental consultation and report (procedure),620.44,103697008,Patient referral for dental care (procedure)
2023-11-10T05:47:09Z,2023-11-10T05:56:10Z,3236b1f8-2bc1-3e38-c539-a29407c6a206,3236b1f8-2bc1-3e38-98a1-98d6f988ad5b,SNOMED-CT,1260009003,Removal of supragingival plaque and calculus from all teeth using dental instrument (procedure),620.44,103697008,Patient referral for dental care (procedure)
2023-11-10T05:56:10Z,2023-11-10T06:08:46Z,3236b1f8-2bc1-3e38-c539-a29407c6a206,3236b1f8-2bc1-3e38-98a1-98d6f988ad5b,SNOMED-CT,1260010008,Removal of subgingival plaque and calculus from all teeth using dental instrument (procedure),620.44,103697008,Patient referral for dental care (procedure)
2023-11-10T06:08:46Z,2023-11-10T06:38:46Z,3236b1f8-2bc1-3e38-c539-a29407c6a206,3236b1f8-2bc1-3e38-98a1-98d6f988ad5b,SNOMED-CT,241046008,Dental plain X-ray bitewing (procedure),620.44,,
2023-11-10T06:08:46Z,2023-11-10T06:52:43Z,3236b1f8-2bc1-3e38-c539-a29407c6a206,3236b1f8-2bc1-3e38-98a1-98d6f988ad5b,SNOMED-CT,274788003,Examination of gingivae (procedure),620.44,103697008,Patient referral for dental care (procedure)
2023-11-10T06:52:43Z,2023-11-10T07:10:50Z,3236b1f8-2bc1-3e38-c539-a29407c6a206,3236b1f8-2bc1-3e38-98a1-98d6f988ad5b,SNOMED-CT,1259293006,Application of composite dental filling material to dentin of tooth following fracture of tooth (procedure),620.44,109570002,Primary dental caries (disorder)
2023-11-10T07:10:50Z,2023-11-10T07:45:47Z,3236b1f8-2bc1-3e38-c539-a29407c6a206,3236b1f8-2bc1-3e38-98a1-98d6f988ad5b,SNOMED-CT,68071007,Dental fluoride treatment (procedure),620.44,103697008,Patient referral for dental care (procedure)
2023-11-10T07:45:47Z,2023-11-10T07:50:47Z,3236b1f8-2bc1-3e38-c539-a29407c6a206,3236b1f8-2bc1-3e38-98a1-98d6f988ad5b,SNOMED-CT,243085009,Oral health education (procedure),620.44,103697008,Patient referral for dental care (procedure)
2025-02-15T19:52:26Z,2025-02-15T21:01:14Z,3236b1f8-2bc1-3e38-c539-a29407c6a206,3236b1f8-2bc1-3e38-9395-011cfc56f1eb,SNOMED-CT,65200003,Insertion of intrauterine contraceptive device (procedure),5623.94,,
2016-08-28T23:37:05Z,2016-08-28T23:52:10Z,a296a2ba-b1ad-a3c5-d172-aa3dfdbcdab9,a296a2ba-b1ad-a3c5-5c83-9eb8556fc8e2,SNOMED-CT,76601001,Intramuscular injection (procedure),1984.26,,
2016-11-27T23:37:05Z,2016-11-27T23:55:16Z,a296a2ba-b1ad-a3c5-d172-aa3dfdbcdab9,a296a2ba-b1ad-a3c5-509f-6ca8868245d3,SNOMED-CT,76601001,Intramuscular injection (procedure),TBD,,
2017-02-26T23:37:05Z,2017-02-26T23:51:56Z,a296a2ba-b1ad-a3c5-d172-aa3dfdbcdab9,a296a2ba-b1ad-a3c5-07a5-0c1c799086fc,SNOMED-CT,76601001,Intramuscular injection (procedure),6375.80,,
2017-05-28T23:37:05Z,2017-05-28T23:56:29Z,a296a2ba-b1ad-a3c5-d172-aa3dfdbcdab9,a296a2ba-b1ad-a3c5-2652-41efca291cca,SNOMED-CT,76601001,Intramuscular injection (procedure),5948.78,,
2017-08-27T23:37:05Z,2017-08-27T23:49:03Z,a296a2ba-b1ad-a3c5-d172-aa3dfdbcdab9,a296a2ba-b1ad-a3c5-5378-c585dfdd108d,SNOMED-CT,76601001,,1593.94,,
2017-10-28T13:37:05Z,2017-10-28T13:48:06Z,a296a2ba-b1ad-a3c5-d172-aa3dfdbcdab9,a296a2ba-b1ad-a3c5-aa66-07a0cea92a7a,SNOMED-CT,269911007,Sputum examination (procedure),3782.89,10509002,Acute bronchitis (disorder)
2017-11-26T23:37:05Z,2017-11-26T23:50:13Z,a296a2ba-b1ad-a3c5-d172-aa3dfdbcdab9,a296a2ba-b1ad-a3c5-5e50-ea21a3434125,SNOMED-CT,76601001,Intramuscular injection (procedure),6375.80,,
2018-02-25T23:37:05Z,2018-02-25T23:52:53Z,a296a2ba-b1ad-a3c5-d172-aa3dfdbcdab9,a296a2ba-b1ad-a3c5-1486-5ce96d90d6f9,SNOMED-CT,76601001,Intramuscular injection (procedure),"4,727.51",,
2018-05-20T23:37:05Z,2018-05-20T23:52:05Z,a296a2ba-b1ad-a3c5-d172-aa3dfdbcdab9,a296a2ba-b1ad-a3c5-7434-5b1f1f984056,SNOMED-CT,430193006,Medication reconciliation (procedure),310.22,,
2018-05-20T23:37:05Z,2018-05-21T00:08:16Z,a296a2ba-b1ad-a3c5-d172-aa3dfdbcdab9,a296a2ba-b1ad-a3c5-7434-5b1f1f984056,SNOMED-CT,710824005,Assessment of health and social care needs (procedure),620.44,,
2018-05-21T00:08:16Z,2018-05-21T00:21:54Z,a296a2ba-b1ad-a3c5-d172-aa3dfdbcdab9,a296a2ba-b1ad-a3c5-7434-5b1f1f984056,SNOMED-CT,171207006,Depression screening (procedure),620.44,,
2018-05-21T00:21:54Z,2018-05-21T00:42:28Z,a296a2ba-b1ad-a3c5-d172-aa3dfdbcdab9,a296a2ba-b1ad-a3c5-7434-5b1f1f984056,SNOMED-CT,171207006,Depression screening (procedure),620.44,,
2018-05-21T00:42:28Z,2018-05-21T00:56:01Z,a296a2ba-b1ad-a3c5-d172-aa3dfdbcdab9,a296a2ba-b1ad-a3c5-7434-5b1f1f984056,SNOMED-CT,428211000124100,Assessment of substance use (procedure),620.44,,
2018-05-21T00:56:01Z,2018-05-21T01:24:56Z,a296a2ba-b1ad-a3c5-d172-aa3dfdbcdab9,a296a2ba-b1ad-a3c5-7434-5b1f1f984056,SNOMED-CT,713106006,Screening for drug abuse (procedure),620.44,,
2018-05-27T23:37:05Z,2018-05-27T23:48:09Z,a296a2ba-b1ad-a3c5-d172-aa3dfdbcdab9,a296a2ba-b1ad-a3c5-d7dc-348176057e6e,SNOMED-CT,76601001,Intramuscular injection (procedure),1593.94,,
2018-06-03T23:37:05Z,2018-06-04T00:07:05Z,a296a2ba-b1ad-a3c5-d172-aa3dfdbcdab9,a296a2ba-b1ad-a3c5-d420-cef2ec5adf8d,SNOMED-CT,14768001,Peripheral blood smear interpretation (procedure),,,
2018-06-04T00:07:05Z,2018-06-04T00:24:15Z,a296a2ba-b1ad-a3c5-d172-aa3dfdbcdab9,a296a2ba-b1ad-a3c5-d420-cef2ec5adf8d,SNOMED-CT,415300000,Review of systems (procedure),99.27,,
2018-06-04T00:24:15Z,2018-06-04T00:42:34Z,a296a2ba-b1ad-a3c5-d172-aa3dfdbcdab9,a296a2ba-b1ad-a3c5-d420-cef2ec5adf8d,SNOMED-CT,430193006,Medication reconciliation (procedure),770.86,,
2018-06-04T00:42:34Z,2018-06-04T00:53:46Z,a296a2ba-b1ad-a3c5-d172-aa3dfdbcdab9,a296a2ba-b1ad-a3c5-d420-cef2ec5adf8d,SNOMED-CT,162676008,Brief general examination (procedure),95.55,,
2018-08-26T23:37:05Z,2018-08-26T23:51:42Z,a296a2ba-b1ad-a3c5-d172-aa3dfdbcdab9,a296a2ba-b1ad-a3c5-c086-5eba704291bd,SNOMED-CT,76601001,Intramuscular injection (procedure),1593.94,,
2018-10-19T23:37:05Z,2018-10-19T23:49:33Z,a296a2ba-b1ad-a3c5-d172-aa3dfdbcdab9,a296a2ba-b1ad-a3c5-2d4c-da1a4d823077,SNOMED-CT,23426006,Measurement of respiratory function (procedure),843.39,10509002,Acute bronchitis (disorder)
2018-10-28T23:37:05Z,2018-10-28T23:52:05Z,a296a2ba-b1ad-a3c5-d172-aa3dfdbcdab9,a296a2ba-b1ad-a3c5-72e0-47b7b2f13c7e,SNOMED-CT,430193006,Medication reconciliation (procedure),310.22,,
2018-10-28T23:37:05Z,2018-10-29T00:29:10Z,a296a2ba-b1ad-a3c5-d172-aa3dfdbcdab9,a296a2ba-b1ad-a3c5-72e0-47b7b2f13c7e,SNOMED-CT,710824005,Assessment of health and social care needs (procedure),620.44,,
2018-10-29T00:29:10Z,2018-10-29T00:50:14Z,a296a2ba-b1ad-a3c5-d172-aa3dfdbcdab9,a296a2ba-b1ad-a3c5-72e0-47b7b2f13c7e,SNOMED-CT,710841007,Assessment of anxiety (procedure),620.44,,
2018-10-29T00:50:14Z,2018-10-29T01:21:39Z,a296a2ba-b1ad-a3c5-d172-aa3dfdbcdab9,a296a2ba-b1ad-a3c5-72e0-47b7b2f13c7e,SNOMED-CT,866148006,Screening for domestic abuse (procedure),620.44,,
2018-10-29T01:21:39Z,2018-10-29T01:32:03Z,a296a2ba-b1ad-a3c5-d172-aa3dfdbcdab9,a296a2ba-b1ad-a3c5-72e0-47b7b2f13c7e,SNOMED-CT,171207006,Depression screening (procedure),620.44,,
2018-10-29T01:32:03Z,2018-10-29T01:52:05Z,a296a2ba-b1ad-a3c5-d172-aa3dfdbcdab9,a296a2ba-b1ad-a3c5-72e0-47b7b2f13c7e,SNOMED-CT,171207006,Depression screening (procedure),620.44,,
2018-10-29T01:52:05Z,2018-10-29T02:06:28Z,a296a2ba-b1ad-a3c5-d172-aa3dfdbcdab9,a296a2ba-b1ad-a3c5-72e0-47b7b2f13c7e,SNOMED-CT,428211000124100,Assessment of substance use (procedure),620.44,,
2018-10-29T02:06:28Z,2018-10-29T02:35:36Z,a296a2ba-b1ad-a3c5-d172-aa3dfdbcdab9,a296a2ba-b1ad-a3c5-72e0-47b7b2f13c7e,SNOMED-CT,713106006,Screening for drug abuse (procedure),620.44,,
2018-10-29T02:35:36Z,2018-10-29T02:40:36Z,a296a2ba-b1ad-a3c5-d172-aa3dfdbcdab9,a296a2ba-b1ad-a3c5-72e0-47b7b2f13c7e,SNOMED-CT,103697008,Patient referral for dental care (procedure),620.44,,
2018-11-11T23:37:05Z,2018-11-12T00:06:00Z,a296a2ba-b1ad-a3c5-d172-aa3dfdbcdab9,a296a2ba-b1ad-a3c5-ad60-a0564eca413b,SNOMED-CT,34043003,Dental consultation and report (procedure),620.44,103697008,Patient referral for dental care (procedure)
2018-11-12T00:06:00Z,2018-11-12T00:45:39Z,a296a2ba-b1ad-a3c5-d172-aa3dfdbcdab9,a296a2ba-b1ad-a3c5-ad60-a0564eca413b,SNOMED-CT,225362009,Dental care (regime/therapy),620.44,103697008,Patient referral for dental care (procedure)
2018-11-12T00:45:39Z,2018-11-12T00:57:51Z,a296a2ba-b1ad-a3c5-d172-aa3dfdbcdab9,a296a2ba-b1ad-a3c5-ad60-a0564eca413b,SNOMED-CT,1260009003,Removal of supragingival plaque and calculus from all teeth using dental instrument (procedure),620.44,103697008,Patient referral for dental care (procedure)
2018-11-12T00:57:51Z,2018-11-12T01:31:22Z,a296a2ba-b1ad-a3c5-d172-aa3dfdbcdab9,a296a2ba-b1ad-a3c5-ad60-a0564eca413b,SNOMED-CT,1260010008,Removal of subgingival plaque and calculus from all teeth using dental instrument (procedure),620.44,103697008,Patient referral for dental care (procedure)
2018-11-12T01:31:22Z,2018-11-12T02:01:22Z,a296a2ba-b1ad-a3c5-d172-aa3dfdbcdab9,a296a2ba-b1ad-a3c5-ad60-a0564eca413b,SNOMED-CT,241046008,Dental plain X-ray bitewing (procedure),620.44,,
2018-11-12T01:31:22Z,2018-11-12T02:30:59Z,a296a2ba-b1ad-a3c5-d172-aa3dfdbcdab9,a296a2ba-b1ad-a3c5-ad60-a0564eca413b,SNOMED-CT,274788003,Examination of gingivae (procedure),620.44,103697008,Patient referral for dental care (procedure)
2018-11-12T02:30:59Z,2018-11-12T02:59:55Z,a296a2ba-b1ad-a3c5-d172-aa3dfdbcdab9,a296a2ba-b1ad-a3c5-ad60-a0564eca413b,SNOMED-CT,1259293006,Application of composite dental filling material to dentin of tooth following fracture of tooth (procedure),620.44,109570002,Primary dental caries (disorder)
2018-11-12T02:59:55Z,2018-11-12T03:34:07Z,a296a2ba-b1ad-a3c5-d172-aa3dfdbcdab9,a296a2ba-b1ad-a3c5-ad60-a0564eca413b,SNOMED-CT,68071007,Dental fluoride treatment (procedure),620.44,103697008,Patient referral for dental care (procedure)
2018-11-12T03:34:07Z,2018-11-12T03:53:25Z,a296a2ba-b1ad-a3c5-d172-aa3dfdbcdab9,a296a2ba-b1ad-a3c5-ad60-a0564eca413b,SNOMED-CT,243085009,Oral health education (procedure),,103697008,Patient referral for dental care (procedure)
2018-11-25T23:37:05Z,2018-11-25T23:47:31Z,a296a2ba-b1ad-a3c5-d172-aa3dfdbcdab9,a296a2ba-b1ad-a3c5-0196-3f1cdfe84adb,SNOMED-CT,76601001,Intramuscular injection (procedure),1593.94,,
2019-02-24T23:37:05Z,2019-02-24T23:49:20Z,a296a2ba-b1ad-a3c5-d172-aa3dfdbcdab9,a296a2ba-b1ad-a3c5-680d-68c36841ffb0,SNOMED-CT,76601001,Intramuscular injection (procedure),1593.94,,
2019-05-26T23:37:05Z,2019-05-26T23:55:45Z,a296a2ba-b1ad-a3c5-d172-aa3dfdbcdab9,a296a2ba-b1ad-a3c5-a5c3-de7adc0bb8bd,SNOMED-CT,76601001,Intramuscular injection (procedure),6375.80,,
2019-08-25T23:37:05Z,2019-08-25T23:56:34Z,a296a2ba-b1ad-a3c5-d172-aa3dfdbcdab9,a296a2ba-b1ad-a3c5-1bf1-b9b9d9a06fb1,SNOMED-CT,76601001,Intramuscular injection (procedure),"2,034.45",,
2019-11-24T23:37:05Z,2019-11-24T23:48:09Z,a296a2ba-b1ad-a3c5-d172-aa3dfdbcdab9,a296a2ba-b1ad-a3c5-03d5-99c1d37a0734,SNOMED-CT,76601001,Intramuscular injection (procedure),1593.94,,
2020-02-23T23:37:05Z,2020-02-23T23:48:59Z,a296a2ba-b1ad-a3c5-d172-aa3dfdbcdab9,a296a2ba-b1ad-a3c5-d875-fdebae1eecc3,SNOMED-CT,76601001,Intramuscular injection (procedure),1593.94,,
2020-05-24T23:37:05Z,2020-05-24T23:56:11Z,a296a2ba-b1ad-a3c5-d172-aa3dfdbcdab9,a296a2ba-b1ad-a3c5-5f23-50aee4bf696e,SNOMED-CT,76601001,Intramuscular injection (procedure),1823.38,,
2020-08-23T23:37:05Z,2020-08-23T23:51:45Z,a296a2ba-b1ad-a3c5-d172-aa3dfdbcdab9,a296a2ba-b1ad-a3c5-5627-8817feb293fe,SNOMED-CT,76601001,Intramuscular injection (procedure),1714.20,,
2020-11-22T23:37:05Z,2020-11-22T23:47:15Z,a296a2ba-b1ad-a3c5-d172-aa3dfdbcdab9,a296a2ba-b1ad-a3c5-36e4-05e763f8e61c,SNOMED-CT,76601001,Intramuscular injection (procedure),3430.05,,
2021-02-21T23:37:05Z,2021-02-21T23:53:56Z,a296a2ba-b1ad-a3c5-d172-aa3dfdbcdab9,a296a2ba-b1ad-a3c5-30fb-04e7c7a73897,SNOMED-CT,76601001,Intramuscular injection (procedure),4815.48,,
2021-05-23T23:37:05Z,2021-05-23T23:52:05Z,a296a2ba-b1ad-a3c5-d172-aa3dfdbcdab9,a296a2ba-b1ad-a3c5-1eca-1bd66f5d405d,SNOMED-CT,430193006,Medication reconciliation (procedure),310.22,,
2021-05-23T23:37:05Z,2021-05-24T00:23:40Z,a296a2ba-b1ad-a3c5-d172-aa3dfdbcdab9,a296a2ba-b1ad-a3c5-1eca-1bd66f5d405d,SNOMED-CT,710824005,Assessment of health and social care needs (procedure),620.44,,
2021-05-24T00:23:40Z,2021-05-24T00:42:52Z,a296a2ba-b1ad-a3c5-d172-aa3dfdbcdab9,a296a2ba-b1ad-a3c5-1eca-1bd66f5d405d,SNOMED-CT,710841007,Assessment of anxiety (procedure),620.44,,
2021-05-24T00:42:52Z,2021-05-24T00:54:23Z,a296a2ba-b1ad-a3c5-d172-aa3dfdbcdab9,a296a2ba-b1ad-a3c5-1eca-1bd66f5d405d,SNOMED-CT,171207006,Depression screening (procedure),620.44,,
2021-05-24T00:54:23Z,2021-05-24T01:14:54Z,a296a2ba-b1ad-a3c5-d172-aa3dfdbcdab9,a296a2ba-b1ad-a3c5-1eca-1bd66f5d405d,SNOMED-CT,171207006,Depression screening (procedure),620.44,,
2021-05-24T01:14:54Z,2021-05-24T01:27:31Z,a296a2ba-b1ad-a3c5-d172-aa3dfdbcdab9,a296a2ba-b1ad-a3c5-1eca-1bd66f5d405d,SNOMED-CT,428211000124100,Assessment of substance use (procedure),620.44,,
2021-05-24T01:27:31Z,2021-05-24T01:50:13Z,a296a2ba-b1ad-a3c5-d172-aa3dfdbcdab9,a296a2ba-b1ad-a3c5-1eca-1bd66f5d405d,SNOMED-CT,713106006,Screening for drug abuse (procedure),620.44,,
2021-05-24T01:50:13Z,2021-05-24T02:03:39Z,a296a2ba-b1ad-a3c5-d172-aa3dfdbcdab9,a296a2ba-b1ad-a3c5-1eca-1bd66f5d405d,SNOMED-CT,103697008,Patient referral for dental care (procedure),620.44,66383009,Gingivitis (disorder)
2021-05-30T23:37:05Z,2021-05-30T23:52:34Z,a296a2ba-b1ad-a3c5-d172-aa3dfdbcdab9,a296a2ba-b1ad-a3c5-bbba-1758f975f504,SNOMED-CT,76601001,Intramuscular injection (procedure),3816.08,,
2021-06-06T23:37:05Z,2021-06-07T00:31:37Z,a296a2ba-b1ad-a3c5-d172-aa3dfdbcdab9,a296a2ba-b1ad-a3c5-fc7b-7cadde66fbcc,SNOMED-CT,34043003,Dental consultation and report (procedure),620.44,66383009,Gingivitis (disorder)
2021-06-07T00:31:37Z,2021-06-07T01:03:14Z,a296a2ba-b1ad-a3c5-d172-aa3dfdbcdab9,a296a2ba-b1ad-a3c5-fc7b-7cadde66fbcc,SNOMED-CT,225362009,Dental care (regime/therapy),,66383009,Gingivitis (disorder)
2021-06-07T01:03:14Z,2021-06-07T01:31:19Z,a296a2ba-b1ad-a3c5-d172-aa3dfdbcdab9,a296a2ba-b1ad-a3c5-fc7b-7cadde66fbcc,SNOMED-CT,1260009003,Removal of supragingival plaque and calculus from all teeth using dental instrument (procedure),620.44,66383009,Gingivitis (disorder)
2021-06-07T01:31:19Z,2021-06-07T01:56:03Z,a296a2ba-b1ad-a3c5-d172-aa3dfdbcdab9,a296a2ba-b1ad-a3c5-fc7b-7cadde66fbcc,SNOMED-CT,1260010008,Removal of subgingival plaque and calculus from all teeth using dental instrument (procedure),620.44,66383009,Gingivitis (disorder)
2021-06-07T01:56:03Z,2021-06-07T02:32:28Z,a296a2ba-b1ad-a3c5-d172-aa3dfdbcdab9,a296a2ba-b1ad-a3c5-fc7b-7cadde66fbcc,SNOMED-CT,274788003,Examination of gingivae (procedure),620.44,66383009,Gingivitis (disorder)
2021-06-07T02:32:28Z,2021-06-07T02:43:32Z,a296a2ba-b1ad-a3c5-d172-aa3dfdbcdab9,a296a2ba-b1ad-a3c5-fc7b-7cadde66fbcc,SNOMED-CT,243085009,Oral health education (procedure),620.44,66383009,Gingivitis (disorder)
2021-07-06T06:20:26Z,2021-07-06T06:50:59Z,a296a2ba-b1ad-a3c5-d172-aa3dfdbcdab9,a296a2ba-b1ad-a3c5-90f0-c0eecdea6093,SNOMED-CT,34043003,Dental consultation and report (procedure),620.44,37320007,Loss of teeth (disorder)
2021-07-06T06:50:59Z,2021-07-06T07:20:59Z,a296a2ba-b1ad-a3c5-d172-aa3dfdbcdab9,a296a2ba-b1ad-a3c5-90f0-c0eecdea6093,SNOMED-CT,241046008,Dental plain X-ray bitewing (procedure),620.44,,
2021-07-06T06:50:59Z,2021-07-06T07:33:44Z,a296a2ba-b1ad-a3c5-d172-aa3dfdbcdab9,a296a2ba-b1ad-a3c5-90f0-c0eecdea6093,SNOMED-CT,234745004,Take oral or dental impression (procedure),620.44,37320007,Loss of teeth (disorder)
2021-07-27T07:33:44Z,2021-07-27T08:27:50Z,a296a2ba-b1ad-a3c5-d172-aa3dfdbcdab9,a296a2ba-b1ad-a3c5-1735-a456d7397d0a,SNOMED-CT,1269321004,Fitting of denture (procedure),620.44,37320007,Loss of teeth (disorder)
2021-08-29T23:37:05Z,2021-08-29T23:49:26Z,a296a2ba-b1ad-a3c5-d172-aa3dfdbcdab9,a296a2ba-b1ad-a3c5-e44b-2dc501ca182e,SNOMED-CT,76601001,Intramuscular injection (procedure),6375.80,,
2021-11-28T23:37:05Z,2021-11-28T23:53:11Z,a296a2ba-b1ad-a3c5-d172-aa3dfdbcdab9,a296a2ba-b1ad-a3c5-f922-d645af381089,SNOMED-CT,76601001,Intramuscular injection (procedure),1593.94,,
2022-02-27T23:37:05Z,2022-02-27T23:53:04Z,a296a2ba-b1ad-a3c5-d172-aa3dfdbcdab9,a296a2ba-b1ad-a3c5-c039-d5eeac631359,SNOMED-CT,76601001,Intramuscular injection (procedure),1593.94,,
2022-05-29T23:37:05Z,2022-05-29T23:54:45Z,a296a2ba-b1ad-a3c5-d172-aa3dfdbcdab9,a296a2ba-b1ad-a3c5-ea0a-7a623ab18009,SNOMED-CT,76601001,Intramuscular injection (procedure),1593.94,,
2022-08-28T23:37:05Z,2022-08-28T23:49:19Z,a296a2ba-b1ad-a3c5-d172-aa3dfdbcdab9,a296a2ba-b1ad-a3c5-87da-1babf72ed7b3,SNOMED-CT,76601001,Intramuscular injection (procedure),3510.94,,
2022-11-27T23:37:05Z,2022-11-27T23:50:54Z,a296a2ba-b1ad-a3c5-d172-aa3dfdbcdab9,a296a2ba-b1ad-a3c5-15ec-4df982873405,SNOMED-CT,76601001,Intramuscular injection (procedure),4326.90,,
2023-02-26T23:37:05Z,2023-02-26T23:53:06Z,a296a2ba-b1ad-a3c5-d172-aa3dfdbcdab9,a296a2ba-b1ad-a3c5-13a3-6cce522682da,SNOMED-CT,76601001,Intramuscular injection (procedure),,,
2023-05-28T23:37:05Z,2023-05-28T23:52:46Z,a296a2ba-b1ad-a3c5-d172-aa3dfdbcdab9,a296a2ba-b1ad-a3c5-ebde-03111ad0d76f,SNOMED-CT,76601001,Intramuscular injection (procedure),1983.79,,
2023-08-20T23:37:05Z,2023-08-20T23:52:18Z,a296a2ba-b1ad-a3c5-d172-aa3dfdbcdab9,a296a2ba-b1ad-a3c5-fd63-cd0c4845c47f,SNOMED-CT,288086009,Suture open wound (procedure),6615.07,284551006,Laceration of foot (disorder)
2023-09-03T23:37:05Z,2023-09-03T23:51:28Z,a296a2ba-b1ad-a3c5-d172-aa3dfdbcdab9,a296a2ba-b1ad-a3c5-ee0d-f80ac2954cc8,SNOMED-CT,76601001,,6375.80,,
2023-12-03T23:37:05Z,2023-12-03T23:56:05Z,a296a2ba-b1ad-a3c5-d172-aa3dfdbcdab9,a296a2ba-b1ad-a3c5-50fa-8a1ff0fcb4bd,SNOMED-CT,76601001,Intramuscular injection (procedure),4564.75,,
2024-03-03T23:37:05Z,2024-03-03T23:53:38Z,a296a2ba-b1ad-a3c5-d172-aa3dfdbcdab9,a296a2ba-b1ad-a3c5-c622-d52bf6d0fdb1,SNOMED-CT,76601001,Intramuscular injection (procedure),6375.80,,
2024-05-26T23:37:05Z,2024-05-27T00:24:19Z,a296a2ba-b1ad-a3c5-d172-aa3dfdbcdab9,a296a2ba-b1ad-a3c5-07fd-ed301015f5f6,SNOMED-CT,710824005,Assessment of health and social care needs (procedure),,,
2024-05-27T00:24:19Z,2024-05-27T00:49:55Z,a296a2ba-b1ad-a3c5-d172-aa3dfdbcdab9,a296a2ba-b1ad-a3c5-07fd-ed301015f5f6,SNOMED-CT,710841007,Assessment of anxiety (procedure),620.44,,
2024-05-27T00:49:55Z,2024-05-27T01:04:00Z,a296a2ba-b1ad-a3c5-d172-aa3dfdbcdab9,a296a2ba-b1ad-a3c5-07fd-ed301015f5f6,SNOMED-CT,171207006,Depression screening (procedure),620.44,,
2024-05-27T01:04:00Z,2024-05-27T01:24:52Z,a296a2ba-b1ad-a3c5-d172-aa3dfdbcdab9,a296a2ba-b1ad-a3c5-07fd-ed301015f5f6,SNOMED-CT,171207006,Depression screening (procedure),620.44,,
2024-05-27T01:24:52Z,2024-05-27T01:34:07Z,a296a2ba-b1ad-a3c5-d172-aa3dfdbcdab9,a296a2ba-b1ad-a3c5-07fd-ed301015f5f6,SNOMED-CT,103697008,Patient referral for dental care (procedure),620.44,,
2024-06-02T23:37:05Z,2024-06-02T23:57:03Z,a296a2ba-b1ad-a3c5-d172-aa3dfdbcdab9,a296a2ba-b1ad-a3c5-903e-d2fb0b5ab9dc,SNOMED-CT,76601001,Intramuscular injection (procedure),1836.00,,
2024-06-09T23:37:05Z,2024-06-09T23:58:37Z,a296a2ba-b1ad-a3c5-d172-aa3dfdbcdab9,a296a2ba-b1ad-a3c5-0c6b-596840e79f64,SNOMED-CT,34043003,Dental consultation and report (procedure),620.44,103697008,Patient referral for dental care (procedure)
2024-06-09T23:58:37Z,2024-06-10T00:33:15Z,a296a2ba-b1ad-a3c5-d172-aa3dfdbcdab9,a296a2ba-b1ad-a3c5-0c6b-596840e79f64,SNOMED-CT,225362009,Dental care (regime/therapy),620.44,103697008,Patient referral for dental care (procedure)
2024-06-10T00:33:15Z,2024-06-10T00:38:15Z,a296a2ba-b1ad-a3c5-d172-aa3dfdbcdab9,a296a2ba-b1ad-a3c5-0c6b-596840e79f64,SNOMED-CT,1260009003,Removal of supragingival plaque and calculus from all teeth using dental instrument (procedure),620.4400,103697008,Patient referral for dental care (procedure)
2024-06-10T00:38:15Z,2024-06-10T01:10:09Z,a296a2ba-b1ad-a3c5-d172-aa3dfdbcdab9,a296a2ba-b1ad-a3c5-0c6b-596840e79f64,SNOMED-CT,1260010008,Removal of subgingival plaque and calculus from all teeth using dental instrument (procedure),620.44,103697008,Patient referral for dental care (procedure)
2024-06-10T01:10:09Z,2024-06-10T01:48:58Z,a296a2ba-b1ad-a3c5-d172-aa3dfdbcdab9,a296a2ba-b1ad-a3c5-0c6b-596840e79f64,SNOMED-CT,274788003,Examination of gingivae (procedure),,103697008,Patient referral for dental care (procedure)
2024-06-10T01:48:58Z,2024-06-10T02:00:07Z,a296a2ba-b1ad-a3c5-d172-aa3dfdbcdab9,a296a2ba-b1ad-a3c5-0c6b-596840e79f64,SNOMED-CT,243085009,Oral health education (procedure),620.44,103697008,Patient referral for dental care (procedure)
2024-09-01T23:37:05Z,2024-09-01T23:48:43Z,a296a2ba-b1ad-a3c5-d172-aa3dfdbcdab9,a296a2ba-b1ad-a3c5-5c47-cb8d8feef4a1,SNOMED-CT,76601001,Intramuscular injection (procedure),1593.94,,
2024-12-01T23:37:05Z,2024-12-01T23:48:55Z,a296a2ba-b1ad-a3c5-d172-aa3dfdbcdab9,a296a2ba-b1ad-a3c5-e760-b9eed921dca2,SNOMED-CT,76601001,,1980.25,,
2025-03-02T23:37:05Z,2025-03-02T23:54:38Z,a296a2ba-b1ad-a3c5-d172-aa3dfdbcdab9,a296a2ba-b1ad-a3c5-36fe-7cb9a7c0831f,SNOMED-CT,76601001,Intramuscular injection (procedure),2832.78,,
2025-06-01T23:37:05Z,2025-06-01T23:55:42Z,a296a2ba-b1ad-a3c5-d172-aa3dfdbcdab9,a296a2ba-b1ad-a3c5-e83a-26fa578729ff,SNOMED-CT,76601001,Intramuscular injection (procedure),4417.53,,
2025-08-31T23:37:05Z,2025-08-31T23:53:17Z,a296a2ba-b1ad-a3c5-d172-aa3dfdbcdab9,a296a2ba-b1ad-a3c5-1b6c-8c5a79c79cc7,SNOMED-CT,76601001,Intramuscular injection (procedure),4156.8300,,
2025-11-30T23:37:05Z,2025-11-30T23:57:00Z,a296a2ba-b1ad-a3c5-d172-aa3dfdbcdab9,a296a2ba-b1ad-a3c5-5e16-e2a44a356aea,SNOMED-CT,76601001,Intramuscular injection (procedure),1798.87,,
2026-03-01T23:37:05Z,2026-03-01T23:50:50Z,a296a2ba-b1ad-a3c5-d172-aa3dfdbcdab9,a296a2ba-b1ad-a3c5-ae67-3cb5fcb1b32e,SNOMED-CT,76601001,Intramuscular injection (procedure),1790.72,,
2026-05-31T23:37:05Z,2026-05-31T23:53:19Z,a296a2ba-b1ad-a3c5-d172-aa3dfdbcdab9,a296a2ba-b1ad-a3c5-4fcb-574df4fcea83,SNOMED-CT,76601001,Intramuscular injection (procedure),6148.27,,
2018-03-18T21:47:21Z,2018-03-18T22:02:21Z,ce8f0d5d-2f0f-0c66-6a64-518b1e209f13,ce8f0d5d-2f0f-0c66-193a-c74c83c24b4f,SNOMED-CT,430193006,Medication reconciliation (procedure),310.22,,
2018-03-18T21:47:21Z,2018-03-18T22:19:42Z,ce8f0d5d-2f0f-0c66-6a64-518b1e209f13,ce8f0d5d-2f0f-0c66-193a-c74c83c24b4f,SNOMED-CT,710824005,Assessment of health and social care needs (procedure),620.44,,
2018-03-18T22:19:42Z,2018-03-18T22:48:24Z,ce8f0d5d-2f0f-0c66-6a64-518b1e209f13,ce8f0d5d-2f0f-0c66-193a-c74c83c24b4f,SNOMED-CT,710841007,Assessment of anxiety (procedure),620.44,,
2018-03-18T22:48:24Z,2018-03-18T22:59:58Z,ce8f0d5d-2f0f-0c66-6a64-518b1e209f13,ce8f0d5d-2f0f-0c66-193a-c74c83c24b4f,SNOMED-CT,171207006,Depression screening (procedure),620.44,,
2018-03-18T22:59:58Z,2018-03-18T23:26:18Z,ce8f0d5d-2f0f-0c66-6a64-518b1e209f13,ce8f0d5d-2f0f-0c66-193a-c74c83c24b4f,SNOMED-CT,171207006,Depression screening (procedure),620.44,,
2018-03-18T23:26:18Z,2018-03-18T23:38:15Z,ce8f0d5d-2f0f-0c66-6a64-518b1e209f13,ce8f0d5d-2f0f-0c66-193a-c74c83c24b4f,SNOMED-CT,428211000124100,Assessment of substance use (procedure),620.44,,
2018-03-18T23:38:15Z,2018-03-19T00:07:08Z,ce8f0d5d-2f0f-0c66-6a64-518b1e209f13,ce8f0d5d-2f0f-0c66-193a-c74c83c24b4f,SNOMED-CT,713106006,Screening for drug abuse (procedure),620.44,,
2018-03-19T00:07:08Z,2018-03-19T00:14:24Z,ce8f0d5d-2f0f-0c66-6a64-518b1e209f13,ce8f0d5d-2f0f-0c66-193a-c74c83c24b4f,SNOMED-CT,103697008,Patient referral for dental care (procedure),620.44,66383009,Gingivitis (disorder)
2018-03-25T21:47:21Z,2018-03-25T22:17:21Z,ce8f0d5d-2f0f-0c66-6a64-518b1e209f13,ce8f0d5d-2f0f-0c66-0cae-fa9f4ff28201,SNOMED-CT,14768001,Peripheral blood smear interpretation (procedure),620.44,,
2018-03-25T22:17:21Z,2018-03-25T22:29:33Z,ce8f0d5d-2f0f-0c66-6a64-518b1e209f13,ce8f0d5d-2f0f-0c66-0cae-fa9f4ff28201,SNOMED-CT,415300000,Review of systems (procedure),99.27,,
2018-03-25T22:29:33Z,2018-03-25T22:37:08Z,ce8f0d5d-2f0f-0c66-6a64-518b1e209f13,ce8f0d5d-2f0f-0c66-0cae-fa9f4ff28201,SNOMED-CT,430193006,Medication reconciliation (procedure),566.26,,
2018-03-25T22:37:08Z,2018-03-25T22:52:04Z,ce8f0d5d-2f0f-0c66-6a64-518b1e209f13,ce8f0d5d-2f0f-0c66-0cae-fa9f4ff28201,SNOMED-CT,162676008,Brief general examination (procedure),275.47,,
2018-04-08T21:47:21Z,2018-04-08T22:15:41Z,ce8f0d5d-2f0f-0c66-6a64-518b1e209f13,ce8f0d5d-2f0f-0c66-f07c-a382bec2ed5d,SNOMED-CT,34043003,,620.44,66383009,Gingivitis (disorder)
2018-04-08T22:15:41Z,2018-04-08T22:20:41Z,ce8f0d5d-2f0f-0c66-6a64-518b1e209f13,ce8f0d5d-2f0f-0c66-f07c-a382bec2ed5d,SNOMED-CT,225362009,Dental care (regime/therapy),620.44,66383009,Gingivitis (disorder)
2018-04-08T22:20:41Z,2018-04-08T23:01:21Z,ce8f0d5d-2f0f-0c66-6a64-518b1e209f13,ce8f0d5d-2f0f-0c66-f07c-a382bec2ed5d,SNOMED-CT,1260009003,,620.44,66383009,Gingivitis (disorder)
2018-04-08T23:01:21Z,2018-04-08T23:35:22Z,ce8f0d5d-2f0f-0c66-6a64-518b1e209f13,ce8f0d5d-2f0f-0c66-f07c-a382bec2ed5d,SNOMED-CT,1260010008,Removal of subgingival plaque and calculus from all teeth using dental instrument (procedure),620,66383009,Gingivitis (disorder)
2018-04-08T23:35:22Z,2018-04-09T00:05:22Z,ce8f0d5d-2f0f-0c66-6a64-518b1e209f13,ce8f0d5d-2f0f-0c66-f07c-a382bec2ed5d,SNOMED-CT,241046008,Dental plain X-ray bitewing (procedure),620.44,,
2018-04-08T23:35:22Z,2018-04-09T00:17:21Z,ce8f0d5d-2f0f-0c66-6a64-518b1e209f13,ce8f0d5d-2f0f-0c66-f07c-a382bec2ed5d,SNOMED-CT,274788003,Examination of gingivae (procedure),620.44,66383009,Gingivitis (disorder)
2018-04-09T00:17:21Z,2018-04-09T00:31:40Z,ce8f0d5d-2f0f-0c66-6a64-518b1e209f13,ce8f0d5d-2f0f-0c66-f07c-a382bec2ed5d,SNOMED-CT,243085009,Oral health education (procedure),620.44,66383009,Gingivitis (disorder)
2020-03-22T21:47:21Z,2020-03-22T22:23:10Z,ce8f0d5d-2f0f-0c66-6a64-518b1e209f13,ce8f0d5d-2f0f-0c66-ea40-05b3e129205d,SNOMED-CT,710824005,Assessment of health and social care needs (procedure),620.44,,
2020-03-22T22:23:10Z,2020-03-22T22:50:51Z,ce8f0d5d-2f0f-0c66-6a64-518b1e209f13,ce8f0d5d-2f0f-0c66-ea40-05b3e129205d,SNOMED-CT,710841007,Assessment of anxiety (procedure),620.4400,,
2020-03-22T22:50:51Z,2020-03-22T23:21:50Z,ce8f0d5d-2f0f-0c66-6a64-518b1e209f13,ce8f0d5d-2f0f-0c66-ea40-05b3e129205d,SNOMED-CT,866148006,Screening for domestic abuse (procedure),620.44,,
2020-03-22T23:21:50Z,2020-03-22T23:33:12Z,ce8f0d5d-2f0f-0c66-6a64-518b1e209f13,ce8f0d5d-2f0f-0c66-ea40-05b3e129205d,SNOMED-CT,171207006,Depression screening (procedure),620.44,,
2020-03-22T23:33:12Z,2020-03-22T23:59:43Z,ce8f0d5d-2f0f-0c66-6a64-518b1e209f13,ce8f0d5d-2f0f-0c66-ea40-05b3e129205d,SNOMED-CT,171207006,Depression screening (procedure),620.44,,
2022-03-27T21:47:21Z,2022-03-27T22:37:14Z,ce8f0d5d-2f0f-0c66-6a64-518b1e209f13,ce8f0d5d-2f0f-0c66-d7a5-ce903774f883,SNOMED-CT,710824005,Assessment of health and social care needs (procedure),620.44,,
2022-03-27T22:37:14Z,2022-03-27T23:08:16Z,ce8f0d5d-2f0f-0c66-6a64-518b1e209f13,ce8f0d5d-2f0f-0c66-d7a5-ce903774f883,SNOMED-CT,866148006,Screening for domestic abuse (procedure),620.44,,
2022-03-27T23:08:16Z,2022-03-27T23:19:37Z,ce8f0d5d-2f0f-0c66-6a64-518b1e209f13,ce8f0d5d-2f0f-0c66-d7a5-ce903774f883,SNOMED-CT,171207006,Depression screening (procedure),620.44,,
2022-03-27T23:19:37Z,2022-03-27T23:42:57Z,ce8f0d5d-2f0f-0c66-6a64-518b1e209f13,ce8f0d5d-2f0f-0c66-d7a5-ce903774f883,SNOMED-CT,171207006,Depression screening (procedure),620.44,,
2022-03-27T23:42:57Z,2022-03-28T00:02:36Z,ce8f0d5d-2f0f-0c66-6a64-518b1e209f13,ce8f0d5d-2f0f-0c66-d7a5-ce903774f883,SNOMED-CT,103697008,Patient referral for dental care (procedure),620.44,66383009,Gingivitis (disorder)
2022-04-10T21:47:21Z,2022-04-10T22:13:41Z,ce8f0d5d-2f0f-0c66-6a64-518b1e209f13,ce8f0d5d-2f0f-0c66-aa75-12a045cdaca6,SNOMED-CT,34043003,Dental consultation and report (procedure),620.44,66383009,Gingivitis (disorder)
2022-04-10T22:13:41Z,2022-04-10T22:27:56Z,ce8f0d5d-2f0f-0c66-6a64-518b1e209f13,ce8f0d5d-2f0f-0c66-aa75-12a045cdaca6,SNOMED-CT,225362009,Dental care (regime/therapy),620.44,66383009,Gingivitis (disorder)
2022-04-10T22:27:56Z,2022-04-10T22:53:18Z,ce8f0d5d-2f0f-0c66-6a64-518b1e209f13,ce8f0d5d-2f0f-0c66-aa75-12a045cdaca6,SNOMED-CT,1260009003,Removal of supragingival plaque and calculus from all teeth using dental instrument (procedure),620.44,66383009,Gingivitis (disorder)
2022-04-10T22:53:18Z,2022-04-10T23:33:05Z,ce8f0d5d-2f0f-0c66-6a64-518b1e209f13,ce8f0d5d-2f0f-0c66-aa75-12a045cdaca6,SNOMED-CT,1260010008,Removal of subgingival plaque and calculus from all teeth using dental instrument (procedure),620.44,66383009,Gingivitis (disorder)
2022-04-10T23:33:05Z,2022-04-11T00:03:05Z,ce8f0d5d-2f0f-0c66-6a64-518b1e209f13,ce8f0d5d-2f0f-0c66-aa75-12a045cdaca6,SNOMED-CT,241046008,Dental plain X-ray bitewing (procedure),620.44,,
2022-04-10T23:33:05Z,2022-04-11T00:16:38Z,ce8f0d5d-2f0f-0c66-6a64-518b1e209f13,ce8f0d5d-2f0f-0c66-aa75-12a045cdaca6,SNOMED-CT,274788003,Examination of gingivae (procedure),620.44,66383009,Gingivitis (disorder)
2022-04-11T00:16:38Z,2022-04-11T00:32:22Z,ce8f0d5d-2f0f-0c66-6a64-518b1e209f13,ce8f0d5d-2f0f-0c66-aa75-12a045cdaca6,SNOMED-CT,81733005,Dental surgical procedure (procedure),620.44,18718003,Gingival disease (disorder)
2022-04-11T00:32:22Z,2022-04-11T01:25:28Z,ce8f0d5d-2f0f-0c66-6a64-518b1e209f13,ce8f0d5d-2f0f-0c66-aa75-12a045cdaca6,SNOMED-CT,3802001,Dental application of desensitizing medicament (procedure),620.44,18718003,Gingival disease (disorder)
2022-04-11T01:25:28Z,2022-04-11T02:16:32Z,ce8f0d5d-2f0f-0c66-6a64-518b1e209f13,ce8f0d5d-2f0f-0c66-aa75-12a045cdaca6,SNOMED-CT,64544008,Gingivectomy or gingivoplasty  per tooth (procedure),620.44,18718003,Gingival disease (disorder)
2022-04-11T02:16:32Z,2022-04-11T03:19:15Z,ce8f0d5d-2f0f-0c66-6a64-518b1e209f13,ce8f0d5d-2f0f-0c66-aa75-12a045cdaca6,SNOMED-CT,456191000124101,Postoperative care for dental procedure (regime/therapy),620.44,,
2022-04-11T03:19:15Z,2022-04-11T03:28:22Z,ce8f0d5d-2f0f-0c66-6a64-518b1e209f13,ce8f0d5d-2f0f-0c66-aa75-12a045cdaca6,SNOMED-CT,243085009,,620.44,66383009,Gingivitis (disorder)
2024-03-31T21:47:21Z,2024-03-31T22:02:21Z,ce8f0d5d-2f0f-0c66-6a64-518b1e209f13,ce8f0d5d-2f0f-0c66-78c0-280276b79799,SNOMED-CT,430193006,Medication reconciliation (procedure),1209.22,,
2024-03-31T21:47:21Z,2024-03-31T22:39:44Z,ce8f0d5d-2f0f-0c66-6a64-518b1e209f13,ce8f0d5d-2f0f-0c66-78c0-280276b79799,SNOMED-CT,710824005,Assessment of health and social care needs (procedure),620.44,,
2024-03-31T22:39:44Z,2024-03-31T23:02:34Z,ce8f0d5d-2f0f-0c66-6a64-518b1e209f13,ce8f0d5d-2f0f-0c66-78c0-280276b79799,SNOMED-CT,710841007,Assessment of anxiety (procedure),620.44,,
2024-03-31T23:02:34Z,2024-03-31T23:16:14Z,ce8f0d5d-2f0f-0c66-6a64-518b1e209f13,ce8f0d5d-2f0f-0c66-78c0-280276b79799,SNOMED-CT,171207006,Depression screening (procedure),620.44,,
2024-03-31T23:16:14Z,2024-03-31T23:41:01Z,ce8f0d5d-2f0f-0c66-6a64-518b1e209f13,ce8f0d5d-2f0f-0c66-78c0-280276b79799,SNOMED-CT,171207006,Depression screening (procedure),620.44,,
2024-03-31T23:41:01Z,2024-03-31T23:55:10Z,ce8f0d5d-2f0f-0c66-6a64-518b1e209f13,ce8f0d5d-2f0f-0c66-78c0-280276b79799,SNOMED-CT,428211000124100,Assessment of substance use (procedure),620.44,,
2024-03-31T23:55:10Z,2024-04-01T00:21:56Z,ce8f0d5d-2f0f-0c66-6a64-518b1e209f13,ce8f0d5d-2f0f-0c66-78c0-280276b79799,SNOMED-CT,713106006,Screening for drug abuse (procedure),620.44,,
2026-03-08T21:47:21Z,2026-03-08T22:30:03Z,ce8f0d5d-2f0f-0c66-6a64-518b1e209f13,ce8f0d5d-2f0f-0c66-b288-d7f35204a814,SNOMED-CT,710824005,Assessment of health and social care needs (procedure),620.44,,
2026-03-08T22:30:03Z,2026-03-08T23:03:13Z,ce8f0d5d-2f0f-0c66-6a64-518b1e209f13,ce8f0d5d-2f0f-0c66-b288-d7f35204a814,SNOMED-CT,866148006,Screening for domestic abuse (procedure),620.44,,
2026-03-08T23:03:13Z,2026-03-08T23:15:03Z,ce8f0d5d-2f0f-0c66-6a64-518b1e209f13,ce8f0d5d-2f0f-0c66-b288-d7f35204a814,SNOMED-CT,428211000124100,Assessment of substance use (procedure),620.44,,
2026-03-08T23:15:03Z,2026-03-08T23:35:54Z,ce8f0d5d-2f0f-0c66-6a64-518b1e209f13,ce8f0d5d-2f0f-0c66-b288-d7f35204a814,SNOMED-CT,713106006,Screening for drug abuse (procedure),620.44,,
2026-03-15T21:47:21Z,2026-03-15T22:17:20Z,ce8f0d5d-2f0f-0c66-6a64-518b1e209f13,ce8f0d5d-2f0f-0c66-38eb-3654f617605a,SNOMED-CT,73761001,Colonoscopy (procedure),7267.20,,
2025-02-09T07:02:46Z,2025-02-09T07:17:46Z,23c94034-f050-04d5-c5a3-2d42bf3ccc7f,23c94034-f050-04d5-37ed-b5364f04dfc9,SNOMED-CT,430193006,Medication reconciliation (procedure),310.22,,
2025-10-12T07:02:46Z,2025-10-12T07:17:46Z,23c94034-f050-04d5-c5a3-2d42bf3ccc7f,23c94034-f050-04d5-8030-daec49766d5b,SNOMED-CT,430193006,Medication reconciliation (procedure),310.22,,
2018-01-21T02:15:34Z,2018-01-21T02:30:34Z,06eb6dda-a918-928f-76cf-6bf370cf2014,06eb6dda-a918-928f-7604-d990e578f987,SNOMED-CT,430193006,Medication reconciliation (procedure),410.33,,
2018-05-27T02:15:34Z,2018-05-27T02:30:34Z,06eb6dda-a918-928f-76cf-6bf370cf2014,06eb6dda-a918-928f-864c-af6ccef2a777,SNOMED-CT,430193006,Medication reconciliation (procedure),310.22,,
2019-02-16T18:15:34Z,2019-02-16T18:44:37Z,06eb6dda-a918-928f-76cf-6bf370cf2014,06eb6dda-a918-928f-cf60-beb0a5a2142b,SNOMED-CT,395142003,Allergy screening test (procedure),620.44,,
2019-05-26T02:15:34Z,2019-05-26T02:30:34Z,06eb6dda-a918-928f-76cf-6bf370cf2014,06eb6dda-a918-928f-20d3-111646a20975,SNOMED-CT,430193006,Medication reconciliation (procedure),310.22,,
2020-11-22T02:15:34Z,2020-11-22T02:20:34Z,06eb6dda-a918-928f-76cf-6bf370cf2014,06eb6dda-a918-928f-486d-e2c54599c0d1,SNOMED-CT,103697008,Patient referral for dental care (procedure),620.44,,
2020-11-29T02:15:34Z,2020-11-29T02:50:34Z,06eb6dda-a918-928f-76cf-6bf370cf2014,06eb6dda-a918-928f-af29-0f63cf6bc41d,SNOMED-CT,34043003,Dental consultation and report (procedure),620.44,103697008,Patient referral for dental care (procedure)
2020-11-29T02:50:34Z,2020-11-29T03:34:10Z,06eb6dda-a918-928f-76cf-6bf370cf2014,06eb6dda-a918-928f-af29-0f63cf6bc41d,SNOMED-CT,225362009,Dental care (regime/therapy),620.44,103697008,Patient referral for dental care (procedure)
2020-11-29T03:34:10Z,2020-11-29T03:58:05Z,06eb6dda-a918-928f-76cf-6bf370cf2014,06eb6dda-a918-928f-af29-0f63cf6bc41d,SNOMED-CT,1260009003,Removal of supragingival plaque and calculus from all teeth using dental instrument (procedure),620.44,103697008,Patient referral for dental care (procedure)
2020-11-29T03:58:05Z,2020-11-29T04:36:44Z,06eb6dda-a918-928f-76cf-6bf370cf2014,06eb6dda-a918-928f-af29-0f63cf6bc41d,SNOMED-CT,1260010008,,620.44,103697008,Patient referral for dental care (procedure)
2020-11-29T04:36:44Z,2020-11-29T05:11:51Z,06eb6dda-a918-928f-76cf-6bf370cf2014,06eb6dda-a918-928f-af29-0f63cf6bc41d,SNOMED-CT,274788003,Examination of gingivae (procedure),620.44,103697008,Patient referral for dental care (procedure)
2020-11-29T05:11:51Z,2020-11-29T05:49:07Z,06eb6dda-a918-928f-76cf-6bf370cf2014,06eb6dda-a918-928f-af29-0f63cf6bc41d,SNOMED-CT,68071007,Dental fluoride treatment (procedure),620.44,103697008,Patient referral for dental care (procedure)
2020-11-29T05:49:07Z,2020-11-29T06:03:08Z,06eb6dda-a918-928f-76cf-6bf370cf2014,06eb6dda-a918-928f-af29-0f63cf6bc41d,SNOMED-CT,243085009,Oral health education (procedure),620.44,103697008,Patient referral for dental care (procedure)
2020-12-19T02:15:34Z,2020-12-19T02:30:16Z,06eb6dda-a918-928f-76cf-6bf370cf2014,06eb6dda-a918-928f-42d1-b2c950b7fd4b,SNOMED-CT,288086009,Suture open wound (procedure),11079.73,283371005,Laceration of forearm (disorder)
2021-05-23T02:15:34Z,2021-05-23T02:20:34Z,06eb6dda-a918-928f-76cf-6bf370cf2014,06eb6dda-a918-928f-a05c-22d15078180f,SNOMED-CT,103697008,Patient referral for dental care (procedure),620.44,,
2021-05-30T02:15:34Z,2021-05-30T02:48:11Z,06eb6dda-a918-928f-76cf-6bf370cf2014,06eb6dda-a918-928f-167b-24d2cb1d3507,SNOMED-CT,34043003,Dental consultation and report (procedure),620.44,103697008,Patient referral for dental care (procedure)
2021-05-30T02:48:11Z,2021-05-30T03:17:55Z,06eb6dda-a918-928f-76cf-6bf370cf2014,06eb6dda-a918-928f-167b-24d2cb1d3507,SNOMED-CT,225362009,Dental care (regime/therapy),620.44,103697008,Patient referral for dental care (procedure)
2021-05-30T03:17:55Z,2021-05-30T04:09:31Z,06eb6dda-a918-928f-76cf-6bf370cf2014,06eb6dda-a918-928f-167b-24d2cb1d3507,SNOMED-CT,1260009003,Removal of supragingival plaque and calculus from all teeth using dental instrument (procedure),620.44,103697008,Patient referral for dental care (procedure)
2021-05-30T04:09:31Z,2021-05-30T04:20:30Z,06eb6dda-a918-928f-76cf-6bf370cf2014,06eb6dda-a918-928f-167b-24d2cb1d3507,SNOMED-CT,1260010008,Removal of subgingival plaque and calculus from all teeth using dental instrument (procedure),620.44,103697008,Patient referral for dental care (procedure)
2021-05-30T04:20:30Z,2021-05-30T04:50:30Z,06eb6dda-a918-928f-76cf-6bf370cf2014,06eb6dda-a918-928f-167b-24d2cb1d3507,SNOMED-CT,241046008,Dental plain X-ray bitewing (procedure),620.44,,
2021-05-30T04:20:30Z,2021-05-30T05:02:56Z,06eb6dda-a918-928f-76cf-6bf370cf2014,06eb6dda-a918-928f-167b-24d2cb1d3507,SNOMED-CT,274788003,Examination of gingivae (procedure),620.44,103697008,Patient referral for dental care (procedure)
2021-05-30T05:02:56Z,2021-05-30T05:28:00Z,06eb6dda-a918-928f-76cf-6bf370cf2014,06eb6dda-a918-928f-167b-24d2cb1d3507,SNOMED-CT,68071007,Dental fluoride treatment (procedure),620.44,103697008,Patient referral for dental care (procedure)
2021-05-30T05:28:00Z,2021-05-30T05:43:40Z,06eb6dda-a918-928f-76cf-6bf370cf2014,06eb6dda-a918-928f-167b-24d2cb1d3507,SNOMED-CT,243085009,Oral health education (procedure),620.44,103697008,Patient referral for dental care (procedure)
2021-11-21T02:15:34Z,2021-11-21T02:30:34Z,06eb6dda-a918-928f-76cf-6bf370cf2014,06eb6dda-a918-928f-05da-e90a4f6f7869,SNOMED-CT,430193006,Medication reconciliation (procedure),,,
2021-11-21T02:15:34Z,2021-11-21T02:26:02Z,06eb6dda-a918-928f-76cf-6bf370cf2014,06eb6dda-a918-928f-05da-e90a4f6f7869,SNOMED-CT,103697008,Patient referral for dental care (procedure),620.44,,
2021-11-28T02:15:34Z,2021-11-28T02:50:24Z,06eb6dda-a918-928f-76cf-6bf370cf2014,06eb6dda-a918-928f-7d99-d8bb42dfdc02,SNOMED-CT,34043003,Dental consultation and report (procedure),620.44,103697008,Patient referral for dental care (procedure)
2021-11-28T02:50:24Z,2021-11-28T03:15:41Z,06eb6dda-a918-928f-76cf-6bf370cf2014,06eb6dda-a918-928f-7d99-d8bb42dfdc02,SNOMED-CT,225362009,Dental care (regime/therapy),620.44,103697008,Patient referral for dental care (procedure)
2021-11-28T03:15:41Z,2021-11-28T03:44:23Z,06eb6dda-a918-928f-76cf-6bf370cf2014,06eb6dda-a918-928f-7d99-d8bb42dfdc02,SNOMED-CT,1260009003,Removal of supragingival plaque and calculus from all teeth using dental instrument (procedure),620.44,103697008,Patient referral for dental care (procedure)
2021-11-28T03:44:23Z,2021-11-28T04:25:05Z,06eb6dda-a918-928f-76cf-6bf370cf2014,06eb6dda-a918-928f-7d99-d8bb42dfdc02,SNOMED-CT,1260010008,Removal of subgingival plaque and calculus from all teeth using dental instrument (procedure),620.44,103697008,Patient referral for dental care (procedure)
2021-11-28T04:25:05Z,2021-11-28T05:01:37Z,06eb6dda-a918-928f-76cf-6bf370cf2014,06eb6dda-a918-928f-7d99-d8bb42dfdc02,SNOMED-CT,274788003,Examination of gingivae (procedure),620.44,103697008,Patient referral for dental care (procedure)
2021-11-28T05:01:37Z,2021-11-28T05:23:07Z,06eb6dda-a918-928f-76cf-6bf370cf2014,06eb6dda-a918-928f-7d99-d8bb42dfdc02,SNOMED-CT,68071007,Dental fluoride treatment (procedure),620.44,103697008,Patient referral for dental care (procedure)
2021-11-28T05:23:07Z,2021-11-28T05:28:07Z,06eb6dda-a918-928f-76cf-6bf370cf2014,06eb6dda-a918-928f-7d99-d8bb42dfdc02,SNOMED-CT,243085009,Oral health education (procedure),620.44,103697008,Patient referral for dental care (procedure)
2022-04-18T02:15:34Z,2022-04-18T02:30:34Z,06eb6dda-a918-928f-76cf-6bf370cf2014,06eb6dda-a918-928f-3a77-d414865fbe0e,SNOMED-CT,171231001,Asthma screening (procedure),620.44,233678006,Childhood asthma (disorder)
2024-10-20T02:15:34Z,2024-10-20T02:30:34Z,06eb6dda-a918-928f-76cf-6bf370cf2014,06eb6dda-a918-928f-ec14-c98dfef98857,SNOMED-CT,430193006,Medication reconciliation (procedure),1038.66,,
2024-11-03T02:15:34Z,2024-11-03T02:30:34Z,06eb6dda-a918-928f-76cf-6bf370cf2014,06eb6dda-a918-928f-4daa-7ec6bd712fc4,SNOMED-CT,430193006,Medication reconciliation (procedure),310.22,,
2024-12-08T02:15:34Z,2024-12-08T02:32:56Z,06eb6dda-a918-928f-76cf-6bf370cf2014,06eb6dda-a918-928f-b1b4-daa01e8406e5,SNOMED-CT,103697008,Patient referral for dental care (procedure),620.44,,
2024-12-15T02:15:34Z,2024-12-15T02:34:44Z,06eb6dda-a918-928f-76cf-6bf370cf2014,06eb6dda-a918-928f-251d-81f853a6bd45,SNOMED-CT,34043003,Dental consultation and report (procedure),620.44,103697008,Patient referral for dental care (procedure)
2024-12-15T02:34:44Z,2024-12-15T03:12:55Z,06eb6dda-a918-928f-76cf-6bf370cf2014,06eb6dda-a918-928f-251d-81f853a6bd45,SNOMED-CT,225362009,Dental care (regime/therapy),620.44,103697008,Patient referral for dental care (procedure)
2024-12-15T03:12:55Z,2024-12-15T03:57:18Z,06eb6dda-a918-928f-76cf-6bf370cf2014,06eb6dda-a918-928f-251d-81f853a6bd45,SNOMED-CT,1260009003,Removal of supragingival plaque and calculus from all teeth using dental instrument (procedure),620.44,103697008,Patient referral for dental care (procedure)
2024-12-15T03:57:18Z,2024-12-15T04:25:46Z,06eb6dda-a918-928f-76cf-6bf370cf2014,06eb6dda-a918-928f-251d-81f853a6bd45,SNOMED-CT,1260010008,Removal of subgingival plaque and calculus from all teeth using dental instrument (procedure),620.44,103697008,Patient referral for dental care (procedure)
2024-12-15T04:25:46Z,2024-12-15T04:55:46Z,06eb6dda-a918-928f-76cf-6bf370cf2014,06eb6dda-a918-928f-251d-81f853a6bd45,SNOMED-CT,241046008,Dental plain X-ray bitewing (procedure),620.44,,
2024-12-15T04:25:46Z,2024-12-15T05:23:40Z,06eb6dda-a918-928f-76cf-6bf370cf2014,06eb6dda-a918-928f-251d-81f853a6bd45,SNOMED-CT,274788003,Examination of gingivae (procedure),620.44,103697008,Patient referral for dental care (procedure)
2024-12-15T05:23:40Z,2024-12-15T05:34:37Z,06eb6dda-a918-928f-76cf-6bf370cf2014,06eb6dda-a918-928f-251d-81f853a6bd45,SNOMED-CT,81733005,Dental surgical procedure (procedure),620.44,18718003,Gingival disease (disorder)
2024-12-15T05:34:37Z,2024-12-15T06:36:58Z,06eb6dda-a918-928f-76cf-6bf370cf2014,06eb6dda-a918-928f-251d-81f853a6bd45,SNOMED-CT,3802001,Dental application of desensitizing medicament (procedure),620.44,18718003,Gingival disease (disorder)
2024-12-15T06:36:58Z,2024-12-15T07:34:49Z,06eb6dda-a918-928f-76cf-6bf370cf2014,06eb6dda-a918-928f-251d-81f853a6bd45,SNOMED-CT,64544008,Gingivectomy or gingivoplasty  per tooth (procedure),620.44,18718003,Gingival disease (disorder)
2024-12-15T07:34:49Z,2024-12-15T09:30:11Z,06eb6dda-a918-928f-76cf-6bf370cf2014,06eb6dda-a918-928f-251d-81f853a6bd45,SNOMED-CT,456191000124101,Postoperative care for dental procedure (regime/therapy),620.44,,
2024-12-15T09:30:11Z,2024-12-15T09:58:45Z,06eb6dda-a918-928f-76cf-6bf370cf2014,06eb6dda-a918-928f-251d-81f853a6bd45,SNOMED-CT,1259293006,,620.44,109570002,Primary dental caries (disorder)
2024-12-15T09:58:45Z,2024-12-15T10:30:10Z,06eb6dda-a918-928f-76cf-6bf370cf2014,06eb6dda-a918-928f-251d-81f853a6bd45,SNOMED-CT,68071007,Dental fluoride treatment (procedure),620.44,103697008,Patient referral for dental care (procedure)
2024-12-15T10:30:10Z,2024-12-15T10:40:05Z,06eb6dda-a918-928f-76cf-6bf370cf2014,06eb6dda-a918-928f-251d-81f853a6bd45,SNOMED-CT,243085009,Oral health education (procedure),620,103697008,Patient referral for dental care (procedure)
2025-12-14T02:15:34Z,2025-12-14T02:20:37Z,06eb6dda-a918-928f-76cf-6bf370cf2014,06eb6dda-a918-928f-7fd2-c246393978ca,SNOMED-CT,103697008,Patient referral for dental care (procedure),620.44,,
2025-12-21T02:15:34Z,2025-12-21T02:47:12Z,06eb6dda-a918-928f-76cf-6bf370cf2014,06eb6dda-a918-928f-b9ac-c8ae1cd4f27d,SNOMED-CT,34043003,Dental consultation and report (procedure),620.44,103697008,Patient referral for dental care (procedure)
2025-12-21T02:47:12Z,2025-12-21T03:27:28Z,06eb6dda-a918-928f-76cf-6bf370cf2014,06eb6dda-a918-928f-b9ac-c8ae1cd4f27d,SNOMED-CT,225362009,Dental care (regime/therapy),620.44,103697008,Patient referral for dental care (procedure)
2025-12-21T03:27:28Z,2025-12-21T03:33:18Z,06eb6dda-a918-928f-76cf-6bf370cf2014,06eb6dda-a918-928f-b9ac-c8ae1cd4f27d,SNOMED-CT,1260009003,Removal of supragingival plaque and calculus from all teeth using dental instrument (procedure),620.44,103697008,Patient referral for dental care (procedure)
2025-12-21T03:33:18Z,2025-12-21T03:44:17Z,06eb6dda-a918-928f-76cf-6bf370cf2014,06eb6dda-a918-928f-b9ac-c8ae1cd4f27d,SNOMED-CT,1260010008,Removal of subgingival plaque and calculus from all teeth using dental instrument (procedure),620.44,103697008,Patient referral for dental care (procedure)
2025-12-21T03:44:17Z,2025-12-21T04:14:17Z,06eb6dda-a918-928f-76cf-6bf370cf2014,06eb6dda-a918-928f-b9ac-c8ae1cd4f27d,SNOMED-CT,241046008,Dental plain X-ray bitewing (procedure),620.44,,
2025-12-21T03:44:17Z,2025-12-21T04:20:57Z,06eb6dda-a918-928f-76cf-6bf370cf2014,06eb6dda-a918-928f-b9ac-c8ae1cd4f27d,SNOMED-CT,274788003,Examination of gingivae (procedure),620.44,103697008,Patient referral for dental care (procedure)
2025-12-21T04:20:57Z,2025-12-21T04:35:52Z,06eb6dda-a918-928f-76cf-6bf370cf2014,06eb6dda-a918-928f-b9ac-c8ae1cd4f27d,SNOMED-CT,243085009,Oral health education (procedure),620.44,103697008,Patient referral for dental care (procedure)
2017-09-06T00:10:45Z,2017-09-06T00:43:44Z,6aed9210-c500-4375-b0fc-3374c40b8591,6aed9210-c500-4375-7f49-aca9bafd8545,SNOMED-CT,68071007,Dental fluoride treatment (procedure),620.44,103697008,Patient referral for dental care (procedure)
2018-06-24T20:49:24Z,2018-06-24T21:30:11Z,d57841fa-c9e2-a3d1-0e78-09bdbe4eed66,d57841fa-c9e2-a3d1-0932-bd4d6c7c0257,SNOMED-CT,710824005,Assessment of health and social care needs (procedure),620.44,,
2020-11-23T08:13:25Z,2020-11-23T08:28:25Z,75d6a35c-c2e1-5b9f-e7f8-6a5b05af8fc8,75d6a35c-c2e1-5b9f-0e56-0f3ce81d6e07,SNOMED-CT,117015009,Throat culture (procedure),N/A,195662009,Acute viral pharyngitis (disorder)
2021-12-31T16:10:03Z,2021-12-31T16:44:55Z,75d6a35c-c2e1-5b9f-e7f8-6a5b05af8fc8,75d6a35c-c2e1-5b9f-79b4-82950c80a3ca,SNOMED-CT,1260009003,Removal of supragingival plaque and calculus from all teeth using dental instrument (procedure),620.44,103697008,Patient referral for dental care (procedure)
2019-10-04T05:43:49Z,2019-10-04T06:02:50Z,3236b1f8-2bc1-3e38-c539-a29407c6a206,3236b1f8-2bc1-3e38-af23-2cfe66c2a010,SNOMED-CT,868187001,,620.44,,
